visitor_id,age,age_group,favorite_event_type,visit_count_2026,feedback_count_2026,avg_rating,engagement_score,data_source
VIS_00001,64,senior,Лекция,1,0,0.0,7.0,synthetic
VIS_00002,57,mature,Лекция,1,0,0.0,7.0,synthetic
VIS_00003,48,mature,Концерт,1,0,0.0,7.0,synthetic
VIS_00004,63,senior,Выставка,1,0,0.0,7.0,synthetic
VIS_00005,27,young,Лекция,3,1,5.0,51.0,synthetic
VIS_00006,27,young,Выставка,1,0,0.0,7.0,synthetic
VIS_00007,40,adult,Лекция,3,1,4.0,46.0,synthetic
VIS_00008,47,mature,Творческая встреча,6,0,0.0,42.0,synthetic
VIS_00009,33,adult,Творческая встреча,5,0,0.0,35.0,synthetic
VIS_00010,26,young,Творческая встреча,4,2,3.5,55.5,synthetic
VIS_00011,36,adult,Лекция,1,1,5.0,37.0,synthetic
VIS_00012,25,young,Выставка,3,2,5.0,56.0,synthetic
VIS_00013,45,mature,Творческая встреча,9,1,5.0,93.0,synthetic
VIS_00014,34,adult,Лекция,7,1,5.0,79.0,synthetic
VIS_00015,53,mature,Выставка,1,0,0.0,7.0,synthetic
VIS_00016,44,adult,Лекция,5,1,5.0,65.0,synthetic
VIS_00017,52,mature,Лекция,2,1,5.0,44.0,synthetic
VIS_00018,41,adult,Мастер-класс,1,1,5.0,37.0,synthetic
VIS_00019,31,adult,Лекция,3,1,4.0,46.0,synthetic
VIS_00020,32,adult,Творческая встреча,13,3,4.67,100.0,synthetic
VIS_00021,37,adult,Мастер-класс,1,0,0.0,7.0,synthetic
VIS_00022,45,mature,Лекция,10,1,4.0,95.0,synthetic
VIS_00023,47,mature,Мастер-класс,1,0,0.0,7.0,synthetic
VIS_00024,37,adult,Лекция,5,1,3.0,55.0,synthetic
VIS_00025,40,adult,Лекция,3,0,0.0,21.0,synthetic
VIS_00026,64,senior,Творческая встреча,1,0,0.0,7.0,synthetic
VIS_00027,32,adult,Лекция,3,1,4.0,46.0,synthetic
VIS_00028,37,adult,Лекция,8,4,4.5,98.5,synthetic
VIS_00029,30,adult,Творческая встреча,1,0,0.0,7.0,synthetic
VIS_00030,34,adult,Мастер-класс,3,0,0.0,21.0,synthetic
VIS_00031,54,mature,Творческая встреча,4,1,4.0,53.0,synthetic
VIS_00032,44,adult,Лекция,2,0,0.0,14.0,synthetic
VIS_00033,59,mature,Концерт,2,0,0.0,14.0,synthetic
VIS_00034,44,adult,Лекция,9,0,0.0,63.0,synthetic
VIS_00035,56,mature,Концерт,1,1,5.0,37.0,synthetic
VIS_00036,35,adult,Выставка,5,2,4.5,67.5,synthetic
VIS_00037,49,mature,Выставка,4,1,5.0,58.0,synthetic
VIS_00038,30,adult,Лекция,7,3,5.0,89.0,synthetic
VIS_00039,34,adult,Творческая встреча,1,0,0.0,7.0,synthetic
VIS_00040,36,adult,Лекция,9,1,5.0,93.0,synthetic
VIS_00041,58,mature,Творческая встреча,2,1,1.0,24.0,synthetic
VIS_00042,33,adult,Творческая встреча,7,0,0.0,49.0,synthetic
VIS_00043,47,mature,Творческая встреча,5,1,5.0,65.0,synthetic
VIS_00044,39,adult,Мастер-класс,5,2,4.0,65.0,synthetic
VIS_00045,39,adult,Концерт,4,1,2.0,43.0,synthetic
VIS_00046,39,adult,Лекция,2,2,3.5,41.5,synthetic
VIS_00047,40,adult,Лекция,6,0,0.0,42.0,synthetic
VIS_00048,35,adult,Выставка,6,3,4.33,78.6,synthetic
VIS_00049,42,adult,Лекция,2,0,0.0,14.0,synthetic
VIS_00050,44,adult,Концерт,3,1,2.0,36.0,synthetic
VIS_00051,49,mature,Выставка,1,0,0.0,7.0,synthetic
VIS_00052,56,mature,Творческая встреча,1,0,0.0,7.0,synthetic
VIS_00053,43,adult,Мастер-класс,1,1,3.0,27.0,synthetic
VIS_00054,25,young,Творческая встреча,1,0,0.0,7.0,synthetic
VIS_00055,49,mature,Выставка,2,0,0.0,14.0,synthetic
VIS_00056,49,mature,Выставка,2,1,5.0,44.0,synthetic
VIS_00057,52,mature,Концерт,2,0,0.0,14.0,synthetic
VIS_00058,51,mature,Творческая встреча,1,0,0.0,7.0,synthetic
VIS_00059,56,mature,Концерт,1,0,0.0,7.0,synthetic
VIS_00060,48,mature,Творческая встреча,7,3,3.33,80.6,synthetic
VIS_00061,36,adult,Лекция,8,2,4.0,86.0,synthetic
VIS_00062,25,young,Выставка,6,2,4.0,72.0,synthetic
VIS_00063,42,adult,Творческая встреча,1,1,5.0,37.0,synthetic
VIS_00064,56,mature,Лекция,6,3,4.0,77.0,synthetic
VIS_00065,45,mature,Мастер-класс,4,1,5.0,58.0,synthetic
VIS_00066,30,adult,Лекция,2,0,0.0,14.0,synthetic
VIS_00067,21,young,Концерт,5,0,0.0,35.0,synthetic
VIS_00068,40,adult,Творческая встреча,5,1,3.0,55.0,synthetic
VIS_00069,18,young,Концерт,1,0,0.0,7.0,synthetic
VIS_00070,40,adult,Лекция,4,1,5.0,58.0,synthetic
VIS_00071,17,school,Лекция,1,0,0.0,7.0,synthetic
VIS_00072,38,adult,Лекция,4,0,0.0,28.0,synthetic
VIS_00073,29,young,Творческая встреча,1,0,0.0,7.0,synthetic
VIS_00074,18,young,Выставка,1,0,0.0,7.0,synthetic
VIS_00075,38,adult,Лекция,8,1,5.0,86.0,synthetic
VIS_00076,43,adult,Концерт,4,1,2.0,43.0,synthetic
VIS_00077,38,adult,Лекция,10,0,0.0,70.0,synthetic
VIS_00078,37,adult,Лекция,3,0,0.0,21.0,synthetic
VIS_00079,41,adult,Творческая встреча,1,1,5.0,37.0,synthetic
VIS_00080,47,mature,Лекция,1,0,0.0,7.0,synthetic
VIS_00081,42,adult,Лекция,6,2,1.5,59.5,synthetic
VIS_00082,25,young,Лекция,1,0,0.0,7.0,synthetic
VIS_00083,35,adult,Концерт,2,2,3.0,39.0,synthetic
VIS_00084,53,mature,Лекция,2,1,4.0,39.0,synthetic
VIS_00085,47,mature,Лекция,4,0,0.0,28.0,synthetic
VIS_00086,31,adult,Лекция,8,1,5.0,86.0,synthetic
VIS_00087,30,adult,Мастер-класс,3,0,0.0,21.0,synthetic
VIS_00088,37,adult,Лекция,2,0,0.0,14.0,synthetic
VIS_00089,17,school,Выставка,1,0,0.0,7.0,synthetic
VIS_00090,42,adult,Выставка,3,1,5.0,51.0,synthetic
VIS_00091,22,young,Лекция,5,2,2.0,55.0,synthetic
VIS_00092,34,adult,Лекция,5,0,0.0,35.0,synthetic
VIS_00093,53,mature,Лекция,1,0,0.0,7.0,synthetic
VIS_00094,45,mature,Концерт,3,0,0.0,21.0,synthetic
VIS_00095,37,adult,Лекция,5,3,3.0,65.0,synthetic
VIS_00096,33,adult,Лекция,3,0,0.0,21.0,synthetic
VIS_00097,46,mature,Концерт,5,0,0.0,35.0,synthetic
VIS_00098,49,mature,Лекция,6,3,3.67,75.4,synthetic
VIS_00099,59,mature,Выставка,1,0,0.0,7.0,synthetic
VIS_00100,46,mature,Творческая встреча,1,0,0.0,7.0,synthetic
VIS_00101,28,young,Лекция,6,2,4.5,74.5,synthetic
VIS_00102,44,adult,Лекция,2,1,5.0,44.0,synthetic
VIS_00103,43,adult,Творческая встреча,7,1,3.0,69.0,synthetic
VIS_00104,19,young,Творческая встреча,3,0,0.0,21.0,synthetic
VIS_00105,46,mature,Лекция,1,0,0.0,7.0,synthetic
VIS_00106,35,adult,Лекция,8,2,4.5,88.5,synthetic
VIS_00107,37,adult,Лекция,4,1,5.0,58.0,synthetic
VIS_00108,42,adult,Творческая встреча,4,1,1.0,38.0,synthetic
VIS_00109,63,senior,Выставка,1,0,0.0,7.0,synthetic
VIS_00110,28,young,Выставка,3,0,0.0,21.0,synthetic
VIS_00111,35,adult,Лекция,8,4,4.0,96.0,synthetic
VIS_00112,25,young,Концерт,2,0,0.0,14.0,synthetic
VIS_00113,35,adult,Творческая встреча,7,2,5.0,84.0,synthetic
VIS_00114,55,mature,Творческая встреча,1,0,0.0,7.0,synthetic
VIS_00115,43,adult,Творческая встреча,1,0,0.0,7.0,synthetic
VIS_00116,34,adult,Лекция,8,1,5.0,86.0,synthetic
VIS_00117,37,adult,Выставка,4,0,0.0,28.0,synthetic
VIS_00118,43,adult,Выставка,3,0,0.0,21.0,synthetic
VIS_00119,43,adult,Лекция,6,3,4.33,78.6,synthetic
VIS_00120,50,mature,Выставка,2,0,0.0,14.0,synthetic
VIS_00121,29,young,Творческая встреча,4,1,5.0,58.0,synthetic
VIS_00122,53,mature,Мастер-класс,1,0,0.0,7.0,synthetic
VIS_00123,31,adult,Мастер-класс,1,0,0.0,7.0,synthetic
VIS_00124,36,adult,Лекция,6,1,3.0,62.0,synthetic
VIS_00125,45,mature,Лекция,7,1,4.0,74.0,synthetic
VIS_00126,56,mature,Мастер-класс,2,0,0.0,14.0,synthetic
VIS_00127,26,young,Концерт,3,1,3.0,41.0,synthetic
VIS_00128,22,young,Лекция,1,0,0.0,7.0,synthetic
VIS_00129,62,senior,Выставка,1,0,0.0,7.0,synthetic
VIS_00130,18,young,Концерт,2,1,4.0,39.0,synthetic
VIS_00131,28,young,Мастер-класс,1,0,0.0,7.0,synthetic
VIS_00132,14,school,Мастер-класс,2,0,0.0,14.0,synthetic
VIS_00133,41,adult,Лекция,7,3,3.67,82.4,synthetic
VIS_00134,44,adult,Мастер-класс,1,0,0.0,7.0,synthetic
VIS_00135,43,adult,Творческая встреча,3,1,5.0,51.0,synthetic
VIS_00136,64,senior,Лекция,1,0,0.0,7.0,synthetic
VIS_00137,51,mature,Мастер-класс,5,0,0.0,35.0,synthetic
VIS_00138,41,adult,Творческая встреча,2,0,0.0,14.0,synthetic
VIS_00139,59,mature,Лекция,1,1,2.0,22.0,synthetic
VIS_00140,37,adult,Выставка,3,0,0.0,21.0,synthetic
VIS_00141,24,young,Творческая встреча,1,0,0.0,7.0,synthetic
VIS_00142,51,mature,Лекция,1,0,0.0,7.0,synthetic
VIS_00143,42,adult,Лекция,1,1,4.0,32.0,synthetic
VIS_00144,25,young,Лекция,6,1,3.0,62.0,synthetic
VIS_00145,45,mature,Выставка,1,0,0.0,7.0,synthetic
VIS_00146,54,mature,Творческая встреча,5,0,0.0,35.0,synthetic
VIS_00147,31,adult,Выставка,4,0,0.0,28.0,synthetic
VIS_00148,24,young,Выставка,2,0,0.0,14.0,synthetic
VIS_00149,44,adult,Лекция,5,1,3.0,55.0,synthetic
VIS_00150,46,mature,Творческая встреча,5,2,3.5,62.5,synthetic
VIS_00151,48,mature,Лекция,6,1,5.0,72.0,synthetic
VIS_00152,30,adult,Творческая встреча,9,2,5.0,98.0,synthetic
VIS_00153,59,mature,Лекция,1,0,0.0,7.0,synthetic
VIS_00154,28,young,Выставка,2,0,0.0,14.0,synthetic
VIS_00155,55,mature,Концерт,2,2,4.0,44.0,synthetic
VIS_00156,21,young,Творческая встреча,3,1,4.0,46.0,synthetic
VIS_00157,52,mature,Лекция,1,0,0.0,7.0,synthetic
VIS_00158,34,adult,Выставка,4,1,5.0,58.0,synthetic
VIS_00159,54,mature,Лекция,3,2,3.5,48.5,synthetic
VIS_00160,25,young,Лекция,1,0,0.0,7.0,synthetic
VIS_00161,32,adult,Лекция,5,2,5.0,70.0,synthetic
VIS_00162,36,adult,Лекция,2,0,0.0,14.0,synthetic
VIS_00163,30,adult,Лекция,4,1,5.0,58.0,synthetic
VIS_00164,31,adult,Творческая встреча,4,1,5.0,58.0,synthetic
VIS_00165,40,adult,Творческая встреча,6,2,3.5,69.5,synthetic
VIS_00166,55,mature,Лекция,5,0,0.0,35.0,synthetic
VIS_00167,40,adult,Творческая встреча,4,0,0.0,28.0,synthetic
VIS_00168,47,mature,Лекция,5,2,2.5,57.5,synthetic
VIS_00169,46,mature,Лекция,5,1,5.0,65.0,synthetic
VIS_00170,58,mature,Выставка,4,0,0.0,28.0,synthetic
VIS_00171,41,adult,Творческая встреча,5,2,3.0,60.0,synthetic
VIS_00172,43,adult,Творческая встреча,1,1,5.0,37.0,synthetic
VIS_00173,59,mature,Лекция,1,0,0.0,7.0,synthetic
VIS_00174,22,young,Творческая встреча,1,0,0.0,7.0,synthetic
VIS_00175,45,mature,Творческая встреча,2,0,0.0,14.0,synthetic
VIS_00176,21,young,Творческая встреча,1,0,0.0,7.0,synthetic
VIS_00177,52,mature,Лекция,2,1,5.0,44.0,synthetic
VIS_00178,33,adult,Творческая встреча,6,1,5.0,72.0,synthetic
VIS_00179,19,young,Лекция,2,0,0.0,14.0,synthetic
VIS_00180,47,mature,Лекция,5,2,2.5,57.5,synthetic
VIS_00181,32,adult,Лекция,1,0,0.0,7.0,synthetic
VIS_00182,16,school,Мастер-класс,1,1,5.0,37.0,synthetic
VIS_00183,37,adult,Мастер-класс,1,0,0.0,7.0,synthetic
VIS_00184,44,adult,Творческая встреча,8,0,0.0,56.0,synthetic
VIS_00185,40,adult,Лекция,2,0,0.0,14.0,synthetic
VIS_00186,41,adult,Выставка,7,1,4.0,74.0,synthetic
VIS_00187,49,mature,Концерт,7,1,5.0,79.0,synthetic
VIS_00188,38,adult,Лекция,6,3,4.33,78.6,synthetic
VIS_00189,34,adult,Выставка,1,0,0.0,7.0,synthetic
VIS_00190,28,young,Творческая встреча,1,0,0.0,7.0,synthetic
VIS_00191,46,mature,Лекция,7,2,4.5,81.5,synthetic
VIS_00192,43,adult,Лекция,10,0,0.0,70.0,synthetic
VIS_00193,53,mature,Творческая встреча,1,1,5.0,37.0,synthetic
VIS_00194,40,adult,Концерт,4,1,4.0,53.0,synthetic
VIS_00195,45,mature,Концерт,2,2,3.5,41.5,synthetic
VIS_00196,48,mature,Лекция,3,0,0.0,21.0,synthetic
VIS_00197,26,young,Концерт,4,0,0.0,28.0,synthetic
VIS_00198,41,adult,Лекция,3,0,0.0,21.0,synthetic
VIS_00199,37,adult,Выставка,1,0,0.0,7.0,synthetic
VIS_00200,38,adult,Мастер-класс,5,0,0.0,35.0,synthetic
VIS_00201,39,adult,Выставка,2,0,0.0,14.0,synthetic
VIS_00202,45,mature,Творческая встреча,6,1,5.0,72.0,synthetic
VIS_00203,24,young,Концерт,1,0,0.0,7.0,synthetic
VIS_00204,35,adult,Выставка,4,1,5.0,58.0,synthetic
VIS_00205,44,adult,Творческая встреча,1,0,0.0,7.0,synthetic
VIS_00206,46,mature,Лекция,2,0,0.0,14.0,synthetic
VIS_00207,27,young,Лекция,2,0,0.0,14.0,synthetic
VIS_00208,33,adult,Творческая встреча,1,0,0.0,7.0,synthetic
VIS_00209,35,adult,Лекция,1,1,4.0,32.0,synthetic
VIS_00210,28,young,Лекция,1,0,0.0,7.0,synthetic
VIS_00211,24,young,Творческая встреча,3,1,5.0,51.0,synthetic
VIS_00212,21,young,Лекция,3,0,0.0,21.0,synthetic
VIS_00213,40,adult,Мастер-класс,1,0,0.0,7.0,synthetic
VIS_00214,60,senior,Лекция,1,0,0.0,7.0,synthetic
VIS_00215,48,mature,Концерт,4,3,5.0,68.0,synthetic
VIS_00216,30,adult,Выставка,1,0,0.0,7.0,synthetic
VIS_00217,42,adult,Выставка,3,1,5.0,51.0,synthetic
VIS_00218,51,mature,Лекция,1,0,0.0,7.0,synthetic
VIS_00219,33,adult,Выставка,3,0,0.0,21.0,synthetic
VIS_00220,25,young,Лекция,4,1,3.0,48.0,synthetic
VIS_00221,36,adult,Лекция,6,2,4.0,72.0,synthetic
VIS_00222,29,young,Лекция,8,0,0.0,56.0,synthetic
VIS_00223,33,adult,Творческая встреча,6,1,5.0,72.0,synthetic
VIS_00224,30,adult,Лекция,7,2,3.0,74.0,synthetic
VIS_00225,37,adult,Лекция,8,0,0.0,56.0,synthetic
VIS_00226,24,young,Лекция,1,0,0.0,7.0,synthetic
VIS_00227,23,young,Лекция,1,0,0.0,7.0,synthetic
VIS_00228,21,young,Лекция,1,1,5.0,37.0,synthetic
VIS_00229,44,adult,Мастер-класс,1,0,0.0,7.0,synthetic
VIS_00230,32,adult,Концерт,2,0,0.0,14.0,synthetic
VIS_00231,26,young,Творческая встреча,4,0,0.0,28.0,synthetic
VIS_00232,23,young,Творческая встреча,6,1,5.0,72.0,synthetic
VIS_00233,31,adult,Концерт,2,0,0.0,14.0,synthetic
VIS_00234,21,young,Творческая встреча,1,0,0.0,7.0,synthetic
VIS_00235,34,adult,Творческая встреча,2,1,4.0,39.0,synthetic
VIS_00236,31,adult,Концерт,4,2,3.5,55.5,synthetic
VIS_00237,50,mature,Концерт,3,1,3.0,41.0,synthetic
VIS_00238,44,adult,Концерт,3,1,4.0,46.0,synthetic
VIS_00239,48,mature,Творческая встреча,2,1,4.0,39.0,synthetic
VIS_00240,36,adult,Лекция,1,0,0.0,7.0,synthetic
VIS_00241,35,adult,Лекция,3,0,0.0,21.0,synthetic
VIS_00242,32,adult,Выставка,3,1,4.0,46.0,synthetic
VIS_00243,30,adult,Мастер-класс,1,0,0.0,7.0,synthetic
VIS_00244,50,mature,Творческая встреча,6,1,3.0,62.0,synthetic
VIS_00245,26,young,Лекция,6,2,3.0,67.0,synthetic
VIS_00246,59,mature,Выставка,2,0,0.0,14.0,synthetic
VIS_00247,39,adult,Лекция,5,2,3.5,62.5,synthetic
VIS_00248,33,adult,Концерт,5,3,4.33,71.6,synthetic
VIS_00249,33,adult,Мастер-класс,1,0,0.0,7.0,synthetic
VIS_00250,38,adult,Лекция,7,0,0.0,49.0,synthetic
VIS_00251,36,adult,Выставка,1,0,0.0,7.0,synthetic
VIS_00252,48,mature,Выставка,2,0,0.0,14.0,synthetic
VIS_00253,46,mature,Лекция,2,0,0.0,14.0,synthetic
VIS_00254,58,mature,Творческая встреча,1,0,0.0,7.0,synthetic
VIS_00255,61,senior,Лекция,1,0,0.0,7.0,synthetic
VIS_00256,69,senior,Выставка,1,0,0.0,7.0,synthetic
VIS_00257,29,young,Творческая встреча,4,1,4.0,53.0,synthetic
VIS_00258,38,adult,Творческая встреча,9,1,5.0,93.0,synthetic
VIS_00259,43,adult,Лекция,1,0,0.0,7.0,synthetic
VIS_00260,29,young,Творческая встреча,1,0,0.0,7.0,synthetic
VIS_00261,52,mature,Концерт,2,0,0.0,14.0,synthetic
VIS_00262,50,mature,Лекция,5,1,5.0,65.0,synthetic
VIS_00263,50,mature,Лекция,1,1,4.0,32.0,synthetic
VIS_00264,33,adult,Лекция,3,1,3.0,41.0,synthetic
VIS_00265,41,adult,Концерт,1,0,0.0,7.0,synthetic
VIS_00266,24,young,Мастер-класс,1,0,0.0,7.0,synthetic
VIS_00267,45,mature,Лекция,6,1,4.0,67.0,synthetic
VIS_00268,32,adult,Лекция,1,0,0.0,7.0,synthetic
VIS_00269,47,mature,Выставка,4,1,5.0,58.0,synthetic
VIS_00270,30,adult,Концерт,4,0,0.0,28.0,synthetic
VIS_00271,53,mature,Творческая встреча,1,0,0.0,7.0,synthetic
VIS_00272,31,adult,Мастер-класс,4,1,4.0,53.0,synthetic
VIS_00273,54,mature,Концерт,2,2,5.0,49.0,synthetic
VIS_00274,34,adult,Концерт,6,1,4.0,67.0,synthetic
VIS_00275,37,adult,Лекция,2,0,0.0,14.0,synthetic
VIS_00276,39,adult,Лекция,1,0,0.0,7.0,synthetic
VIS_00277,20,young,Лекция,1,0,0.0,7.0,synthetic
VIS_00278,30,adult,Лекция,3,2,3.5,48.5,synthetic
VIS_00279,32,adult,Концерт,5,1,5.0,65.0,synthetic
VIS_00280,46,mature,Выставка,2,1,4.0,39.0,synthetic
VIS_00281,21,young,Концерт,2,0,0.0,14.0,synthetic
VIS_00282,35,adult,Концерт,3,1,4.0,46.0,synthetic
VIS_00283,26,young,Лекция,3,1,3.0,41.0,synthetic
VIS_00284,53,mature,Мастер-класс,4,0,0.0,28.0,synthetic
VIS_00285,38,adult,Лекция,10,1,3.0,90.0,synthetic
VIS_00286,28,young,Мастер-класс,7,3,4.67,87.4,synthetic
VIS_00287,56,mature,Лекция,3,2,5.0,56.0,synthetic
VIS_00288,27,young,Лекция,1,0,0.0,7.0,synthetic
VIS_00289,47,mature,Выставка,3,0,0.0,21.0,synthetic
VIS_00290,31,adult,Выставка,7,2,5.0,84.0,synthetic
VIS_00291,38,adult,Лекция,10,2,4.0,100.0,synthetic
VIS_00292,38,adult,Мастер-класс,1,1,4.0,32.0,synthetic
VIS_00293,42,adult,Концерт,1,0,0.0,7.0,synthetic
VIS_00294,44,adult,Концерт,2,0,0.0,14.0,synthetic
VIS_00295,42,adult,Выставка,6,1,5.0,72.0,synthetic
VIS_00296,36,adult,Мастер-класс,4,1,5.0,58.0,synthetic
VIS_00297,18,young,Творческая встреча,1,0,0.0,7.0,synthetic
VIS_00298,34,adult,Творческая встреча,1,0,0.0,7.0,synthetic
VIS_00299,22,young,Творческая встреча,1,1,4.0,32.0,synthetic
VIS_00300,52,mature,Лекция,2,1,2.0,29.0,synthetic
VIS_00301,48,mature,Мастер-класс,1,0,0.0,7.0,synthetic
VIS_00302,22,young,Концерт,2,0,0.0,14.0,synthetic
VIS_00303,31,adult,Концерт,2,1,2.0,29.0,synthetic
VIS_00304,19,young,Мастер-класс,1,0,0.0,7.0,synthetic
VIS_00305,25,young,Концерт,2,1,5.0,44.0,synthetic
VIS_00306,37,adult,Концерт,4,3,3.67,61.4,synthetic
VIS_00307,28,young,Мастер-класс,4,0,0.0,28.0,synthetic
VIS_00308,41,adult,Творческая встреча,1,0,0.0,7.0,synthetic
VIS_00309,46,mature,Лекция,1,0,0.0,7.0,synthetic
VIS_00310,63,senior,Лекция,1,0,0.0,7.0,synthetic
VIS_00311,24,young,Лекция,1,0,0.0,7.0,synthetic
VIS_00312,63,senior,Лекция,1,0,0.0,7.0,synthetic
VIS_00313,68,senior,Выставка,1,0,0.0,7.0,synthetic
VIS_00314,19,young,Мастер-класс,4,3,4.67,66.4,synthetic
VIS_00315,57,mature,Творческая встреча,7,3,4.0,84.0,synthetic
VIS_00316,43,adult,Творческая встреча,1,0,0.0,7.0,synthetic
VIS_00317,37,adult,Лекция,1,0,0.0,7.0,synthetic
VIS_00318,40,adult,Творческая встреча,3,1,5.0,51.0,synthetic
VIS_00319,56,mature,Творческая встреча,6,0,0.0,42.0,synthetic
VIS_00320,49,mature,Лекция,3,1,2.0,36.0,synthetic
VIS_00321,34,adult,Концерт,4,0,0.0,28.0,synthetic
VIS_00322,37,adult,Творческая встреча,6,2,4.0,72.0,synthetic
VIS_00323,47,mature,Творческая встреча,1,0,0.0,7.0,synthetic
VIS_00324,36,adult,Лекция,2,0,0.0,14.0,synthetic
VIS_00325,23,young,Мастер-класс,4,0,0.0,28.0,synthetic
VIS_00326,24,young,Мастер-класс,5,0,0.0,35.0,synthetic
VIS_00327,34,adult,Выставка,1,0,0.0,7.0,synthetic
VIS_00328,20,young,Творческая встреча,1,0,0.0,7.0,synthetic
VIS_00329,55,mature,Лекция,2,0,0.0,14.0,synthetic
VIS_00330,25,young,Лекция,3,1,5.0,51.0,synthetic
VIS_00331,25,young,Мастер-класс,1,0,0.0,7.0,synthetic
VIS_00332,43,adult,Мастер-класс,1,0,0.0,7.0,synthetic
VIS_00333,36,adult,Лекция,1,0,0.0,7.0,synthetic
VIS_00334,50,mature,Творческая встреча,5,0,0.0,35.0,synthetic
VIS_00335,25,young,Выставка,3,0,0.0,21.0,synthetic
VIS_00336,24,young,Творческая встреча,1,0,0.0,7.0,synthetic
VIS_00337,38,adult,Выставка,7,2,4.0,79.0,synthetic
VIS_00338,35,adult,Творческая встреча,1,0,0.0,7.0,synthetic
VIS_00339,68,senior,Выставка,1,0,0.0,7.0,synthetic
VIS_00340,52,mature,Творческая встреча,1,0,0.0,7.0,synthetic
VIS_00341,50,mature,Творческая встреча,4,0,0.0,28.0,synthetic
VIS_00342,44,adult,Мастер-класс,1,0,0.0,7.0,synthetic
VIS_00343,23,young,Мастер-класс,1,1,4.0,32.0,synthetic
VIS_00344,42,adult,Лекция,1,0,0.0,7.0,synthetic
VIS_00345,45,mature,Творческая встреча,3,0,0.0,21.0,synthetic
VIS_00346,63,senior,Лекция,1,0,0.0,7.0,synthetic
VIS_00347,35,adult,Лекция,1,0,0.0,7.0,synthetic
VIS_00348,43,adult,Лекция,1,0,0.0,7.0,synthetic
VIS_00349,53,mature,Лекция,1,0,0.0,7.0,synthetic
VIS_00350,52,mature,Мастер-класс,1,0,0.0,7.0,synthetic
VIS_00351,38,adult,Лекция,3,0,0.0,21.0,synthetic
VIS_00352,18,young,Мастер-класс,1,1,5.0,37.0,synthetic
VIS_00353,40,adult,Творческая встреча,1,0,0.0,7.0,synthetic
VIS_00354,46,mature,Лекция,7,2,4.5,81.5,synthetic
VIS_00355,50,mature,Концерт,2,0,0.0,14.0,synthetic
VIS_00356,51,mature,Лекция,5,0,0.0,35.0,synthetic
VIS_00357,40,adult,Выставка,5,1,5.0,65.0,synthetic
VIS_00358,37,adult,Выставка,1,0,0.0,7.0,synthetic
VIS_00359,41,adult,Творческая встреча,1,0,0.0,7.0,synthetic
VIS_00360,36,adult,Выставка,10,2,5.0,100.0,synthetic
VIS_00361,44,adult,Мастер-класс,1,0,0.0,7.0,synthetic
VIS_00362,49,mature,Лекция,3,0,0.0,21.0,synthetic
VIS_00363,48,mature,Лекция,1,1,5.0,37.0,synthetic
VIS_00364,62,senior,Лекция,2,0,0.0,14.0,synthetic
VIS_00365,32,adult,Творческая встреча,5,1,4.0,60.0,synthetic
VIS_00366,22,young,Мастер-класс,1,0,0.0,7.0,synthetic
VIS_00367,28,young,Лекция,9,4,4.5,100.0,synthetic
VIS_00368,41,adult,Мастер-класс,1,0,0.0,7.0,synthetic
VIS_00369,52,mature,Лекция,2,0,0.0,14.0,synthetic
VIS_00370,52,mature,Лекция,3,0,0.0,21.0,synthetic
VIS_00371,40,adult,Лекция,5,1,5.0,65.0,synthetic
VIS_00372,44,adult,Выставка,1,1,5.0,37.0,synthetic
VIS_00373,37,adult,Лекция,1,0,0.0,7.0,synthetic
VIS_00374,33,adult,Лекция,6,1,5.0,72.0,synthetic
VIS_00375,39,adult,Творческая встреча,5,2,3.0,60.0,synthetic
VIS_00376,26,young,Выставка,6,0,0.0,42.0,synthetic
VIS_00377,33,adult,Лекция,7,2,3.5,76.5,synthetic
VIS_00378,34,adult,Лекция,6,2,4.0,72.0,synthetic
VIS_00379,61,senior,Лекция,6,0,0.0,42.0,synthetic
VIS_00380,51,mature,Концерт,1,0,0.0,7.0,synthetic
VIS_00381,62,senior,Творческая встреча,3,0,0.0,21.0,synthetic
VIS_00382,41,adult,Лекция,1,0,0.0,7.0,synthetic
VIS_00383,38,adult,Лекция,2,0,0.0,14.0,synthetic
VIS_00384,48,mature,Выставка,2,0,0.0,14.0,synthetic
VIS_00385,54,mature,Творческая встреча,4,0,0.0,28.0,synthetic
VIS_00386,22,young,Творческая встреча,1,0,0.0,7.0,synthetic
VIS_00387,47,mature,Мастер-класс,12,3,4.67,100.0,synthetic
VIS_00388,48,mature,Выставка,3,1,3.0,41.0,synthetic
VIS_00389,27,young,Лекция,5,1,5.0,65.0,synthetic
VIS_00390,17,school,Концерт,1,0,0.0,7.0,synthetic
VIS_00391,33,adult,Выставка,5,0,0.0,35.0,synthetic
VIS_00392,50,mature,Концерт,2,1,5.0,44.0,synthetic
VIS_00393,32,adult,Творческая встреча,1,0,0.0,7.0,synthetic
VIS_00394,47,mature,Концерт,4,1,5.0,58.0,synthetic
VIS_00395,46,mature,Лекция,2,0,0.0,14.0,synthetic
VIS_00396,36,adult,Выставка,3,0,0.0,21.0,synthetic
VIS_00397,29,young,Концерт,1,0,0.0,7.0,synthetic
VIS_00398,22,young,Выставка,1,0,0.0,7.0,synthetic
VIS_00399,35,adult,Лекция,2,0,0.0,14.0,synthetic
VIS_00400,50,mature,Лекция,7,0,0.0,49.0,synthetic
VIS_00401,49,mature,Лекция,1,0,0.0,7.0,synthetic
VIS_00402,43,adult,Мастер-класс,6,1,4.0,67.0,synthetic
VIS_00403,55,mature,Лекция,1,0,0.0,7.0,synthetic
VIS_00404,45,mature,Лекция,1,0,0.0,7.0,synthetic
VIS_00405,21,young,Концерт,1,0,0.0,7.0,synthetic
VIS_00406,37,adult,Лекция,8,0,0.0,56.0,synthetic
VIS_00407,56,mature,Выставка,1,1,5.0,37.0,synthetic
VIS_00408,24,young,Лекция,1,1,4.0,32.0,synthetic
VIS_00409,43,adult,Лекция,8,0,0.0,56.0,synthetic
VIS_00410,35,adult,Творческая встреча,1,0,0.0,7.0,synthetic
VIS_00411,49,mature,Выставка,2,1,4.0,39.0,synthetic
VIS_00412,50,mature,Мастер-класс,1,1,5.0,37.0,synthetic
VIS_00413,51,mature,Творческая встреча,2,1,5.0,44.0,synthetic
VIS_00414,43,adult,Лекция,10,2,4.0,100.0,synthetic
VIS_00415,53,mature,Лекция,4,0,0.0,28.0,synthetic
VIS_00416,39,adult,Концерт,1,0,0.0,7.0,synthetic
VIS_00417,60,senior,Выставка,1,0,0.0,7.0,synthetic
VIS_00418,43,adult,Концерт,6,0,0.0,42.0,synthetic
VIS_00419,47,mature,Творческая встреча,4,0,0.0,28.0,synthetic
VIS_00420,51,mature,Лекция,5,1,3.0,55.0,synthetic
VIS_00421,54,mature,Творческая встреча,1,1,4.0,32.0,synthetic
VIS_00422,46,mature,Лекция,6,1,3.0,62.0,synthetic
VIS_00423,17,school,Мастер-класс,1,1,3.0,27.0,synthetic
VIS_00424,60,senior,Лекция,5,0,0.0,35.0,synthetic
VIS_00425,58,mature,Лекция,1,0,0.0,7.0,synthetic
VIS_00426,19,young,Концерт,3,1,5.0,51.0,synthetic
VIS_00427,30,adult,Творческая встреча,4,1,4.0,53.0,synthetic
VIS_00428,56,mature,Лекция,1,0,0.0,7.0,synthetic
VIS_00429,13,school,Мастер-класс,1,0,0.0,7.0,synthetic
VIS_00430,17,school,Выставка,1,0,0.0,7.0,synthetic
VIS_00431,35,adult,Лекция,4,2,4.0,58.0,synthetic
VIS_00432,27,young,Мастер-класс,1,0,0.0,7.0,synthetic
VIS_00433,37,adult,Выставка,5,2,4.5,67.5,synthetic
VIS_00434,47,mature,Творческая встреча,4,0,0.0,28.0,synthetic
VIS_00435,53,mature,Выставка,2,0,0.0,14.0,synthetic
VIS_00436,48,mature,Творческая встреча,1,0,0.0,7.0,synthetic
VIS_00437,45,mature,Выставка,2,0,0.0,14.0,synthetic
VIS_00438,39,adult,Лекция,4,0,0.0,28.0,synthetic
VIS_00439,33,adult,Лекция,4,0,0.0,28.0,synthetic
VIS_00440,35,adult,Концерт,2,0,0.0,14.0,synthetic
VIS_00441,37,adult,Лекция,11,1,4.0,100.0,synthetic
VIS_00442,37,adult,Выставка,3,0,0.0,21.0,synthetic
VIS_00443,33,adult,Лекция,7,0,0.0,49.0,synthetic
VIS_00444,60,senior,Выставка,1,0,0.0,7.0,synthetic
VIS_00445,33,adult,Лекция,8,1,4.0,81.0,synthetic
VIS_00446,48,mature,Творческая встреча,1,0,0.0,7.0,synthetic
VIS_00447,42,adult,Выставка,1,0,0.0,7.0,synthetic
VIS_00448,39,adult,Лекция,6,2,4.5,74.5,synthetic
VIS_00449,64,senior,Выставка,3,0,0.0,21.0,synthetic
VIS_00450,25,young,Лекция,8,0,0.0,56.0,synthetic
VIS_00451,25,young,Лекция,4,1,4.0,53.0,synthetic
VIS_00452,44,adult,Творческая встреча,3,1,4.0,46.0,synthetic
VIS_00453,48,mature,Лекция,4,0,0.0,28.0,synthetic
VIS_00454,31,adult,Творческая встреча,4,1,4.0,53.0,synthetic
VIS_00455,47,mature,Выставка,2,0,0.0,14.0,synthetic
VIS_00456,18,young,Лекция,1,0,0.0,7.0,synthetic
VIS_00457,43,adult,Творческая встреча,7,1,4.0,74.0,synthetic
VIS_00458,40,adult,Выставка,1,0,0.0,7.0,synthetic
VIS_00459,33,adult,Мастер-класс,1,1,3.0,27.0,synthetic
VIS_00460,45,mature,Лекция,1,0,0.0,7.0,synthetic
VIS_00461,33,adult,Творческая встреча,4,0,0.0,28.0,synthetic
VIS_00462,53,mature,Лекция,3,0,0.0,21.0,synthetic
VIS_00463,34,adult,Концерт,6,1,3.0,62.0,synthetic
VIS_00464,43,adult,Выставка,1,0,0.0,7.0,synthetic
VIS_00465,51,mature,Мастер-класс,7,1,3.0,69.0,synthetic
VIS_00466,33,adult,Лекция,10,2,3.5,97.5,synthetic
VIS_00467,23,young,Мастер-класс,5,2,4.0,65.0,synthetic
VIS_00468,42,adult,Лекция,1,0,0.0,7.0,synthetic
VIS_00469,57,mature,Концерт,3,0,0.0,21.0,synthetic
VIS_00470,19,young,Лекция,3,2,2.5,43.5,synthetic
VIS_00471,51,mature,Лекция,1,0,0.0,7.0,synthetic
VIS_00472,65,senior,Выставка,1,0,0.0,7.0,synthetic
VIS_00473,60,senior,Творческая встреча,1,1,5.0,37.0,synthetic
VIS_00474,38,adult,Лекция,6,0,0.0,42.0,synthetic
VIS_00475,45,mature,Выставка,3,0,0.0,21.0,synthetic
VIS_00476,39,adult,Лекция,2,0,0.0,14.0,synthetic
VIS_00477,37,adult,Лекция,5,1,2.0,50.0,synthetic
VIS_00478,52,mature,Лекция,2,1,5.0,44.0,synthetic
VIS_00479,56,mature,Лекция,1,0,0.0,7.0,synthetic
VIS_00480,50,mature,Лекция,3,0,0.0,21.0,synthetic
VIS_00481,35,adult,Лекция,4,0,0.0,28.0,synthetic
VIS_00482,20,young,Творческая встреча,1,0,0.0,7.0,synthetic
VIS_00483,15,school,Выставка,1,0,0.0,7.0,synthetic
VIS_00484,25,young,Лекция,3,0,0.0,21.0,synthetic
VIS_00485,34,adult,Концерт,3,0,0.0,21.0,synthetic
VIS_00486,56,mature,Лекция,6,0,0.0,42.0,synthetic
VIS_00487,54,mature,Лекция,3,0,0.0,21.0,synthetic
VIS_00488,24,young,Мастер-класс,1,1,4.0,32.0,synthetic
VIS_00489,37,adult,Лекция,1,0,0.0,7.0,synthetic
VIS_00490,52,mature,Концерт,3,0,0.0,21.0,synthetic
VIS_00491,29,young,Лекция,3,1,5.0,51.0,synthetic
VIS_00492,10,school,Мастер-класс,1,0,0.0,7.0,synthetic
VIS_00493,58,mature,Лекция,1,0,0.0,7.0,synthetic
VIS_00494,45,mature,Творческая встреча,5,0,0.0,35.0,synthetic
VIS_00495,34,adult,Выставка,1,1,4.0,32.0,synthetic
VIS_00496,50,mature,Выставка,10,2,4.5,100.0,synthetic
VIS_00497,48,mature,Творческая встреча,3,0,0.0,21.0,synthetic
VIS_00498,42,adult,Лекция,2,1,3.0,34.0,synthetic
VIS_00499,37,adult,Выставка,2,2,4.0,44.0,synthetic
VIS_00500,25,young,Лекция,4,2,4.0,58.0,synthetic
VIS_00501,32,adult,Лекция,6,0,0.0,42.0,synthetic
VIS_00502,30,adult,Мастер-класс,2,0,0.0,14.0,synthetic
VIS_00503,23,young,Творческая встреча,3,0,0.0,21.0,synthetic
VIS_00504,56,mature,Лекция,1,0,0.0,7.0,synthetic
VIS_00505,25,young,Выставка,1,0,0.0,7.0,synthetic
VIS_00506,25,young,Лекция,4,1,4.0,53.0,synthetic
VIS_00507,25,young,Лекция,1,0,0.0,7.0,synthetic
VIS_00508,39,adult,Мастер-класс,1,0,0.0,7.0,synthetic
VIS_00509,43,adult,Выставка,1,0,0.0,7.0,synthetic
VIS_00510,53,mature,Лекция,6,2,3.0,67.0,synthetic
VIS_00511,36,adult,Концерт,1,0,0.0,7.0,synthetic
VIS_00512,47,mature,Мастер-класс,4,0,0.0,28.0,synthetic
VIS_00513,26,young,Лекция,1,0,0.0,7.0,synthetic
VIS_00514,54,mature,Мастер-класс,2,0,0.0,14.0,synthetic
VIS_00515,33,adult,Лекция,1,1,3.0,27.0,synthetic
VIS_00516,48,mature,Творческая встреча,1,0,0.0,7.0,synthetic
VIS_00517,30,adult,Концерт,2,0,0.0,14.0,synthetic
VIS_00518,15,school,Выставка,1,0,0.0,7.0,synthetic
VIS_00519,21,young,Творческая встреча,1,0,0.0,7.0,synthetic
VIS_00520,47,mature,Концерт,5,1,5.0,65.0,synthetic
VIS_00521,33,adult,Мастер-класс,10,3,3.33,100.0,synthetic
VIS_00522,30,adult,Творческая встреча,1,0,0.0,7.0,synthetic
VIS_00523,54,mature,Лекция,2,1,1.0,24.0,synthetic
VIS_00524,46,mature,Творческая встреча,1,0,0.0,7.0,synthetic
VIS_00525,46,mature,Мастер-класс,2,1,5.0,44.0,synthetic
VIS_00526,36,adult,Творческая встреча,1,1,5.0,37.0,synthetic
VIS_00527,19,young,Мастер-класс,1,0,0.0,7.0,synthetic
VIS_00528,28,young,Выставка,7,2,4.5,81.5,synthetic
VIS_00529,28,young,Мастер-класс,7,2,4.5,81.5,synthetic
VIS_00530,24,young,Лекция,2,0,0.0,14.0,synthetic
VIS_00531,22,young,Лекция,5,2,4.0,65.0,synthetic
VIS_00532,44,adult,Мастер-класс,5,1,4.0,60.0,synthetic
VIS_00533,34,adult,Концерт,8,1,5.0,86.0,synthetic
VIS_00534,48,mature,Концерт,4,0,0.0,28.0,synthetic
VIS_00535,49,mature,Выставка,1,0,0.0,7.0,synthetic
VIS_00536,36,adult,Лекция,3,1,5.0,51.0,synthetic
VIS_00537,48,mature,Лекция,1,1,5.0,37.0,synthetic
VIS_00538,35,adult,Творческая встреча,6,2,4.5,74.5,synthetic
VIS_00539,46,mature,Мастер-класс,1,0,0.0,7.0,synthetic
VIS_00540,46,mature,Творческая встреча,6,1,3.0,62.0,synthetic
VIS_00541,42,adult,Мастер-класс,5,0,0.0,35.0,synthetic
VIS_00542,52,mature,Лекция,4,0,0.0,28.0,synthetic
VIS_00543,25,young,Концерт,4,0,0.0,28.0,synthetic
VIS_00544,39,adult,Выставка,2,2,5.0,49.0,synthetic
VIS_00545,41,adult,Выставка,7,1,4.0,74.0,synthetic
VIS_00546,24,young,Лекция,5,0,0.0,35.0,synthetic
VIS_00547,46,mature,Выставка,1,0,0.0,7.0,synthetic
VIS_00548,35,adult,Лекция,6,1,5.0,72.0,synthetic
VIS_00549,25,young,Лекция,4,0,0.0,28.0,synthetic
VIS_00550,36,adult,Лекция,1,1,5.0,37.0,synthetic
VIS_00551,37,adult,Лекция,3,1,5.0,51.0,synthetic
VIS_00552,32,adult,Лекция,8,1,2.0,71.0,synthetic
VIS_00553,49,mature,Творческая встреча,1,0,0.0,7.0,synthetic
VIS_00554,35,adult,Творческая встреча,1,0,0.0,7.0,synthetic
VIS_00555,49,mature,Лекция,4,0,0.0,28.0,synthetic
VIS_00556,53,mature,Выставка,2,1,3.0,34.0,synthetic
VIS_00557,41,adult,Лекция,11,1,5.0,100.0,synthetic
VIS_00558,28,young,Мастер-класс,7,2,3.5,76.5,synthetic
VIS_00559,24,young,Лекция,1,0,0.0,7.0,synthetic
VIS_00560,48,mature,Творческая встреча,1,0,0.0,7.0,synthetic
VIS_00561,55,mature,Творческая встреча,4,0,0.0,28.0,synthetic
VIS_00562,36,adult,Выставка,2,0,0.0,14.0,synthetic
VIS_00563,19,young,Творческая встреча,1,0,0.0,7.0,synthetic
VIS_00564,49,mature,Творческая встреча,1,0,0.0,7.0,synthetic
VIS_00565,27,young,Концерт,4,1,2.0,43.0,synthetic
VIS_00566,40,adult,Лекция,3,0,0.0,21.0,synthetic
VIS_00567,36,adult,Мастер-класс,4,0,0.0,28.0,synthetic
VIS_00568,48,mature,Мастер-класс,5,2,4.5,67.5,synthetic
VIS_00569,39,adult,Лекция,4,1,5.0,58.0,synthetic
VIS_00570,55,mature,Концерт,1,0,0.0,7.0,synthetic
VIS_00571,44,adult,Выставка,2,0,0.0,14.0,synthetic
VIS_00572,23,young,Мастер-класс,7,0,0.0,49.0,synthetic
VIS_00573,44,adult,Концерт,2,0,0.0,14.0,synthetic
VIS_00574,57,mature,Выставка,1,0,0.0,7.0,synthetic
VIS_00575,30,adult,Творческая встреча,1,1,2.0,22.0,synthetic
VIS_00576,44,adult,Лекция,1,0,0.0,7.0,synthetic
VIS_00577,39,adult,Лекция,1,0,0.0,7.0,synthetic
VIS_00578,20,young,Творческая встреча,3,0,0.0,21.0,synthetic
VIS_00579,26,young,Творческая встреча,5,1,5.0,65.0,synthetic
VIS_00580,34,adult,Творческая встреча,4,0,0.0,28.0,synthetic
VIS_00581,52,mature,Выставка,3,0,0.0,21.0,synthetic
VIS_00582,20,young,Лекция,1,0,0.0,7.0,synthetic
VIS_00583,34,adult,Лекция,1,0,0.0,7.0,synthetic
VIS_00584,56,mature,Концерт,1,0,0.0,7.0,synthetic
VIS_00585,22,young,Концерт,2,0,0.0,14.0,synthetic
VIS_00586,12,school,Мастер-класс,1,0,0.0,7.0,synthetic
VIS_00587,48,mature,Лекция,4,1,4.0,53.0,synthetic
VIS_00588,47,mature,Творческая встреча,7,0,0.0,49.0,synthetic
VIS_00589,39,adult,Творческая встреча,1,0,0.0,7.0,synthetic
VIS_00590,21,young,Выставка,1,0,0.0,7.0,synthetic
VIS_00591,55,mature,Лекция,1,0,0.0,7.0,synthetic
VIS_00592,28,young,Творческая встреча,1,0,0.0,7.0,synthetic
VIS_00593,20,young,Лекция,3,0,0.0,21.0,synthetic
VIS_00594,43,adult,Выставка,5,0,0.0,35.0,synthetic
VIS_00595,65,senior,Лекция,1,0,0.0,7.0,synthetic
VIS_00596,43,adult,Лекция,1,0,0.0,7.0,synthetic
VIS_00597,64,senior,Выставка,1,0,0.0,7.0,synthetic
VIS_00598,35,adult,Выставка,5,0,0.0,35.0,synthetic
VIS_00599,54,mature,Выставка,1,0,0.0,7.0,synthetic
VIS_00600,40,adult,Лекция,3,1,2.0,36.0,synthetic
VIS_00601,32,adult,Лекция,7,3,4.0,84.0,synthetic
VIS_00602,34,adult,Концерт,2,0,0.0,14.0,synthetic
VIS_00603,50,mature,Лекция,4,1,4.0,53.0,synthetic
VIS_00604,59,mature,Выставка,1,0,0.0,7.0,synthetic
VIS_00605,48,mature,Мастер-класс,1,1,1.0,17.0,synthetic
VIS_00606,33,adult,Концерт,3,1,5.0,51.0,synthetic
VIS_00607,33,adult,Творческая встреча,1,0,0.0,7.0,synthetic
VIS_00608,11,school,Мастер-класс,1,1,4.0,32.0,synthetic
VIS_00609,47,mature,Лекция,2,0,0.0,14.0,synthetic
VIS_00610,41,adult,Творческая встреча,2,0,0.0,14.0,synthetic
VIS_00611,33,adult,Лекция,4,1,3.0,48.0,synthetic
VIS_00612,46,mature,Лекция,6,3,3.0,72.0,synthetic
VIS_00613,35,adult,Лекция,2,0,0.0,14.0,synthetic
VIS_00614,40,adult,Концерт,3,1,5.0,51.0,synthetic
VIS_00615,26,young,Выставка,2,2,5.0,49.0,synthetic
VIS_00616,25,young,Лекция,2,2,3.5,41.5,synthetic
VIS_00617,38,adult,Творческая встреча,5,0,0.0,35.0,synthetic
VIS_00618,47,mature,Лекция,1,1,3.0,27.0,synthetic
VIS_00619,57,mature,Лекция,2,1,4.0,39.0,synthetic
VIS_00620,41,adult,Лекция,9,1,5.0,93.0,synthetic
VIS_00621,19,young,Выставка,1,1,2.0,22.0,synthetic
VIS_00622,39,adult,Творческая встреча,7,0,0.0,49.0,synthetic
VIS_00623,33,adult,Мастер-класс,7,1,2.0,64.0,synthetic
VIS_00624,46,mature,Лекция,2,0,0.0,14.0,synthetic
VIS_00625,56,mature,Лекция,2,0,0.0,14.0,synthetic
VIS_00626,44,adult,Концерт,3,0,0.0,21.0,synthetic
VIS_00627,26,young,Лекция,3,2,3.5,48.5,synthetic
VIS_00628,33,adult,Лекция,1,1,2.0,22.0,synthetic
VIS_00629,43,adult,Лекция,8,0,0.0,56.0,synthetic
VIS_00630,38,adult,Лекция,9,1,1.0,73.0,synthetic
VIS_00631,42,adult,Лекция,5,0,0.0,35.0,synthetic
VIS_00632,57,mature,Концерт,1,0,0.0,7.0,synthetic
VIS_00633,22,young,Мастер-класс,1,0,0.0,7.0,synthetic
VIS_00634,37,adult,Лекция,1,0,0.0,7.0,synthetic
VIS_00635,65,senior,Лекция,1,0,0.0,7.0,synthetic
VIS_00636,43,adult,Лекция,3,2,4.5,53.5,synthetic
VIS_00637,56,mature,Творческая встреча,1,1,5.0,37.0,synthetic
VIS_00638,33,adult,Концерт,6,2,3.5,69.5,synthetic
VIS_00639,36,adult,Концерт,2,0,0.0,14.0,synthetic
VIS_00640,27,young,Творческая встреча,5,2,3.5,62.5,synthetic
VIS_00641,36,adult,Лекция,1,0,0.0,7.0,synthetic
VIS_00642,50,mature,Выставка,1,0,0.0,7.0,synthetic
VIS_00643,34,adult,Мастер-класс,2,0,0.0,14.0,synthetic
VIS_00644,40,adult,Лекция,6,1,4.0,67.0,synthetic
VIS_00645,43,adult,Концерт,1,0,0.0,7.0,synthetic
VIS_00646,69,senior,Выставка,1,0,0.0,7.0,synthetic
VIS_00647,46,mature,Лекция,1,0,0.0,7.0,synthetic
VIS_00648,33,adult,Творческая встреча,3,1,5.0,51.0,synthetic
VIS_00649,38,adult,Мастер-класс,1,0,0.0,7.0,synthetic
VIS_00650,25,young,Лекция,6,1,4.0,67.0,synthetic
VIS_00651,41,adult,Мастер-класс,2,0,0.0,14.0,synthetic
VIS_00652,59,mature,Творческая встреча,2,0,0.0,14.0,synthetic
VIS_00653,25,young,Лекция,4,0,0.0,28.0,synthetic
VIS_00654,40,adult,Лекция,5,0,0.0,35.0,synthetic
VIS_00655,27,young,Концерт,3,0,0.0,21.0,synthetic
VIS_00656,32,adult,Мастер-класс,7,3,3.33,80.6,synthetic
VIS_00657,30,adult,Мастер-класс,1,0,0.0,7.0,synthetic
VIS_00658,55,mature,Лекция,2,0,0.0,14.0,synthetic
VIS_00659,68,senior,Выставка,1,1,5.0,37.0,synthetic
VIS_00660,27,young,Мастер-класс,1,0,0.0,7.0,synthetic
VIS_00661,56,mature,Выставка,3,1,5.0,51.0,synthetic
VIS_00662,47,mature,Творческая встреча,5,2,5.0,70.0,synthetic
VIS_00663,47,mature,Мастер-класс,1,0,0.0,7.0,synthetic
VIS_00664,55,mature,Концерт,2,0,0.0,14.0,synthetic
VIS_00665,23,young,Лекция,10,2,4.0,100.0,synthetic
VIS_00666,22,young,Творческая встреча,5,1,5.0,65.0,synthetic
VIS_00667,34,adult,Мастер-класс,3,0,0.0,21.0,synthetic
VIS_00668,41,adult,Выставка,2,1,3.0,34.0,synthetic
VIS_00669,65,senior,Творческая встреча,1,0,0.0,7.0,synthetic
VIS_00670,54,mature,Творческая встреча,1,0,0.0,7.0,synthetic
VIS_00671,33,adult,Лекция,2,1,5.0,44.0,synthetic
VIS_00672,41,adult,Выставка,2,0,0.0,14.0,synthetic
VIS_00673,50,mature,Творческая встреча,1,1,4.0,32.0,synthetic
VIS_00674,45,mature,Мастер-класс,2,1,4.0,39.0,synthetic
VIS_00675,47,mature,Мастер-класс,1,0,0.0,7.0,synthetic
VIS_00676,49,mature,Творческая встреча,3,1,5.0,51.0,synthetic
VIS_00677,45,mature,Лекция,10,2,5.0,100.0,synthetic
VIS_00678,19,young,Концерт,1,0,0.0,7.0,synthetic
VIS_00679,56,mature,Лекция,4,1,4.0,53.0,synthetic
VIS_00680,39,adult,Творческая встреча,8,0,0.0,56.0,synthetic
VIS_00681,59,mature,Творческая встреча,5,0,0.0,35.0,synthetic
VIS_00682,18,young,Лекция,1,0,0.0,7.0,synthetic
VIS_00683,25,young,Лекция,2,2,4.5,46.5,synthetic
VIS_00684,36,adult,Мастер-класс,6,0,0.0,42.0,synthetic
VIS_00685,54,mature,Творческая встреча,1,0,0.0,7.0,synthetic
VIS_00686,48,mature,Мастер-класс,6,1,4.0,67.0,synthetic
VIS_00687,38,adult,Лекция,10,1,3.0,90.0,synthetic
VIS_00688,57,mature,Выставка,1,0,0.0,7.0,synthetic
VIS_00689,32,adult,Выставка,5,1,4.0,60.0,synthetic
VIS_00690,28,young,Мастер-класс,2,1,5.0,44.0,synthetic
VIS_00691,40,adult,Творческая встреча,1,0,0.0,7.0,synthetic
VIS_00692,57,mature,Концерт,1,0,0.0,7.0,synthetic
VIS_00693,16,school,Лекция,3,1,5.0,51.0,synthetic
VIS_00694,50,mature,Мастер-класс,1,0,0.0,7.0,synthetic
VIS_00695,38,adult,Концерт,1,0,0.0,7.0,synthetic
VIS_00696,25,young,Мастер-класс,1,0,0.0,7.0,synthetic
VIS_00697,33,adult,Лекция,5,0,0.0,35.0,synthetic
VIS_00698,25,young,Лекция,1,0,0.0,7.0,synthetic
VIS_00699,62,senior,Творческая встреча,1,0,0.0,7.0,synthetic
VIS_00700,45,mature,Мастер-класс,5,1,4.0,60.0,synthetic
VIS_00701,58,mature,Лекция,4,1,5.0,58.0,synthetic
VIS_00702,59,mature,Творческая встреча,1,0,0.0,7.0,synthetic
VIS_00703,24,young,Творческая встреча,1,0,0.0,7.0,synthetic
VIS_00704,53,mature,Лекция,5,0,0.0,35.0,synthetic
VIS_00705,43,adult,Мастер-класс,7,2,4.5,81.5,synthetic
VIS_00706,26,young,Мастер-класс,1,0,0.0,7.0,synthetic
VIS_00707,59,mature,Лекция,1,0,0.0,7.0,synthetic
VIS_00708,16,school,Лекция,1,1,5.0,37.0,synthetic
VIS_00709,45,mature,Мастер-класс,1,0,0.0,7.0,synthetic
VIS_00710,40,adult,Лекция,2,0,0.0,14.0,synthetic
VIS_00711,35,adult,Выставка,1,0,0.0,7.0,synthetic
VIS_00712,41,adult,Мастер-класс,4,0,0.0,28.0,synthetic
VIS_00713,44,adult,Мастер-класс,5,0,0.0,35.0,synthetic
VIS_00714,42,adult,Творческая встреча,7,2,4.5,81.5,synthetic
VIS_00715,44,adult,Выставка,2,0,0.0,14.0,synthetic
VIS_00716,51,mature,Творческая встреча,1,1,4.0,32.0,synthetic
VIS_00717,38,adult,Лекция,12,3,4.33,100.0,synthetic
VIS_00718,33,adult,Лекция,1,0,0.0,7.0,synthetic
VIS_00719,30,adult,Мастер-класс,2,0,0.0,14.0,synthetic
VIS_00720,25,young,Концерт,3,0,0.0,21.0,synthetic
VIS_00721,32,adult,Лекция,6,0,0.0,42.0,synthetic
VIS_00722,28,young,Мастер-класс,1,1,5.0,37.0,synthetic
VIS_00723,31,adult,Мастер-класс,1,0,0.0,7.0,synthetic
VIS_00724,34,adult,Творческая встреча,1,0,0.0,7.0,synthetic
VIS_00725,35,adult,Лекция,1,0,0.0,7.0,synthetic
VIS_00726,55,mature,Лекция,2,0,0.0,14.0,synthetic
VIS_00727,21,young,Выставка,1,0,0.0,7.0,synthetic
VIS_00728,34,adult,Выставка,2,0,0.0,14.0,synthetic
VIS_00729,32,adult,Лекция,2,0,0.0,14.0,synthetic
VIS_00730,37,adult,Мастер-класс,1,0,0.0,7.0,synthetic
VIS_00731,46,mature,Мастер-класс,1,0,0.0,7.0,synthetic
VIS_00732,47,mature,Концерт,3,0,0.0,21.0,synthetic
VIS_00733,42,adult,Творческая встреча,1,1,3.0,27.0,synthetic
VIS_00734,38,adult,Лекция,5,0,0.0,35.0,synthetic
VIS_00735,46,mature,Выставка,3,0,0.0,21.0,synthetic
VIS_00736,60,senior,Лекция,1,0,0.0,7.0,synthetic
VIS_00737,42,adult,Выставка,8,2,5.0,91.0,synthetic
VIS_00738,39,adult,Творческая встреча,3,1,5.0,51.0,synthetic
VIS_00739,62,senior,Лекция,1,0,0.0,7.0,synthetic
VIS_00740,31,adult,Концерт,4,1,1.0,38.0,synthetic
VIS_00741,53,mature,Выставка,1,0,0.0,7.0,synthetic
VIS_00742,51,mature,Выставка,1,0,0.0,7.0,synthetic
VIS_00743,47,mature,Лекция,1,0,0.0,7.0,synthetic
VIS_00744,39,adult,Мастер-класс,1,1,5.0,37.0,synthetic
VIS_00745,53,mature,Концерт,1,0,0.0,7.0,synthetic
VIS_00746,63,senior,Творческая встреча,1,0,0.0,7.0,synthetic
VIS_00747,30,adult,Концерт,3,0,0.0,21.0,synthetic
VIS_00748,36,adult,Концерт,3,1,5.0,51.0,synthetic
VIS_00749,55,mature,Выставка,5,1,5.0,65.0,synthetic
VIS_00750,36,adult,Выставка,1,1,2.0,22.0,synthetic
VIS_00751,44,adult,Выставка,1,0,0.0,7.0,synthetic
VIS_00752,35,adult,Лекция,8,1,3.0,76.0,synthetic
VIS_00753,22,young,Творческая встреча,6,2,5.0,77.0,synthetic
VIS_00754,52,mature,Лекция,1,0,0.0,7.0,synthetic
VIS_00755,48,mature,Творческая встреча,4,0,0.0,28.0,synthetic
VIS_00756,53,mature,Выставка,3,1,5.0,51.0,synthetic
VIS_00757,46,mature,Выставка,6,0,0.0,42.0,synthetic
VIS_00758,38,adult,Мастер-класс,1,0,0.0,7.0,synthetic
VIS_00759,43,adult,Творческая встреча,1,0,0.0,7.0,synthetic
VIS_00760,31,adult,Концерт,2,0,0.0,14.0,synthetic
VIS_00761,18,young,Лекция,1,0,0.0,7.0,synthetic
VIS_00762,54,mature,Мастер-класс,1,0,0.0,7.0,synthetic
VIS_00763,53,mature,Мастер-класс,1,0,0.0,7.0,synthetic
VIS_00764,52,mature,Лекция,1,0,0.0,7.0,synthetic
VIS_00765,17,school,Мастер-класс,3,0,0.0,21.0,synthetic
VIS_00766,39,adult,Лекция,3,1,4.0,46.0,synthetic
VIS_00767,31,adult,Концерт,4,1,3.0,48.0,synthetic
VIS_00768,28,young,Лекция,1,1,5.0,37.0,synthetic
VIS_00769,32,adult,Выставка,6,0,0.0,42.0,synthetic
VIS_00770,32,adult,Мастер-класс,4,1,3.0,48.0,synthetic
VIS_00771,40,adult,Мастер-класс,9,3,4.0,98.0,synthetic
VIS_00772,30,adult,Мастер-класс,1,0,0.0,7.0,synthetic
VIS_00773,35,adult,Мастер-класс,3,1,3.0,41.0,synthetic
VIS_00774,32,adult,Творческая встреча,10,3,5.0,100.0,synthetic
VIS_00775,36,adult,Концерт,2,0,0.0,14.0,synthetic
VIS_00776,49,mature,Лекция,2,0,0.0,14.0,synthetic
VIS_00777,28,young,Творческая встреча,1,1,5.0,37.0,synthetic
VIS_00778,23,young,Концерт,2,0,0.0,14.0,synthetic
VIS_00779,23,young,Концерт,2,0,0.0,14.0,synthetic
VIS_00780,40,adult,Выставка,5,1,3.0,55.0,synthetic
VIS_00781,46,mature,Лекция,5,0,0.0,35.0,synthetic
VIS_00782,28,young,Концерт,1,0,0.0,7.0,synthetic
VIS_00783,44,adult,Выставка,2,1,4.0,39.0,synthetic
VIS_00784,38,adult,Творческая встреча,1,0,0.0,7.0,synthetic
VIS_00785,38,adult,Концерт,1,0,0.0,7.0,synthetic
VIS_00786,36,adult,Концерт,3,0,0.0,21.0,synthetic
VIS_00787,27,young,Лекция,6,1,3.0,62.0,synthetic
VIS_00788,37,adult,Творческая встреча,1,0,0.0,7.0,synthetic
VIS_00789,66,senior,Выставка,1,0,0.0,7.0,synthetic
VIS_00790,17,school,Выставка,5,1,4.0,60.0,synthetic
VIS_00791,48,mature,Выставка,5,2,4.5,67.5,synthetic
VIS_00792,34,adult,Выставка,5,0,0.0,35.0,synthetic
VIS_00793,50,mature,Выставка,3,1,5.0,51.0,synthetic
VIS_00794,45,mature,Концерт,1,0,0.0,7.0,synthetic
VIS_00795,39,adult,Лекция,1,0,0.0,7.0,synthetic
VIS_00796,33,adult,Творческая встреча,1,1,3.0,27.0,synthetic
VIS_00797,60,senior,Лекция,2,0,0.0,14.0,synthetic
VIS_00798,51,mature,Мастер-класс,1,0,0.0,7.0,synthetic
VIS_00799,54,mature,Творческая встреча,1,0,0.0,7.0,synthetic
VIS_00800,29,young,Мастер-класс,1,0,0.0,7.0,synthetic
VIS_00801,39,adult,Выставка,2,0,0.0,14.0,synthetic
VIS_00802,34,adult,Выставка,6,2,4.0,72.0,synthetic
VIS_00803,37,adult,Лекция,1,0,0.0,7.0,synthetic
VIS_00804,41,adult,Лекция,7,4,2.75,82.8,synthetic
VIS_00805,46,mature,Творческая встреча,1,0,0.0,7.0,synthetic
VIS_00806,41,adult,Лекция,1,0,0.0,7.0,synthetic
VIS_00807,49,mature,Лекция,5,2,3.0,60.0,synthetic
VIS_00808,59,mature,Выставка,1,0,0.0,7.0,synthetic
VIS_00809,26,young,Лекция,6,2,3.0,67.0,synthetic
VIS_00810,33,adult,Выставка,1,0,0.0,7.0,synthetic
VIS_00811,10,school,Мастер-класс,1,0,0.0,7.0,synthetic
VIS_00812,44,adult,Лекция,9,4,4.0,100.0,synthetic
VIS_00813,50,mature,Лекция,6,2,5.0,77.0,synthetic
VIS_00814,48,mature,Выставка,4,0,0.0,28.0,synthetic
VIS_00815,55,mature,Лекция,5,0,0.0,35.0,synthetic
VIS_00816,48,mature,Лекция,10,0,0.0,70.0,synthetic
VIS_00817,33,adult,Выставка,2,1,3.0,34.0,synthetic
VIS_00818,39,adult,Выставка,6,0,0.0,42.0,synthetic
VIS_00819,23,young,Творческая встреча,1,1,5.0,37.0,synthetic
VIS_00820,28,young,Творческая встреча,6,1,3.0,62.0,synthetic
VIS_00821,47,mature,Творческая встреча,4,1,5.0,58.0,synthetic
VIS_00822,34,adult,Мастер-класс,4,0,0.0,28.0,synthetic
VIS_00823,45,mature,Выставка,5,1,2.0,50.0,synthetic
VIS_00824,30,adult,Мастер-класс,1,0,0.0,7.0,synthetic
VIS_00825,30,adult,Выставка,2,0,0.0,14.0,synthetic
VIS_00826,37,adult,Лекция,4,2,4.0,58.0,synthetic
VIS_00827,34,adult,Выставка,3,1,4.0,46.0,synthetic
VIS_00828,31,adult,Концерт,1,1,5.0,37.0,synthetic
VIS_00829,23,young,Выставка,2,0,0.0,14.0,synthetic
VIS_00830,42,adult,Творческая встреча,4,0,0.0,28.0,synthetic
VIS_00831,36,adult,Выставка,3,0,0.0,21.0,synthetic
VIS_00832,41,adult,Мастер-класс,6,0,0.0,42.0,synthetic
VIS_00833,22,young,Концерт,2,0,0.0,14.0,synthetic
VIS_00834,24,young,Концерт,3,1,5.0,51.0,synthetic
VIS_00835,24,young,Мастер-класс,2,0,0.0,14.0,synthetic
VIS_00836,28,young,Лекция,6,0,0.0,42.0,synthetic
VIS_00837,44,adult,Творческая встреча,1,0,0.0,7.0,synthetic
VIS_00838,17,school,Творческая встреча,1,0,0.0,7.0,synthetic
VIS_00839,27,young,Лекция,7,0,0.0,49.0,synthetic
VIS_00840,22,young,Выставка,3,0,0.0,21.0,synthetic
VIS_00841,21,young,Лекция,4,1,5.0,58.0,synthetic
VIS_00842,42,adult,Выставка,3,0,0.0,21.0,synthetic
VIS_00843,51,mature,Концерт,4,0,0.0,28.0,synthetic
VIS_00844,44,adult,Творческая встреча,8,0,0.0,56.0,synthetic
VIS_00845,42,adult,Выставка,2,0,0.0,14.0,synthetic
VIS_00846,58,mature,Лекция,1,0,0.0,7.0,synthetic
VIS_00847,49,mature,Выставка,5,0,0.0,35.0,synthetic
VIS_00848,28,young,Выставка,3,0,0.0,21.0,synthetic
VIS_00849,44,adult,Выставка,6,3,4.0,77.0,synthetic
VIS_00850,29,young,Лекция,6,0,0.0,42.0,synthetic
VIS_00851,51,mature,Лекция,6,1,3.0,62.0,synthetic
VIS_00852,32,adult,Концерт,4,1,3.0,48.0,synthetic
VIS_00853,36,adult,Выставка,3,0,0.0,21.0,synthetic
VIS_00854,33,adult,Концерт,4,1,4.0,53.0,synthetic
VIS_00855,20,young,Мастер-класс,1,0,0.0,7.0,synthetic
VIS_00856,42,adult,Лекция,1,0,0.0,7.0,synthetic
VIS_00857,65,senior,Творческая встреча,1,0,0.0,7.0,synthetic
VIS_00858,46,mature,Лекция,1,0,0.0,7.0,synthetic
VIS_00859,55,mature,Концерт,3,1,5.0,51.0,synthetic
VIS_00860,38,adult,Творческая встреча,1,0,0.0,7.0,synthetic
VIS_00861,50,mature,Лекция,1,0,0.0,7.0,synthetic
VIS_00862,46,mature,Лекция,1,0,0.0,7.0,synthetic
VIS_00863,38,adult,Концерт,2,0,0.0,14.0,synthetic
VIS_00864,43,adult,Выставка,2,0,0.0,14.0,synthetic
VIS_00865,49,mature,Творческая встреча,5,0,0.0,35.0,synthetic
VIS_00866,39,adult,Мастер-класс,6,2,4.0,72.0,synthetic
VIS_00867,32,adult,Мастер-класс,4,1,2.0,43.0,synthetic
VIS_00868,40,adult,Мастер-класс,5,0,0.0,35.0,synthetic
VIS_00869,53,mature,Лекция,1,0,0.0,7.0,synthetic
VIS_00870,33,adult,Концерт,4,0,0.0,28.0,synthetic
VIS_00871,33,adult,Выставка,13,1,2.0,100.0,synthetic
VIS_00872,42,adult,Мастер-класс,4,1,5.0,58.0,synthetic
VIS_00873,51,mature,Лекция,7,0,0.0,49.0,synthetic
VIS_00874,32,adult,Мастер-класс,2,1,2.0,29.0,synthetic
VIS_00875,51,mature,Творческая встреча,1,1,5.0,37.0,synthetic
VIS_00876,20,young,Лекция,2,1,5.0,44.0,synthetic
VIS_00877,37,adult,Лекция,2,0,0.0,14.0,synthetic
VIS_00878,36,adult,Выставка,2,0,0.0,14.0,synthetic
VIS_00879,47,mature,Лекция,4,2,5.0,63.0,synthetic
VIS_00880,30,adult,Лекция,8,1,5.0,86.0,synthetic
VIS_00881,38,adult,Творческая встреча,6,0,0.0,42.0,synthetic
VIS_00882,35,adult,Мастер-класс,2,0,0.0,14.0,synthetic
VIS_00883,34,adult,Творческая встреча,2,0,0.0,14.0,synthetic
VIS_00884,46,mature,Творческая встреча,1,1,5.0,37.0,synthetic
VIS_00885,20,young,Мастер-класс,4,0,0.0,28.0,synthetic
VIS_00886,23,young,Концерт,2,0,0.0,14.0,synthetic
VIS_00887,28,young,Лекция,2,1,3.0,34.0,synthetic
VIS_00888,41,adult,Мастер-класс,1,0,0.0,7.0,synthetic
VIS_00889,52,mature,Лекция,7,1,2.0,64.0,synthetic
VIS_00890,36,adult,Лекция,8,0,0.0,56.0,synthetic
VIS_00891,48,mature,Творческая встреча,11,0,0.0,77.0,synthetic
VIS_00892,29,young,Концерт,3,0,0.0,21.0,synthetic
VIS_00893,39,adult,Лекция,7,2,3.0,74.0,synthetic
VIS_00894,33,adult,Мастер-класс,4,2,4.0,58.0,synthetic
VIS_00895,51,mature,Выставка,8,2,3.0,81.0,synthetic
VIS_00896,60,senior,Лекция,3,0,0.0,21.0,synthetic
VIS_00897,22,young,Творческая встреча,1,0,0.0,7.0,synthetic
VIS_00898,33,adult,Творческая встреча,1,0,0.0,7.0,synthetic
VIS_00899,46,mature,Творческая встреча,3,0,0.0,21.0,synthetic
VIS_00900,47,mature,Творческая встреча,6,1,3.0,62.0,synthetic
VIS_00901,30,adult,Лекция,2,1,5.0,44.0,synthetic
VIS_00902,35,adult,Мастер-класс,2,0,0.0,14.0,synthetic
VIS_00903,32,adult,Лекция,7,2,3.5,76.5,synthetic
VIS_00904,58,mature,Выставка,4,0,0.0,28.0,synthetic
VIS_00905,44,adult,Выставка,4,0,0.0,28.0,synthetic
VIS_00906,44,adult,Творческая встреча,2,0,0.0,14.0,synthetic
VIS_00907,22,young,Мастер-класс,6,1,3.0,62.0,synthetic
VIS_00908,41,adult,Лекция,7,3,4.0,84.0,synthetic
VIS_00909,55,mature,Лекция,6,1,2.0,57.0,synthetic
VIS_00910,53,mature,Лекция,9,2,4.5,95.5,synthetic
VIS_00911,49,mature,Лекция,4,1,4.0,53.0,synthetic
VIS_00912,31,adult,Мастер-класс,4,2,4.0,58.0,synthetic
VIS_00913,55,mature,Выставка,3,1,3.0,41.0,synthetic
VIS_00914,42,adult,Лекция,1,0,0.0,7.0,synthetic
VIS_00915,41,adult,Лекция,2,0,0.0,14.0,synthetic
VIS_00916,47,mature,Выставка,1,0,0.0,7.0,synthetic
VIS_00917,37,adult,Лекция,1,0,0.0,7.0,synthetic
VIS_00918,30,adult,Мастер-класс,8,0,0.0,56.0,synthetic
VIS_00919,56,mature,Концерт,1,0,0.0,7.0,synthetic
VIS_00920,42,adult,Выставка,2,1,4.0,39.0,synthetic
VIS_00921,28,young,Мастер-класс,1,0,0.0,7.0,synthetic
VIS_00922,34,adult,Лекция,4,0,0.0,28.0,synthetic
VIS_00923,44,adult,Выставка,5,0,0.0,35.0,synthetic
VIS_00924,43,adult,Лекция,2,1,5.0,44.0,synthetic
VIS_00925,44,adult,Концерт,1,0,0.0,7.0,synthetic
VIS_00926,28,young,Мастер-класс,1,0,0.0,7.0,synthetic
VIS_00927,28,young,Выставка,1,0,0.0,7.0,synthetic
VIS_00928,60,senior,Концерт,1,1,2.0,22.0,synthetic
VIS_00929,35,adult,Лекция,4,0,0.0,28.0,synthetic
VIS_00930,19,young,Выставка,4,1,4.0,53.0,synthetic
VIS_00931,20,young,Творческая встреча,2,0,0.0,14.0,synthetic
VIS_00932,22,young,Мастер-класс,1,0,0.0,7.0,synthetic
VIS_00933,26,young,Творческая встреча,4,1,3.0,48.0,synthetic
VIS_00934,57,mature,Лекция,1,0,0.0,7.0,synthetic
VIS_00935,21,young,Лекция,2,0,0.0,14.0,synthetic
VIS_00936,50,mature,Лекция,1,0,0.0,7.0,synthetic
VIS_00937,50,mature,Мастер-класс,1,0,0.0,7.0,synthetic
VIS_00938,17,school,Выставка,1,0,0.0,7.0,synthetic
VIS_00939,49,mature,Лекция,4,1,4.0,53.0,synthetic
VIS_00940,27,young,Выставка,1,0,0.0,7.0,synthetic
VIS_00941,37,adult,Лекция,7,1,4.0,74.0,synthetic
VIS_00942,44,adult,Лекция,1,0,0.0,7.0,synthetic
VIS_00943,59,mature,Концерт,1,0,0.0,7.0,synthetic
VIS_00944,31,adult,Лекция,2,0,0.0,14.0,synthetic
VIS_00945,28,young,Творческая встреча,9,1,5.0,93.0,synthetic
VIS_00946,34,adult,Мастер-класс,1,0,0.0,7.0,synthetic
VIS_00947,24,young,Лекция,1,0,0.0,7.0,synthetic
VIS_00948,58,mature,Лекция,2,1,2.0,29.0,synthetic
VIS_00949,55,mature,Выставка,5,0,0.0,35.0,synthetic
VIS_00950,41,adult,Концерт,2,0,0.0,14.0,synthetic
VIS_00951,27,young,Творческая встреча,4,0,0.0,28.0,synthetic
VIS_00952,45,mature,Мастер-класс,4,0,0.0,28.0,synthetic
VIS_00953,63,senior,Творческая встреча,1,0,0.0,7.0,synthetic
VIS_00954,28,young,Творческая встреча,1,0,0.0,7.0,synthetic
VIS_00955,20,young,Концерт,3,0,0.0,21.0,synthetic
VIS_00956,62,senior,Лекция,1,0,0.0,7.0,synthetic
VIS_00957,46,mature,Лекция,1,0,0.0,7.0,synthetic
VIS_00958,68,senior,Выставка,1,0,0.0,7.0,synthetic
VIS_00959,57,mature,Концерт,1,0,0.0,7.0,synthetic
VIS_00960,61,senior,Творческая встреча,1,0,0.0,7.0,synthetic
VIS_00961,45,mature,Выставка,2,0,0.0,14.0,synthetic
VIS_00962,29,young,Творческая встреча,1,0,0.0,7.0,synthetic
VIS_00963,24,young,Концерт,2,1,5.0,44.0,synthetic
VIS_00964,50,mature,Творческая встреча,1,1,5.0,37.0,synthetic
VIS_00965,43,adult,Мастер-класс,2,1,3.0,34.0,synthetic
VIS_00966,24,young,Творческая встреча,1,0,0.0,7.0,synthetic
VIS_00967,54,mature,Творческая встреча,4,2,4.0,58.0,synthetic
VIS_00968,56,mature,Выставка,6,0,0.0,42.0,synthetic
VIS_00969,20,young,Творческая встреча,1,1,3.0,27.0,synthetic
VIS_00970,41,adult,Лекция,1,0,0.0,7.0,synthetic
VIS_00971,44,adult,Лекция,4,1,5.0,58.0,synthetic
VIS_00972,30,adult,Мастер-класс,1,0,0.0,7.0,synthetic
VIS_00973,21,young,Выставка,5,3,3.67,68.4,synthetic
VIS_00974,26,young,Выставка,3,0,0.0,21.0,synthetic
VIS_00975,37,adult,Лекция,9,3,3.67,96.4,synthetic
VIS_00976,47,mature,Выставка,6,2,3.0,67.0,synthetic
VIS_00977,42,adult,Творческая встреча,3,0,0.0,21.0,synthetic
VIS_00978,48,mature,Выставка,4,0,0.0,28.0,synthetic
VIS_00979,47,mature,Выставка,2,1,3.0,34.0,synthetic
VIS_00980,48,mature,Концерт,2,0,0.0,14.0,synthetic
VIS_00981,44,adult,Лекция,5,1,5.0,65.0,synthetic
VIS_00982,63,senior,Лекция,1,0,0.0,7.0,synthetic
VIS_00983,61,senior,Выставка,3,0,0.0,21.0,synthetic
VIS_00984,25,young,Творческая встреча,1,0,0.0,7.0,synthetic
VIS_00985,48,mature,Концерт,1,0,0.0,7.0,synthetic
VIS_00986,39,adult,Концерт,2,0,0.0,14.0,synthetic
VIS_00987,52,mature,Творческая встреча,5,0,0.0,35.0,synthetic
VIS_00988,33,adult,Мастер-класс,4,1,5.0,58.0,synthetic
VIS_00989,38,adult,Лекция,5,1,4.0,60.0,synthetic
VIS_00990,36,adult,Мастер-класс,4,2,3.5,55.5,synthetic
VIS_00991,40,adult,Лекция,5,1,5.0,65.0,synthetic
VIS_00992,39,adult,Концерт,2,0,0.0,14.0,synthetic
VIS_00993,33,adult,Лекция,2,1,4.0,39.0,synthetic
VIS_00994,30,adult,Лекция,1,0,0.0,7.0,synthetic
VIS_00995,65,senior,Лекция,1,0,0.0,7.0,synthetic
VIS_00996,20,young,Выставка,5,0,0.0,35.0,synthetic
VIS_00997,35,adult,Лекция,6,2,3.5,69.5,synthetic
VIS_00998,46,mature,Творческая встреча,1,0,0.0,7.0,synthetic
VIS_00999,33,adult,Лекция,2,0,0.0,14.0,synthetic
VIS_01000,30,adult,Творческая встреча,6,2,3.0,67.0,synthetic
VIS_01001,21,young,Концерт,1,0,0.0,7.0,synthetic
VIS_01002,44,adult,Лекция,1,1,5.0,37.0,synthetic
VIS_01003,53,mature,Лекция,4,1,3.0,48.0,synthetic
VIS_01004,36,adult,Мастер-класс,4,2,3.0,53.0,synthetic
VIS_01005,51,mature,Творческая встреча,3,1,5.0,51.0,synthetic
VIS_01006,48,mature,Выставка,3,0,0.0,21.0,synthetic
VIS_01007,55,mature,Лекция,1,0,0.0,7.0,synthetic
VIS_01008,24,young,Выставка,1,0,0.0,7.0,synthetic
VIS_01009,21,young,Мастер-класс,1,1,4.0,32.0,synthetic
VIS_01010,37,adult,Лекция,3,0,0.0,21.0,synthetic
VIS_01011,55,mature,Выставка,3,0,0.0,21.0,synthetic
VIS_01012,31,adult,Лекция,7,2,4.0,79.0,synthetic
VIS_01013,35,adult,Творческая встреча,2,1,3.0,34.0,synthetic
VIS_01014,18,young,Лекция,1,1,3.0,27.0,synthetic
VIS_01015,42,adult,Творческая встреча,3,1,3.0,41.0,synthetic
VIS_01016,20,young,Мастер-класс,1,0,0.0,7.0,synthetic
VIS_01017,62,senior,Выставка,1,0,0.0,7.0,synthetic
VIS_01018,61,senior,Лекция,5,0,0.0,35.0,synthetic
VIS_01019,51,mature,Выставка,2,0,0.0,14.0,synthetic
VIS_01020,41,adult,Мастер-класс,2,2,4.0,44.0,synthetic
VIS_01021,25,young,Лекция,1,1,5.0,37.0,synthetic
VIS_01022,26,young,Концерт,1,0,0.0,7.0,synthetic
VIS_01023,50,mature,Творческая встреча,6,1,2.0,57.0,synthetic
VIS_01024,37,adult,Выставка,2,0,0.0,14.0,synthetic
VIS_01025,52,mature,Творческая встреча,3,0,0.0,21.0,synthetic
VIS_01026,62,senior,Лекция,3,1,5.0,51.0,synthetic
VIS_01027,53,mature,Творческая встреча,1,0,0.0,7.0,synthetic
VIS_01028,47,mature,Выставка,5,3,4.33,71.6,synthetic
VIS_01029,40,adult,Лекция,5,0,0.0,35.0,synthetic
VIS_01030,42,adult,Лекция,1,0,0.0,7.0,synthetic
VIS_01031,18,young,Мастер-класс,1,0,0.0,7.0,synthetic
VIS_01032,45,mature,Лекция,2,0,0.0,14.0,synthetic
VIS_01033,50,mature,Лекция,1,0,0.0,7.0,synthetic
VIS_01034,24,young,Концерт,11,3,5.0,100.0,synthetic
VIS_01035,47,mature,Мастер-класс,1,0,0.0,7.0,synthetic
VIS_01036,37,adult,Лекция,2,0,0.0,14.0,synthetic
VIS_01037,36,adult,Лекция,4,1,4.0,53.0,synthetic
VIS_01038,59,mature,Концерт,1,0,0.0,7.0,synthetic
VIS_01039,33,adult,Концерт,2,0,0.0,14.0,synthetic
VIS_01040,57,mature,Концерт,1,0,0.0,7.0,synthetic
VIS_01041,61,senior,Творческая встреча,1,0,0.0,7.0,synthetic
VIS_01042,63,senior,Лекция,1,0,0.0,7.0,synthetic
VIS_01043,58,mature,Творческая встреча,3,0,0.0,21.0,synthetic
VIS_01044,27,young,Лекция,6,0,0.0,42.0,synthetic
VIS_01045,16,school,Лекция,1,0,0.0,7.0,synthetic
VIS_01046,22,young,Выставка,1,0,0.0,7.0,synthetic
VIS_01047,59,mature,Творческая встреча,1,1,3.0,27.0,synthetic
VIS_01048,36,adult,Лекция,2,0,0.0,14.0,synthetic
VIS_01049,21,young,Концерт,1,0,0.0,7.0,synthetic
VIS_01050,53,mature,Творческая встреча,4,1,3.0,48.0,synthetic
VIS_01051,42,adult,Концерт,1,0,0.0,7.0,synthetic
VIS_01052,54,mature,Творческая встреча,1,0,0.0,7.0,synthetic
VIS_01053,48,mature,Мастер-класс,1,0,0.0,7.0,synthetic
VIS_01054,47,mature,Лекция,7,4,4.5,91.5,synthetic
VIS_01055,31,adult,Лекция,2,1,4.0,39.0,synthetic
VIS_01056,59,mature,Выставка,1,0,0.0,7.0,synthetic
VIS_01057,55,mature,Лекция,1,0,0.0,7.0,synthetic
VIS_01058,20,young,Творческая встреча,2,0,0.0,14.0,synthetic
VIS_01059,44,adult,Творческая встреча,1,0,0.0,7.0,synthetic
VIS_01060,36,adult,Лекция,4,1,4.0,53.0,synthetic
VIS_01061,40,adult,Лекция,4,1,5.0,58.0,synthetic
VIS_01062,34,adult,Лекция,8,2,4.5,88.5,synthetic
VIS_01063,51,mature,Лекция,4,0,0.0,28.0,synthetic
VIS_01064,24,young,Мастер-класс,5,1,3.0,55.0,synthetic
VIS_01065,16,school,Концерт,1,0,0.0,7.0,synthetic
VIS_01066,55,mature,Мастер-класс,2,0,0.0,14.0,synthetic
VIS_01067,40,adult,Лекция,5,1,4.0,60.0,synthetic
VIS_01068,43,adult,Творческая встреча,8,1,3.0,76.0,synthetic
VIS_01069,51,mature,Лекция,8,1,4.0,81.0,synthetic
VIS_01070,39,adult,Лекция,6,1,3.0,62.0,synthetic
VIS_01071,39,adult,Лекция,4,0,0.0,28.0,synthetic
VIS_01072,25,young,Лекция,2,0,0.0,14.0,synthetic
VIS_01073,34,adult,Лекция,4,0,0.0,28.0,synthetic
VIS_01074,65,senior,Лекция,1,1,5.0,37.0,synthetic
VIS_01075,52,mature,Лекция,16,3,4.33,100.0,synthetic
VIS_01076,42,adult,Лекция,5,2,4.5,67.5,synthetic
VIS_01077,56,mature,Выставка,2,0,0.0,14.0,synthetic
VIS_01078,42,adult,Концерт,2,0,0.0,14.0,synthetic
VIS_01079,58,mature,Творческая встреча,1,0,0.0,7.0,synthetic
VIS_01080,27,young,Концерт,3,0,0.0,21.0,synthetic
VIS_01081,39,adult,Творческая встреча,6,1,5.0,72.0,synthetic
VIS_01082,58,mature,Творческая встреча,1,0,0.0,7.0,synthetic
VIS_01083,29,young,Лекция,5,2,3.0,60.0,synthetic
VIS_01084,19,young,Лекция,5,0,0.0,35.0,synthetic
VIS_01085,65,senior,Творческая встреча,1,0,0.0,7.0,synthetic
VIS_01086,55,mature,Мастер-класс,1,0,0.0,7.0,synthetic
VIS_01087,50,mature,Лекция,13,2,3.5,100.0,synthetic
VIS_01088,45,mature,Творческая встреча,3,0,0.0,21.0,synthetic
VIS_01089,16,school,Концерт,1,0,0.0,7.0,synthetic
VIS_01090,35,adult,Концерт,4,0,0.0,28.0,synthetic
VIS_01091,44,adult,Лекция,2,1,5.0,44.0,synthetic
VIS_01092,47,mature,Творческая встреча,1,1,5.0,37.0,synthetic
VIS_01093,41,adult,Лекция,2,0,0.0,14.0,synthetic
VIS_01094,46,mature,Лекция,8,1,3.0,76.0,synthetic
VIS_01095,32,adult,Лекция,5,1,3.0,55.0,synthetic
VIS_01096,50,mature,Лекция,2,0,0.0,14.0,synthetic
VIS_01097,46,mature,Лекция,6,2,4.5,74.5,synthetic
VIS_01098,52,mature,Творческая встреча,1,0,0.0,7.0,synthetic
VIS_01099,43,adult,Творческая встреча,5,0,0.0,35.0,synthetic
VIS_01100,29,young,Творческая встреча,5,1,3.0,55.0,synthetic
VIS_01101,46,mature,Лекция,2,0,0.0,14.0,synthetic
VIS_01102,17,school,Творческая встреча,1,0,0.0,7.0,synthetic
VIS_01103,48,mature,Лекция,4,3,4.0,63.0,synthetic
VIS_01104,51,mature,Творческая встреча,1,0,0.0,7.0,synthetic
VIS_01105,31,adult,Творческая встреча,1,0,0.0,7.0,synthetic
VIS_01106,46,mature,Концерт,1,1,3.0,27.0,synthetic
VIS_01107,52,mature,Творческая встреча,3,1,5.0,51.0,synthetic
VIS_01108,47,mature,Выставка,2,0,0.0,14.0,synthetic
VIS_01109,59,mature,Творческая встреча,1,0,0.0,7.0,synthetic
VIS_01110,14,school,Мастер-класс,1,0,0.0,7.0,synthetic
VIS_01111,45,mature,Творческая встреча,3,3,3.67,54.4,synthetic
VIS_01112,15,school,Лекция,2,1,1.0,24.0,synthetic
VIS_01113,31,adult,Лекция,4,2,5.0,63.0,synthetic
VIS_01114,44,adult,Лекция,7,1,5.0,79.0,synthetic
VIS_01115,43,adult,Лекция,1,0,0.0,7.0,synthetic
VIS_01116,35,adult,Выставка,3,1,5.0,51.0,synthetic
VIS_01117,41,adult,Лекция,5,1,5.0,65.0,synthetic
VIS_01118,46,mature,Лекция,8,2,3.5,83.5,synthetic
VIS_01119,69,senior,Выставка,1,0,0.0,7.0,synthetic
VIS_01120,30,adult,Лекция,6,2,4.5,74.5,synthetic
VIS_01121,51,mature,Лекция,1,0,0.0,7.0,synthetic
VIS_01122,27,young,Творческая встреча,2,1,5.0,44.0,synthetic
VIS_01123,60,senior,Выставка,1,0,0.0,7.0,synthetic
VIS_01124,41,adult,Лекция,1,0,0.0,7.0,synthetic
VIS_01125,61,senior,Творческая встреча,1,0,0.0,7.0,synthetic
VIS_01126,44,adult,Лекция,1,0,0.0,7.0,synthetic
VIS_01127,37,adult,Выставка,3,1,4.0,46.0,synthetic
VIS_01128,57,mature,Творческая встреча,3,1,5.0,51.0,synthetic
VIS_01129,37,adult,Лекция,1,1,5.0,37.0,synthetic
VIS_01130,26,young,Лекция,8,1,3.0,76.0,synthetic
VIS_01131,44,adult,Выставка,10,2,4.0,100.0,synthetic
VIS_01132,28,young,Выставка,6,2,3.5,69.5,synthetic
VIS_01133,26,young,Творческая встреча,1,1,5.0,37.0,synthetic
VIS_01134,28,young,Лекция,9,1,5.0,93.0,synthetic
VIS_01135,27,young,Выставка,5,0,0.0,35.0,synthetic
VIS_01136,42,adult,Выставка,2,1,1.0,24.0,synthetic
VIS_01137,37,adult,Мастер-класс,2,0,0.0,14.0,synthetic
VIS_01138,44,adult,Лекция,6,1,1.0,52.0,synthetic
VIS_01139,51,mature,Лекция,8,1,5.0,86.0,synthetic
VIS_01140,27,young,Выставка,4,1,5.0,58.0,synthetic
VIS_01141,36,adult,Выставка,2,0,0.0,14.0,synthetic
VIS_01142,43,adult,Лекция,4,0,0.0,28.0,synthetic
VIS_01143,16,school,Лекция,1,0,0.0,7.0,synthetic
VIS_01144,31,adult,Лекция,4,1,4.0,53.0,synthetic
VIS_01145,37,adult,Выставка,5,1,3.0,55.0,synthetic
VIS_01146,52,mature,Лекция,1,0,0.0,7.0,synthetic
VIS_01147,50,mature,Выставка,3,2,4.5,53.5,synthetic
VIS_01148,36,adult,Творческая встреча,1,0,0.0,7.0,synthetic
VIS_01149,34,adult,Мастер-класс,1,0,0.0,7.0,synthetic
VIS_01150,32,adult,Выставка,3,0,0.0,21.0,synthetic
VIS_01151,60,senior,Лекция,1,0,0.0,7.0,synthetic
VIS_01152,17,school,Творческая встреча,1,0,0.0,7.0,synthetic
VIS_01153,22,young,Концерт,5,2,2.5,57.5,synthetic
VIS_01154,39,adult,Лекция,5,0,0.0,35.0,synthetic
VIS_01155,31,adult,Лекция,7,0,0.0,49.0,synthetic
VIS_01156,26,young,Творческая встреча,2,0,0.0,14.0,synthetic
VIS_01157,39,adult,Мастер-класс,1,0,0.0,7.0,synthetic
VIS_01158,38,adult,Лекция,2,0,0.0,14.0,synthetic
VIS_01159,50,mature,Мастер-класс,3,0,0.0,21.0,synthetic
VIS_01160,26,young,Концерт,2,0,0.0,14.0,synthetic
VIS_01161,24,young,Выставка,1,0,0.0,7.0,synthetic
VIS_01162,12,school,Мастер-класс,1,0,0.0,7.0,synthetic
VIS_01163,35,adult,Лекция,4,1,2.0,43.0,synthetic
VIS_01164,41,adult,Выставка,1,0,0.0,7.0,synthetic
VIS_01165,49,mature,Мастер-класс,3,0,0.0,21.0,synthetic
VIS_01166,47,mature,Лекция,5,1,4.0,60.0,synthetic
VIS_01167,24,young,Мастер-класс,4,0,0.0,28.0,synthetic
VIS_01168,39,adult,Выставка,2,0,0.0,14.0,synthetic
VIS_01169,58,mature,Лекция,1,1,5.0,37.0,synthetic
VIS_01170,31,adult,Лекция,1,0,0.0,7.0,synthetic
VIS_01171,34,adult,Выставка,4,0,0.0,28.0,synthetic
VIS_01172,51,mature,Лекция,10,2,4.0,100.0,synthetic
VIS_01173,23,young,Мастер-класс,1,0,0.0,7.0,synthetic
VIS_01174,15,school,Выставка,1,1,5.0,37.0,synthetic
VIS_01175,33,adult,Мастер-класс,2,1,5.0,44.0,synthetic
VIS_01176,43,adult,Выставка,5,0,0.0,35.0,synthetic
VIS_01177,30,adult,Мастер-класс,1,0,0.0,7.0,synthetic
VIS_01178,26,young,Выставка,3,1,5.0,51.0,synthetic
VIS_01179,59,mature,Лекция,1,1,5.0,37.0,synthetic
VIS_01180,52,mature,Творческая встреча,1,0,0.0,7.0,synthetic
VIS_01181,65,senior,Выставка,1,0,0.0,7.0,synthetic
VIS_01182,57,mature,Выставка,1,1,3.0,27.0,synthetic
VIS_01183,60,senior,Лекция,1,1,5.0,37.0,synthetic
VIS_01184,44,adult,Творческая встреча,4,1,5.0,58.0,synthetic
VIS_01185,26,young,Лекция,6,0,0.0,42.0,synthetic
VIS_01186,17,school,Лекция,1,0,0.0,7.0,synthetic
VIS_01187,59,mature,Творческая встреча,3,1,5.0,51.0,synthetic
VIS_01188,32,adult,Концерт,4,0,0.0,28.0,synthetic
VIS_01189,58,mature,Выставка,1,0,0.0,7.0,synthetic
VIS_01190,60,senior,Лекция,1,0,0.0,7.0,synthetic
VIS_01191,42,adult,Творческая встреча,3,1,4.0,46.0,synthetic
VIS_01192,51,mature,Лекция,1,1,3.0,27.0,synthetic
VIS_01193,37,adult,Мастер-класс,1,0,0.0,7.0,synthetic
VIS_01194,35,adult,Лекция,5,0,0.0,35.0,synthetic
VIS_01195,36,adult,Выставка,1,0,0.0,7.0,synthetic
VIS_01196,45,mature,Лекция,10,1,5.0,100.0,synthetic
VIS_01197,22,young,Мастер-класс,4,1,3.0,48.0,synthetic
VIS_01198,34,adult,Выставка,5,2,3.0,60.0,synthetic
VIS_01199,39,adult,Лекция,8,1,5.0,86.0,synthetic
VIS_01200,32,adult,Лекция,3,1,3.0,41.0,synthetic
VIS_01201,50,mature,Выставка,2,0,0.0,14.0,synthetic
VIS_01202,54,mature,Творческая встреча,1,0,0.0,7.0,synthetic
VIS_01203,37,adult,Творческая встреча,1,0,0.0,7.0,synthetic
VIS_01204,38,adult,Мастер-класс,2,0,0.0,14.0,synthetic
VIS_01205,23,young,Лекция,1,0,0.0,7.0,synthetic
VIS_01206,36,adult,Лекция,3,0,0.0,21.0,synthetic
VIS_01207,50,mature,Лекция,7,2,3.5,76.5,synthetic
VIS_01208,33,adult,Творческая встреча,7,2,5.0,84.0,synthetic
VIS_01209,11,school,Мастер-класс,1,0,0.0,7.0,synthetic
VIS_01210,53,mature,Выставка,4,1,2.0,43.0,synthetic
VIS_01211,33,adult,Творческая встреча,5,0,0.0,35.0,synthetic
VIS_01212,20,young,Мастер-класс,1,1,5.0,37.0,synthetic
VIS_01213,27,young,Творческая встреча,7,0,0.0,49.0,synthetic
VIS_01214,44,adult,Лекция,3,0,0.0,21.0,synthetic
VIS_01215,38,adult,Лекция,1,1,5.0,37.0,synthetic
VIS_01216,50,mature,Выставка,1,0,0.0,7.0,synthetic
VIS_01217,38,adult,Лекция,5,2,4.0,65.0,synthetic
VIS_01218,39,adult,Мастер-класс,1,0,0.0,7.0,synthetic
VIS_01219,34,adult,Выставка,2,1,3.0,34.0,synthetic
VIS_01220,46,mature,Лекция,5,0,0.0,35.0,synthetic
VIS_01221,55,mature,Концерт,1,0,0.0,7.0,synthetic
VIS_01222,30,adult,Мастер-класс,1,0,0.0,7.0,synthetic
VIS_01223,37,adult,Лекция,6,2,2.5,64.5,synthetic
VIS_01224,39,adult,Творческая встреча,4,2,3.5,55.5,synthetic
VIS_01225,33,adult,Лекция,4,0,0.0,28.0,synthetic
VIS_01226,40,adult,Творческая встреча,1,0,0.0,7.0,synthetic
VIS_01227,19,young,Лекция,1,0,0.0,7.0,synthetic
VIS_01228,38,adult,Концерт,1,0,0.0,7.0,synthetic
VIS_01229,29,young,Выставка,5,2,5.0,70.0,synthetic
VIS_01230,33,adult,Творческая встреча,1,0,0.0,7.0,synthetic
VIS_01231,26,young,Мастер-класс,3,1,2.0,36.0,synthetic
VIS_01232,38,adult,Концерт,1,1,1.0,17.0,synthetic
VIS_01233,43,adult,Лекция,5,0,0.0,35.0,synthetic
VIS_01234,39,adult,Выставка,2,0,0.0,14.0,synthetic
VIS_01235,25,young,Концерт,3,0,0.0,21.0,synthetic
VIS_01236,45,mature,Концерт,4,1,5.0,58.0,synthetic
VIS_01237,36,adult,Выставка,5,2,4.0,65.0,synthetic
VIS_01238,38,adult,Творческая встреча,9,0,0.0,63.0,synthetic
VIS_01239,23,young,Лекция,1,0,0.0,7.0,synthetic
VIS_01240,41,adult,Выставка,6,2,5.0,77.0,synthetic
VIS_01241,39,adult,Мастер-класс,4,0,0.0,28.0,synthetic
VIS_01242,45,mature,Лекция,11,6,3.83,100.0,synthetic
VIS_01243,15,school,Выставка,1,0,0.0,7.0,synthetic
VIS_01244,45,mature,Концерт,1,0,0.0,7.0,synthetic
VIS_01245,27,young,Лекция,2,1,4.0,39.0,synthetic
VIS_01246,44,adult,Творческая встреча,6,0,0.0,42.0,synthetic
VIS_01247,30,adult,Лекция,5,3,4.33,71.6,synthetic
VIS_01248,39,adult,Мастер-класс,1,0,0.0,7.0,synthetic
VIS_01249,19,young,Лекция,4,1,5.0,58.0,synthetic
VIS_01250,42,adult,Выставка,11,2,3.5,100.0,synthetic
VIS_01251,45,mature,Выставка,5,0,0.0,35.0,synthetic
VIS_01252,50,mature,Выставка,3,0,0.0,21.0,synthetic
VIS_01253,53,mature,Лекция,2,1,3.0,34.0,synthetic
VIS_01254,26,young,Лекция,1,1,4.0,32.0,synthetic
VIS_01255,31,adult,Мастер-класс,5,0,0.0,35.0,synthetic
VIS_01256,41,adult,Лекция,5,0,0.0,35.0,synthetic
VIS_01257,43,adult,Творческая встреча,2,0,0.0,14.0,synthetic
VIS_01258,38,adult,Лекция,8,0,0.0,56.0,synthetic
VIS_01259,46,mature,Лекция,1,0,0.0,7.0,synthetic
VIS_01260,45,mature,Лекция,1,0,0.0,7.0,synthetic
VIS_01261,43,adult,Концерт,2,2,4.5,46.5,synthetic
VIS_01262,45,mature,Выставка,6,1,5.0,72.0,synthetic
VIS_01263,31,adult,Концерт,3,1,5.0,51.0,synthetic
VIS_01264,48,mature,Творческая встреча,1,0,0.0,7.0,synthetic
VIS_01265,33,adult,Творческая встреча,3,0,0.0,21.0,synthetic
VIS_01266,34,adult,Концерт,2,0,0.0,14.0,synthetic
VIS_01267,39,adult,Лекция,7,0,0.0,49.0,synthetic
VIS_01268,33,adult,Лекция,6,1,4.0,67.0,synthetic
VIS_01269,45,mature,Лекция,11,1,3.0,97.0,synthetic
VIS_01270,33,adult,Мастер-класс,14,3,4.67,100.0,synthetic
VIS_01271,48,mature,Концерт,2,2,5.0,49.0,synthetic
VIS_01272,56,mature,Концерт,3,0,0.0,21.0,synthetic
VIS_01273,54,mature,Лекция,5,1,5.0,65.0,synthetic
VIS_01274,32,adult,Выставка,3,1,5.0,51.0,synthetic
VIS_01275,26,young,Лекция,2,0,0.0,14.0,synthetic
VIS_01276,33,adult,Выставка,6,2,3.5,69.5,synthetic
VIS_01277,20,young,Мастер-класс,1,0,0.0,7.0,synthetic
VIS_01278,48,mature,Мастер-класс,3,0,0.0,21.0,synthetic
VIS_01279,52,mature,Лекция,1,1,3.0,27.0,synthetic
VIS_01280,48,mature,Творческая встреча,10,4,5.0,100.0,synthetic
VIS_01281,57,mature,Лекция,1,0,0.0,7.0,synthetic
VIS_01282,34,adult,Лекция,3,1,4.0,46.0,synthetic
VIS_01283,34,adult,Мастер-класс,5,2,5.0,70.0,synthetic
VIS_01284,41,adult,Выставка,3,0,0.0,21.0,synthetic
VIS_01285,29,young,Творческая встреча,4,0,0.0,28.0,synthetic
VIS_01286,25,young,Мастер-класс,4,2,4.5,60.5,synthetic
VIS_01287,51,mature,Выставка,3,0,0.0,21.0,synthetic
VIS_01288,27,young,Лекция,1,0,0.0,7.0,synthetic
VIS_01289,47,mature,Выставка,1,0,0.0,7.0,synthetic
VIS_01290,48,mature,Концерт,1,0,0.0,7.0,synthetic
VIS_01291,30,adult,Концерт,6,0,0.0,42.0,synthetic
VIS_01292,43,adult,Мастер-класс,7,1,3.0,69.0,synthetic
VIS_01293,52,mature,Лекция,1,0,0.0,7.0,synthetic
VIS_01294,21,young,Творческая встреча,3,0,0.0,21.0,synthetic
VIS_01295,40,adult,Творческая встреча,7,2,4.0,79.0,synthetic
VIS_01296,26,young,Лекция,3,1,5.0,51.0,synthetic
VIS_01297,44,adult,Концерт,2,2,5.0,49.0,synthetic
VIS_01298,52,mature,Творческая встреча,3,0,0.0,21.0,synthetic
VIS_01299,22,young,Творческая встреча,1,0,0.0,7.0,synthetic
VIS_01300,27,young,Выставка,5,1,4.0,60.0,synthetic
VIS_01301,61,senior,Творческая встреча,1,0,0.0,7.0,synthetic
VIS_01302,40,adult,Лекция,5,0,0.0,35.0,synthetic
VIS_01303,53,mature,Творческая встреча,3,1,5.0,51.0,synthetic
VIS_01304,30,adult,Творческая встреча,3,0,0.0,21.0,synthetic
VIS_01305,44,adult,Лекция,1,0,0.0,7.0,synthetic
VIS_01306,39,adult,Творческая встреча,4,2,3.0,53.0,synthetic
VIS_01307,44,adult,Концерт,2,0,0.0,14.0,synthetic
VIS_01308,30,adult,Лекция,14,4,4.0,100.0,synthetic
VIS_01309,43,adult,Выставка,6,2,4.5,74.5,synthetic
VIS_01310,34,adult,Лекция,5,0,0.0,35.0,synthetic
VIS_01311,45,mature,Творческая встреча,3,0,0.0,21.0,synthetic
VIS_01312,46,mature,Концерт,2,0,0.0,14.0,synthetic
VIS_01313,19,young,Мастер-класс,1,0,0.0,7.0,synthetic
VIS_01314,34,adult,Концерт,3,0,0.0,21.0,synthetic
VIS_01315,38,adult,Мастер-класс,1,1,3.0,27.0,synthetic
VIS_01316,30,adult,Творческая встреча,1,0,0.0,7.0,synthetic
VIS_01317,53,mature,Творческая встреча,5,0,0.0,35.0,synthetic
VIS_01318,47,mature,Творческая встреча,4,0,0.0,28.0,synthetic
VIS_01319,37,adult,Лекция,2,0,0.0,14.0,synthetic
VIS_01320,51,mature,Выставка,1,0,0.0,7.0,synthetic
VIS_01321,29,young,Концерт,6,2,3.0,67.0,synthetic
VIS_01322,28,young,Творческая встреча,5,0,0.0,35.0,synthetic
VIS_01323,51,mature,Творческая встреча,1,0,0.0,7.0,synthetic
VIS_01324,34,adult,Лекция,7,2,4.0,79.0,synthetic
VIS_01325,32,adult,Лекция,4,0,0.0,28.0,synthetic
VIS_01326,47,mature,Лекция,4,0,0.0,28.0,synthetic
VIS_01327,15,school,Выставка,1,0,0.0,7.0,synthetic
VIS_01328,41,adult,Лекция,2,0,0.0,14.0,synthetic
VIS_01329,40,adult,Творческая встреча,4,0,0.0,28.0,synthetic
VIS_01330,33,adult,Лекция,1,1,5.0,37.0,synthetic
VIS_01331,50,mature,Лекция,5,2,5.0,70.0,synthetic
VIS_01332,18,young,Лекция,1,0,0.0,7.0,synthetic
VIS_01333,36,adult,Лекция,3,0,0.0,21.0,synthetic
VIS_01334,49,mature,Мастер-класс,1,0,0.0,7.0,synthetic
VIS_01335,38,adult,Лекция,3,0,0.0,21.0,synthetic
VIS_01336,35,adult,Лекция,3,2,2.5,43.5,synthetic
VIS_01337,35,adult,Концерт,2,0,0.0,14.0,synthetic
VIS_01338,20,young,Концерт,1,0,0.0,7.0,synthetic
VIS_01339,18,young,Лекция,1,1,2.0,22.0,synthetic
VIS_01340,44,adult,Выставка,2,1,3.0,34.0,synthetic
VIS_01341,37,adult,Творческая встреча,1,0,0.0,7.0,synthetic
VIS_01342,33,adult,Выставка,1,0,0.0,7.0,synthetic
VIS_01343,21,young,Выставка,1,0,0.0,7.0,synthetic
VIS_01344,20,young,Мастер-класс,2,1,3.0,34.0,synthetic
VIS_01345,35,adult,Выставка,3,2,2.0,41.0,synthetic
VIS_01346,40,adult,Мастер-класс,1,0,0.0,7.0,synthetic
VIS_01347,40,adult,Концерт,5,2,5.0,70.0,synthetic
VIS_01348,47,mature,Выставка,2,0,0.0,14.0,synthetic
VIS_01349,42,adult,Выставка,3,1,1.0,31.0,synthetic
VIS_01350,36,adult,Лекция,5,0,0.0,35.0,synthetic
VIS_01351,16,school,Выставка,1,1,5.0,37.0,synthetic
VIS_01352,34,adult,Мастер-класс,1,0,0.0,7.0,synthetic
VIS_01353,43,adult,Выставка,3,2,4.5,53.5,synthetic
VIS_01354,22,young,Лекция,3,0,0.0,21.0,synthetic
VIS_01355,53,mature,Лекция,2,0,0.0,14.0,synthetic
VIS_01356,55,mature,Лекция,7,1,5.0,79.0,synthetic
VIS_01357,38,adult,Лекция,3,0,0.0,21.0,synthetic
VIS_01358,29,young,Творческая встреча,4,0,0.0,28.0,synthetic
VIS_01359,45,mature,Творческая встреча,3,2,4.5,53.5,synthetic
VIS_01360,16,school,Выставка,3,0,0.0,21.0,synthetic
VIS_01361,38,adult,Мастер-класс,1,1,5.0,37.0,synthetic
VIS_01362,44,adult,Выставка,3,0,0.0,21.0,synthetic
VIS_01363,42,adult,Творческая встреча,7,2,4.5,81.5,synthetic
VIS_01364,49,mature,Мастер-класс,2,0,0.0,14.0,synthetic
VIS_01365,25,young,Лекция,2,1,4.0,39.0,synthetic
VIS_01366,51,mature,Выставка,3,0,0.0,21.0,synthetic
VIS_01367,19,young,Мастер-класс,1,1,5.0,37.0,synthetic
VIS_01368,46,mature,Мастер-класс,2,0,0.0,14.0,synthetic
VIS_01369,48,mature,Концерт,1,0,0.0,7.0,synthetic
VIS_01370,55,mature,Мастер-класс,1,0,0.0,7.0,synthetic
VIS_01371,45,mature,Выставка,3,1,4.0,46.0,synthetic
VIS_01372,17,school,Концерт,1,1,3.0,27.0,synthetic
VIS_01373,40,adult,Мастер-класс,1,0,0.0,7.0,synthetic
VIS_01374,23,young,Творческая встреча,1,0,0.0,7.0,synthetic
VIS_01375,48,mature,Лекция,13,2,5.0,100.0,synthetic
VIS_01376,47,mature,Выставка,3,0,0.0,21.0,synthetic
VIS_01377,34,adult,Мастер-класс,2,1,2.0,29.0,synthetic
VIS_01378,39,adult,Выставка,3,0,0.0,21.0,synthetic
VIS_01379,51,mature,Лекция,5,2,3.0,60.0,synthetic
VIS_01380,56,mature,Творческая встреча,1,0,0.0,7.0,synthetic
VIS_01381,34,adult,Лекция,2,0,0.0,14.0,synthetic
VIS_01382,24,young,Выставка,1,1,5.0,37.0,synthetic
VIS_01383,38,adult,Выставка,1,0,0.0,7.0,synthetic
VIS_01384,37,adult,Творческая встреча,4,1,5.0,58.0,synthetic
VIS_01385,26,young,Творческая встреча,1,0,0.0,7.0,synthetic
VIS_01386,38,adult,Концерт,2,1,1.0,24.0,synthetic
VIS_01387,30,adult,Выставка,4,0,0.0,28.0,synthetic
VIS_01388,36,adult,Выставка,5,0,0.0,35.0,synthetic
VIS_01389,36,adult,Лекция,1,0,0.0,7.0,synthetic
VIS_01390,31,adult,Творческая встреча,3,0,0.0,21.0,synthetic
VIS_01391,52,mature,Мастер-класс,1,0,0.0,7.0,synthetic
VIS_01392,29,young,Выставка,3,0,0.0,21.0,synthetic
VIS_01393,41,adult,Лекция,8,1,4.0,81.0,synthetic
VIS_01394,20,young,Выставка,1,0,0.0,7.0,synthetic
VIS_01395,46,mature,Лекция,1,0,0.0,7.0,synthetic
VIS_01396,36,adult,Лекция,2,1,3.0,34.0,synthetic
VIS_01397,42,adult,Концерт,3,1,4.0,46.0,synthetic
VIS_01398,38,adult,Выставка,2,1,5.0,44.0,synthetic
VIS_01399,23,young,Творческая встреча,1,0,0.0,7.0,synthetic
VIS_01400,30,adult,Лекция,3,1,5.0,51.0,synthetic
VIS_01401,44,adult,Выставка,3,0,0.0,21.0,synthetic
VIS_01402,26,young,Мастер-класс,3,0,0.0,21.0,synthetic
VIS_01403,23,young,Лекция,1,0,0.0,7.0,synthetic
VIS_01404,55,mature,Творческая встреча,5,1,4.0,60.0,synthetic
VIS_01405,28,young,Лекция,2,0,0.0,14.0,synthetic
VIS_01406,57,mature,Выставка,1,1,5.0,37.0,synthetic
VIS_01407,51,mature,Лекция,3,0,0.0,21.0,synthetic
VIS_01408,42,adult,Творческая встреча,4,0,0.0,28.0,synthetic
VIS_01409,20,young,Выставка,6,1,3.0,62.0,synthetic
VIS_01410,39,adult,Лекция,3,1,3.0,41.0,synthetic
VIS_01411,27,young,Творческая встреча,4,1,4.0,53.0,synthetic
VIS_01412,30,adult,Творческая встреча,1,0,0.0,7.0,synthetic
VIS_01413,19,young,Выставка,1,1,4.0,32.0,synthetic
VIS_01414,47,mature,Выставка,2,1,5.0,44.0,synthetic
VIS_01415,40,adult,Лекция,9,2,4.5,95.5,synthetic
VIS_01416,30,adult,Концерт,6,1,3.0,62.0,synthetic
VIS_01417,46,mature,Мастер-класс,2,1,5.0,44.0,synthetic
VIS_01418,39,adult,Лекция,1,0,0.0,7.0,synthetic
VIS_01419,57,mature,Выставка,5,1,5.0,65.0,synthetic
VIS_01420,26,young,Лекция,6,1,3.0,62.0,synthetic
VIS_01421,24,young,Лекция,1,0,0.0,7.0,synthetic
VIS_01422,24,young,Мастер-класс,1,0,0.0,7.0,synthetic
VIS_01423,47,mature,Творческая встреча,1,0,0.0,7.0,synthetic
VIS_01424,41,adult,Лекция,4,1,3.0,48.0,synthetic
VIS_01425,58,mature,Творческая встреча,1,0,0.0,7.0,synthetic
VIS_01426,34,adult,Лекция,6,1,3.0,62.0,synthetic
VIS_01427,30,adult,Мастер-класс,2,0,0.0,14.0,synthetic
VIS_01428,35,adult,Выставка,1,0,0.0,7.0,synthetic
VIS_01429,28,young,Лекция,4,0,0.0,28.0,synthetic
VIS_01430,37,adult,Концерт,4,0,0.0,28.0,synthetic
VIS_01431,38,adult,Творческая встреча,1,0,0.0,7.0,synthetic
VIS_01432,47,mature,Творческая встреча,3,0,0.0,21.0,synthetic
VIS_01433,54,mature,Творческая встреча,1,0,0.0,7.0,synthetic
VIS_01434,40,adult,Лекция,3,0,0.0,21.0,synthetic
VIS_01435,57,mature,Лекция,1,0,0.0,7.0,synthetic
VIS_01436,40,adult,Выставка,5,0,0.0,35.0,synthetic
VIS_01437,50,mature,Творческая встреча,1,0,0.0,7.0,synthetic
VIS_01438,29,young,Мастер-класс,1,0,0.0,7.0,synthetic
VIS_01439,34,adult,Лекция,3,1,5.0,51.0,synthetic
VIS_01440,48,mature,Лекция,15,3,4.0,100.0,synthetic
VIS_01441,53,mature,Лекция,1,1,4.0,32.0,synthetic
VIS_01442,44,adult,Лекция,1,0,0.0,7.0,synthetic
VIS_01443,35,adult,Лекция,1,0,0.0,7.0,synthetic
VIS_01444,31,adult,Выставка,2,0,0.0,14.0,synthetic
VIS_01445,32,adult,Концерт,6,0,0.0,42.0,synthetic
VIS_01446,47,mature,Творческая встреча,1,0,0.0,7.0,synthetic
VIS_01447,58,mature,Лекция,5,0,0.0,35.0,synthetic
VIS_01448,53,mature,Концерт,1,0,0.0,7.0,synthetic
VIS_01449,24,young,Концерт,4,0,0.0,28.0,synthetic
VIS_01450,42,adult,Выставка,1,0,0.0,7.0,synthetic
VIS_01451,27,young,Лекция,2,0,0.0,14.0,synthetic
VIS_01452,26,young,Концерт,1,1,5.0,37.0,synthetic
VIS_01453,41,adult,Концерт,3,0,0.0,21.0,synthetic
VIS_01454,64,senior,Лекция,1,0,0.0,7.0,synthetic
VIS_01455,26,young,Творческая встреча,3,0,0.0,21.0,synthetic
VIS_01456,29,young,Концерт,2,0,0.0,14.0,synthetic
VIS_01457,30,adult,Концерт,3,0,0.0,21.0,synthetic
VIS_01458,18,young,Творческая встреча,1,0,0.0,7.0,synthetic
VIS_01459,40,adult,Концерт,1,0,0.0,7.0,synthetic
VIS_01460,27,young,Мастер-класс,1,0,0.0,7.0,synthetic
VIS_01461,40,adult,Творческая встреча,1,0,0.0,7.0,synthetic
VIS_01462,48,mature,Лекция,7,1,4.0,74.0,synthetic
VIS_01463,44,adult,Концерт,3,2,4.0,51.0,synthetic
VIS_01464,43,adult,Лекция,2,0,0.0,14.0,synthetic
VIS_01465,56,mature,Лекция,1,1,4.0,32.0,synthetic
VIS_01466,42,adult,Выставка,4,0,0.0,28.0,synthetic
VIS_01467,37,adult,Лекция,2,0,0.0,14.0,synthetic
VIS_01468,22,young,Выставка,7,3,5.0,89.0,synthetic
VIS_01469,63,senior,Творческая встреча,1,0,0.0,7.0,synthetic
VIS_01470,43,adult,Выставка,14,2,4.0,100.0,synthetic
VIS_01471,55,mature,Лекция,1,0,0.0,7.0,synthetic
VIS_01472,55,mature,Выставка,4,2,3.0,53.0,synthetic
VIS_01473,45,mature,Лекция,1,0,0.0,7.0,synthetic
VIS_01474,36,adult,Творческая встреча,1,0,0.0,7.0,synthetic
VIS_01475,30,adult,Мастер-класс,4,1,3.0,48.0,synthetic
VIS_01476,39,adult,Выставка,3,0,0.0,21.0,synthetic
VIS_01477,37,adult,Лекция,1,0,0.0,7.0,synthetic
VIS_01478,46,mature,Творческая встреча,1,0,0.0,7.0,synthetic
VIS_01479,43,adult,Выставка,3,2,3.5,48.5,synthetic
VIS_01480,43,adult,Мастер-класс,7,0,0.0,49.0,synthetic
VIS_01481,68,senior,Выставка,1,0,0.0,7.0,synthetic
VIS_01482,30,adult,Творческая встреча,1,0,0.0,7.0,synthetic
VIS_01483,39,adult,Лекция,8,1,3.0,76.0,synthetic
VIS_01484,59,mature,Лекция,1,0,0.0,7.0,synthetic
VIS_01485,39,adult,Творческая встреча,9,2,4.5,95.5,synthetic
VIS_01486,32,adult,Мастер-класс,6,0,0.0,42.0,synthetic
VIS_01487,40,adult,Творческая встреча,1,0,0.0,7.0,synthetic
VIS_01488,63,senior,Выставка,3,1,5.0,51.0,synthetic
VIS_01489,31,adult,Лекция,6,2,4.5,74.5,synthetic
VIS_01490,34,adult,Лекция,1,1,5.0,37.0,synthetic
VIS_01491,29,young,Мастер-класс,1,0,0.0,7.0,synthetic
VIS_01492,45,mature,Лекция,1,0,0.0,7.0,synthetic
VIS_01493,24,young,Лекция,1,0,0.0,7.0,synthetic
VIS_01494,54,mature,Творческая встреча,2,1,2.0,29.0,synthetic
VIS_01495,63,senior,Творческая встреча,1,0,0.0,7.0,synthetic
VIS_01496,57,mature,Концерт,1,1,4.0,32.0,synthetic
VIS_01497,51,mature,Лекция,6,0,0.0,42.0,synthetic
VIS_01498,54,mature,Выставка,3,1,4.0,46.0,synthetic
VIS_01499,25,young,Лекция,2,0,0.0,14.0,synthetic
VIS_01500,59,mature,Выставка,1,0,0.0,7.0,synthetic
VIS_01501,36,adult,Мастер-класс,1,0,0.0,7.0,synthetic
VIS_01502,33,adult,Концерт,5,2,4.0,65.0,synthetic
VIS_01503,29,young,Лекция,4,1,3.0,48.0,synthetic
VIS_01504,40,adult,Выставка,5,0,0.0,35.0,synthetic
VIS_01505,34,adult,Лекция,1,0,0.0,7.0,synthetic
VIS_01506,25,young,Лекция,8,4,3.0,91.0,synthetic
VIS_01507,18,young,Творческая встреча,1,0,0.0,7.0,synthetic
VIS_01508,32,adult,Мастер-класс,2,1,4.0,39.0,synthetic
VIS_01509,31,adult,Концерт,2,0,0.0,14.0,synthetic
VIS_01510,50,mature,Лекция,1,0,0.0,7.0,synthetic
VIS_01511,25,young,Лекция,1,0,0.0,7.0,synthetic
VIS_01512,36,adult,Лекция,3,1,4.0,46.0,synthetic
VIS_01513,52,mature,Концерт,2,0,0.0,14.0,synthetic
VIS_01514,26,young,Концерт,6,2,3.5,69.5,synthetic
VIS_01515,52,mature,Лекция,1,1,5.0,37.0,synthetic
VIS_01516,42,adult,Концерт,1,0,0.0,7.0,synthetic
VIS_01517,28,young,Выставка,1,0,0.0,7.0,synthetic
VIS_01518,43,adult,Концерт,1,0,0.0,7.0,synthetic
VIS_01519,34,adult,Лекция,3,0,0.0,21.0,synthetic
VIS_01520,30,adult,Концерт,1,0,0.0,7.0,synthetic
VIS_01521,42,adult,Творческая встреча,1,0,0.0,7.0,synthetic
VIS_01522,53,mature,Творческая встреча,1,0,0.0,7.0,synthetic
VIS_01523,65,senior,Лекция,1,0,0.0,7.0,synthetic
VIS_01524,43,adult,Концерт,5,1,3.0,55.0,synthetic
VIS_01525,28,young,Мастер-класс,11,4,3.75,100.0,synthetic
VIS_01526,60,senior,Выставка,1,0,0.0,7.0,synthetic
VIS_01527,23,young,Лекция,1,0,0.0,7.0,synthetic
VIS_01528,45,mature,Выставка,5,2,5.0,70.0,synthetic
VIS_01529,55,mature,Лекция,1,0,0.0,7.0,synthetic
VIS_01530,35,adult,Лекция,10,5,4.6,100.0,synthetic
VIS_01531,46,mature,Выставка,4,1,4.0,53.0,synthetic
VIS_01532,55,mature,Выставка,2,0,0.0,14.0,synthetic
VIS_01533,38,adult,Творческая встреча,5,1,3.0,55.0,synthetic
VIS_01534,37,adult,Выставка,2,0,0.0,14.0,synthetic
VIS_01535,34,adult,Концерт,2,0,0.0,14.0,synthetic
VIS_01536,26,young,Концерт,1,1,2.0,22.0,synthetic
VIS_01537,32,adult,Выставка,1,0,0.0,7.0,synthetic
VIS_01538,31,adult,Творческая встреча,1,0,0.0,7.0,synthetic
VIS_01539,21,young,Творческая встреча,1,0,0.0,7.0,synthetic
VIS_01540,67,senior,Выставка,1,0,0.0,7.0,synthetic
VIS_01541,53,mature,Мастер-класс,1,0,0.0,7.0,synthetic
VIS_01542,40,adult,Мастер-класс,5,0,0.0,35.0,synthetic
VIS_01543,39,adult,Мастер-класс,5,1,5.0,65.0,synthetic
VIS_01544,42,adult,Лекция,5,2,4.0,65.0,synthetic
VIS_01545,43,adult,Лекция,9,5,4.4,100.0,synthetic
VIS_01546,27,young,Лекция,5,1,4.0,60.0,synthetic
VIS_01547,42,adult,Выставка,7,0,0.0,49.0,synthetic
VIS_01548,39,adult,Лекция,10,3,3.67,100.0,synthetic
VIS_01549,46,mature,Лекция,1,0,0.0,7.0,synthetic
VIS_01550,29,young,Лекция,5,0,0.0,35.0,synthetic
VIS_01551,29,young,Лекция,1,0,0.0,7.0,synthetic
VIS_01552,22,young,Лекция,2,1,5.0,44.0,synthetic
VIS_01553,28,young,Выставка,1,0,0.0,7.0,synthetic
VIS_01554,25,young,Концерт,1,0,0.0,7.0,synthetic
VIS_01555,42,adult,Творческая встреча,4,0,0.0,28.0,synthetic
VIS_01556,18,young,Лекция,1,0,0.0,7.0,synthetic
VIS_01557,17,school,Мастер-класс,1,1,3.0,27.0,synthetic
VIS_01558,34,adult,Концерт,1,0,0.0,7.0,synthetic
VIS_01559,42,adult,Выставка,4,1,3.0,48.0,synthetic
VIS_01560,60,senior,Лекция,1,0,0.0,7.0,synthetic
VIS_01561,32,adult,Выставка,1,0,0.0,7.0,synthetic
VIS_01562,45,mature,Творческая встреча,1,0,0.0,7.0,synthetic
VIS_01563,30,adult,Лекция,1,0,0.0,7.0,synthetic
VIS_01564,48,mature,Лекция,1,0,0.0,7.0,synthetic
VIS_01565,27,young,Концерт,1,0,0.0,7.0,synthetic
VIS_01566,38,adult,Лекция,6,1,5.0,72.0,synthetic
VIS_01567,28,young,Концерт,2,0,0.0,14.0,synthetic
VIS_01568,30,adult,Лекция,9,1,5.0,93.0,synthetic
VIS_01569,30,adult,Лекция,3,1,5.0,51.0,synthetic
VIS_01570,23,young,Выставка,1,0,0.0,7.0,synthetic
VIS_01571,48,mature,Выставка,2,1,5.0,44.0,synthetic
VIS_01572,36,adult,Творческая встреча,3,0,0.0,21.0,synthetic
VIS_01573,64,senior,Лекция,1,0,0.0,7.0,synthetic
VIS_01574,39,adult,Творческая встреча,8,1,5.0,86.0,synthetic
VIS_01575,48,mature,Мастер-класс,2,0,0.0,14.0,synthetic
VIS_01576,32,adult,Лекция,3,2,5.0,56.0,synthetic
VIS_01577,27,young,Концерт,1,0,0.0,7.0,synthetic
VIS_01578,36,adult,Лекция,5,0,0.0,35.0,synthetic
VIS_01579,65,senior,Творческая встреча,1,0,0.0,7.0,synthetic
VIS_01580,54,mature,Лекция,4,0,0.0,28.0,synthetic
VIS_01581,52,mature,Концерт,3,0,0.0,21.0,synthetic
VIS_01582,37,adult,Творческая встреча,4,0,0.0,28.0,synthetic
VIS_01583,26,young,Творческая встреча,2,0,0.0,14.0,synthetic
VIS_01584,45,mature,Мастер-класс,1,1,3.0,27.0,synthetic
VIS_01585,14,school,Выставка,1,1,3.0,27.0,synthetic
VIS_01586,40,adult,Выставка,4,0,0.0,28.0,synthetic
VIS_01587,32,adult,Лекция,2,0,0.0,14.0,synthetic
VIS_01588,38,adult,Выставка,2,0,0.0,14.0,synthetic
VIS_01589,46,mature,Лекция,7,1,3.0,69.0,synthetic
VIS_01590,27,young,Творческая встреча,1,0,0.0,7.0,synthetic
VIS_01591,32,adult,Лекция,1,0,0.0,7.0,synthetic
VIS_01592,51,mature,Мастер-класс,4,0,0.0,28.0,synthetic
VIS_01593,46,mature,Выставка,2,1,3.0,34.0,synthetic
VIS_01594,30,adult,Выставка,8,2,4.5,88.5,synthetic
VIS_01595,55,mature,Лекция,1,1,5.0,37.0,synthetic
VIS_01596,50,mature,Лекция,2,0,0.0,14.0,synthetic
VIS_01597,32,adult,Творческая встреча,7,2,5.0,84.0,synthetic
VIS_01598,22,young,Выставка,2,0,0.0,14.0,synthetic
VIS_01599,35,adult,Творческая встреча,3,2,3.0,46.0,synthetic
VIS_01600,28,young,Лекция,8,1,3.0,76.0,synthetic
VIS_01601,38,adult,Лекция,1,1,5.0,37.0,synthetic
VIS_01602,43,adult,Мастер-класс,1,0,0.0,7.0,synthetic
VIS_01603,39,adult,Лекция,5,0,0.0,35.0,synthetic
VIS_01604,52,mature,Творческая встреча,1,1,2.0,22.0,synthetic
VIS_01605,51,mature,Творческая встреча,3,0,0.0,21.0,synthetic
VIS_01606,38,adult,Лекция,2,0,0.0,14.0,synthetic
VIS_01607,28,young,Мастер-класс,1,1,3.0,27.0,synthetic
VIS_01608,43,adult,Творческая встреча,5,0,0.0,35.0,synthetic
VIS_01609,28,young,Лекция,3,0,0.0,21.0,synthetic
VIS_01610,37,adult,Творческая встреча,5,1,5.0,65.0,synthetic
VIS_01611,24,young,Выставка,4,1,4.0,53.0,synthetic
VIS_01612,33,adult,Выставка,4,0,0.0,28.0,synthetic
VIS_01613,50,mature,Лекция,2,0,0.0,14.0,synthetic
VIS_01614,55,mature,Лекция,3,1,4.0,46.0,synthetic
VIS_01615,28,young,Выставка,3,0,0.0,21.0,synthetic
VIS_01616,18,young,Выставка,1,0,0.0,7.0,synthetic
VIS_01617,45,mature,Лекция,3,0,0.0,21.0,synthetic
VIS_01618,45,mature,Творческая встреча,1,0,0.0,7.0,synthetic
VIS_01619,30,adult,Концерт,3,0,0.0,21.0,synthetic
VIS_01620,32,adult,Творческая встреча,4,2,3.5,55.5,synthetic
VIS_01621,46,mature,Творческая встреча,3,0,0.0,21.0,synthetic
VIS_01622,43,adult,Лекция,1,0,0.0,7.0,synthetic
VIS_01623,49,mature,Выставка,2,1,5.0,44.0,synthetic
VIS_01624,29,young,Творческая встреча,1,0,0.0,7.0,synthetic
VIS_01625,50,mature,Выставка,4,0,0.0,28.0,synthetic
VIS_01626,32,adult,Лекция,2,0,0.0,14.0,synthetic
VIS_01627,35,adult,Мастер-класс,5,1,5.0,65.0,synthetic
VIS_01628,61,senior,Лекция,3,1,5.0,51.0,synthetic
VIS_01629,24,young,Творческая встреча,2,2,5.0,49.0,synthetic
VIS_01630,34,adult,Творческая встреча,1,0,0.0,7.0,synthetic
VIS_01631,46,mature,Лекция,1,0,0.0,7.0,synthetic
VIS_01632,11,school,Мастер-класс,1,1,5.0,37.0,synthetic
VIS_01633,63,senior,Лекция,1,0,0.0,7.0,synthetic
VIS_01634,25,young,Творческая встреча,4,0,0.0,28.0,synthetic
VIS_01635,48,mature,Лекция,1,0,0.0,7.0,synthetic
VIS_01636,57,mature,Выставка,3,1,5.0,51.0,synthetic
VIS_01637,45,mature,Выставка,2,0,0.0,14.0,synthetic
VIS_01638,28,young,Лекция,4,0,0.0,28.0,synthetic
VIS_01639,36,adult,Мастер-класс,4,0,0.0,28.0,synthetic
VIS_01640,48,mature,Лекция,2,1,4.0,39.0,synthetic
VIS_01641,44,adult,Творческая встреча,1,0,0.0,7.0,synthetic
VIS_01642,31,adult,Выставка,3,0,0.0,21.0,synthetic
VIS_01643,42,adult,Лекция,2,0,0.0,14.0,synthetic
VIS_01644,33,adult,Лекция,2,0,0.0,14.0,synthetic
VIS_01645,40,adult,Выставка,4,1,5.0,58.0,synthetic
VIS_01646,39,adult,Лекция,1,0,0.0,7.0,synthetic
VIS_01647,36,adult,Лекция,2,0,0.0,14.0,synthetic
VIS_01648,33,adult,Выставка,5,1,4.0,60.0,synthetic
VIS_01649,44,adult,Лекция,5,1,2.0,50.0,synthetic
VIS_01650,27,young,Лекция,4,1,5.0,58.0,synthetic
VIS_01651,43,adult,Мастер-класс,1,0,0.0,7.0,synthetic
VIS_01652,58,mature,Выставка,2,1,4.0,39.0,synthetic
VIS_01653,31,adult,Выставка,3,1,5.0,51.0,synthetic
VIS_01654,38,adult,Выставка,9,1,5.0,93.0,synthetic
VIS_01655,40,adult,Творческая встреча,4,0,0.0,28.0,synthetic
VIS_01656,32,adult,Мастер-класс,5,0,0.0,35.0,synthetic
VIS_01657,65,senior,Творческая встреча,1,1,5.0,37.0,synthetic
VIS_01658,42,adult,Мастер-класс,2,0,0.0,14.0,synthetic
VIS_01659,22,young,Творческая встреча,1,0,0.0,7.0,synthetic
VIS_01660,48,mature,Лекция,2,0,0.0,14.0,synthetic
VIS_01661,47,mature,Творческая встреча,6,1,5.0,72.0,synthetic
VIS_01662,18,young,Выставка,3,0,0.0,21.0,synthetic
VIS_01663,55,mature,Выставка,3,0,0.0,21.0,synthetic
VIS_01664,33,adult,Лекция,6,1,3.0,62.0,synthetic
VIS_01665,52,mature,Лекция,4,2,5.0,63.0,synthetic
VIS_01666,27,young,Мастер-класс,5,0,0.0,35.0,synthetic
VIS_01667,61,senior,Лекция,1,0,0.0,7.0,synthetic
VIS_01668,11,school,Мастер-класс,1,0,0.0,7.0,synthetic
VIS_01669,38,adult,Творческая встреча,2,0,0.0,14.0,synthetic
VIS_01670,41,adult,Лекция,8,2,4.0,86.0,synthetic
VIS_01671,63,senior,Лекция,1,0,0.0,7.0,synthetic
VIS_01672,35,adult,Творческая встреча,2,0,0.0,14.0,synthetic
VIS_01673,28,young,Выставка,1,0,0.0,7.0,synthetic
VIS_01674,40,adult,Лекция,9,1,3.0,83.0,synthetic
VIS_01675,40,adult,Концерт,6,2,3.5,69.5,synthetic
VIS_01676,38,adult,Творческая встреча,4,0,0.0,28.0,synthetic
VIS_01677,44,adult,Концерт,6,0,0.0,42.0,synthetic
VIS_01678,44,adult,Концерт,1,1,5.0,37.0,synthetic
VIS_01679,49,mature,Лекция,1,0,0.0,7.0,synthetic
VIS_01680,34,adult,Выставка,6,0,0.0,42.0,synthetic
VIS_01681,20,young,Мастер-класс,1,0,0.0,7.0,synthetic
VIS_01682,45,mature,Творческая встреча,3,3,3.67,54.4,synthetic
VIS_01683,52,mature,Концерт,1,0,0.0,7.0,synthetic
VIS_01684,64,senior,Творческая встреча,1,0,0.0,7.0,synthetic
VIS_01685,31,adult,Творческая встреча,5,0,0.0,35.0,synthetic
VIS_01686,54,mature,Лекция,1,0,0.0,7.0,synthetic
VIS_01687,36,adult,Концерт,1,0,0.0,7.0,synthetic
VIS_01688,33,adult,Выставка,6,1,1.0,52.0,synthetic
VIS_01689,61,senior,Выставка,2,1,4.0,39.0,synthetic
VIS_01690,44,adult,Концерт,1,0,0.0,7.0,synthetic
VIS_01691,35,adult,Лекция,6,0,0.0,42.0,synthetic
VIS_01692,51,mature,Творческая встреча,1,0,0.0,7.0,synthetic
VIS_01693,40,adult,Лекция,3,1,5.0,51.0,synthetic
VIS_01694,20,young,Творческая встреча,1,0,0.0,7.0,synthetic
VIS_01695,53,mature,Творческая встреча,1,0,0.0,7.0,synthetic
VIS_01696,26,young,Творческая встреча,4,2,4.5,60.5,synthetic
VIS_01697,55,mature,Выставка,2,0,0.0,14.0,synthetic
VIS_01698,28,young,Выставка,5,0,0.0,35.0,synthetic
VIS_01699,50,mature,Выставка,3,0,0.0,21.0,synthetic
VIS_01700,52,mature,Мастер-класс,1,0,0.0,7.0,synthetic
VIS_01701,28,young,Творческая встреча,1,1,5.0,37.0,synthetic
VIS_01702,40,adult,Концерт,1,0,0.0,7.0,synthetic
VIS_01703,67,senior,Выставка,1,0,0.0,7.0,synthetic
VIS_01704,32,adult,Мастер-класс,7,1,3.0,69.0,synthetic
VIS_01705,34,adult,Лекция,2,0,0.0,14.0,synthetic
VIS_01706,36,adult,Лекция,3,1,3.0,41.0,synthetic
VIS_01707,41,adult,Творческая встреча,3,3,4.67,59.4,synthetic
VIS_01708,39,adult,Творческая встреча,1,0,0.0,7.0,synthetic
VIS_01709,45,mature,Концерт,1,0,0.0,7.0,synthetic
VIS_01710,33,adult,Лекция,1,0,0.0,7.0,synthetic
VIS_01711,53,mature,Выставка,3,1,5.0,51.0,synthetic
VIS_01712,25,young,Выставка,3,0,0.0,21.0,synthetic
VIS_01713,52,mature,Лекция,2,0,0.0,14.0,synthetic
VIS_01714,33,adult,Лекция,5,2,5.0,70.0,synthetic
VIS_01715,54,mature,Выставка,1,0,0.0,7.0,synthetic
VIS_01716,32,adult,Мастер-класс,2,0,0.0,14.0,synthetic
VIS_01717,18,young,Выставка,1,0,0.0,7.0,synthetic
VIS_01718,16,school,Лекция,1,0,0.0,7.0,synthetic
VIS_01719,55,mature,Лекция,3,0,0.0,21.0,synthetic
VIS_01720,34,adult,Выставка,3,2,3.0,46.0,synthetic
VIS_01721,45,mature,Лекция,5,3,4.0,70.0,synthetic
VIS_01722,38,adult,Лекция,4,0,0.0,28.0,synthetic
VIS_01723,46,mature,Мастер-класс,10,1,5.0,100.0,synthetic
VIS_01724,44,adult,Лекция,1,0,0.0,7.0,synthetic
VIS_01725,10,school,Мастер-класс,1,0,0.0,7.0,synthetic
VIS_01726,61,senior,Творческая встреча,1,0,0.0,7.0,synthetic
VIS_01727,45,mature,Лекция,7,0,0.0,49.0,synthetic
VIS_01728,38,adult,Концерт,3,1,5.0,51.0,synthetic
VIS_01729,45,mature,Творческая встреча,1,0,0.0,7.0,synthetic
VIS_01730,42,adult,Лекция,4,0,0.0,28.0,synthetic
VIS_01731,60,senior,Лекция,2,0,0.0,14.0,synthetic
VIS_01732,48,mature,Мастер-класс,1,0,0.0,7.0,synthetic
VIS_01733,25,young,Мастер-класс,1,0,0.0,7.0,synthetic
VIS_01734,40,adult,Лекция,6,1,3.0,62.0,synthetic
VIS_01735,43,adult,Творческая встреча,2,0,0.0,14.0,synthetic
VIS_01736,36,adult,Лекция,1,0,0.0,7.0,synthetic
VIS_01737,10,school,Мастер-класс,1,0,0.0,7.0,synthetic
VIS_01738,43,adult,Лекция,7,0,0.0,49.0,synthetic
VIS_01739,48,mature,Лекция,5,1,3.0,55.0,synthetic
VIS_01740,41,adult,Выставка,2,2,3.0,39.0,synthetic
VIS_01741,46,mature,Творческая встреча,1,1,5.0,37.0,synthetic
VIS_01742,47,mature,Концерт,3,0,0.0,21.0,synthetic
VIS_01743,35,adult,Лекция,7,1,5.0,79.0,synthetic
VIS_01744,41,adult,Творческая встреча,5,2,5.0,70.0,synthetic
VIS_01745,60,senior,Творческая встреча,5,2,5.0,70.0,synthetic
VIS_01746,55,mature,Концерт,2,0,0.0,14.0,synthetic
VIS_01747,48,mature,Творческая встреча,3,0,0.0,21.0,synthetic
VIS_01748,18,young,Лекция,1,0,0.0,7.0,synthetic
VIS_01749,27,young,Концерт,5,1,3.0,55.0,synthetic
VIS_01750,50,mature,Мастер-класс,1,1,4.0,32.0,synthetic
VIS_01751,28,young,Мастер-класс,1,0,0.0,7.0,synthetic
VIS_01752,59,mature,Лекция,1,0,0.0,7.0,synthetic
VIS_01753,33,adult,Мастер-класс,10,0,0.0,70.0,synthetic
VIS_01754,42,adult,Мастер-класс,4,2,4.0,58.0,synthetic
VIS_01755,26,young,Лекция,1,0,0.0,7.0,synthetic
VIS_01756,29,young,Лекция,3,0,0.0,21.0,synthetic
VIS_01757,22,young,Лекция,1,0,0.0,7.0,synthetic
VIS_01758,44,adult,Мастер-класс,1,0,0.0,7.0,synthetic
VIS_01759,36,adult,Лекция,5,1,1.0,45.0,synthetic
VIS_01760,46,mature,Лекция,4,2,4.0,58.0,synthetic
VIS_01761,45,mature,Творческая встреча,6,2,3.0,67.0,synthetic
VIS_01762,45,mature,Лекция,7,0,0.0,49.0,synthetic
VIS_01763,25,young,Творческая встреча,3,2,4.0,51.0,synthetic
VIS_01764,52,mature,Выставка,5,1,5.0,65.0,synthetic
VIS_01765,41,adult,Лекция,1,0,0.0,7.0,synthetic
VIS_01766,26,young,Лекция,6,2,5.0,77.0,synthetic
VIS_01767,10,school,Мастер-класс,1,0,0.0,7.0,synthetic
VIS_01768,40,adult,Лекция,1,1,5.0,37.0,synthetic
VIS_01769,40,adult,Творческая встреча,9,1,5.0,93.0,synthetic
VIS_01770,50,mature,Лекция,12,3,3.33,100.0,synthetic
VIS_01771,36,adult,Концерт,1,0,0.0,7.0,synthetic
VIS_01772,28,young,Лекция,3,1,1.0,31.0,synthetic
VIS_01773,47,mature,Творческая встреча,1,0,0.0,7.0,synthetic
VIS_01774,56,mature,Творческая встреча,1,0,0.0,7.0,synthetic
VIS_01775,50,mature,Концерт,1,0,0.0,7.0,synthetic
VIS_01776,65,senior,Творческая встреча,1,0,0.0,7.0,synthetic
VIS_01777,48,mature,Концерт,2,0,0.0,14.0,synthetic
VIS_01778,31,adult,Выставка,1,0,0.0,7.0,synthetic
VIS_01779,38,adult,Концерт,2,0,0.0,14.0,synthetic
VIS_01780,23,young,Лекция,8,0,0.0,56.0,synthetic
VIS_01781,33,adult,Творческая встреча,3,0,0.0,21.0,synthetic
VIS_01782,29,young,Творческая встреча,1,0,0.0,7.0,synthetic
VIS_01783,24,young,Мастер-класс,5,2,3.5,62.5,synthetic
VIS_01784,26,young,Творческая встреча,3,0,0.0,21.0,synthetic
VIS_01785,33,adult,Выставка,10,2,4.0,100.0,synthetic
VIS_01786,17,school,Лекция,2,1,3.0,34.0,synthetic
VIS_01787,37,adult,Выставка,3,0,0.0,21.0,synthetic
VIS_01788,41,adult,Лекция,1,0,0.0,7.0,synthetic
VIS_01789,42,adult,Лекция,1,1,3.0,27.0,synthetic
VIS_01790,54,mature,Лекция,7,0,0.0,49.0,synthetic
VIS_01791,36,adult,Лекция,4,1,5.0,58.0,synthetic
VIS_01792,48,mature,Лекция,4,0,0.0,28.0,synthetic
VIS_01793,63,senior,Выставка,3,1,5.0,51.0,synthetic
VIS_01794,41,adult,Творческая встреча,4,2,4.5,60.5,synthetic
VIS_01795,39,adult,Лекция,4,1,4.0,53.0,synthetic
VIS_01796,42,adult,Мастер-класс,1,0,0.0,7.0,synthetic
VIS_01797,40,adult,Концерт,1,0,0.0,7.0,synthetic
VIS_01798,36,adult,Лекция,1,0,0.0,7.0,synthetic
VIS_01799,35,adult,Лекция,3,1,4.0,46.0,synthetic
VIS_01800,25,young,Творческая встреча,1,0,0.0,7.0,synthetic
VIS_01801,22,young,Выставка,4,2,2.0,48.0,synthetic
VIS_01802,37,adult,Лекция,1,0,0.0,7.0,synthetic
VIS_01803,38,adult,Творческая встреча,4,1,1.0,38.0,synthetic
VIS_01804,39,adult,Лекция,1,0,0.0,7.0,synthetic
VIS_01805,14,school,Лекция,2,1,4.0,39.0,synthetic
VIS_01806,47,mature,Лекция,4,1,4.0,53.0,synthetic
VIS_01807,38,adult,Лекция,4,0,0.0,28.0,synthetic
VIS_01808,33,adult,Выставка,4,0,0.0,28.0,synthetic
VIS_01809,34,adult,Творческая встреча,3,0,0.0,21.0,synthetic
VIS_01810,22,young,Концерт,5,0,0.0,35.0,synthetic
VIS_01811,54,mature,Лекция,1,0,0.0,7.0,synthetic
VIS_01812,28,young,Выставка,1,1,5.0,37.0,synthetic
VIS_01813,43,adult,Выставка,2,0,0.0,14.0,synthetic
VIS_01814,37,adult,Творческая встреча,7,0,0.0,49.0,synthetic
VIS_01815,42,adult,Выставка,2,2,1.5,31.5,synthetic
VIS_01816,33,adult,Лекция,1,1,5.0,37.0,synthetic
VIS_01817,52,mature,Лекция,4,1,3.0,48.0,synthetic
VIS_01818,44,adult,Творческая встреча,1,0,0.0,7.0,synthetic
VIS_01819,48,mature,Лекция,2,0,0.0,14.0,synthetic
VIS_01820,38,adult,Концерт,2,0,0.0,14.0,synthetic
VIS_01821,20,young,Концерт,1,0,0.0,7.0,synthetic
VIS_01822,29,young,Творческая встреча,1,0,0.0,7.0,synthetic
VIS_01823,38,adult,Выставка,3,1,5.0,51.0,synthetic
VIS_01824,36,adult,Творческая встреча,3,0,0.0,21.0,synthetic
VIS_01825,59,mature,Выставка,3,1,5.0,51.0,synthetic
VIS_01826,42,adult,Концерт,3,0,0.0,21.0,synthetic
VIS_01827,23,young,Лекция,1,0,0.0,7.0,synthetic
VIS_01828,40,adult,Лекция,2,0,0.0,14.0,synthetic
VIS_01829,23,young,Лекция,4,0,0.0,28.0,synthetic
VIS_01830,27,young,Концерт,2,0,0.0,14.0,synthetic
VIS_01831,31,adult,Концерт,2,0,0.0,14.0,synthetic
VIS_01832,19,young,Творческая встреча,1,0,0.0,7.0,synthetic
VIS_01833,34,adult,Лекция,5,2,4.0,65.0,synthetic
VIS_01834,66,senior,Выставка,1,0,0.0,7.0,synthetic
VIS_01835,58,mature,Творческая встреча,1,0,0.0,7.0,synthetic
VIS_01836,29,young,Концерт,3,0,0.0,21.0,synthetic
VIS_01837,61,senior,Лекция,1,0,0.0,7.0,synthetic
VIS_01838,26,young,Лекция,8,0,0.0,56.0,synthetic
VIS_01839,28,young,Лекция,3,0,0.0,21.0,synthetic
VIS_01840,18,young,Творческая встреча,1,0,0.0,7.0,synthetic
VIS_01841,47,mature,Выставка,1,1,2.0,22.0,synthetic
VIS_01842,20,young,Мастер-класс,1,0,0.0,7.0,synthetic
VIS_01843,43,adult,Выставка,4,1,4.0,53.0,synthetic
VIS_01844,61,senior,Творческая встреча,1,1,4.0,32.0,synthetic
VIS_01845,56,mature,Выставка,3,0,0.0,21.0,synthetic
VIS_01846,27,young,Лекция,1,0,0.0,7.0,synthetic
VIS_01847,24,young,Лекция,1,1,5.0,37.0,synthetic
VIS_01848,56,mature,Творческая встреча,1,0,0.0,7.0,synthetic
VIS_01849,39,adult,Выставка,5,1,4.0,60.0,synthetic
VIS_01850,36,adult,Лекция,4,2,4.5,60.5,synthetic
VIS_01851,56,mature,Выставка,1,0,0.0,7.0,synthetic
VIS_01852,33,adult,Выставка,4,1,3.0,48.0,synthetic
VIS_01853,21,young,Мастер-класс,1,0,0.0,7.0,synthetic
VIS_01854,40,adult,Концерт,1,0,0.0,7.0,synthetic
VIS_01855,29,young,Лекция,1,0,0.0,7.0,synthetic
VIS_01856,50,mature,Выставка,4,2,3.0,53.0,synthetic
VIS_01857,48,mature,Лекция,4,1,5.0,58.0,synthetic
VIS_01858,20,young,Творческая встреча,4,1,4.0,53.0,synthetic
VIS_01859,28,young,Мастер-класс,1,0,0.0,7.0,synthetic
VIS_01860,69,senior,Выставка,1,1,5.0,37.0,synthetic
VIS_01861,28,young,Лекция,3,0,0.0,21.0,synthetic
VIS_01862,48,mature,Лекция,1,0,0.0,7.0,synthetic
VIS_01863,38,adult,Лекция,3,1,5.0,51.0,synthetic
VIS_01864,17,school,Лекция,1,0,0.0,7.0,synthetic
VIS_01865,42,adult,Творческая встреча,8,0,0.0,56.0,synthetic
VIS_01866,26,young,Мастер-класс,3,1,4.0,46.0,synthetic
VIS_01867,42,adult,Лекция,1,0,0.0,7.0,synthetic
VIS_01868,54,mature,Концерт,1,0,0.0,7.0,synthetic
VIS_01869,41,adult,Лекция,1,0,0.0,7.0,synthetic
VIS_01870,41,adult,Лекция,4,0,0.0,28.0,synthetic
VIS_01871,59,mature,Творческая встреча,1,1,4.0,32.0,synthetic
VIS_01872,41,adult,Мастер-класс,1,1,2.0,22.0,synthetic
VIS_01873,59,mature,Творческая встреча,1,0,0.0,7.0,synthetic
VIS_01874,41,adult,Концерт,4,0,0.0,28.0,synthetic
VIS_01875,30,adult,Выставка,1,1,5.0,37.0,synthetic
VIS_01876,48,mature,Лекция,3,0,0.0,21.0,synthetic
VIS_01877,40,adult,Лекция,10,1,5.0,100.0,synthetic
VIS_01878,45,mature,Творческая встреча,5,0,0.0,35.0,synthetic
VIS_01879,26,young,Концерт,1,1,4.0,32.0,synthetic
VIS_01880,34,adult,Мастер-класс,1,0,0.0,7.0,synthetic
VIS_01881,46,mature,Мастер-класс,1,0,0.0,7.0,synthetic
VIS_01882,40,adult,Лекция,4,2,4.5,60.5,synthetic
VIS_01883,58,mature,Творческая встреча,3,0,0.0,21.0,synthetic
VIS_01884,54,mature,Мастер-класс,1,0,0.0,7.0,synthetic
VIS_01885,68,senior,Выставка,1,0,0.0,7.0,synthetic
VIS_01886,50,mature,Лекция,3,0,0.0,21.0,synthetic
VIS_01887,33,adult,Лекция,5,0,0.0,35.0,synthetic
VIS_01888,50,mature,Лекция,4,1,4.0,53.0,synthetic
VIS_01889,42,adult,Лекция,1,0,0.0,7.0,synthetic
VIS_01890,33,adult,Лекция,5,1,3.0,55.0,synthetic
VIS_01891,31,adult,Лекция,3,1,2.0,36.0,synthetic
VIS_01892,48,mature,Творческая встреча,10,2,2.5,92.5,synthetic
VIS_01893,37,adult,Творческая встреча,1,0,0.0,7.0,synthetic
VIS_01894,45,mature,Творческая встреча,6,1,4.0,67.0,synthetic
VIS_01895,39,adult,Выставка,4,0,0.0,28.0,synthetic
VIS_01896,26,young,Мастер-класс,3,0,0.0,21.0,synthetic
VIS_01897,39,adult,Творческая встреча,4,1,3.0,48.0,synthetic
VIS_01898,62,senior,Лекция,3,0,0.0,21.0,synthetic
VIS_01899,33,adult,Лекция,7,2,4.0,79.0,synthetic
VIS_01900,39,adult,Лекция,1,0,0.0,7.0,synthetic
VIS_01901,38,adult,Лекция,1,1,3.0,27.0,synthetic
VIS_01902,22,young,Лекция,3,0,0.0,21.0,synthetic
VIS_01903,32,adult,Творческая встреча,1,0,0.0,7.0,synthetic
VIS_01904,33,adult,Лекция,1,0,0.0,7.0,synthetic
VIS_01905,36,adult,Концерт,2,0,0.0,14.0,synthetic
VIS_01906,37,adult,Лекция,8,2,5.0,91.0,synthetic
VIS_01907,37,adult,Лекция,5,2,2.5,57.5,synthetic
VIS_01908,15,school,Выставка,1,0,0.0,7.0,synthetic
VIS_01909,16,school,Лекция,1,0,0.0,7.0,synthetic
VIS_01910,54,mature,Лекция,6,0,0.0,42.0,synthetic
VIS_01911,31,adult,Мастер-класс,1,0,0.0,7.0,synthetic
VIS_01912,26,young,Концерт,1,0,0.0,7.0,synthetic
VIS_01913,59,mature,Лекция,1,0,0.0,7.0,synthetic
VIS_01914,40,adult,Выставка,2,0,0.0,14.0,synthetic
VIS_01915,41,adult,Концерт,2,1,3.0,34.0,synthetic
VIS_01916,46,mature,Выставка,2,0,0.0,14.0,synthetic
VIS_01917,47,mature,Лекция,5,1,4.0,60.0,synthetic
VIS_01918,50,mature,Выставка,4,1,3.0,48.0,synthetic
VIS_01919,55,mature,Творческая встреча,3,0,0.0,21.0,synthetic
VIS_01920,25,young,Выставка,3,1,4.0,46.0,synthetic
VIS_01921,46,mature,Лекция,1,0,0.0,7.0,synthetic
VIS_01922,62,senior,Выставка,1,0,0.0,7.0,synthetic
VIS_01923,56,mature,Выставка,1,1,5.0,37.0,synthetic
VIS_01924,19,young,Творческая встреча,1,0,0.0,7.0,synthetic
VIS_01925,67,senior,Выставка,1,0,0.0,7.0,synthetic
VIS_01926,53,mature,Лекция,1,1,4.0,32.0,synthetic
VIS_01927,41,adult,Творческая встреча,3,1,4.0,46.0,synthetic
VIS_01928,21,young,Творческая встреча,5,0,0.0,35.0,synthetic
VIS_01929,42,adult,Мастер-класс,4,0,0.0,28.0,synthetic
VIS_01930,39,adult,Выставка,2,0,0.0,14.0,synthetic
VIS_01931,26,young,Творческая встреча,2,0,0.0,14.0,synthetic
VIS_01932,36,adult,Концерт,3,0,0.0,21.0,synthetic
VIS_01933,48,mature,Лекция,1,0,0.0,7.0,synthetic
VIS_01934,43,adult,Выставка,3,0,0.0,21.0,synthetic
VIS_01935,39,adult,Концерт,2,1,5.0,44.0,synthetic
VIS_01936,38,adult,Концерт,1,0,0.0,7.0,synthetic
VIS_01937,47,mature,Творческая встреча,1,0,0.0,7.0,synthetic
VIS_01938,38,adult,Мастер-класс,10,4,3.75,100.0,synthetic
VIS_01939,29,young,Лекция,2,1,3.0,34.0,synthetic
VIS_01940,42,adult,Выставка,2,0,0.0,14.0,synthetic
VIS_01941,26,young,Концерт,2,0,0.0,14.0,synthetic
VIS_01942,57,mature,Выставка,4,1,5.0,58.0,synthetic
VIS_01943,38,adult,Творческая встреча,4,0,0.0,28.0,synthetic
VIS_01944,44,adult,Лекция,4,2,4.0,58.0,synthetic
VIS_01945,19,young,Мастер-класс,1,0,0.0,7.0,synthetic
VIS_01946,21,young,Лекция,1,0,0.0,7.0,synthetic
VIS_01947,40,adult,Выставка,2,0,0.0,14.0,synthetic
VIS_01948,59,mature,Выставка,1,1,3.0,27.0,synthetic
VIS_01949,41,adult,Лекция,2,1,4.0,39.0,synthetic
VIS_01950,38,adult,Творческая встреча,1,0,0.0,7.0,synthetic
VIS_01951,34,adult,Выставка,2,1,3.0,34.0,synthetic
VIS_01952,35,adult,Творческая встреча,6,0,0.0,42.0,synthetic
VIS_01953,33,adult,Концерт,7,0,0.0,49.0,synthetic
VIS_01954,46,mature,Лекция,10,3,4.67,100.0,synthetic
VIS_01955,44,adult,Выставка,4,1,5.0,58.0,synthetic
VIS_01956,39,adult,Творческая встреча,1,1,5.0,37.0,synthetic
VIS_01957,30,adult,Выставка,6,0,0.0,42.0,synthetic
VIS_01958,31,adult,Творческая встреча,5,0,0.0,35.0,synthetic
VIS_01959,22,young,Лекция,2,1,4.0,39.0,synthetic
VIS_01960,51,mature,Концерт,1,1,4.0,32.0,synthetic
VIS_01961,36,adult,Концерт,3,1,5.0,51.0,synthetic
VIS_01962,21,young,Творческая встреча,1,0,0.0,7.0,synthetic
VIS_01963,34,adult,Лекция,1,1,2.0,22.0,synthetic
VIS_01964,44,adult,Творческая встреча,3,0,0.0,21.0,synthetic
VIS_01965,42,adult,Творческая встреча,1,0,0.0,7.0,synthetic
VIS_01966,58,mature,Выставка,1,0,0.0,7.0,synthetic
VIS_01967,29,young,Выставка,3,1,5.0,51.0,synthetic
VIS_01968,44,adult,Выставка,5,1,3.0,55.0,synthetic
VIS_01969,34,adult,Творческая встреча,1,1,5.0,37.0,synthetic
VIS_01970,60,senior,Лекция,1,0,0.0,7.0,synthetic
VIS_01971,39,adult,Лекция,5,0,0.0,35.0,synthetic
VIS_01972,57,mature,Выставка,4,1,5.0,58.0,synthetic
VIS_01973,57,mature,Лекция,1,0,0.0,7.0,synthetic
VIS_01974,19,young,Мастер-класс,1,0,0.0,7.0,synthetic
VIS_01975,41,adult,Лекция,8,1,4.0,81.0,synthetic
VIS_01976,58,mature,Лекция,1,0,0.0,7.0,synthetic
VIS_01977,26,young,Лекция,2,1,5.0,44.0,synthetic
VIS_01978,30,adult,Лекция,1,0,0.0,7.0,synthetic
VIS_01979,34,adult,Лекция,4,0,0.0,28.0,synthetic
VIS_01980,48,mature,Творческая встреча,1,0,0.0,7.0,synthetic
VIS_01981,34,adult,Выставка,9,1,5.0,93.0,synthetic
VIS_01982,42,adult,Выставка,7,3,3.67,82.4,synthetic
VIS_01983,28,young,Мастер-класс,1,0,0.0,7.0,synthetic
VIS_01984,35,adult,Лекция,2,0,0.0,14.0,synthetic
VIS_01985,31,adult,Лекция,5,0,0.0,35.0,synthetic
VIS_01986,25,young,Лекция,4,1,5.0,58.0,synthetic
VIS_01987,52,mature,Лекция,2,0,0.0,14.0,synthetic
VIS_01988,38,adult,Лекция,5,1,5.0,65.0,synthetic
VIS_01989,34,adult,Лекция,1,1,4.0,32.0,synthetic
VIS_01990,30,adult,Лекция,5,1,4.0,60.0,synthetic
VIS_01991,19,young,Мастер-класс,5,1,5.0,65.0,synthetic
VIS_01992,41,adult,Концерт,1,0,0.0,7.0,synthetic
VIS_01993,46,mature,Лекция,1,0,0.0,7.0,synthetic
VIS_01994,36,adult,Лекция,3,0,0.0,21.0,synthetic
VIS_01995,30,adult,Лекция,1,0,0.0,7.0,synthetic
VIS_01996,52,mature,Творческая встреча,2,0,0.0,14.0,synthetic
VIS_01997,31,adult,Лекция,3,0,0.0,21.0,synthetic
VIS_01998,27,young,Выставка,1,0,0.0,7.0,synthetic
VIS_01999,62,senior,Выставка,3,2,5.0,56.0,synthetic
VIS_02000,41,adult,Концерт,4,0,0.0,28.0,synthetic
VIS_02001,63,senior,Творческая встреча,1,0,0.0,7.0,synthetic
VIS_02002,42,adult,Творческая встреча,5,0,0.0,35.0,synthetic
VIS_02003,45,mature,Лекция,2,0,0.0,14.0,synthetic
VIS_02004,24,young,Творческая встреча,3,0,0.0,21.0,synthetic
VIS_02005,53,mature,Лекция,5,0,0.0,35.0,synthetic
VIS_02006,31,adult,Творческая встреча,1,1,4.0,32.0,synthetic
VIS_02007,36,adult,Творческая встреча,4,0,0.0,28.0,synthetic
VIS_02008,61,senior,Лекция,1,1,4.0,32.0,synthetic
VIS_02009,56,mature,Лекция,1,1,3.0,27.0,synthetic
VIS_02010,52,mature,Выставка,1,0,0.0,7.0,synthetic
VIS_02011,17,school,Творческая встреча,2,1,5.0,44.0,synthetic
VIS_02012,43,adult,Выставка,11,2,3.0,100.0,synthetic
VIS_02013,35,adult,Творческая встреча,3,0,0.0,21.0,synthetic
VIS_02014,37,adult,Лекция,3,0,0.0,21.0,synthetic
VIS_02015,37,adult,Лекция,5,1,5.0,65.0,synthetic
VIS_02016,45,mature,Выставка,9,2,4.0,93.0,synthetic
VIS_02017,42,adult,Концерт,5,1,5.0,65.0,synthetic
VIS_02018,42,adult,Выставка,1,0,0.0,7.0,synthetic
VIS_02019,46,mature,Творческая встреча,1,0,0.0,7.0,synthetic
VIS_02020,26,young,Лекция,1,0,0.0,7.0,synthetic
VIS_02021,42,adult,Лекция,4,0,0.0,28.0,synthetic
VIS_02022,48,mature,Мастер-класс,1,1,2.0,22.0,synthetic
VIS_02023,18,young,Мастер-класс,1,0,0.0,7.0,synthetic
VIS_02024,64,senior,Выставка,1,0,0.0,7.0,synthetic
VIS_02025,33,adult,Выставка,2,0,0.0,14.0,synthetic
VIS_02026,17,school,Творческая встреча,1,1,1.0,17.0,synthetic
VIS_02027,42,adult,Творческая встреча,3,1,4.0,46.0,synthetic
VIS_02028,26,young,Мастер-класс,5,2,4.0,65.0,synthetic
VIS_02029,19,young,Лекция,1,0,0.0,7.0,synthetic
VIS_02030,61,senior,Лекция,1,0,0.0,7.0,synthetic
VIS_02031,27,young,Лекция,5,1,5.0,65.0,synthetic
VIS_02032,38,adult,Творческая встреча,1,0,0.0,7.0,synthetic
VIS_02033,42,adult,Лекция,7,2,3.0,74.0,synthetic
VIS_02034,53,mature,Концерт,4,1,3.0,48.0,synthetic
VIS_02035,46,mature,Мастер-класс,6,2,3.5,69.5,synthetic
VIS_02036,44,adult,Лекция,3,1,3.0,41.0,synthetic
VIS_02037,24,young,Творческая встреча,3,2,3.0,46.0,synthetic
VIS_02038,23,young,Выставка,2,0,0.0,14.0,synthetic
VIS_02039,22,young,Лекция,4,0,0.0,28.0,synthetic
VIS_02040,37,adult,Лекция,5,0,0.0,35.0,synthetic
VIS_02041,66,senior,Выставка,1,1,4.0,32.0,synthetic
VIS_02042,46,mature,Мастер-класс,1,0,0.0,7.0,synthetic
VIS_02043,64,senior,Выставка,1,0,0.0,7.0,synthetic
VIS_02044,43,adult,Лекция,3,0,0.0,21.0,synthetic
VIS_02045,53,mature,Концерт,2,0,0.0,14.0,synthetic
VIS_02046,42,adult,Концерт,4,1,5.0,58.0,synthetic
VIS_02047,50,mature,Концерт,1,0,0.0,7.0,synthetic
VIS_02048,46,mature,Лекция,3,0,0.0,21.0,synthetic
VIS_02049,46,mature,Творческая встреча,1,0,0.0,7.0,synthetic
VIS_02050,23,young,Лекция,1,1,5.0,37.0,synthetic
VIS_02051,60,senior,Выставка,1,1,1.0,17.0,synthetic
VIS_02052,23,young,Мастер-класс,5,1,5.0,65.0,synthetic
VIS_02053,30,adult,Концерт,3,0,0.0,21.0,synthetic
VIS_02054,28,young,Творческая встреча,5,1,3.0,55.0,synthetic
VIS_02055,44,adult,Творческая встреча,3,0,0.0,21.0,synthetic
VIS_02056,26,young,Творческая встреча,4,1,3.0,48.0,synthetic
VIS_02057,31,adult,Лекция,3,0,0.0,21.0,synthetic
VIS_02058,52,mature,Лекция,8,1,1.0,66.0,synthetic
VIS_02059,51,mature,Лекция,5,1,4.0,60.0,synthetic
VIS_02060,40,adult,Творческая встреча,1,0,0.0,7.0,synthetic
VIS_02061,52,mature,Творческая встреча,4,2,4.0,58.0,synthetic
VIS_02062,51,mature,Выставка,2,1,5.0,44.0,synthetic
VIS_02063,49,mature,Творческая встреча,3,0,0.0,21.0,synthetic
VIS_02064,46,mature,Выставка,1,0,0.0,7.0,synthetic
VIS_02065,41,adult,Концерт,1,0,0.0,7.0,synthetic
VIS_02066,21,young,Мастер-класс,3,0,0.0,21.0,synthetic
VIS_02067,57,mature,Выставка,1,0,0.0,7.0,synthetic
VIS_02068,20,young,Творческая встреча,1,0,0.0,7.0,synthetic
VIS_02069,36,adult,Творческая встреча,1,0,0.0,7.0,synthetic
VIS_02070,44,adult,Выставка,4,1,5.0,58.0,synthetic
VIS_02071,39,adult,Лекция,10,0,0.0,70.0,synthetic
VIS_02072,37,adult,Лекция,11,2,3.0,100.0,synthetic
VIS_02073,33,adult,Лекция,4,0,0.0,28.0,synthetic
VIS_02074,18,young,Выставка,1,0,0.0,7.0,synthetic
VIS_02075,38,adult,Лекция,8,2,3.5,83.5,synthetic
VIS_02076,27,young,Лекция,1,0,0.0,7.0,synthetic
VIS_02077,18,young,Мастер-класс,1,0,0.0,7.0,synthetic
VIS_02078,38,adult,Выставка,3,0,0.0,21.0,synthetic
VIS_02079,36,adult,Мастер-класс,2,0,0.0,14.0,synthetic
VIS_02080,32,adult,Творческая встреча,6,0,0.0,42.0,synthetic
VIS_02081,41,adult,Мастер-класс,1,0,0.0,7.0,synthetic
VIS_02082,51,mature,Выставка,2,0,0.0,14.0,synthetic
VIS_02083,43,adult,Лекция,3,1,3.0,41.0,synthetic
VIS_02084,39,adult,Выставка,2,1,5.0,44.0,synthetic
VIS_02085,38,adult,Выставка,7,1,3.0,69.0,synthetic
VIS_02086,62,senior,Творческая встреча,1,0,0.0,7.0,synthetic
VIS_02087,57,mature,Выставка,4,0,0.0,28.0,synthetic
VIS_02088,37,adult,Творческая встреча,8,0,0.0,56.0,synthetic
VIS_02089,54,mature,Лекция,3,0,0.0,21.0,synthetic
VIS_02090,28,young,Выставка,3,0,0.0,21.0,synthetic
VIS_02091,18,young,Творческая встреча,1,0,0.0,7.0,synthetic
VIS_02092,35,adult,Лекция,1,0,0.0,7.0,synthetic
VIS_02093,50,mature,Выставка,1,1,3.0,27.0,synthetic
VIS_02094,34,adult,Мастер-класс,4,2,4.0,58.0,synthetic
VIS_02095,58,mature,Творческая встреча,1,0,0.0,7.0,synthetic
VIS_02096,50,mature,Выставка,1,0,0.0,7.0,synthetic
VIS_02097,53,mature,Лекция,1,0,0.0,7.0,synthetic
VIS_02098,50,mature,Выставка,3,0,0.0,21.0,synthetic
VIS_02099,40,adult,Лекция,4,0,0.0,28.0,synthetic
VIS_02100,23,young,Лекция,3,2,4.5,53.5,synthetic
VIS_02101,27,young,Лекция,4,1,5.0,58.0,synthetic
VIS_02102,24,young,Мастер-класс,6,2,4.0,72.0,synthetic
VIS_02103,46,mature,Творческая встреча,5,0,0.0,35.0,synthetic
VIS_02104,57,mature,Лекция,6,0,0.0,42.0,synthetic
VIS_02105,52,mature,Лекция,1,1,2.0,22.0,synthetic
VIS_02106,57,mature,Лекция,2,0,0.0,14.0,synthetic
VIS_02107,44,adult,Лекция,1,0,0.0,7.0,synthetic
VIS_02108,28,young,Выставка,3,1,4.0,46.0,synthetic
VIS_02109,43,adult,Лекция,1,1,1.0,17.0,synthetic
VIS_02110,60,senior,Выставка,2,0,0.0,14.0,synthetic
VIS_02111,40,adult,Мастер-класс,5,0,0.0,35.0,synthetic
VIS_02112,55,mature,Творческая встреча,1,0,0.0,7.0,synthetic
VIS_02113,51,mature,Мастер-класс,1,1,5.0,37.0,synthetic
VIS_02114,30,adult,Выставка,4,0,0.0,28.0,synthetic
VIS_02115,16,school,Мастер-класс,1,0,0.0,7.0,synthetic
VIS_02116,44,adult,Творческая встреча,7,1,3.0,69.0,synthetic
VIS_02117,35,adult,Лекция,7,2,5.0,84.0,synthetic
VIS_02118,48,mature,Творческая встреча,4,1,3.0,48.0,synthetic
VIS_02119,39,adult,Выставка,2,1,5.0,44.0,synthetic
VIS_02120,33,adult,Творческая встреча,1,1,5.0,37.0,synthetic
VIS_02121,20,young,Лекция,1,0,0.0,7.0,synthetic
VIS_02122,40,adult,Концерт,1,0,0.0,7.0,synthetic
VIS_02123,70,senior,Выставка,1,1,5.0,37.0,synthetic
VIS_02124,38,adult,Творческая встреча,7,3,3.33,80.6,synthetic
VIS_02125,55,mature,Выставка,2,0,0.0,14.0,synthetic
VIS_02126,53,mature,Лекция,3,1,3.0,41.0,synthetic
VIS_02127,44,adult,Мастер-класс,1,1,5.0,37.0,synthetic
VIS_02128,55,mature,Мастер-класс,1,0,0.0,7.0,synthetic
VIS_02129,35,adult,Творческая встреча,3,1,4.0,46.0,synthetic
VIS_02130,36,adult,Выставка,5,1,3.0,55.0,synthetic
VIS_02131,35,adult,Лекция,2,1,3.0,34.0,synthetic
VIS_02132,52,mature,Концерт,2,1,3.0,34.0,synthetic
VIS_02133,46,mature,Мастер-класс,1,1,5.0,37.0,synthetic
VIS_02134,28,young,Творческая встреча,1,1,5.0,37.0,synthetic
VIS_02135,43,adult,Лекция,2,0,0.0,14.0,synthetic
VIS_02136,50,mature,Лекция,2,0,0.0,14.0,synthetic
VIS_02137,30,adult,Концерт,7,4,3.75,87.8,synthetic
VIS_02138,46,mature,Лекция,8,1,3.0,76.0,synthetic
VIS_02139,27,young,Выставка,1,0,0.0,7.0,synthetic
VIS_02140,17,school,Выставка,1,0,0.0,7.0,synthetic
VIS_02141,37,adult,Лекция,5,2,5.0,70.0,synthetic
VIS_02142,41,adult,Творческая встреча,1,0,0.0,7.0,synthetic
VIS_02143,48,mature,Выставка,1,0,0.0,7.0,synthetic
VIS_02144,43,adult,Творческая встреча,5,1,3.0,55.0,synthetic
VIS_02145,42,adult,Мастер-класс,1,0,0.0,7.0,synthetic
VIS_02146,42,adult,Творческая встреча,3,0,0.0,21.0,synthetic
VIS_02147,35,adult,Творческая встреча,1,0,0.0,7.0,synthetic
VIS_02148,42,adult,Лекция,2,0,0.0,14.0,synthetic
VIS_02149,40,adult,Творческая встреча,1,0,0.0,7.0,synthetic
VIS_02150,37,adult,Лекция,7,1,5.0,79.0,synthetic
VIS_02151,53,mature,Концерт,1,0,0.0,7.0,synthetic
VIS_02152,19,young,Лекция,1,0,0.0,7.0,synthetic
VIS_02153,57,mature,Концерт,1,1,5.0,37.0,synthetic
VIS_02154,21,young,Творческая встреча,3,0,0.0,21.0,synthetic
VIS_02155,31,adult,Лекция,1,0,0.0,7.0,synthetic
VIS_02156,32,adult,Творческая встреча,3,0,0.0,21.0,synthetic
VIS_02157,41,adult,Лекция,4,1,3.0,48.0,synthetic
VIS_02158,30,adult,Лекция,2,0,0.0,14.0,synthetic
VIS_02159,14,school,Выставка,1,0,0.0,7.0,synthetic
VIS_02160,46,mature,Творческая встреча,6,2,4.5,74.5,synthetic
VIS_02161,40,adult,Лекция,1,0,0.0,7.0,synthetic
VIS_02162,36,adult,Лекция,1,0,0.0,7.0,synthetic
VIS_02163,20,young,Концерт,1,0,0.0,7.0,synthetic
VIS_02164,33,adult,Лекция,2,0,0.0,14.0,synthetic
VIS_02165,23,young,Выставка,3,1,3.0,41.0,synthetic
VIS_02166,31,adult,Лекция,1,0,0.0,7.0,synthetic
VIS_02167,44,adult,Лекция,1,0,0.0,7.0,synthetic
VIS_02168,61,senior,Лекция,2,0,0.0,14.0,synthetic
VIS_02169,55,mature,Мастер-класс,1,0,0.0,7.0,synthetic
VIS_02170,37,adult,Выставка,9,0,0.0,63.0,synthetic
VIS_02171,43,adult,Лекция,6,4,4.25,83.2,synthetic
VIS_02172,25,young,Мастер-класс,8,1,2.0,71.0,synthetic
VIS_02173,47,mature,Творческая встреча,4,3,4.0,63.0,synthetic
VIS_02174,43,adult,Выставка,2,0,0.0,14.0,synthetic
VIS_02175,51,mature,Выставка,3,0,0.0,21.0,synthetic
VIS_02176,66,senior,Выставка,1,0,0.0,7.0,synthetic
VIS_02177,37,adult,Мастер-класс,1,0,0.0,7.0,synthetic
VIS_02178,53,mature,Мастер-класс,1,0,0.0,7.0,synthetic
VIS_02179,57,mature,Концерт,3,1,3.0,41.0,synthetic
VIS_02180,37,adult,Творческая встреча,5,0,0.0,35.0,synthetic
VIS_02181,46,mature,Творческая встреча,6,0,0.0,42.0,synthetic
VIS_02182,44,adult,Лекция,5,4,2.75,68.8,synthetic
VIS_02183,51,mature,Лекция,2,0,0.0,14.0,synthetic
VIS_02184,39,adult,Творческая встреча,4,0,0.0,28.0,synthetic
VIS_02185,53,mature,Лекция,3,1,5.0,51.0,synthetic
VIS_02186,42,adult,Лекция,2,0,0.0,14.0,synthetic
VIS_02187,38,adult,Мастер-класс,1,0,0.0,7.0,synthetic
VIS_02188,27,young,Лекция,2,0,0.0,14.0,synthetic
VIS_02189,29,young,Творческая встреча,1,0,0.0,7.0,synthetic
VIS_02190,39,adult,Творческая встреча,4,2,4.5,60.5,synthetic
VIS_02191,38,adult,Лекция,7,3,4.0,84.0,synthetic
VIS_02192,21,young,Лекция,1,1,4.0,32.0,synthetic
VIS_02193,38,adult,Лекция,4,0,0.0,28.0,synthetic
VIS_02194,35,adult,Творческая встреча,1,0,0.0,7.0,synthetic
VIS_02195,52,mature,Концерт,2,0,0.0,14.0,synthetic
VIS_02196,49,mature,Творческая встреча,3,1,5.0,51.0,synthetic
VIS_02197,29,young,Выставка,7,1,2.0,64.0,synthetic
VIS_02198,16,school,Лекция,1,0,0.0,7.0,synthetic
VIS_02199,33,adult,Творческая встреча,1,0,0.0,7.0,synthetic
VIS_02200,29,young,Творческая встреча,1,1,4.0,32.0,synthetic
VIS_02201,30,adult,Лекция,5,2,4.5,67.5,synthetic
VIS_02202,16,school,Концерт,1,0,0.0,7.0,synthetic
VIS_02203,36,adult,Выставка,2,1,4.0,39.0,synthetic
VIS_02204,14,school,Мастер-класс,1,0,0.0,7.0,synthetic
VIS_02205,31,adult,Лекция,4,1,3.0,48.0,synthetic
VIS_02206,22,young,Концерт,1,0,0.0,7.0,synthetic
VIS_02207,22,young,Лекция,2,0,0.0,14.0,synthetic
VIS_02208,33,adult,Концерт,3,1,5.0,51.0,synthetic
VIS_02209,55,mature,Выставка,3,1,3.0,41.0,synthetic
VIS_02210,36,adult,Лекция,6,2,3.0,67.0,synthetic
VIS_02211,29,young,Лекция,1,0,0.0,7.0,synthetic
VIS_02212,34,adult,Мастер-класс,10,1,5.0,100.0,synthetic
VIS_02213,36,adult,Лекция,1,0,0.0,7.0,synthetic
VIS_02214,47,mature,Мастер-класс,4,0,0.0,28.0,synthetic
VIS_02215,40,adult,Лекция,6,0,0.0,42.0,synthetic
VIS_02216,33,adult,Мастер-класс,2,0,0.0,14.0,synthetic
VIS_02217,60,senior,Лекция,1,0,0.0,7.0,synthetic
VIS_02218,33,adult,Лекция,1,0,0.0,7.0,synthetic
VIS_02219,38,adult,Выставка,7,0,0.0,49.0,synthetic
VIS_02220,49,mature,Лекция,1,0,0.0,7.0,synthetic
VIS_02221,37,adult,Лекция,2,0,0.0,14.0,synthetic
VIS_02222,34,adult,Лекция,2,0,0.0,14.0,synthetic
VIS_02223,14,school,Выставка,1,0,0.0,7.0,synthetic
VIS_02224,51,mature,Творческая встреча,4,0,0.0,28.0,synthetic
VIS_02225,30,adult,Выставка,4,3,3.33,59.6,synthetic
VIS_02226,23,young,Мастер-класс,3,0,0.0,21.0,synthetic
VIS_02227,36,adult,Лекция,7,1,5.0,79.0,synthetic
VIS_02228,42,adult,Выставка,4,2,3.0,53.0,synthetic
VIS_02229,16,school,Творческая встреча,1,0,0.0,7.0,synthetic
VIS_02230,45,mature,Лекция,7,1,3.0,69.0,synthetic
VIS_02231,64,senior,Лекция,1,1,3.0,27.0,synthetic
VIS_02232,58,mature,Выставка,6,1,5.0,72.0,synthetic
VIS_02233,34,adult,Лекция,6,2,3.0,67.0,synthetic
VIS_02234,42,adult,Творческая встреча,2,0,0.0,14.0,synthetic
VIS_02235,39,adult,Выставка,2,0,0.0,14.0,synthetic
VIS_02236,35,adult,Лекция,5,2,4.5,67.5,synthetic
VIS_02237,25,young,Творческая встреча,6,1,5.0,72.0,synthetic
VIS_02238,14,school,Выставка,1,0,0.0,7.0,synthetic
VIS_02239,21,young,Выставка,3,0,0.0,21.0,synthetic
VIS_02240,47,mature,Выставка,1,0,0.0,7.0,synthetic
VIS_02241,42,adult,Концерт,1,0,0.0,7.0,synthetic
VIS_02242,57,mature,Лекция,1,0,0.0,7.0,synthetic
VIS_02243,49,mature,Мастер-класс,1,0,0.0,7.0,synthetic
VIS_02244,41,adult,Выставка,4,0,0.0,28.0,synthetic
VIS_02245,26,young,Лекция,1,0,0.0,7.0,synthetic
VIS_02246,46,mature,Лекция,3,0,0.0,21.0,synthetic
VIS_02247,46,mature,Лекция,1,0,0.0,7.0,synthetic
VIS_02248,36,adult,Выставка,3,0,0.0,21.0,synthetic
VIS_02249,35,adult,Концерт,3,1,5.0,51.0,synthetic
VIS_02250,14,school,Выставка,1,0,0.0,7.0,synthetic
VIS_02251,24,young,Мастер-класс,1,0,0.0,7.0,synthetic
VIS_02252,47,mature,Лекция,2,0,0.0,14.0,synthetic
VIS_02253,51,mature,Выставка,1,0,0.0,7.0,synthetic
VIS_02254,36,adult,Лекция,5,1,5.0,65.0,synthetic
VIS_02255,55,mature,Концерт,1,0,0.0,7.0,synthetic
VIS_02256,39,adult,Выставка,7,0,0.0,49.0,synthetic
VIS_02257,42,adult,Лекция,1,0,0.0,7.0,synthetic
VIS_02258,18,young,Лекция,1,0,0.0,7.0,synthetic
VIS_02259,53,mature,Концерт,4,0,0.0,28.0,synthetic
VIS_02260,42,adult,Мастер-класс,7,2,4.0,79.0,synthetic
VIS_02261,22,young,Концерт,2,0,0.0,14.0,synthetic
VIS_02262,24,young,Выставка,1,0,0.0,7.0,synthetic
VIS_02263,56,mature,Творческая встреча,3,2,5.0,56.0,synthetic
VIS_02264,53,mature,Лекция,3,0,0.0,21.0,synthetic
VIS_02265,52,mature,Выставка,1,0,0.0,7.0,synthetic
VIS_02266,30,adult,Лекция,6,0,0.0,42.0,synthetic
VIS_02267,51,mature,Выставка,5,0,0.0,35.0,synthetic
VIS_02268,58,mature,Лекция,4,2,4.0,58.0,synthetic
VIS_02269,65,senior,Творческая встреча,1,0,0.0,7.0,synthetic
VIS_02270,39,adult,Лекция,5,1,5.0,65.0,synthetic
VIS_02271,39,adult,Творческая встреча,7,1,5.0,79.0,synthetic
VIS_02272,47,mature,Лекция,4,3,2.67,56.4,synthetic
VIS_02273,39,adult,Выставка,2,0,0.0,14.0,synthetic
VIS_02274,55,mature,Лекция,2,1,3.0,34.0,synthetic
VIS_02275,53,mature,Творческая встреча,3,3,4.33,57.6,synthetic
VIS_02276,52,mature,Выставка,2,1,3.0,34.0,synthetic
VIS_02277,42,adult,Творческая встреча,2,0,0.0,14.0,synthetic
VIS_02278,59,mature,Выставка,1,0,0.0,7.0,synthetic
VIS_02279,33,adult,Лекция,5,0,0.0,35.0,synthetic
VIS_02280,34,adult,Лекция,2,0,0.0,14.0,synthetic
VIS_02281,36,adult,Выставка,2,0,0.0,14.0,synthetic
VIS_02282,49,mature,Лекция,1,0,0.0,7.0,synthetic
VIS_02283,27,young,Выставка,2,0,0.0,14.0,synthetic
VIS_02284,36,adult,Мастер-класс,4,1,4.0,53.0,synthetic
VIS_02285,44,adult,Творческая встреча,1,0,0.0,7.0,synthetic
VIS_02286,21,young,Выставка,3,0,0.0,21.0,synthetic
VIS_02287,27,young,Творческая встреча,1,0,0.0,7.0,synthetic
VIS_02288,28,young,Выставка,4,1,5.0,58.0,synthetic
VIS_02289,53,mature,Лекция,1,0,0.0,7.0,synthetic
VIS_02290,30,adult,Выставка,2,0,0.0,14.0,synthetic
VIS_02291,40,adult,Выставка,3,0,0.0,21.0,synthetic
VIS_02292,22,young,Мастер-класс,2,0,0.0,14.0,synthetic
VIS_02293,36,adult,Лекция,6,0,0.0,42.0,synthetic
VIS_02294,60,senior,Лекция,5,0,0.0,35.0,synthetic
VIS_02295,36,adult,Лекция,5,0,0.0,35.0,synthetic
VIS_02296,36,adult,Концерт,4,0,0.0,28.0,synthetic
VIS_02297,41,adult,Концерт,8,1,5.0,86.0,synthetic
VIS_02298,46,mature,Выставка,3,1,4.0,46.0,synthetic
VIS_02299,29,young,Выставка,3,0,0.0,21.0,synthetic
VIS_02300,35,adult,Творческая встреча,1,0,0.0,7.0,synthetic
VIS_02301,21,young,Лекция,1,0,0.0,7.0,synthetic
VIS_02302,55,mature,Лекция,1,0,0.0,7.0,synthetic
VIS_02303,16,school,Выставка,3,3,3.33,52.6,synthetic
VIS_02304,29,young,Мастер-класс,1,0,0.0,7.0,synthetic
VIS_02305,49,mature,Творческая встреча,1,0,0.0,7.0,synthetic
VIS_02306,55,mature,Мастер-класс,1,0,0.0,7.0,synthetic
VIS_02307,36,adult,Творческая встреча,2,1,5.0,44.0,synthetic
VIS_02308,51,mature,Лекция,8,2,4.5,88.5,synthetic
VIS_02309,34,adult,Выставка,6,1,5.0,72.0,synthetic
VIS_02310,19,young,Выставка,3,1,5.0,51.0,synthetic
VIS_02311,26,young,Мастер-класс,1,0,0.0,7.0,synthetic
VIS_02312,21,young,Лекция,1,1,4.0,32.0,synthetic
VIS_02313,50,mature,Концерт,7,1,5.0,79.0,synthetic
VIS_02314,48,mature,Выставка,1,0,0.0,7.0,synthetic
VIS_02315,59,mature,Лекция,5,0,0.0,35.0,synthetic
VIS_02316,19,young,Лекция,1,0,0.0,7.0,synthetic
VIS_02317,30,adult,Концерт,1,0,0.0,7.0,synthetic
VIS_02318,31,adult,Творческая встреча,5,1,4.0,60.0,synthetic
VIS_02319,35,adult,Лекция,2,2,3.0,39.0,synthetic
VIS_02320,18,young,Лекция,1,1,4.0,32.0,synthetic
VIS_02321,55,mature,Мастер-класс,1,1,3.0,27.0,synthetic
VIS_02322,57,mature,Творческая встреча,1,1,5.0,37.0,synthetic
VIS_02323,38,adult,Концерт,5,0,0.0,35.0,synthetic
VIS_02324,45,mature,Творческая встреча,4,0,0.0,28.0,synthetic
VIS_02325,38,adult,Выставка,6,3,4.33,78.6,synthetic
VIS_02326,39,adult,Творческая встреча,8,3,3.33,87.6,synthetic
VIS_02327,43,adult,Мастер-класс,1,0,0.0,7.0,synthetic
VIS_02328,30,adult,Лекция,7,0,0.0,49.0,synthetic
VIS_02329,46,mature,Лекция,3,2,5.0,56.0,synthetic
VIS_02330,28,young,Лекция,6,2,4.5,74.5,synthetic
VIS_02331,27,young,Творческая встреча,1,0,0.0,7.0,synthetic
VIS_02332,49,mature,Творческая встреча,4,0,0.0,28.0,synthetic
VIS_02333,37,adult,Творческая встреча,4,1,3.0,48.0,synthetic
VIS_02334,19,young,Творческая встреча,1,0,0.0,7.0,synthetic
VIS_02335,31,adult,Лекция,3,1,5.0,51.0,synthetic
VIS_02336,37,adult,Мастер-класс,6,1,5.0,72.0,synthetic
VIS_02337,56,mature,Выставка,1,0,0.0,7.0,synthetic
VIS_02338,48,mature,Творческая встреча,1,1,3.0,27.0,synthetic
VIS_02339,47,mature,Мастер-класс,4,2,4.0,58.0,synthetic
VIS_02340,52,mature,Концерт,3,2,4.0,51.0,synthetic
VIS_02341,34,adult,Мастер-класс,4,0,0.0,28.0,synthetic
VIS_02342,40,adult,Выставка,4,1,3.0,48.0,synthetic
VIS_02343,41,adult,Лекция,3,1,4.0,46.0,synthetic
VIS_02344,48,mature,Выставка,2,1,2.0,29.0,synthetic
VIS_02345,32,adult,Лекция,1,0,0.0,7.0,synthetic
VIS_02346,52,mature,Творческая встреча,1,0,0.0,7.0,synthetic
VIS_02347,47,mature,Выставка,2,0,0.0,14.0,synthetic
VIS_02348,36,adult,Творческая встреча,4,0,0.0,28.0,synthetic
VIS_02349,45,mature,Мастер-класс,6,4,3.0,77.0,synthetic
VIS_02350,55,mature,Концерт,1,0,0.0,7.0,synthetic
VIS_02351,46,mature,Творческая встреча,1,0,0.0,7.0,synthetic
VIS_02352,42,adult,Мастер-класс,1,0,0.0,7.0,synthetic
VIS_02353,38,adult,Лекция,6,1,5.0,72.0,synthetic
VIS_02354,40,adult,Мастер-класс,2,0,0.0,14.0,synthetic
VIS_02355,53,mature,Выставка,1,0,0.0,7.0,synthetic
VIS_02356,51,mature,Творческая встреча,1,0,0.0,7.0,synthetic
VIS_02357,28,young,Лекция,2,0,0.0,14.0,synthetic
VIS_02358,39,adult,Творческая встреча,8,0,0.0,56.0,synthetic
VIS_02359,49,mature,Лекция,1,1,5.0,37.0,synthetic
VIS_02360,57,mature,Творческая встреча,4,0,0.0,28.0,synthetic
VIS_02361,37,adult,Лекция,1,0,0.0,7.0,synthetic
VIS_02362,46,mature,Выставка,2,0,0.0,14.0,synthetic
VIS_02363,26,young,Лекция,1,0,0.0,7.0,synthetic
VIS_02364,29,young,Лекция,3,1,4.0,46.0,synthetic
VIS_02365,32,adult,Выставка,3,2,4.5,53.5,synthetic
VIS_02366,43,adult,Творческая встреча,4,1,4.0,53.0,synthetic
VIS_02367,39,adult,Лекция,9,0,0.0,63.0,synthetic
VIS_02368,32,adult,Выставка,4,1,5.0,58.0,synthetic
VIS_02369,41,adult,Творческая встреча,1,0,0.0,7.0,synthetic
VIS_02370,52,mature,Лекция,6,0,0.0,42.0,synthetic
VIS_02371,50,mature,Лекция,4,0,0.0,28.0,synthetic
VIS_02372,53,mature,Творческая встреча,4,2,4.0,58.0,synthetic
VIS_02373,49,mature,Лекция,3,0,0.0,21.0,synthetic
VIS_02374,43,adult,Мастер-класс,6,3,4.0,77.0,synthetic
VIS_02375,21,young,Творческая встреча,1,1,5.0,37.0,synthetic
VIS_02376,59,mature,Лекция,1,0,0.0,7.0,synthetic
VIS_02377,49,mature,Выставка,6,1,4.0,67.0,synthetic
VIS_02378,27,young,Мастер-класс,3,1,3.0,41.0,synthetic
VIS_02379,61,senior,Лекция,1,0,0.0,7.0,synthetic
VIS_02380,64,senior,Лекция,1,0,0.0,7.0,synthetic
VIS_02381,44,adult,Творческая встреча,1,0,0.0,7.0,synthetic
VIS_02382,45,mature,Мастер-класс,1,1,5.0,37.0,synthetic
VIS_02383,41,adult,Творческая встреча,1,0,0.0,7.0,synthetic
VIS_02384,27,young,Концерт,1,0,0.0,7.0,synthetic
VIS_02385,28,young,Лекция,3,1,3.0,41.0,synthetic
VIS_02386,48,mature,Выставка,2,0,0.0,14.0,synthetic
VIS_02387,43,adult,Творческая встреча,1,0,0.0,7.0,synthetic
VIS_02388,20,young,Лекция,1,0,0.0,7.0,synthetic
VIS_02389,26,young,Лекция,2,0,0.0,14.0,synthetic
VIS_02390,42,adult,Концерт,1,0,0.0,7.0,synthetic
VIS_02391,40,adult,Лекция,7,0,0.0,49.0,synthetic
VIS_02392,28,young,Лекция,1,1,4.0,32.0,synthetic
VIS_02393,17,school,Мастер-класс,1,0,0.0,7.0,synthetic
VIS_02394,38,adult,Лекция,3,0,0.0,21.0,synthetic
VIS_02395,40,adult,Творческая встреча,14,2,3.0,100.0,synthetic
VIS_02396,52,mature,Мастер-класс,2,1,2.0,29.0,synthetic
VIS_02397,29,young,Мастер-класс,5,1,1.0,45.0,synthetic
VIS_02398,37,adult,Лекция,2,1,1.0,24.0,synthetic
VIS_02399,47,mature,Лекция,7,1,5.0,79.0,synthetic
VIS_02400,59,mature,Творческая встреча,1,0,0.0,7.0,synthetic
VIS_02401,31,adult,Мастер-класс,4,1,5.0,58.0,synthetic
VIS_02402,46,mature,Лекция,1,1,4.0,32.0,synthetic
VIS_02403,40,adult,Выставка,3,1,5.0,51.0,synthetic
VIS_02404,56,mature,Выставка,4,0,0.0,28.0,synthetic
VIS_02405,50,mature,Творческая встреча,1,0,0.0,7.0,synthetic
VIS_02406,38,adult,Творческая встреча,2,0,0.0,14.0,synthetic
VIS_02407,57,mature,Лекция,1,0,0.0,7.0,synthetic
VIS_02408,34,adult,Лекция,1,0,0.0,7.0,synthetic
VIS_02409,35,adult,Лекция,4,1,5.0,58.0,synthetic
VIS_02410,53,mature,Концерт,2,0,0.0,14.0,synthetic
VIS_02411,39,adult,Концерт,6,1,4.0,67.0,synthetic
VIS_02412,40,adult,Концерт,5,2,3.5,62.5,synthetic
VIS_02413,42,adult,Лекция,1,0,0.0,7.0,synthetic
VIS_02414,31,adult,Лекция,3,1,5.0,51.0,synthetic
VIS_02415,39,adult,Выставка,3,0,0.0,21.0,synthetic
VIS_02416,39,adult,Творческая встреча,1,0,0.0,7.0,synthetic
VIS_02417,38,adult,Лекция,2,0,0.0,14.0,synthetic
VIS_02418,39,adult,Лекция,1,0,0.0,7.0,synthetic
VIS_02419,26,young,Лекция,3,1,4.0,46.0,synthetic
VIS_02420,47,mature,Лекция,4,1,5.0,58.0,synthetic
VIS_02421,26,young,Творческая встреча,1,0,0.0,7.0,synthetic
VIS_02422,37,adult,Лекция,4,1,5.0,58.0,synthetic
VIS_02423,21,young,Лекция,2,1,4.0,39.0,synthetic
VIS_02424,31,adult,Лекция,8,2,4.5,88.5,synthetic
VIS_02425,39,adult,Лекция,5,0,0.0,35.0,synthetic
VIS_02426,30,adult,Мастер-класс,5,0,0.0,35.0,synthetic
VIS_02427,46,mature,Творческая встреча,4,1,4.0,53.0,synthetic
VIS_02428,63,senior,Лекция,1,1,5.0,37.0,synthetic
VIS_02429,47,mature,Лекция,1,0,0.0,7.0,synthetic
VIS_02430,53,mature,Творческая встреча,4,0,0.0,28.0,synthetic
VIS_02431,29,young,Выставка,1,0,0.0,7.0,synthetic
VIS_02432,38,adult,Лекция,1,1,5.0,37.0,synthetic
VIS_02433,29,young,Концерт,3,0,0.0,21.0,synthetic
VIS_02434,26,young,Выставка,5,1,2.0,50.0,synthetic
VIS_02435,43,adult,Творческая встреча,7,0,0.0,49.0,synthetic
VIS_02436,21,young,Лекция,3,0,0.0,21.0,synthetic
VIS_02437,20,young,Мастер-класс,1,1,5.0,37.0,synthetic
VIS_02438,24,young,Творческая встреча,1,0,0.0,7.0,synthetic
VIS_02439,44,adult,Выставка,2,0,0.0,14.0,synthetic
VIS_02440,31,adult,Лекция,1,0,0.0,7.0,synthetic
VIS_02441,32,adult,Мастер-класс,1,0,0.0,7.0,synthetic
VIS_02442,30,adult,Лекция,2,1,2.0,29.0,synthetic
VIS_02443,46,mature,Концерт,2,1,3.0,34.0,synthetic
VIS_02444,41,adult,Лекция,3,0,0.0,21.0,synthetic
VIS_02445,33,adult,Мастер-класс,1,0,0.0,7.0,synthetic
VIS_02446,46,mature,Мастер-класс,1,0,0.0,7.0,synthetic
VIS_02447,42,adult,Творческая встреча,1,0,0.0,7.0,synthetic
VIS_02448,55,mature,Выставка,1,0,0.0,7.0,synthetic
VIS_02449,11,school,Мастер-класс,1,0,0.0,7.0,synthetic
VIS_02450,33,adult,Творческая встреча,1,1,4.0,32.0,synthetic
VIS_02451,45,mature,Лекция,2,0,0.0,14.0,synthetic
VIS_02452,42,adult,Выставка,4,0,0.0,28.0,synthetic
VIS_02453,54,mature,Лекция,1,0,0.0,7.0,synthetic
VIS_02454,33,adult,Лекция,12,2,4.0,100.0,synthetic
VIS_02455,18,young,Концерт,2,1,2.0,29.0,synthetic
VIS_02456,21,young,Лекция,5,0,0.0,35.0,synthetic
VIS_02457,46,mature,Концерт,3,0,0.0,21.0,synthetic
VIS_02458,32,adult,Лекция,5,0,0.0,35.0,synthetic
VIS_02459,57,mature,Лекция,6,2,3.5,69.5,synthetic
VIS_02460,41,adult,Лекция,1,0,0.0,7.0,synthetic
VIS_02461,53,mature,Лекция,1,1,5.0,37.0,synthetic
VIS_02462,23,young,Лекция,3,0,0.0,21.0,synthetic
VIS_02463,35,adult,Мастер-класс,1,0,0.0,7.0,synthetic
VIS_02464,37,adult,Лекция,1,1,4.0,32.0,synthetic
VIS_02465,35,adult,Выставка,11,1,5.0,100.0,synthetic
VIS_02466,45,mature,Лекция,4,2,4.0,58.0,synthetic
VIS_02467,25,young,Творческая встреча,1,0,0.0,7.0,synthetic
VIS_02468,24,young,Мастер-класс,2,2,2.5,36.5,synthetic
VIS_02469,34,adult,Лекция,1,0,0.0,7.0,synthetic
VIS_02470,55,mature,Лекция,5,0,0.0,35.0,synthetic
VIS_02471,47,mature,Выставка,1,1,4.0,32.0,synthetic
VIS_02472,36,adult,Лекция,1,0,0.0,7.0,synthetic
VIS_02473,21,young,Мастер-класс,2,1,4.0,39.0,synthetic
VIS_02474,43,adult,Лекция,3,1,5.0,51.0,synthetic
VIS_02475,62,senior,Выставка,1,0,0.0,7.0,synthetic
VIS_02476,38,adult,Концерт,2,0,0.0,14.0,synthetic
VIS_02477,28,young,Творческая встреча,1,0,0.0,7.0,synthetic
VIS_02478,65,senior,Выставка,1,0,0.0,7.0,synthetic
VIS_02479,37,adult,Концерт,2,0,0.0,14.0,synthetic
VIS_02480,54,mature,Творческая встреча,3,1,5.0,51.0,synthetic
VIS_02481,54,mature,Лекция,3,0,0.0,21.0,synthetic
VIS_02482,40,adult,Мастер-класс,6,1,4.0,67.0,synthetic
VIS_02483,53,mature,Лекция,2,0,0.0,14.0,synthetic
VIS_02484,55,mature,Лекция,3,0,0.0,21.0,synthetic
VIS_02485,33,adult,Концерт,2,0,0.0,14.0,synthetic
VIS_02486,35,adult,Выставка,4,2,4.0,58.0,synthetic
VIS_02487,42,adult,Лекция,2,0,0.0,14.0,synthetic
VIS_02488,17,school,Лекция,3,0,0.0,21.0,synthetic
VIS_02489,60,senior,Выставка,1,0,0.0,7.0,synthetic
VIS_02490,60,senior,Лекция,1,0,0.0,7.0,synthetic
VIS_02491,41,adult,Концерт,6,0,0.0,42.0,synthetic
VIS_02492,38,adult,Лекция,5,3,4.67,73.4,synthetic
VIS_02493,21,young,Лекция,1,0,0.0,7.0,synthetic
VIS_02494,18,young,Лекция,5,1,4.0,60.0,synthetic
VIS_02495,54,mature,Концерт,5,0,0.0,35.0,synthetic
VIS_02496,38,adult,Творческая встреча,12,1,5.0,100.0,synthetic
VIS_02497,24,young,Выставка,7,2,4.5,81.5,synthetic
VIS_02498,17,school,Творческая встреча,1,0,0.0,7.0,synthetic
VIS_02499,36,adult,Концерт,6,0,0.0,42.0,synthetic
VIS_02500,37,adult,Творческая встреча,3,0,0.0,21.0,synthetic
VIS_02501,50,mature,Творческая встреча,4,3,4.67,66.4,synthetic
VIS_02502,26,young,Выставка,1,1,5.0,37.0,synthetic
VIS_02503,53,mature,Творческая встреча,5,1,5.0,65.0,synthetic
VIS_02504,35,adult,Лекция,18,2,5.0,100.0,synthetic
VIS_02505,45,mature,Творческая встреча,7,0,0.0,49.0,synthetic
VIS_02506,53,mature,Творческая встреча,5,2,4.0,65.0,synthetic
VIS_02507,40,adult,Творческая встреча,8,3,3.67,89.4,synthetic
VIS_02508,27,young,Выставка,1,0,0.0,7.0,synthetic
VIS_02509,23,young,Мастер-класс,1,0,0.0,7.0,synthetic
VIS_02510,23,young,Творческая встреча,1,0,0.0,7.0,synthetic
VIS_02511,35,adult,Выставка,2,1,4.0,39.0,synthetic
VIS_02512,40,adult,Лекция,2,1,4.0,39.0,synthetic
VIS_02513,29,young,Выставка,2,1,5.0,44.0,synthetic
VIS_02514,42,adult,Лекция,6,1,2.0,57.0,synthetic
VIS_02515,44,adult,Выставка,11,1,4.0,100.0,synthetic
VIS_02516,39,adult,Лекция,2,0,0.0,14.0,synthetic
VIS_02517,35,adult,Лекция,4,2,4.5,60.5,synthetic
VIS_02518,47,mature,Мастер-класс,2,1,2.0,29.0,synthetic
VIS_02519,28,young,Лекция,7,0,0.0,49.0,synthetic
VIS_02520,58,mature,Лекция,3,1,3.0,41.0,synthetic
VIS_02521,37,adult,Концерт,2,0,0.0,14.0,synthetic
VIS_02522,35,adult,Творческая встреча,1,0,0.0,7.0,synthetic
VIS_02523,42,adult,Лекция,4,2,4.0,58.0,synthetic
VIS_02524,50,mature,Лекция,3,0,0.0,21.0,synthetic
VIS_02525,64,senior,Творческая встреча,1,0,0.0,7.0,synthetic
VIS_02526,34,adult,Творческая встреча,3,2,5.0,56.0,synthetic
VIS_02527,38,adult,Концерт,3,0,0.0,21.0,synthetic
VIS_02528,41,adult,Концерт,4,1,2.0,43.0,synthetic
VIS_02529,54,mature,Лекция,1,0,0.0,7.0,synthetic
VIS_02530,45,mature,Творческая встреча,4,0,0.0,28.0,synthetic
VIS_02531,42,adult,Выставка,4,1,5.0,58.0,synthetic
VIS_02532,44,adult,Лекция,3,0,0.0,21.0,synthetic
VIS_02533,41,adult,Выставка,3,0,0.0,21.0,synthetic
VIS_02534,38,adult,Выставка,4,0,0.0,28.0,synthetic
VIS_02535,56,mature,Выставка,7,3,3.67,82.4,synthetic
VIS_02536,38,adult,Концерт,5,4,4.5,77.5,synthetic
VIS_02537,42,adult,Мастер-класс,1,0,0.0,7.0,synthetic
VIS_02538,35,adult,Творческая встреча,4,0,0.0,28.0,synthetic
VIS_02539,27,young,Творческая встреча,4,0,0.0,28.0,synthetic
VIS_02540,46,mature,Творческая встреча,1,0,0.0,7.0,synthetic
VIS_02541,23,young,Лекция,1,0,0.0,7.0,synthetic
VIS_02542,32,adult,Лекция,3,1,5.0,51.0,synthetic
VIS_02543,48,mature,Лекция,1,0,0.0,7.0,synthetic
VIS_02544,38,adult,Концерт,4,0,0.0,28.0,synthetic
VIS_02545,26,young,Лекция,4,1,3.0,48.0,synthetic
VIS_02546,33,adult,Лекция,6,1,3.0,62.0,synthetic
VIS_02547,33,adult,Лекция,3,0,0.0,21.0,synthetic
VIS_02548,32,adult,Мастер-класс,3,0,0.0,21.0,synthetic
VIS_02549,37,adult,Лекция,2,0,0.0,14.0,synthetic
VIS_02550,25,young,Мастер-класс,2,1,4.0,39.0,synthetic
VIS_02551,18,young,Творческая встреча,1,1,2.0,22.0,synthetic
VIS_02552,56,mature,Выставка,3,0,0.0,21.0,synthetic
VIS_02553,16,school,Творческая встреча,1,0,0.0,7.0,synthetic
VIS_02554,58,mature,Лекция,1,0,0.0,7.0,synthetic
VIS_02555,44,adult,Концерт,1,1,3.0,27.0,synthetic
VIS_02556,22,young,Концерт,1,0,0.0,7.0,synthetic
VIS_02557,36,adult,Выставка,2,0,0.0,14.0,synthetic
VIS_02558,33,adult,Лекция,3,0,0.0,21.0,synthetic
VIS_02559,40,adult,Лекция,2,1,3.0,34.0,synthetic
VIS_02560,27,young,Лекция,3,0,0.0,21.0,synthetic
VIS_02561,14,school,Мастер-класс,1,0,0.0,7.0,synthetic
VIS_02562,32,adult,Мастер-класс,1,0,0.0,7.0,synthetic
VIS_02563,25,young,Лекция,1,1,4.0,32.0,synthetic
VIS_02564,36,adult,Концерт,4,2,4.0,58.0,synthetic
VIS_02565,36,adult,Лекция,4,1,3.0,48.0,synthetic
VIS_02566,26,young,Лекция,10,3,4.33,100.0,synthetic
VIS_02567,13,school,Мастер-класс,1,1,4.0,32.0,synthetic
VIS_02568,58,mature,Лекция,1,0,0.0,7.0,synthetic
VIS_02569,63,senior,Творческая встреча,1,0,0.0,7.0,synthetic
VIS_02570,30,adult,Лекция,6,1,4.0,67.0,synthetic
VIS_02571,31,adult,Лекция,1,0,0.0,7.0,synthetic
VIS_02572,47,mature,Мастер-класс,2,0,0.0,14.0,synthetic
VIS_02573,25,young,Творческая встреча,1,0,0.0,7.0,synthetic
VIS_02574,48,mature,Лекция,6,1,4.0,67.0,synthetic
VIS_02575,19,young,Лекция,1,0,0.0,7.0,synthetic
VIS_02576,53,mature,Лекция,5,2,4.0,65.0,synthetic
VIS_02577,30,adult,Выставка,3,1,4.0,46.0,synthetic
VIS_02578,36,adult,Творческая встреча,3,0,0.0,21.0,synthetic
VIS_02579,32,adult,Концерт,1,0,0.0,7.0,synthetic
VIS_02580,48,mature,Лекция,5,0,0.0,35.0,synthetic
VIS_02581,48,mature,Лекция,6,0,0.0,42.0,synthetic
VIS_02582,41,adult,Выставка,6,0,0.0,42.0,synthetic
VIS_02583,44,adult,Лекция,3,0,0.0,21.0,synthetic
VIS_02584,22,young,Лекция,1,0,0.0,7.0,synthetic
VIS_02585,46,mature,Концерт,2,1,4.0,39.0,synthetic
VIS_02586,40,adult,Лекция,5,1,5.0,65.0,synthetic
VIS_02587,64,senior,Выставка,3,0,0.0,21.0,synthetic
VIS_02588,41,adult,Концерт,1,0,0.0,7.0,synthetic
VIS_02589,39,adult,Творческая встреча,3,1,3.0,41.0,synthetic
VIS_02590,35,adult,Творческая встреча,2,0,0.0,14.0,synthetic
VIS_02591,57,mature,Лекция,1,0,0.0,7.0,synthetic
VIS_02592,45,mature,Выставка,2,1,4.0,39.0,synthetic
VIS_02593,48,mature,Лекция,4,2,4.0,58.0,synthetic
VIS_02594,22,young,Концерт,1,0,0.0,7.0,synthetic
VIS_02595,48,mature,Мастер-класс,3,1,5.0,51.0,synthetic
VIS_02596,39,adult,Выставка,8,1,4.0,81.0,synthetic
VIS_02597,50,mature,Концерт,1,0,0.0,7.0,synthetic
VIS_02598,35,adult,Выставка,1,0,0.0,7.0,synthetic
VIS_02599,61,senior,Выставка,3,1,5.0,51.0,synthetic
VIS_02600,36,adult,Мастер-класс,2,0,0.0,14.0,synthetic
VIS_02601,16,school,Выставка,1,0,0.0,7.0,synthetic
VIS_02602,15,school,Мастер-класс,1,0,0.0,7.0,synthetic
VIS_02603,43,adult,Концерт,4,0,0.0,28.0,synthetic
VIS_02604,44,adult,Мастер-класс,1,0,0.0,7.0,synthetic
VIS_02605,62,senior,Творческая встреча,1,0,0.0,7.0,synthetic
VIS_02606,35,adult,Творческая встреча,11,2,5.0,100.0,synthetic
VIS_02607,42,adult,Мастер-класс,1,0,0.0,7.0,synthetic
VIS_02608,47,mature,Лекция,1,0,0.0,7.0,synthetic
VIS_02609,27,young,Творческая встреча,1,0,0.0,7.0,synthetic
VIS_02610,51,mature,Мастер-класс,1,0,0.0,7.0,synthetic
VIS_02611,47,mature,Лекция,4,1,3.0,48.0,synthetic
VIS_02612,19,young,Мастер-класс,1,0,0.0,7.0,synthetic
VIS_02613,35,adult,Выставка,1,0,0.0,7.0,synthetic
VIS_02614,16,school,Лекция,1,0,0.0,7.0,synthetic
VIS_02615,23,young,Концерт,1,0,0.0,7.0,synthetic
VIS_02616,20,young,Выставка,1,0,0.0,7.0,synthetic
VIS_02617,35,adult,Творческая встреча,1,0,0.0,7.0,synthetic
VIS_02618,27,young,Творческая встреча,1,0,0.0,7.0,synthetic
VIS_02619,58,mature,Концерт,1,0,0.0,7.0,synthetic
VIS_02620,16,school,Выставка,1,1,5.0,37.0,synthetic
VIS_02621,42,adult,Мастер-класс,6,1,5.0,72.0,synthetic
VIS_02622,44,adult,Лекция,5,0,0.0,35.0,synthetic
VIS_02623,52,mature,Выставка,2,0,0.0,14.0,synthetic
VIS_02624,41,adult,Лекция,7,0,0.0,49.0,synthetic
VIS_02625,49,mature,Выставка,1,0,0.0,7.0,synthetic
VIS_02626,47,mature,Мастер-класс,8,1,5.0,86.0,synthetic
VIS_02627,49,mature,Мастер-класс,1,0,0.0,7.0,synthetic
VIS_02628,44,adult,Творческая встреча,4,0,0.0,28.0,synthetic
VIS_02629,34,adult,Лекция,3,0,0.0,21.0,synthetic
VIS_02630,44,adult,Лекция,1,0,0.0,7.0,synthetic
VIS_02631,59,mature,Выставка,1,0,0.0,7.0,synthetic
VIS_02632,65,senior,Выставка,1,1,3.0,27.0,synthetic
VIS_02633,31,adult,Мастер-класс,2,1,5.0,44.0,synthetic
VIS_02634,59,mature,Лекция,3,0,0.0,21.0,synthetic
VIS_02635,43,adult,Лекция,10,2,4.0,100.0,synthetic
VIS_02636,35,adult,Выставка,5,2,4.5,67.5,synthetic
VIS_02637,24,young,Творческая встреча,1,0,0.0,7.0,synthetic
VIS_02638,64,senior,Лекция,1,0,0.0,7.0,synthetic
VIS_02639,24,young,Выставка,2,0,0.0,14.0,synthetic
VIS_02640,43,adult,Творческая встреча,7,1,2.0,64.0,synthetic
VIS_02641,12,school,Мастер-класс,1,1,4.0,32.0,synthetic
VIS_02642,44,adult,Лекция,4,0,0.0,28.0,synthetic
VIS_02643,44,adult,Творческая встреча,1,1,4.0,32.0,synthetic
VIS_02644,39,adult,Мастер-класс,2,0,0.0,14.0,synthetic
VIS_02645,33,adult,Выставка,9,0,0.0,63.0,synthetic
VIS_02646,43,adult,Выставка,8,1,5.0,86.0,synthetic
VIS_02647,45,mature,Концерт,2,0,0.0,14.0,synthetic
VIS_02648,38,adult,Выставка,1,0,0.0,7.0,synthetic
VIS_02649,41,adult,Выставка,1,0,0.0,7.0,synthetic
VIS_02650,45,mature,Лекция,1,0,0.0,7.0,synthetic
VIS_02651,46,mature,Творческая встреча,5,1,5.0,65.0,synthetic
VIS_02652,43,adult,Мастер-класс,1,0,0.0,7.0,synthetic
VIS_02653,31,adult,Лекция,3,1,5.0,51.0,synthetic
VIS_02654,48,mature,Выставка,1,0,0.0,7.0,synthetic
VIS_02655,37,adult,Лекция,4,1,3.0,48.0,synthetic
VIS_02656,35,adult,Лекция,2,0,0.0,14.0,synthetic
VIS_02657,44,adult,Творческая встреча,1,0,0.0,7.0,synthetic
VIS_02658,27,young,Лекция,1,0,0.0,7.0,synthetic
VIS_02659,30,adult,Лекция,2,0,0.0,14.0,synthetic
VIS_02660,47,mature,Лекция,5,1,4.0,60.0,synthetic
VIS_02661,26,young,Лекция,1,0,0.0,7.0,synthetic
VIS_02662,41,adult,Мастер-класс,5,1,4.0,60.0,synthetic
VIS_02663,24,young,Лекция,4,0,0.0,28.0,synthetic
VIS_02664,52,mature,Творческая встреча,1,0,0.0,7.0,synthetic
VIS_02665,45,mature,Концерт,1,0,0.0,7.0,synthetic
VIS_02666,26,young,Мастер-класс,1,1,2.0,22.0,synthetic
VIS_02667,44,adult,Лекция,6,1,3.0,62.0,synthetic
VIS_02668,38,adult,Творческая встреча,4,1,5.0,58.0,synthetic
VIS_02669,32,adult,Мастер-класс,1,1,1.0,17.0,synthetic
VIS_02670,37,adult,Творческая встреча,3,1,5.0,51.0,synthetic
VIS_02671,37,adult,Выставка,4,1,4.0,53.0,synthetic
VIS_02672,33,adult,Мастер-класс,4,0,0.0,28.0,synthetic
VIS_02673,52,mature,Лекция,1,0,0.0,7.0,synthetic
VIS_02674,37,adult,Выставка,3,1,4.0,46.0,synthetic
VIS_02675,57,mature,Лекция,1,0,0.0,7.0,synthetic
VIS_02676,57,mature,Творческая встреча,1,0,0.0,7.0,synthetic
VIS_02677,65,senior,Творческая встреча,1,0,0.0,7.0,synthetic
VIS_02678,63,senior,Лекция,1,0,0.0,7.0,synthetic
VIS_02679,17,school,Творческая встреча,1,0,0.0,7.0,synthetic
VIS_02680,35,adult,Концерт,1,0,0.0,7.0,synthetic
VIS_02681,37,adult,Выставка,2,0,0.0,14.0,synthetic
VIS_02682,40,adult,Творческая встреча,5,1,3.0,55.0,synthetic
VIS_02683,44,adult,Лекция,6,1,5.0,72.0,synthetic
VIS_02684,41,adult,Творческая встреча,1,1,5.0,37.0,synthetic
VIS_02685,50,mature,Лекция,2,0,0.0,14.0,synthetic
VIS_02686,50,mature,Выставка,1,0,0.0,7.0,synthetic
VIS_02687,46,mature,Выставка,3,1,3.0,41.0,synthetic
VIS_02688,30,adult,Концерт,8,1,3.0,76.0,synthetic
VIS_02689,35,adult,Творческая встреча,7,0,0.0,49.0,synthetic
VIS_02690,30,adult,Лекция,2,1,5.0,44.0,synthetic
VIS_02691,29,young,Выставка,2,1,5.0,44.0,synthetic
VIS_02692,38,adult,Лекция,6,1,5.0,72.0,synthetic
VIS_02693,27,young,Творческая встреча,3,1,4.0,46.0,synthetic
VIS_02694,30,adult,Лекция,3,1,4.0,46.0,synthetic
VIS_02695,38,adult,Творческая встреча,1,0,0.0,7.0,synthetic
VIS_02696,56,mature,Творческая встреча,1,1,4.0,32.0,synthetic
VIS_02697,43,adult,Лекция,1,0,0.0,7.0,synthetic
VIS_02698,33,adult,Мастер-класс,8,2,4.0,86.0,synthetic
VIS_02699,43,adult,Мастер-класс,9,0,0.0,63.0,synthetic
VIS_02700,33,adult,Лекция,2,0,0.0,14.0,synthetic
VIS_02701,44,adult,Творческая встреча,3,0,0.0,21.0,synthetic
VIS_02702,46,mature,Лекция,3,0,0.0,21.0,synthetic
VIS_02703,50,mature,Мастер-класс,5,1,5.0,65.0,synthetic
VIS_02704,23,young,Лекция,1,0,0.0,7.0,synthetic
VIS_02705,46,mature,Концерт,3,0,0.0,21.0,synthetic
VIS_02706,50,mature,Мастер-класс,1,0,0.0,7.0,synthetic
VIS_02707,44,adult,Выставка,2,0,0.0,14.0,synthetic
VIS_02708,34,adult,Лекция,2,1,5.0,44.0,synthetic
VIS_02709,45,mature,Творческая встреча,3,1,3.0,41.0,synthetic
VIS_02710,58,mature,Лекция,2,1,5.0,44.0,synthetic
VIS_02711,45,mature,Мастер-класс,1,0,0.0,7.0,synthetic
VIS_02712,34,adult,Концерт,6,2,3.0,67.0,synthetic
VIS_02713,41,adult,Концерт,4,0,0.0,28.0,synthetic
VIS_02714,52,mature,Лекция,2,0,0.0,14.0,synthetic
VIS_02715,22,young,Лекция,2,0,0.0,14.0,synthetic
VIS_02716,41,adult,Творческая встреча,4,0,0.0,28.0,synthetic
VIS_02717,49,mature,Выставка,3,0,0.0,21.0,synthetic
VIS_02718,39,adult,Лекция,5,1,5.0,65.0,synthetic
VIS_02719,17,school,Творческая встреча,1,0,0.0,7.0,synthetic
VIS_02720,47,mature,Творческая встреча,5,0,0.0,35.0,synthetic
VIS_02721,36,adult,Лекция,5,2,3.5,62.5,synthetic
VIS_02722,44,adult,Концерт,3,0,0.0,21.0,synthetic
VIS_02723,32,adult,Лекция,1,0,0.0,7.0,synthetic
VIS_02724,44,adult,Лекция,2,0,0.0,14.0,synthetic
VIS_02725,29,young,Творческая встреча,7,1,5.0,79.0,synthetic
VIS_02726,21,young,Лекция,9,2,4.5,95.5,synthetic
VIS_02727,27,young,Лекция,1,0,0.0,7.0,synthetic
VIS_02728,24,young,Лекция,1,0,0.0,7.0,synthetic
VIS_02729,54,mature,Мастер-класс,1,0,0.0,7.0,synthetic
VIS_02730,39,adult,Лекция,3,1,2.0,36.0,synthetic
VIS_02731,28,young,Мастер-класс,1,0,0.0,7.0,synthetic
VIS_02732,23,young,Концерт,1,0,0.0,7.0,synthetic
VIS_02733,54,mature,Мастер-класс,1,0,0.0,7.0,synthetic
VIS_02734,45,mature,Лекция,1,0,0.0,7.0,synthetic
VIS_02735,31,adult,Лекция,4,0,0.0,28.0,synthetic
VIS_02736,47,mature,Концерт,2,1,2.0,29.0,synthetic
VIS_02737,49,mature,Выставка,2,0,0.0,14.0,synthetic
VIS_02738,37,adult,Творческая встреча,2,1,5.0,44.0,synthetic
VIS_02739,33,adult,Мастер-класс,2,0,0.0,14.0,synthetic
VIS_02740,26,young,Выставка,1,0,0.0,7.0,synthetic
VIS_02741,38,adult,Мастер-класс,1,1,5.0,37.0,synthetic
VIS_02742,22,young,Выставка,2,1,5.0,44.0,synthetic
VIS_02743,52,mature,Выставка,3,1,3.0,41.0,synthetic
VIS_02744,57,mature,Лекция,1,0,0.0,7.0,synthetic
VIS_02745,26,young,Творческая встреча,1,0,0.0,7.0,synthetic
VIS_02746,51,mature,Лекция,1,0,0.0,7.0,synthetic
VIS_02747,35,adult,Творческая встреча,6,2,3.0,67.0,synthetic
VIS_02748,36,adult,Мастер-класс,2,0,0.0,14.0,synthetic
VIS_02749,44,adult,Концерт,2,0,0.0,14.0,synthetic
VIS_02750,43,adult,Выставка,4,2,4.5,60.5,synthetic
VIS_02751,30,adult,Концерт,2,0,0.0,14.0,synthetic
VIS_02752,43,adult,Лекция,2,0,0.0,14.0,synthetic
VIS_02753,37,adult,Творческая встреча,2,0,0.0,14.0,synthetic
VIS_02754,49,mature,Лекция,7,1,2.0,64.0,synthetic
VIS_02755,44,adult,Выставка,3,0,0.0,21.0,synthetic
VIS_02756,30,adult,Концерт,2,0,0.0,14.0,synthetic
VIS_02757,34,adult,Творческая встреча,7,4,3.25,85.2,synthetic
VIS_02758,43,adult,Лекция,2,1,4.0,39.0,synthetic
VIS_02759,42,adult,Творческая встреча,1,0,0.0,7.0,synthetic
VIS_02760,39,adult,Лекция,4,0,0.0,28.0,synthetic
VIS_02761,64,senior,Лекция,1,0,0.0,7.0,synthetic
VIS_02762,62,senior,Лекция,1,0,0.0,7.0,synthetic
VIS_02763,39,adult,Лекция,5,0,0.0,35.0,synthetic
VIS_02764,29,young,Выставка,3,0,0.0,21.0,synthetic
VIS_02765,40,adult,Лекция,2,0,0.0,14.0,synthetic
VIS_02766,32,adult,Мастер-класс,9,2,5.0,98.0,synthetic
VIS_02767,43,adult,Лекция,6,0,0.0,42.0,synthetic
VIS_02768,38,adult,Лекция,3,1,4.0,46.0,synthetic
VIS_02769,37,adult,Выставка,4,1,5.0,58.0,synthetic
VIS_02770,20,young,Лекция,9,1,4.0,88.0,synthetic
VIS_02771,21,young,Творческая встреча,1,1,3.0,27.0,synthetic
VIS_02772,37,adult,Мастер-класс,3,0,0.0,21.0,synthetic
VIS_02773,22,young,Выставка,3,0,0.0,21.0,synthetic
VIS_02774,48,mature,Выставка,2,0,0.0,14.0,synthetic
VIS_02775,29,young,Мастер-класс,5,3,3.33,66.6,synthetic
VIS_02776,23,young,Выставка,3,0,0.0,21.0,synthetic
VIS_02777,26,young,Лекция,4,1,4.0,53.0,synthetic
VIS_02778,52,mature,Выставка,1,0,0.0,7.0,synthetic
VIS_02779,66,senior,Выставка,1,0,0.0,7.0,synthetic
VIS_02780,57,mature,Лекция,1,1,4.0,32.0,synthetic
VIS_02781,42,adult,Мастер-класс,7,2,3.0,74.0,synthetic
VIS_02782,34,adult,Творческая встреча,6,1,5.0,72.0,synthetic
VIS_02783,46,mature,Лекция,4,1,5.0,58.0,synthetic
VIS_02784,47,mature,Лекция,4,0,0.0,28.0,synthetic
VIS_02785,36,adult,Лекция,2,0,0.0,14.0,synthetic
VIS_02786,32,adult,Лекция,2,0,0.0,14.0,synthetic
VIS_02787,47,mature,Лекция,4,1,5.0,58.0,synthetic
VIS_02788,43,adult,Выставка,4,0,0.0,28.0,synthetic
VIS_02789,30,adult,Мастер-класс,1,0,0.0,7.0,synthetic
VIS_02790,46,mature,Творческая встреча,3,0,0.0,21.0,synthetic
VIS_02791,27,young,Лекция,1,0,0.0,7.0,synthetic
VIS_02792,29,young,Концерт,3,0,0.0,21.0,synthetic
VIS_02793,34,adult,Выставка,3,1,5.0,51.0,synthetic
VIS_02794,23,young,Концерт,1,0,0.0,7.0,synthetic
VIS_02795,39,adult,Творческая встреча,6,0,0.0,42.0,synthetic
VIS_02796,31,adult,Лекция,11,3,3.67,100.0,synthetic
VIS_02797,35,adult,Лекция,3,1,4.0,46.0,synthetic
VIS_02798,47,mature,Творческая встреча,8,0,0.0,56.0,synthetic
VIS_02799,32,adult,Лекция,1,0,0.0,7.0,synthetic
VIS_02800,18,young,Выставка,1,0,0.0,7.0,synthetic
VIS_02801,34,adult,Творческая встреча,5,3,3.33,66.6,synthetic
VIS_02802,41,adult,Мастер-класс,1,0,0.0,7.0,synthetic
VIS_02803,31,adult,Творческая встреча,6,0,0.0,42.0,synthetic
VIS_02804,29,young,Мастер-класс,5,3,4.67,73.4,synthetic
VIS_02805,33,adult,Мастер-класс,5,2,3.0,60.0,synthetic
VIS_02806,49,mature,Творческая встреча,4,0,0.0,28.0,synthetic
VIS_02807,39,adult,Концерт,1,1,5.0,37.0,synthetic
VIS_02808,22,young,Выставка,1,0,0.0,7.0,synthetic
VIS_02809,24,young,Концерт,1,0,0.0,7.0,synthetic
VIS_02810,44,adult,Творческая встреча,6,1,5.0,72.0,synthetic
VIS_02811,36,adult,Мастер-класс,1,0,0.0,7.0,synthetic
VIS_02812,26,young,Мастер-класс,1,1,2.0,22.0,synthetic
VIS_02813,51,mature,Лекция,3,1,4.0,46.0,synthetic
VIS_02814,42,adult,Творческая встреча,1,0,0.0,7.0,synthetic
VIS_02815,54,mature,Творческая встреча,3,0,0.0,21.0,synthetic
VIS_02816,28,young,Творческая встреча,6,1,5.0,72.0,synthetic
VIS_02817,29,young,Лекция,2,0,0.0,14.0,synthetic
VIS_02818,32,adult,Лекция,5,1,3.0,55.0,synthetic
VIS_02819,24,young,Выставка,5,1,5.0,65.0,synthetic
VIS_02820,33,adult,Выставка,8,0,0.0,56.0,synthetic
VIS_02821,47,mature,Выставка,1,0,0.0,7.0,synthetic
VIS_02822,35,adult,Концерт,2,0,0.0,14.0,synthetic
VIS_02823,35,adult,Выставка,2,1,5.0,44.0,synthetic
VIS_02824,40,adult,Мастер-класс,7,1,3.0,69.0,synthetic
VIS_02825,48,mature,Выставка,1,0,0.0,7.0,synthetic
VIS_02826,42,adult,Мастер-класс,4,1,3.0,48.0,synthetic
VIS_02827,28,young,Мастер-класс,5,0,0.0,35.0,synthetic
VIS_02828,65,senior,Творческая встреча,1,0,0.0,7.0,synthetic
VIS_02829,55,mature,Мастер-класс,1,0,0.0,7.0,synthetic
VIS_02830,44,adult,Выставка,2,0,0.0,14.0,synthetic
VIS_02831,44,adult,Концерт,4,0,0.0,28.0,synthetic
VIS_02832,48,mature,Лекция,2,0,0.0,14.0,synthetic
VIS_02833,48,mature,Лекция,5,1,4.0,60.0,synthetic
VIS_02834,40,adult,Лекция,6,0,0.0,42.0,synthetic
VIS_02835,37,adult,Лекция,1,0,0.0,7.0,synthetic
VIS_02836,18,young,Лекция,1,0,0.0,7.0,synthetic
VIS_02837,29,young,Концерт,3,0,0.0,21.0,synthetic
VIS_02838,39,adult,Выставка,3,0,0.0,21.0,synthetic
VIS_02839,15,school,Мастер-класс,1,0,0.0,7.0,synthetic
VIS_02840,38,adult,Творческая встреча,2,0,0.0,14.0,synthetic
VIS_02841,56,mature,Выставка,1,1,5.0,37.0,synthetic
VIS_02842,34,adult,Лекция,2,1,3.0,34.0,synthetic
VIS_02843,42,adult,Лекция,8,0,0.0,56.0,synthetic
VIS_02844,25,young,Концерт,5,0,0.0,35.0,synthetic
VIS_02845,26,young,Лекция,1,1,5.0,37.0,synthetic
VIS_02846,42,adult,Мастер-класс,1,0,0.0,7.0,synthetic
VIS_02847,20,young,Лекция,3,0,0.0,21.0,synthetic
VIS_02848,41,adult,Творческая встреча,6,3,4.33,78.6,synthetic
VIS_02849,36,adult,Выставка,4,1,4.0,53.0,synthetic
VIS_02850,35,adult,Творческая встреча,7,1,2.0,64.0,synthetic
VIS_02851,13,school,Мастер-класс,1,0,0.0,7.0,synthetic
VIS_02852,55,mature,Лекция,2,0,0.0,14.0,synthetic
VIS_02853,36,adult,Концерт,3,0,0.0,21.0,synthetic
VIS_02854,19,young,Мастер-класс,1,0,0.0,7.0,synthetic
VIS_02855,45,mature,Творческая встреча,1,1,4.0,32.0,synthetic
VIS_02856,45,mature,Выставка,2,1,2.0,29.0,synthetic
VIS_02857,21,young,Мастер-класс,1,0,0.0,7.0,synthetic
VIS_02858,50,mature,Мастер-класс,1,1,5.0,37.0,synthetic
VIS_02859,36,adult,Творческая встреча,9,0,0.0,63.0,synthetic
VIS_02860,31,adult,Творческая встреча,3,1,5.0,51.0,synthetic
VIS_02861,53,mature,Лекция,4,1,4.0,53.0,synthetic
VIS_02862,30,adult,Лекция,1,0,0.0,7.0,synthetic
VIS_02863,37,adult,Мастер-класс,2,0,0.0,14.0,synthetic
VIS_02864,55,mature,Лекция,1,0,0.0,7.0,synthetic
VIS_02865,41,adult,Лекция,2,2,3.5,41.5,synthetic
VIS_02866,43,adult,Концерт,1,0,0.0,7.0,synthetic
VIS_02867,32,adult,Мастер-класс,2,0,0.0,14.0,synthetic
VIS_02868,53,mature,Творческая встреча,1,0,0.0,7.0,synthetic
VIS_02869,24,young,Лекция,1,1,5.0,37.0,synthetic
VIS_02870,47,mature,Выставка,5,0,0.0,35.0,synthetic
VIS_02871,57,mature,Концерт,1,0,0.0,7.0,synthetic
VIS_02872,41,adult,Выставка,2,0,0.0,14.0,synthetic
VIS_02873,48,mature,Лекция,4,2,4.0,58.0,synthetic
VIS_02874,33,adult,Лекция,6,2,5.0,77.0,synthetic
VIS_02875,27,young,Творческая встреча,1,1,5.0,37.0,synthetic
VIS_02876,47,mature,Лекция,6,0,0.0,42.0,synthetic
VIS_02877,29,young,Лекция,2,1,5.0,44.0,synthetic
VIS_02878,69,senior,Выставка,1,0,0.0,7.0,synthetic
VIS_02879,46,mature,Творческая встреча,9,4,3.5,100.0,synthetic
VIS_02880,53,mature,Выставка,2,0,0.0,14.0,synthetic
VIS_02881,52,mature,Лекция,3,0,0.0,21.0,synthetic
VIS_02882,34,adult,Выставка,6,2,4.5,74.5,synthetic
VIS_02883,50,mature,Творческая встреча,1,1,4.0,32.0,synthetic
VIS_02884,31,adult,Концерт,1,0,0.0,7.0,synthetic
VIS_02885,40,adult,Творческая встреча,7,0,0.0,49.0,synthetic
VIS_02886,14,school,Лекция,2,1,5.0,44.0,synthetic
VIS_02887,48,mature,Лекция,2,1,3.0,34.0,synthetic
VIS_02888,32,adult,Мастер-класс,1,0,0.0,7.0,synthetic
VIS_02889,23,young,Мастер-класс,1,0,0.0,7.0,synthetic
VIS_02890,52,mature,Лекция,1,0,0.0,7.0,synthetic
VIS_02891,31,adult,Выставка,6,1,3.0,62.0,synthetic
VIS_02892,38,adult,Творческая встреча,10,3,4.33,100.0,synthetic
VIS_02893,52,mature,Выставка,2,0,0.0,14.0,synthetic
VIS_02894,60,senior,Выставка,3,1,5.0,51.0,synthetic
VIS_02895,54,mature,Выставка,4,0,0.0,28.0,synthetic
VIS_02896,31,adult,Выставка,1,0,0.0,7.0,synthetic
VIS_02897,24,young,Лекция,1,0,0.0,7.0,synthetic
VIS_02898,31,adult,Лекция,5,1,5.0,65.0,synthetic
VIS_02899,47,mature,Мастер-класс,4,2,3.5,55.5,synthetic
VIS_02900,29,young,Выставка,3,0,0.0,21.0,synthetic
VIS_02901,31,adult,Концерт,4,0,0.0,28.0,synthetic
VIS_02902,39,adult,Лекция,1,0,0.0,7.0,synthetic
VIS_02903,27,young,Выставка,1,0,0.0,7.0,synthetic
VIS_02904,31,adult,Лекция,4,1,5.0,58.0,synthetic
VIS_02905,32,adult,Мастер-класс,1,0,0.0,7.0,synthetic
VIS_02906,37,adult,Лекция,2,0,0.0,14.0,synthetic
VIS_02907,48,mature,Выставка,5,2,5.0,70.0,synthetic
VIS_02908,27,young,Мастер-класс,1,0,0.0,7.0,synthetic
VIS_02909,28,young,Концерт,2,1,5.0,44.0,synthetic
VIS_02910,45,mature,Творческая встреча,5,1,5.0,65.0,synthetic
VIS_02911,53,mature,Лекция,1,0,0.0,7.0,synthetic
VIS_02912,27,young,Творческая встреча,2,0,0.0,14.0,synthetic
VIS_02913,46,mature,Выставка,4,1,4.0,53.0,synthetic
VIS_02914,38,adult,Выставка,2,2,4.0,44.0,synthetic
VIS_02915,51,mature,Творческая встреча,1,0,0.0,7.0,synthetic
VIS_02916,38,adult,Выставка,2,0,0.0,14.0,synthetic
VIS_02917,51,mature,Лекция,1,0,0.0,7.0,synthetic
VIS_02918,48,mature,Лекция,2,0,0.0,14.0,synthetic
VIS_02919,27,young,Лекция,3,0,0.0,21.0,synthetic
VIS_02920,42,adult,Лекция,1,0,0.0,7.0,synthetic
VIS_02921,43,adult,Творческая встреча,1,0,0.0,7.0,synthetic
VIS_02922,60,senior,Выставка,1,0,0.0,7.0,synthetic
VIS_02923,23,young,Лекция,2,0,0.0,14.0,synthetic
VIS_02924,27,young,Мастер-класс,4,1,3.0,48.0,synthetic
VIS_02925,24,young,Лекция,6,0,0.0,42.0,synthetic
VIS_02926,28,young,Лекция,1,1,5.0,37.0,synthetic
VIS_02927,41,adult,Концерт,2,0,0.0,14.0,synthetic
VIS_02928,29,young,Выставка,3,0,0.0,21.0,synthetic
VIS_02929,46,mature,Лекция,2,0,0.0,14.0,synthetic
VIS_02930,40,adult,Концерт,1,0,0.0,7.0,synthetic
VIS_02931,41,adult,Выставка,9,1,4.0,88.0,synthetic
VIS_02932,65,senior,Творческая встреча,1,0,0.0,7.0,synthetic
VIS_02933,23,young,Творческая встреча,1,0,0.0,7.0,synthetic
VIS_02934,46,mature,Лекция,2,1,5.0,44.0,synthetic
VIS_02935,45,mature,Концерт,3,1,3.0,41.0,synthetic
VIS_02936,46,mature,Мастер-класс,1,0,0.0,7.0,synthetic
VIS_02937,24,young,Лекция,5,2,4.0,65.0,synthetic
VIS_02938,58,mature,Лекция,1,0,0.0,7.0,synthetic
VIS_02939,34,adult,Мастер-класс,4,0,0.0,28.0,synthetic
VIS_02940,27,young,Концерт,1,0,0.0,7.0,synthetic
VIS_02941,62,senior,Лекция,1,1,5.0,37.0,synthetic
VIS_02942,28,young,Выставка,4,2,3.5,55.5,synthetic
VIS_02943,37,adult,Творческая встреча,1,1,1.0,17.0,synthetic
VIS_02944,19,young,Лекция,3,2,4.0,51.0,synthetic
VIS_02945,51,mature,Лекция,1,1,2.0,22.0,synthetic
VIS_02946,50,mature,Концерт,1,1,5.0,37.0,synthetic
VIS_02947,46,mature,Лекция,1,0,0.0,7.0,synthetic
VIS_02948,24,young,Лекция,6,0,0.0,42.0,synthetic
VIS_02949,46,mature,Выставка,6,2,5.0,77.0,synthetic
VIS_02950,23,young,Концерт,2,0,0.0,14.0,synthetic
VIS_02951,65,senior,Выставка,1,0,0.0,7.0,synthetic
VIS_02952,43,adult,Лекция,10,2,3.5,97.5,synthetic
VIS_02953,34,adult,Концерт,4,1,2.0,43.0,synthetic
VIS_02954,46,mature,Выставка,1,0,0.0,7.0,synthetic
VIS_02955,31,adult,Лекция,4,2,4.0,58.0,synthetic
VIS_02956,16,school,Выставка,3,0,0.0,21.0,synthetic
VIS_02957,62,senior,Лекция,1,1,5.0,37.0,synthetic
VIS_02958,39,adult,Лекция,6,0,0.0,42.0,synthetic
VIS_02959,44,adult,Лекция,5,2,4.0,65.0,synthetic
VIS_02960,50,mature,Лекция,5,1,4.0,60.0,synthetic
VIS_02961,45,mature,Творческая встреча,1,1,4.0,32.0,synthetic
VIS_02962,38,adult,Лекция,3,1,4.0,46.0,synthetic
VIS_02963,40,adult,Лекция,5,1,5.0,65.0,synthetic
VIS_02964,57,mature,Творческая встреча,1,1,5.0,37.0,synthetic
VIS_02965,31,adult,Творческая встреча,5,1,5.0,65.0,synthetic
VIS_02966,26,young,Выставка,2,0,0.0,14.0,synthetic
VIS_02967,36,adult,Выставка,1,0,0.0,7.0,synthetic
VIS_02968,31,adult,Лекция,3,2,3.5,48.5,synthetic
VIS_02969,20,young,Творческая встреча,1,0,0.0,7.0,synthetic
VIS_02970,49,mature,Выставка,1,0,0.0,7.0,synthetic
VIS_02971,31,adult,Мастер-класс,3,1,5.0,51.0,synthetic
VIS_02972,23,young,Концерт,1,1,2.0,22.0,synthetic
VIS_02973,32,adult,Мастер-класс,1,1,5.0,37.0,synthetic
VIS_02974,52,mature,Лекция,2,0,0.0,14.0,synthetic
VIS_02975,14,school,Мастер-класс,1,0,0.0,7.0,synthetic
VIS_02976,44,adult,Творческая встреча,1,0,0.0,7.0,synthetic
VIS_02977,38,adult,Лекция,2,1,4.0,39.0,synthetic
VIS_02978,52,mature,Творческая встреча,1,0,0.0,7.0,synthetic
VIS_02979,43,adult,Выставка,1,0,0.0,7.0,synthetic
VIS_02980,48,mature,Творческая встреча,1,0,0.0,7.0,synthetic
VIS_02981,31,adult,Выставка,8,2,4.5,88.5,synthetic
VIS_02982,46,mature,Лекция,3,1,5.0,51.0,synthetic
VIS_02983,57,mature,Творческая встреча,4,0,0.0,28.0,synthetic
VIS_02984,34,adult,Концерт,2,0,0.0,14.0,synthetic
VIS_02985,48,mature,Лекция,3,1,5.0,51.0,synthetic
VIS_02986,36,adult,Выставка,5,1,5.0,65.0,synthetic
VIS_02987,46,mature,Лекция,1,1,4.0,32.0,synthetic
VIS_02988,29,young,Лекция,4,1,3.0,48.0,synthetic
VIS_02989,32,adult,Концерт,5,2,4.0,65.0,synthetic
VIS_02990,23,young,Лекция,2,0,0.0,14.0,synthetic
VIS_02991,39,adult,Концерт,4,0,0.0,28.0,synthetic
VIS_02992,32,adult,Концерт,2,0,0.0,14.0,synthetic
VIS_02993,39,adult,Творческая встреча,1,1,4.0,32.0,synthetic
VIS_02994,41,adult,Лекция,3,0,0.0,21.0,synthetic
VIS_02995,36,adult,Творческая встреча,5,1,1.0,45.0,synthetic
VIS_02996,33,adult,Концерт,9,0,0.0,63.0,synthetic
VIS_02997,62,senior,Творческая встреча,1,0,0.0,7.0,synthetic
VIS_02998,39,adult,Творческая встреча,1,0,0.0,7.0,synthetic
VIS_02999,47,mature,Лекция,1,0,0.0,7.0,synthetic
VIS_03000,30,adult,Лекция,3,0,0.0,21.0,synthetic
VIS_03001,12,school,Мастер-класс,1,1,5.0,37.0,synthetic
VIS_03002,42,adult,Выставка,2,1,3.0,34.0,synthetic
VIS_03003,43,adult,Творческая встреча,1,0,0.0,7.0,synthetic
VIS_03004,29,young,Мастер-класс,2,0,0.0,14.0,synthetic
VIS_03005,59,mature,Лекция,1,0,0.0,7.0,synthetic
VIS_03006,53,mature,Творческая встреча,3,1,4.0,46.0,synthetic
VIS_03007,61,senior,Выставка,1,0,0.0,7.0,synthetic
VIS_03008,10,school,Мастер-класс,1,0,0.0,7.0,synthetic
VIS_03009,46,mature,Лекция,2,1,4.0,39.0,synthetic
VIS_03010,32,adult,Выставка,2,0,0.0,14.0,synthetic
VIS_03011,30,adult,Мастер-класс,4,0,0.0,28.0,synthetic
VIS_03012,24,young,Выставка,1,0,0.0,7.0,synthetic
VIS_03013,52,mature,Лекция,2,0,0.0,14.0,synthetic
VIS_03014,63,senior,Творческая встреча,1,0,0.0,7.0,synthetic
VIS_03015,41,adult,Концерт,3,0,0.0,21.0,synthetic
VIS_03016,53,mature,Мастер-класс,1,0,0.0,7.0,synthetic
VIS_03017,48,mature,Выставка,4,1,5.0,58.0,synthetic
VIS_03018,38,adult,Лекция,5,0,0.0,35.0,synthetic
VIS_03019,44,adult,Выставка,11,1,5.0,100.0,synthetic
VIS_03020,49,mature,Выставка,3,0,0.0,21.0,synthetic
VIS_03021,34,adult,Творческая встреча,5,0,0.0,35.0,synthetic
VIS_03022,36,adult,Мастер-класс,1,0,0.0,7.0,synthetic
VIS_03023,69,senior,Выставка,1,0,0.0,7.0,synthetic
VIS_03024,40,adult,Творческая встреча,1,0,0.0,7.0,synthetic
VIS_03025,63,senior,Выставка,1,0,0.0,7.0,synthetic
VIS_03026,11,school,Мастер-класс,1,0,0.0,7.0,synthetic
VIS_03027,38,adult,Лекция,1,0,0.0,7.0,synthetic
VIS_03028,23,young,Концерт,1,1,4.0,32.0,synthetic
VIS_03029,24,young,Творческая встреча,1,1,4.0,32.0,synthetic
VIS_03030,53,mature,Творческая встреча,3,1,3.0,41.0,synthetic
VIS_03031,19,young,Мастер-класс,1,0,0.0,7.0,synthetic
VIS_03032,48,mature,Концерт,1,0,0.0,7.0,synthetic
VIS_03033,31,adult,Мастер-класс,1,0,0.0,7.0,synthetic
VIS_03034,54,mature,Мастер-класс,1,0,0.0,7.0,synthetic
VIS_03035,39,adult,Творческая встреча,3,1,5.0,51.0,synthetic
VIS_03036,46,mature,Выставка,3,1,5.0,51.0,synthetic
VIS_03037,21,young,Творческая встреча,1,0,0.0,7.0,synthetic
VIS_03038,32,adult,Творческая встреча,1,0,0.0,7.0,synthetic
VIS_03039,27,young,Творческая встреча,6,1,5.0,72.0,synthetic
VIS_03040,41,adult,Лекция,1,0,0.0,7.0,synthetic
VIS_03041,47,mature,Выставка,6,1,4.0,67.0,synthetic
VIS_03042,35,adult,Лекция,8,2,4.0,86.0,synthetic
VIS_03043,40,adult,Лекция,2,0,0.0,14.0,synthetic
VIS_03044,35,adult,Творческая встреча,2,0,0.0,14.0,synthetic
VIS_03045,27,young,Лекция,1,0,0.0,7.0,synthetic
VIS_03046,27,young,Выставка,2,0,0.0,14.0,synthetic
VIS_03047,38,adult,Лекция,1,1,3.0,27.0,synthetic
VIS_03048,34,adult,Выставка,1,0,0.0,7.0,synthetic
VIS_03049,26,young,Творческая встреча,4,0,0.0,28.0,synthetic
VIS_03050,35,adult,Выставка,3,1,3.0,41.0,synthetic
VIS_03051,47,mature,Мастер-класс,3,1,4.0,46.0,synthetic
VIS_03052,44,adult,Выставка,6,1,5.0,72.0,synthetic
VIS_03053,18,young,Творческая встреча,3,0,0.0,21.0,synthetic
VIS_03054,46,mature,Лекция,1,0,0.0,7.0,synthetic
VIS_03055,35,adult,Творческая встреча,3,0,0.0,21.0,synthetic
VIS_03056,32,adult,Творческая встреча,1,0,0.0,7.0,synthetic
VIS_03057,35,adult,Лекция,7,0,0.0,49.0,synthetic
VIS_03058,43,adult,Выставка,14,3,3.0,100.0,synthetic
VIS_03059,40,adult,Лекция,10,1,5.0,100.0,synthetic
VIS_03060,25,young,Концерт,2,0,0.0,14.0,synthetic
VIS_03061,53,mature,Выставка,1,0,0.0,7.0,synthetic
VIS_03062,40,adult,Лекция,4,0,0.0,28.0,synthetic
VIS_03063,38,adult,Лекция,4,0,0.0,28.0,synthetic
VIS_03064,31,adult,Концерт,1,0,0.0,7.0,synthetic
VIS_03065,48,mature,Лекция,11,3,3.67,100.0,synthetic
VIS_03066,25,young,Лекция,6,0,0.0,42.0,synthetic
VIS_03067,47,mature,Лекция,1,0,0.0,7.0,synthetic
VIS_03068,27,young,Выставка,1,1,4.0,32.0,synthetic
VIS_03069,32,adult,Мастер-класс,2,0,0.0,14.0,synthetic
VIS_03070,43,adult,Концерт,2,0,0.0,14.0,synthetic
VIS_03071,29,young,Выставка,2,1,4.0,39.0,synthetic
VIS_03072,40,adult,Лекция,8,4,4.0,96.0,synthetic
VIS_03073,49,mature,Лекция,3,0,0.0,21.0,synthetic
VIS_03074,28,young,Творческая встреча,1,0,0.0,7.0,synthetic
VIS_03075,39,adult,Мастер-класс,5,2,4.5,67.5,synthetic
VIS_03076,41,adult,Мастер-класс,7,1,4.0,74.0,synthetic
VIS_03077,50,mature,Мастер-класс,1,0,0.0,7.0,synthetic
VIS_03078,52,mature,Мастер-класс,1,0,0.0,7.0,synthetic
VIS_03079,25,young,Творческая встреча,6,1,5.0,72.0,synthetic
VIS_03080,47,mature,Выставка,1,0,0.0,7.0,synthetic
VIS_03081,31,adult,Выставка,2,0,0.0,14.0,synthetic
VIS_03082,25,young,Лекция,1,0,0.0,7.0,synthetic
VIS_03083,44,adult,Выставка,3,1,5.0,51.0,synthetic
VIS_03084,34,adult,Лекция,3,0,0.0,21.0,synthetic
VIS_03085,46,mature,Творческая встреча,4,1,4.0,53.0,synthetic
VIS_03086,37,adult,Творческая встреча,1,0,0.0,7.0,synthetic
VIS_03087,50,mature,Творческая встреча,2,0,0.0,14.0,synthetic
VIS_03088,50,mature,Концерт,5,0,0.0,35.0,synthetic
VIS_03089,61,senior,Творческая встреча,1,0,0.0,7.0,synthetic
VIS_03090,59,mature,Творческая встреча,1,0,0.0,7.0,synthetic
VIS_03091,37,adult,Творческая встреча,1,0,0.0,7.0,synthetic
VIS_03092,34,adult,Мастер-класс,1,0,0.0,7.0,synthetic
VIS_03093,41,adult,Лекция,7,0,0.0,49.0,synthetic
VIS_03094,47,mature,Лекция,6,0,0.0,42.0,synthetic
VIS_03095,34,adult,Концерт,1,0,0.0,7.0,synthetic
VIS_03096,49,mature,Лекция,2,0,0.0,14.0,synthetic
VIS_03097,56,mature,Выставка,1,0,0.0,7.0,synthetic
VIS_03098,21,young,Мастер-класс,1,0,0.0,7.0,synthetic
VIS_03099,25,young,Выставка,5,1,3.0,55.0,synthetic
VIS_03100,36,adult,Мастер-класс,5,1,3.0,55.0,synthetic
VIS_03101,49,mature,Лекция,1,0,0.0,7.0,synthetic
VIS_03102,41,adult,Творческая встреча,1,0,0.0,7.0,synthetic
VIS_03103,25,young,Лекция,1,1,4.0,32.0,synthetic
VIS_03104,45,mature,Лекция,6,1,4.0,67.0,synthetic
VIS_03105,29,young,Лекция,1,0,0.0,7.0,synthetic
VIS_03106,43,adult,Творческая встреча,1,0,0.0,7.0,synthetic
VIS_03107,31,adult,Творческая встреча,1,0,0.0,7.0,synthetic
VIS_03108,40,adult,Творческая встреча,4,1,5.0,58.0,synthetic
VIS_03109,55,mature,Творческая встреча,1,1,4.0,32.0,synthetic
VIS_03110,40,adult,Концерт,3,0,0.0,21.0,synthetic
VIS_03111,38,adult,Мастер-класс,4,0,0.0,28.0,synthetic
VIS_03112,64,senior,Лекция,1,1,3.0,27.0,synthetic
VIS_03113,41,adult,Творческая встреча,6,1,5.0,72.0,synthetic
VIS_03114,28,young,Выставка,2,0,0.0,14.0,synthetic
VIS_03115,26,young,Лекция,3,0,0.0,21.0,synthetic
VIS_03116,35,adult,Лекция,1,1,3.0,27.0,synthetic
VIS_03117,29,young,Лекция,3,0,0.0,21.0,synthetic
VIS_03118,43,adult,Лекция,1,0,0.0,7.0,synthetic
VIS_03119,32,adult,Творческая встреча,1,0,0.0,7.0,synthetic
VIS_03120,63,senior,Творческая встреча,1,0,0.0,7.0,synthetic
VIS_03121,21,young,Мастер-класс,1,0,0.0,7.0,synthetic
VIS_03122,36,adult,Творческая встреча,4,0,0.0,28.0,synthetic
VIS_03123,63,senior,Лекция,1,0,0.0,7.0,synthetic
VIS_03124,36,adult,Концерт,4,1,5.0,58.0,synthetic
VIS_03125,18,young,Концерт,1,0,0.0,7.0,synthetic
VIS_03126,40,adult,Лекция,5,1,5.0,65.0,synthetic
VIS_03127,43,adult,Творческая встреча,1,0,0.0,7.0,synthetic
VIS_03128,54,mature,Лекция,8,1,3.0,76.0,synthetic
VIS_03129,51,mature,Выставка,1,0,0.0,7.0,synthetic
VIS_03130,20,young,Лекция,4,3,4.33,64.6,synthetic
VIS_03131,29,young,Лекция,1,0,0.0,7.0,synthetic
VIS_03132,26,young,Лекция,1,0,0.0,7.0,synthetic
VIS_03133,31,adult,Лекция,6,0,0.0,42.0,synthetic
VIS_03134,50,mature,Лекция,4,1,4.0,53.0,synthetic
VIS_03135,43,adult,Концерт,7,1,5.0,79.0,synthetic
VIS_03136,26,young,Выставка,6,0,0.0,42.0,synthetic
VIS_03137,36,adult,Концерт,7,1,4.0,74.0,synthetic
VIS_03138,27,young,Концерт,4,1,2.0,43.0,synthetic
VIS_03139,56,mature,Творческая встреча,1,0,0.0,7.0,synthetic
VIS_03140,46,mature,Концерт,2,0,0.0,14.0,synthetic
VIS_03141,17,school,Творческая встреча,1,0,0.0,7.0,synthetic
VIS_03142,38,adult,Выставка,9,4,4.0,100.0,synthetic
VIS_03143,55,mature,Лекция,1,0,0.0,7.0,synthetic
VIS_03144,34,adult,Выставка,3,0,0.0,21.0,synthetic
VIS_03145,56,mature,Творческая встреча,3,1,5.0,51.0,synthetic
VIS_03146,62,senior,Лекция,1,0,0.0,7.0,synthetic
VIS_03147,28,young,Выставка,1,0,0.0,7.0,synthetic
VIS_03148,43,adult,Творческая встреча,4,0,0.0,28.0,synthetic
VIS_03149,45,mature,Лекция,1,0,0.0,7.0,synthetic
VIS_03150,30,adult,Лекция,4,0,0.0,28.0,synthetic
VIS_03151,57,mature,Лекция,1,0,0.0,7.0,synthetic
VIS_03152,42,adult,Лекция,3,0,0.0,21.0,synthetic
VIS_03153,36,adult,Лекция,7,1,2.0,64.0,synthetic
VIS_03154,46,mature,Концерт,6,2,5.0,77.0,synthetic
VIS_03155,41,adult,Лекция,1,0,0.0,7.0,synthetic
VIS_03156,37,adult,Мастер-класс,2,0,0.0,14.0,synthetic
VIS_03157,37,adult,Выставка,1,0,0.0,7.0,synthetic
VIS_03158,45,mature,Лекция,4,3,4.67,66.4,synthetic
VIS_03159,20,young,Мастер-класс,1,0,0.0,7.0,synthetic
VIS_03160,32,adult,Лекция,1,0,0.0,7.0,synthetic
VIS_03161,45,mature,Мастер-класс,1,0,0.0,7.0,synthetic
VIS_03162,24,young,Творческая встреча,1,0,0.0,7.0,synthetic
VIS_03163,53,mature,Лекция,5,2,3.0,60.0,synthetic
VIS_03164,17,school,Лекция,1,0,0.0,7.0,synthetic
VIS_03165,50,mature,Лекция,1,0,0.0,7.0,synthetic
VIS_03166,40,adult,Мастер-класс,1,0,0.0,7.0,synthetic
VIS_03167,54,mature,Концерт,1,0,0.0,7.0,synthetic
VIS_03168,24,young,Лекция,3,0,0.0,21.0,synthetic
VIS_03169,33,adult,Концерт,5,0,0.0,35.0,synthetic
VIS_03170,41,adult,Выставка,1,0,0.0,7.0,synthetic
VIS_03171,22,young,Лекция,1,0,0.0,7.0,synthetic
VIS_03172,31,adult,Лекция,6,1,5.0,72.0,synthetic
VIS_03173,31,adult,Творческая встреча,5,1,5.0,65.0,synthetic
VIS_03174,44,adult,Лекция,2,1,2.0,29.0,synthetic
VIS_03175,27,young,Мастер-класс,4,2,4.0,58.0,synthetic
VIS_03176,47,mature,Выставка,4,0,0.0,28.0,synthetic
VIS_03177,53,mature,Выставка,1,0,0.0,7.0,synthetic
VIS_03178,38,adult,Концерт,2,0,0.0,14.0,synthetic
VIS_03179,53,mature,Мастер-класс,1,0,0.0,7.0,synthetic
VIS_03180,28,young,Выставка,1,0,0.0,7.0,synthetic
VIS_03181,65,senior,Творческая встреча,1,0,0.0,7.0,synthetic
VIS_03182,56,mature,Выставка,1,0,0.0,7.0,synthetic
VIS_03183,59,mature,Концерт,1,1,3.0,27.0,synthetic
VIS_03184,36,adult,Творческая встреча,10,2,4.0,100.0,synthetic
VIS_03185,32,adult,Лекция,8,3,4.67,94.4,synthetic
VIS_03186,17,school,Лекция,1,0,0.0,7.0,synthetic
VIS_03187,40,adult,Мастер-класс,1,0,0.0,7.0,synthetic
VIS_03188,42,adult,Выставка,2,1,5.0,44.0,synthetic
VIS_03189,37,adult,Мастер-класс,4,0,0.0,28.0,synthetic
VIS_03190,46,mature,Лекция,1,0,0.0,7.0,synthetic
VIS_03191,56,mature,Мастер-класс,6,0,0.0,42.0,synthetic
VIS_03192,39,adult,Выставка,3,1,5.0,51.0,synthetic
VIS_03193,34,adult,Лекция,2,0,0.0,14.0,synthetic
VIS_03194,35,adult,Лекция,6,1,3.0,62.0,synthetic
VIS_03195,28,young,Выставка,1,0,0.0,7.0,synthetic
VIS_03196,32,adult,Мастер-класс,1,0,0.0,7.0,synthetic
VIS_03197,44,adult,Творческая встреча,1,0,0.0,7.0,synthetic
VIS_03198,33,adult,Выставка,2,0,0.0,14.0,synthetic
VIS_03199,48,mature,Мастер-класс,1,0,0.0,7.0,synthetic
VIS_03200,24,young,Выставка,1,0,0.0,7.0,synthetic
VIS_03201,43,adult,Выставка,2,0,0.0,14.0,synthetic
VIS_03202,33,adult,Лекция,1,0,0.0,7.0,synthetic
VIS_03203,50,mature,Мастер-класс,1,1,5.0,37.0,synthetic
VIS_03204,39,adult,Лекция,1,1,3.0,27.0,synthetic
VIS_03205,51,mature,Концерт,3,1,4.0,46.0,synthetic
VIS_03206,34,adult,Выставка,2,0,0.0,14.0,synthetic
VIS_03207,40,adult,Выставка,3,1,4.0,46.0,synthetic
VIS_03208,45,mature,Лекция,1,0,0.0,7.0,synthetic
VIS_03209,33,adult,Выставка,2,1,5.0,44.0,synthetic
VIS_03210,35,adult,Лекция,2,1,5.0,44.0,synthetic
VIS_03211,40,adult,Лекция,2,0,0.0,14.0,synthetic
VIS_03212,36,adult,Выставка,2,0,0.0,14.0,synthetic
VIS_03213,49,mature,Концерт,2,1,5.0,44.0,synthetic
VIS_03214,41,adult,Выставка,2,0,0.0,14.0,synthetic
VIS_03215,28,young,Выставка,2,0,0.0,14.0,synthetic
VIS_03216,33,adult,Выставка,1,0,0.0,7.0,synthetic
VIS_03217,60,senior,Творческая встреча,1,0,0.0,7.0,synthetic
VIS_03218,56,mature,Выставка,1,1,2.0,22.0,synthetic
VIS_03219,42,adult,Творческая встреча,8,1,4.0,81.0,synthetic
VIS_03220,50,mature,Лекция,2,0,0.0,14.0,synthetic
VIS_03221,39,adult,Творческая встреча,1,0,0.0,7.0,synthetic
VIS_03222,43,adult,Концерт,1,1,5.0,37.0,synthetic
VIS_03223,32,adult,Мастер-класс,1,0,0.0,7.0,synthetic
VIS_03224,34,adult,Концерт,4,0,0.0,28.0,synthetic
VIS_03225,18,young,Лекция,3,0,0.0,21.0,synthetic
VIS_03226,49,mature,Мастер-класс,5,0,0.0,35.0,synthetic
VIS_03227,47,mature,Лекция,6,1,3.0,62.0,synthetic
VIS_03228,24,young,Творческая встреча,5,1,5.0,65.0,synthetic
VIS_03229,35,adult,Мастер-класс,1,0,0.0,7.0,synthetic
VIS_03230,46,mature,Выставка,3,1,4.0,46.0,synthetic
VIS_03231,45,mature,Выставка,3,2,3.5,48.5,synthetic
VIS_03232,40,adult,Лекция,1,1,3.0,27.0,synthetic
VIS_03233,32,adult,Концерт,2,1,1.0,24.0,synthetic
VIS_03234,42,adult,Лекция,1,0,0.0,7.0,synthetic
VIS_03235,55,mature,Выставка,7,0,0.0,49.0,synthetic
VIS_03236,34,adult,Лекция,4,0,0.0,28.0,synthetic
VIS_03237,44,adult,Лекция,6,1,5.0,72.0,synthetic
VIS_03238,55,mature,Творческая встреча,1,0,0.0,7.0,synthetic
VIS_03239,64,senior,Творческая встреча,1,0,0.0,7.0,synthetic
VIS_03240,26,young,Лекция,1,0,0.0,7.0,synthetic
VIS_03241,32,adult,Мастер-класс,2,1,3.0,34.0,synthetic
VIS_03242,21,young,Мастер-класс,1,0,0.0,7.0,synthetic
VIS_03243,62,senior,Лекция,1,0,0.0,7.0,synthetic
VIS_03244,41,adult,Выставка,2,0,0.0,14.0,synthetic
VIS_03245,27,young,Выставка,4,0,0.0,28.0,synthetic
VIS_03246,64,senior,Творческая встреча,3,0,0.0,21.0,synthetic
VIS_03247,40,adult,Лекция,1,0,0.0,7.0,synthetic
VIS_03248,38,adult,Мастер-класс,10,2,3.5,97.5,synthetic
VIS_03249,20,young,Выставка,3,0,0.0,21.0,synthetic
VIS_03250,66,senior,Выставка,2,0,0.0,14.0,synthetic
VIS_03251,25,young,Концерт,5,3,3.67,68.4,synthetic
VIS_03252,31,adult,Лекция,3,1,5.0,51.0,synthetic
VIS_03253,26,young,Лекция,1,0,0.0,7.0,synthetic
VIS_03254,33,adult,Выставка,6,1,3.0,62.0,synthetic
VIS_03255,33,adult,Выставка,2,0,0.0,14.0,synthetic
VIS_03256,25,young,Лекция,1,0,0.0,7.0,synthetic
VIS_03257,30,adult,Творческая встреча,1,0,0.0,7.0,synthetic
VIS_03258,17,school,Мастер-класс,1,0,0.0,7.0,synthetic
VIS_03259,41,adult,Мастер-класс,2,1,4.0,39.0,synthetic
VIS_03260,48,mature,Творческая встреча,1,0,0.0,7.0,synthetic
VIS_03261,30,adult,Творческая встреча,4,1,5.0,58.0,synthetic
VIS_03262,45,mature,Концерт,3,1,5.0,51.0,synthetic
VIS_03263,35,adult,Лекция,2,0,0.0,14.0,synthetic
VIS_03264,40,adult,Мастер-класс,2,0,0.0,14.0,synthetic
VIS_03265,13,school,Мастер-класс,1,0,0.0,7.0,synthetic
VIS_03266,38,adult,Лекция,1,0,0.0,7.0,synthetic
VIS_03267,24,young,Лекция,4,0,0.0,28.0,synthetic
VIS_03268,24,young,Творческая встреча,7,1,4.0,74.0,synthetic
VIS_03269,32,adult,Лекция,2,0,0.0,14.0,synthetic
VIS_03270,32,adult,Мастер-класс,6,0,0.0,42.0,synthetic
VIS_03271,25,young,Творческая встреча,1,1,1.0,17.0,synthetic
VIS_03272,47,mature,Выставка,1,0,0.0,7.0,synthetic
VIS_03273,33,adult,Выставка,4,0,0.0,28.0,synthetic
VIS_03274,27,young,Концерт,3,1,4.0,46.0,synthetic
VIS_03275,38,adult,Лекция,4,0,0.0,28.0,synthetic
VIS_03276,44,adult,Лекция,7,1,5.0,79.0,synthetic
VIS_03277,54,mature,Мастер-класс,1,1,3.0,27.0,synthetic
VIS_03278,26,young,Мастер-класс,2,0,0.0,14.0,synthetic
VIS_03279,36,adult,Концерт,1,0,0.0,7.0,synthetic
VIS_03280,58,mature,Лекция,1,0,0.0,7.0,synthetic
VIS_03281,16,school,Выставка,1,0,0.0,7.0,synthetic
VIS_03282,42,adult,Мастер-класс,1,0,0.0,7.0,synthetic
VIS_03283,24,young,Лекция,3,0,0.0,21.0,synthetic
VIS_03284,41,adult,Мастер-класс,1,0,0.0,7.0,synthetic
VIS_03285,45,mature,Лекция,5,1,4.0,60.0,synthetic
VIS_03286,30,adult,Лекция,4,0,0.0,28.0,synthetic
VIS_03287,25,young,Творческая встреча,1,1,3.0,27.0,synthetic
VIS_03288,42,adult,Выставка,11,2,4.0,100.0,synthetic
VIS_03289,29,young,Творческая встреча,1,0,0.0,7.0,synthetic
VIS_03290,40,adult,Творческая встреча,1,0,0.0,7.0,synthetic
VIS_03291,20,young,Творческая встреча,1,0,0.0,7.0,synthetic
VIS_03292,53,mature,Творческая встреча,1,1,5.0,37.0,synthetic
VIS_03293,60,senior,Выставка,3,0,0.0,21.0,synthetic
VIS_03294,31,adult,Творческая встреча,7,2,4.5,81.5,synthetic
VIS_03295,14,school,Мастер-класс,1,1,5.0,37.0,synthetic
VIS_03296,51,mature,Концерт,1,0,0.0,7.0,synthetic
VIS_03297,44,adult,Лекция,1,1,4.0,32.0,synthetic
VIS_03298,18,young,Мастер-класс,1,0,0.0,7.0,synthetic
VIS_03299,46,mature,Творческая встреча,4,0,0.0,28.0,synthetic
VIS_03300,60,senior,Выставка,3,1,3.0,41.0,synthetic
VIS_03301,27,young,Концерт,5,4,4.25,76.2,synthetic
VIS_03302,54,mature,Мастер-класс,5,0,0.0,35.0,synthetic
VIS_03303,35,adult,Лекция,3,1,5.0,51.0,synthetic
VIS_03304,39,adult,Концерт,2,0,0.0,14.0,synthetic
VIS_03305,40,adult,Лекция,3,0,0.0,21.0,synthetic
VIS_03306,19,young,Лекция,1,0,0.0,7.0,synthetic
VIS_03307,42,adult,Лекция,7,1,5.0,79.0,synthetic
VIS_03308,26,young,Творческая встреча,1,0,0.0,7.0,synthetic
VIS_03309,40,adult,Творческая встреча,1,0,0.0,7.0,synthetic
VIS_03310,38,adult,Мастер-класс,1,1,3.0,27.0,synthetic
VIS_03311,35,adult,Творческая встреча,6,0,0.0,42.0,synthetic
VIS_03312,16,school,Лекция,1,0,0.0,7.0,synthetic
VIS_03313,65,senior,Лекция,1,0,0.0,7.0,synthetic
VIS_03314,35,adult,Лекция,1,0,0.0,7.0,synthetic
VIS_03315,35,adult,Мастер-класс,4,1,3.0,48.0,synthetic
VIS_03316,18,young,Лекция,4,1,5.0,58.0,synthetic
VIS_03317,38,adult,Мастер-класс,1,1,5.0,37.0,synthetic
VIS_03318,52,mature,Выставка,5,1,4.0,60.0,synthetic
VIS_03319,37,adult,Концерт,7,2,4.5,81.5,synthetic
VIS_03320,61,senior,Выставка,1,0,0.0,7.0,synthetic
VIS_03321,40,adult,Лекция,2,1,4.0,39.0,synthetic
VIS_03322,35,adult,Концерт,1,1,2.0,22.0,synthetic
VIS_03323,58,mature,Творческая встреча,1,0,0.0,7.0,synthetic
VIS_03324,32,adult,Мастер-класс,1,0,0.0,7.0,synthetic
VIS_03325,41,adult,Творческая встреча,3,1,2.0,36.0,synthetic
VIS_03326,45,mature,Выставка,1,0,0.0,7.0,synthetic
VIS_03327,43,adult,Лекция,8,2,4.0,86.0,synthetic
VIS_03328,45,mature,Мастер-класс,7,0,0.0,49.0,synthetic
VIS_03329,30,adult,Лекция,5,1,4.0,60.0,synthetic
VIS_03330,29,young,Лекция,2,0,0.0,14.0,synthetic
VIS_03331,57,mature,Лекция,2,1,4.0,39.0,synthetic
VIS_03332,32,adult,Концерт,6,0,0.0,42.0,synthetic
VIS_03333,62,senior,Творческая встреча,1,0,0.0,7.0,synthetic
VIS_03334,18,young,Лекция,3,0,0.0,21.0,synthetic
VIS_03335,27,young,Лекция,1,0,0.0,7.0,synthetic
VIS_03336,44,adult,Лекция,4,1,5.0,58.0,synthetic
VIS_03337,35,adult,Концерт,6,2,3.5,69.5,synthetic
VIS_03338,28,young,Выставка,4,0,0.0,28.0,synthetic
VIS_03339,54,mature,Лекция,1,0,0.0,7.0,synthetic
VIS_03340,43,adult,Лекция,1,0,0.0,7.0,synthetic
VIS_03341,46,mature,Творческая встреча,4,1,5.0,58.0,synthetic
VIS_03342,49,mature,Лекция,1,0,0.0,7.0,synthetic
VIS_03343,23,young,Творческая встреча,1,1,5.0,37.0,synthetic
VIS_03344,34,adult,Лекция,6,1,5.0,72.0,synthetic
VIS_03345,39,adult,Выставка,2,0,0.0,14.0,synthetic
VIS_03346,34,adult,Лекция,6,0,0.0,42.0,synthetic
VIS_03347,40,adult,Мастер-класс,1,1,5.0,37.0,synthetic
VIS_03348,59,mature,Лекция,1,1,4.0,32.0,synthetic
VIS_03349,19,young,Выставка,1,0,0.0,7.0,synthetic
VIS_03350,64,senior,Творческая встреча,1,0,0.0,7.0,synthetic
VIS_03351,47,mature,Лекция,5,2,4.5,67.5,synthetic
VIS_03352,49,mature,Выставка,2,0,0.0,14.0,synthetic
VIS_03353,20,young,Концерт,4,0,0.0,28.0,synthetic
VIS_03354,53,mature,Лекция,7,0,0.0,49.0,synthetic
VIS_03355,22,young,Мастер-класс,1,0,0.0,7.0,synthetic
VIS_03356,31,adult,Лекция,1,0,0.0,7.0,synthetic
VIS_03357,31,adult,Творческая встреча,3,0,0.0,21.0,synthetic
VIS_03358,32,adult,Творческая встреча,4,0,0.0,28.0,synthetic
VIS_03359,44,adult,Концерт,2,0,0.0,14.0,synthetic
VIS_03360,35,adult,Концерт,3,1,2.0,36.0,synthetic
VIS_03361,33,adult,Лекция,1,0,0.0,7.0,synthetic
VIS_03362,18,young,Концерт,1,0,0.0,7.0,synthetic
VIS_03363,30,adult,Лекция,8,0,0.0,56.0,synthetic
VIS_03364,50,mature,Мастер-класс,1,0,0.0,7.0,synthetic
VIS_03365,23,young,Лекция,2,0,0.0,14.0,synthetic
VIS_03366,54,mature,Мастер-класс,1,1,5.0,37.0,synthetic
VIS_03367,39,adult,Мастер-класс,5,0,0.0,35.0,synthetic
VIS_03368,37,adult,Лекция,7,1,5.0,79.0,synthetic
VIS_03369,59,mature,Лекция,1,0,0.0,7.0,synthetic
VIS_03370,25,young,Творческая встреча,1,0,0.0,7.0,synthetic
VIS_03371,31,adult,Выставка,3,0,0.0,21.0,synthetic
VIS_03372,38,adult,Мастер-класс,5,1,5.0,65.0,synthetic
VIS_03373,44,adult,Выставка,8,1,5.0,86.0,synthetic
VIS_03374,48,mature,Мастер-класс,1,0,0.0,7.0,synthetic
VIS_03375,19,young,Творческая встреча,1,0,0.0,7.0,synthetic
VIS_03376,26,young,Творческая встреча,3,1,3.0,41.0,synthetic
VIS_03377,24,young,Лекция,6,1,4.0,67.0,synthetic
VIS_03378,39,adult,Мастер-класс,1,0,0.0,7.0,synthetic
VIS_03379,34,adult,Лекция,1,1,5.0,37.0,synthetic
VIS_03380,50,mature,Выставка,2,0,0.0,14.0,synthetic
VIS_03381,30,adult,Выставка,2,0,0.0,14.0,synthetic
VIS_03382,36,adult,Концерт,3,0,0.0,21.0,synthetic
VIS_03383,36,adult,Лекция,1,0,0.0,7.0,synthetic
VIS_03384,40,adult,Выставка,4,0,0.0,28.0,synthetic
VIS_03385,36,adult,Творческая встреча,1,0,0.0,7.0,synthetic
VIS_03386,53,mature,Выставка,10,3,4.33,100.0,synthetic
VIS_03387,23,young,Мастер-класс,2,0,0.0,14.0,synthetic
VIS_03388,42,adult,Концерт,2,0,0.0,14.0,synthetic
VIS_03389,38,adult,Мастер-класс,6,1,5.0,72.0,synthetic
VIS_03390,23,young,Лекция,1,1,3.0,27.0,synthetic
VIS_03391,39,adult,Творческая встреча,1,0,0.0,7.0,synthetic
VIS_03392,43,adult,Творческая встреча,4,0,0.0,28.0,synthetic
VIS_03393,25,young,Выставка,1,0,0.0,7.0,synthetic
VIS_03394,50,mature,Концерт,5,1,3.0,55.0,synthetic
VIS_03395,46,mature,Выставка,3,0,0.0,21.0,synthetic
VIS_03396,58,mature,Творческая встреча,1,1,4.0,32.0,synthetic
VIS_03397,51,mature,Лекция,5,1,5.0,65.0,synthetic
VIS_03398,29,young,Концерт,4,2,5.0,63.0,synthetic
VIS_03399,28,young,Лекция,2,0,0.0,14.0,synthetic
VIS_03400,33,adult,Концерт,6,0,0.0,42.0,synthetic
VIS_03401,37,adult,Концерт,4,0,0.0,28.0,synthetic
VIS_03402,30,adult,Мастер-класс,2,0,0.0,14.0,synthetic
VIS_03403,60,senior,Лекция,1,1,5.0,37.0,synthetic
VIS_03404,40,adult,Лекция,4,0,0.0,28.0,synthetic
VIS_03405,38,adult,Творческая встреча,2,0,0.0,14.0,synthetic
VIS_03406,70,senior,Выставка,1,0,0.0,7.0,synthetic
VIS_03407,38,adult,Выставка,4,0,0.0,28.0,synthetic
VIS_03408,64,senior,Выставка,1,0,0.0,7.0,synthetic
VIS_03409,28,young,Концерт,8,2,3.5,83.5,synthetic
VIS_03410,31,adult,Концерт,2,0,0.0,14.0,synthetic
VIS_03411,21,young,Лекция,2,0,0.0,14.0,synthetic
VIS_03412,61,senior,Лекция,1,0,0.0,7.0,synthetic
VIS_03413,26,young,Лекция,4,0,0.0,28.0,synthetic
VIS_03414,39,adult,Концерт,2,0,0.0,14.0,synthetic
VIS_03415,43,adult,Лекция,5,0,0.0,35.0,synthetic
VIS_03416,63,senior,Лекция,1,1,3.0,27.0,synthetic
VIS_03417,26,young,Мастер-класс,1,0,0.0,7.0,synthetic
VIS_03418,40,adult,Мастер-класс,1,1,5.0,37.0,synthetic
VIS_03419,28,young,Лекция,1,0,0.0,7.0,synthetic
VIS_03420,35,adult,Выставка,8,0,0.0,56.0,synthetic
VIS_03421,53,mature,Концерт,1,0,0.0,7.0,synthetic
VIS_03422,20,young,Лекция,1,0,0.0,7.0,synthetic
VIS_03423,54,mature,Мастер-класс,1,0,0.0,7.0,synthetic
VIS_03424,49,mature,Творческая встреча,8,3,3.67,89.4,synthetic
VIS_03425,37,adult,Лекция,2,0,0.0,14.0,synthetic
VIS_03426,56,mature,Концерт,3,1,5.0,51.0,synthetic
VIS_03427,35,adult,Лекция,1,0,0.0,7.0,synthetic
VIS_03428,53,mature,Творческая встреча,3,0,0.0,21.0,synthetic
VIS_03429,41,adult,Творческая встреча,1,0,0.0,7.0,synthetic
VIS_03430,24,young,Лекция,3,1,5.0,51.0,synthetic
VIS_03431,30,adult,Выставка,1,0,0.0,7.0,synthetic
VIS_03432,41,adult,Лекция,2,0,0.0,14.0,synthetic
VIS_03433,14,school,Мастер-класс,1,0,0.0,7.0,synthetic
VIS_03434,49,mature,Мастер-класс,1,0,0.0,7.0,synthetic
VIS_03435,33,adult,Лекция,4,0,0.0,28.0,synthetic
VIS_03436,45,mature,Творческая встреча,4,0,0.0,28.0,synthetic
VIS_03437,53,mature,Лекция,4,3,3.67,61.4,synthetic
VIS_03438,45,mature,Лекция,2,1,5.0,44.0,synthetic
VIS_03439,26,young,Творческая встреча,1,0,0.0,7.0,synthetic
VIS_03440,39,adult,Концерт,1,0,0.0,7.0,synthetic
VIS_03441,24,young,Мастер-класс,1,1,5.0,37.0,synthetic
VIS_03442,46,mature,Выставка,4,1,5.0,58.0,synthetic
VIS_03443,30,adult,Мастер-класс,1,0,0.0,7.0,synthetic
VIS_03444,60,senior,Выставка,3,0,0.0,21.0,synthetic
VIS_03445,50,mature,Выставка,2,0,0.0,14.0,synthetic
VIS_03446,33,adult,Лекция,6,0,0.0,42.0,synthetic
VIS_03447,42,adult,Лекция,2,1,3.0,34.0,synthetic
VIS_03448,52,mature,Мастер-класс,1,0,0.0,7.0,synthetic
VIS_03449,43,adult,Лекция,3,1,4.0,46.0,synthetic
VIS_03450,32,adult,Лекция,3,1,4.0,46.0,synthetic
VIS_03451,28,young,Лекция,8,0,0.0,56.0,synthetic
VIS_03452,59,mature,Творческая встреча,1,0,0.0,7.0,synthetic
VIS_03453,30,adult,Выставка,2,1,4.0,39.0,synthetic
VIS_03454,28,young,Творческая встреча,3,1,4.0,46.0,synthetic
VIS_03455,46,mature,Лекция,1,0,0.0,7.0,synthetic
VIS_03456,23,young,Мастер-класс,4,0,0.0,28.0,synthetic
VIS_03457,34,adult,Лекция,4,1,5.0,58.0,synthetic
VIS_03458,47,mature,Творческая встреча,6,1,3.0,62.0,synthetic
VIS_03459,18,young,Выставка,1,0,0.0,7.0,synthetic
VIS_03460,56,mature,Лекция,2,0,0.0,14.0,synthetic
VIS_03461,42,adult,Лекция,1,0,0.0,7.0,synthetic
VIS_03462,34,adult,Мастер-класс,1,0,0.0,7.0,synthetic
VIS_03463,47,mature,Творческая встреча,1,1,5.0,37.0,synthetic
VIS_03464,42,adult,Лекция,12,1,5.0,100.0,synthetic
VIS_03465,52,mature,Лекция,5,1,2.0,50.0,synthetic
VIS_03466,63,senior,Творческая встреча,1,1,5.0,37.0,synthetic
VIS_03467,45,mature,Творческая встреча,1,0,0.0,7.0,synthetic
VIS_03468,37,adult,Лекция,2,0,0.0,14.0,synthetic
VIS_03469,48,mature,Лекция,1,0,0.0,7.0,synthetic
VIS_03470,18,young,Творческая встреча,4,1,5.0,58.0,synthetic
VIS_03471,27,young,Лекция,1,0,0.0,7.0,synthetic
VIS_03472,42,adult,Творческая встреча,4,0,0.0,28.0,synthetic
VIS_03473,66,senior,Выставка,1,0,0.0,7.0,synthetic
VIS_03474,37,adult,Лекция,3,0,0.0,21.0,synthetic
VIS_03475,34,adult,Творческая встреча,1,0,0.0,7.0,synthetic
VIS_03476,44,adult,Лекция,5,3,4.33,71.6,synthetic
VIS_03477,15,school,Выставка,1,0,0.0,7.0,synthetic
VIS_03478,18,young,Выставка,1,1,5.0,37.0,synthetic
VIS_03479,21,young,Лекция,1,1,4.0,32.0,synthetic
VIS_03480,18,young,Творческая встреча,1,0,0.0,7.0,synthetic
VIS_03481,42,adult,Выставка,1,0,0.0,7.0,synthetic
VIS_03482,41,adult,Лекция,1,0,0.0,7.0,synthetic
VIS_03483,31,adult,Лекция,2,0,0.0,14.0,synthetic
VIS_03484,17,school,Концерт,3,1,5.0,51.0,synthetic
VIS_03485,54,mature,Лекция,3,2,4.5,53.5,synthetic
VIS_03486,39,adult,Лекция,6,3,4.33,78.6,synthetic
VIS_03487,44,adult,Концерт,4,1,3.0,48.0,synthetic
VIS_03488,37,adult,Лекция,6,1,5.0,72.0,synthetic
VIS_03489,23,young,Лекция,2,1,2.0,29.0,synthetic
VIS_03490,36,adult,Выставка,2,0,0.0,14.0,synthetic
VIS_03491,34,adult,Творческая встреча,1,0,0.0,7.0,synthetic
VIS_03492,38,adult,Творческая встреча,4,0,0.0,28.0,synthetic
VIS_03493,40,adult,Лекция,4,0,0.0,28.0,synthetic
VIS_03494,36,adult,Лекция,1,0,0.0,7.0,synthetic
VIS_03495,36,adult,Лекция,1,0,0.0,7.0,synthetic
VIS_03496,25,young,Лекция,1,0,0.0,7.0,synthetic
VIS_03497,36,adult,Лекция,6,1,5.0,72.0,synthetic
VIS_03498,16,school,Мастер-класс,1,0,0.0,7.0,synthetic
VIS_03499,47,mature,Лекция,3,0,0.0,21.0,synthetic
VIS_03500,43,adult,Мастер-класс,3,0,0.0,21.0,synthetic
VIS_03501,40,adult,Мастер-класс,7,1,2.0,64.0,synthetic
VIS_03502,47,mature,Лекция,1,0,0.0,7.0,synthetic
VIS_03503,38,adult,Выставка,2,1,4.0,39.0,synthetic
VIS_03504,23,young,Лекция,1,0,0.0,7.0,synthetic
VIS_03505,49,mature,Творческая встреча,3,1,4.0,46.0,synthetic
VIS_03506,55,mature,Лекция,1,0,0.0,7.0,synthetic
VIS_03507,45,mature,Лекция,5,2,4.0,65.0,synthetic
VIS_03508,22,young,Лекция,1,0,0.0,7.0,synthetic
VIS_03509,36,adult,Лекция,2,1,5.0,44.0,synthetic
VIS_03510,50,mature,Лекция,2,0,0.0,14.0,synthetic
VIS_03511,24,young,Творческая встреча,1,0,0.0,7.0,synthetic
VIS_03512,57,mature,Лекция,1,0,0.0,7.0,synthetic
VIS_03513,36,adult,Лекция,1,0,0.0,7.0,synthetic
VIS_03514,50,mature,Творческая встреча,1,0,0.0,7.0,synthetic
VIS_03515,36,adult,Лекция,1,1,5.0,37.0,synthetic
VIS_03516,31,adult,Выставка,9,3,4.0,98.0,synthetic
VIS_03517,55,mature,Творческая встреча,1,0,0.0,7.0,synthetic
VIS_03518,32,adult,Лекция,9,5,4.8,100.0,synthetic
VIS_03519,34,adult,Концерт,9,2,4.0,93.0,synthetic
VIS_03520,23,young,Творческая встреча,7,0,0.0,49.0,synthetic
VIS_03521,24,young,Лекция,1,0,0.0,7.0,synthetic
VIS_03522,38,adult,Лекция,1,0,0.0,7.0,synthetic
VIS_03523,37,adult,Мастер-класс,1,0,0.0,7.0,synthetic
VIS_03524,38,adult,Лекция,3,0,0.0,21.0,synthetic
VIS_03525,33,adult,Лекция,5,1,3.0,55.0,synthetic
VIS_03526,12,school,Мастер-класс,1,0,0.0,7.0,synthetic
VIS_03527,42,adult,Выставка,4,0,0.0,28.0,synthetic
VIS_03528,48,mature,Мастер-класс,1,0,0.0,7.0,synthetic
VIS_03529,42,adult,Выставка,1,1,5.0,37.0,synthetic
VIS_03530,29,young,Выставка,2,0,0.0,14.0,synthetic
VIS_03531,52,mature,Творческая встреча,3,1,5.0,51.0,synthetic
VIS_03532,18,young,Мастер-класс,1,0,0.0,7.0,synthetic
VIS_03533,41,adult,Лекция,5,2,4.0,65.0,synthetic
VIS_03534,35,adult,Мастер-класс,6,3,4.0,77.0,synthetic
VIS_03535,24,young,Творческая встреча,1,0,0.0,7.0,synthetic
VIS_03536,21,young,Выставка,1,1,3.0,27.0,synthetic
VIS_03537,39,adult,Творческая встреча,1,0,0.0,7.0,synthetic
VIS_03538,63,senior,Творческая встреча,1,0,0.0,7.0,synthetic
VIS_03539,33,adult,Концерт,1,0,0.0,7.0,synthetic
VIS_03540,55,mature,Творческая встреча,1,0,0.0,7.0,synthetic
VIS_03541,36,adult,Мастер-класс,3,1,5.0,51.0,synthetic
VIS_03542,42,adult,Творческая встреча,1,0,0.0,7.0,synthetic
VIS_03543,54,mature,Мастер-класс,1,1,3.0,27.0,synthetic
VIS_03544,34,adult,Лекция,2,0,0.0,14.0,synthetic
VIS_03545,60,senior,Концерт,3,0,0.0,21.0,synthetic
VIS_03546,20,young,Выставка,1,0,0.0,7.0,synthetic
VIS_03547,28,young,Лекция,7,2,4.5,81.5,synthetic
VIS_03548,63,senior,Лекция,1,0,0.0,7.0,synthetic
VIS_03549,20,young,Творческая встреча,3,0,0.0,21.0,synthetic
VIS_03550,44,adult,Концерт,2,1,3.0,34.0,synthetic
VIS_03551,39,adult,Лекция,2,0,0.0,14.0,synthetic
VIS_03552,51,mature,Творческая встреча,1,0,0.0,7.0,synthetic
VIS_03553,21,young,Лекция,3,1,3.0,41.0,synthetic
VIS_03554,61,senior,Выставка,1,0,0.0,7.0,synthetic
VIS_03555,37,adult,Лекция,2,0,0.0,14.0,synthetic
VIS_03556,48,mature,Концерт,4,2,4.0,58.0,synthetic
VIS_03557,50,mature,Лекция,4,0,0.0,28.0,synthetic
VIS_03558,47,mature,Мастер-класс,1,1,5.0,37.0,synthetic
VIS_03559,38,adult,Мастер-класс,4,0,0.0,28.0,synthetic
VIS_03560,43,adult,Творческая встреча,6,1,2.0,57.0,synthetic
VIS_03561,42,adult,Выставка,3,1,4.0,46.0,synthetic
VIS_03562,13,school,Мастер-класс,1,0,0.0,7.0,synthetic
VIS_03563,50,mature,Лекция,9,2,5.0,98.0,synthetic
VIS_03564,42,adult,Лекция,6,2,3.5,69.5,synthetic
VIS_03565,21,young,Творческая встреча,1,0,0.0,7.0,synthetic
VIS_03566,41,adult,Концерт,4,0,0.0,28.0,synthetic
VIS_03567,31,adult,Лекция,2,0,0.0,14.0,synthetic
VIS_03568,31,adult,Лекция,3,0,0.0,21.0,synthetic
VIS_03569,64,senior,Творческая встреча,1,0,0.0,7.0,synthetic
VIS_03570,32,adult,Выставка,4,0,0.0,28.0,synthetic
VIS_03571,38,adult,Творческая встреча,3,1,5.0,51.0,synthetic
VIS_03572,38,adult,Лекция,2,1,5.0,44.0,synthetic
VIS_03573,53,mature,Творческая встреча,5,0,0.0,35.0,synthetic
VIS_03574,39,adult,Мастер-класс,1,1,2.0,22.0,synthetic
VIS_03575,60,senior,Выставка,3,0,0.0,21.0,synthetic
VIS_03576,33,adult,Лекция,1,1,4.0,32.0,synthetic
VIS_03577,45,mature,Творческая встреча,6,2,4.0,72.0,synthetic
VIS_03578,39,adult,Творческая встреча,6,1,3.0,62.0,synthetic
VIS_03579,48,mature,Лекция,1,0,0.0,7.0,synthetic
VIS_03580,44,adult,Лекция,2,0,0.0,14.0,synthetic
VIS_03581,27,young,Лекция,1,0,0.0,7.0,synthetic
VIS_03582,49,mature,Выставка,4,2,4.0,58.0,synthetic
VIS_03583,32,adult,Мастер-класс,1,0,0.0,7.0,synthetic
VIS_03584,55,mature,Мастер-класс,1,1,5.0,37.0,synthetic
VIS_03585,52,mature,Концерт,2,1,5.0,44.0,synthetic
VIS_03586,34,adult,Выставка,2,0,0.0,14.0,synthetic
VIS_03587,29,young,Выставка,1,0,0.0,7.0,synthetic
VIS_03588,31,adult,Мастер-класс,1,1,5.0,37.0,synthetic
VIS_03589,49,mature,Выставка,3,2,4.5,53.5,synthetic
VIS_03590,30,adult,Выставка,2,0,0.0,14.0,synthetic
VIS_03591,52,mature,Творческая встреча,7,0,0.0,49.0,synthetic
VIS_03592,21,young,Выставка,3,0,0.0,21.0,synthetic
VIS_03593,20,young,Выставка,3,0,0.0,21.0,synthetic
VIS_03594,42,adult,Лекция,4,2,5.0,63.0,synthetic
VIS_03595,42,adult,Выставка,3,0,0.0,21.0,synthetic
VIS_03596,34,adult,Творческая встреча,2,0,0.0,14.0,synthetic
VIS_03597,35,adult,Творческая встреча,2,0,0.0,14.0,synthetic
VIS_03598,38,adult,Мастер-класс,4,0,0.0,28.0,synthetic
VIS_03599,37,adult,Творческая встреча,6,1,4.0,67.0,synthetic
VIS_03600,32,adult,Лекция,5,1,4.0,60.0,synthetic
VIS_03601,26,young,Мастер-класс,1,0,0.0,7.0,synthetic
VIS_03602,58,mature,Лекция,1,1,4.0,32.0,synthetic
VIS_03603,30,adult,Лекция,3,1,3.0,41.0,synthetic
VIS_03604,28,young,Выставка,4,1,3.0,48.0,synthetic
VIS_03605,39,adult,Лекция,5,2,4.5,67.5,synthetic
VIS_03606,41,adult,Лекция,6,1,3.0,62.0,synthetic
VIS_03607,28,young,Выставка,3,1,4.0,46.0,synthetic
VIS_03608,10,school,Мастер-класс,1,0,0.0,7.0,synthetic
VIS_03609,31,adult,Выставка,6,2,5.0,77.0,synthetic
VIS_03610,46,mature,Творческая встреча,7,1,4.0,74.0,synthetic
VIS_03611,38,adult,Мастер-класс,1,1,3.0,27.0,synthetic
VIS_03612,45,mature,Лекция,1,0,0.0,7.0,synthetic
VIS_03613,44,adult,Выставка,2,0,0.0,14.0,synthetic
VIS_03614,23,young,Творческая встреча,1,0,0.0,7.0,synthetic
VIS_03615,39,adult,Творческая встреча,6,2,1.5,59.5,synthetic
VIS_03616,51,mature,Концерт,6,1,4.0,67.0,synthetic
VIS_03617,60,senior,Творческая встреча,1,0,0.0,7.0,synthetic
VIS_03618,55,mature,Лекция,3,1,4.0,46.0,synthetic
VIS_03619,37,adult,Лекция,5,0,0.0,35.0,synthetic
VIS_03620,39,adult,Творческая встреча,1,0,0.0,7.0,synthetic
VIS_03621,39,adult,Мастер-класс,5,2,5.0,70.0,synthetic
VIS_03622,24,young,Выставка,3,0,0.0,21.0,synthetic
VIS_03623,25,young,Лекция,2,1,3.0,34.0,synthetic
VIS_03624,32,adult,Концерт,4,1,4.0,53.0,synthetic
VIS_03625,60,senior,Лекция,1,0,0.0,7.0,synthetic
VIS_03626,43,adult,Творческая встреча,4,2,3.0,53.0,synthetic
VIS_03627,39,adult,Лекция,4,2,4.0,58.0,synthetic
VIS_03628,40,adult,Мастер-класс,4,0,0.0,28.0,synthetic
VIS_03629,27,young,Лекция,2,0,0.0,14.0,synthetic
VIS_03630,27,young,Творческая встреча,1,1,5.0,37.0,synthetic
VIS_03631,41,adult,Творческая встреча,4,1,4.0,53.0,synthetic
VIS_03632,27,young,Лекция,4,1,5.0,58.0,synthetic
VIS_03633,46,mature,Выставка,1,0,0.0,7.0,synthetic
VIS_03634,23,young,Мастер-класс,1,0,0.0,7.0,synthetic
VIS_03635,45,mature,Выставка,6,0,0.0,42.0,synthetic
VIS_03636,39,adult,Концерт,3,1,3.0,41.0,synthetic
VIS_03637,53,mature,Концерт,1,0,0.0,7.0,synthetic
VIS_03638,48,mature,Лекция,3,0,0.0,21.0,synthetic
VIS_03639,34,adult,Выставка,1,0,0.0,7.0,synthetic
VIS_03640,37,adult,Творческая встреча,1,0,0.0,7.0,synthetic
VIS_03641,46,mature,Лекция,9,1,3.0,83.0,synthetic
VIS_03642,50,mature,Концерт,6,2,2.5,64.5,synthetic
VIS_03643,26,young,Мастер-класс,1,0,0.0,7.0,synthetic
VIS_03644,10,school,Мастер-класс,1,0,0.0,7.0,synthetic
VIS_03645,21,young,Лекция,1,0,0.0,7.0,synthetic
VIS_03646,51,mature,Лекция,5,0,0.0,35.0,synthetic
VIS_03647,53,mature,Лекция,3,1,4.0,46.0,synthetic
VIS_03648,40,adult,Мастер-класс,1,0,0.0,7.0,synthetic
VIS_03649,39,adult,Лекция,1,1,5.0,37.0,synthetic
VIS_03650,18,young,Лекция,1,0,0.0,7.0,synthetic
VIS_03651,28,young,Творческая встреча,1,0,0.0,7.0,synthetic
VIS_03652,39,adult,Лекция,1,0,0.0,7.0,synthetic
VIS_03653,30,adult,Лекция,6,1,3.0,62.0,synthetic
VIS_03654,23,young,Концерт,1,0,0.0,7.0,synthetic
VIS_03655,26,young,Мастер-класс,2,1,3.0,34.0,synthetic
VIS_03656,30,adult,Выставка,3,0,0.0,21.0,synthetic
VIS_03657,24,young,Концерт,5,0,0.0,35.0,synthetic
VIS_03658,40,adult,Концерт,10,0,0.0,70.0,synthetic
VIS_03659,52,mature,Мастер-класс,1,0,0.0,7.0,synthetic
VIS_03660,43,adult,Лекция,1,0,0.0,7.0,synthetic
VIS_03661,25,young,Лекция,3,1,3.0,41.0,synthetic
VIS_03662,49,mature,Лекция,9,3,4.0,98.0,synthetic
VIS_03663,47,mature,Творческая встреча,1,0,0.0,7.0,synthetic
VIS_03664,61,senior,Выставка,3,0,0.0,21.0,synthetic
VIS_03665,22,young,Лекция,4,0,0.0,28.0,synthetic
VIS_03666,33,adult,Лекция,6,0,0.0,42.0,synthetic
VIS_03667,44,adult,Творческая встреча,4,1,3.0,48.0,synthetic
VIS_03668,41,adult,Концерт,2,0,0.0,14.0,synthetic
VIS_03669,38,adult,Лекция,1,0,0.0,7.0,synthetic
VIS_03670,19,young,Творческая встреча,1,0,0.0,7.0,synthetic
VIS_03671,33,adult,Творческая встреча,4,1,4.0,53.0,synthetic
VIS_03672,47,mature,Выставка,5,3,3.67,68.4,synthetic
VIS_03673,38,adult,Выставка,2,0,0.0,14.0,synthetic
VIS_03674,29,young,Концерт,2,0,0.0,14.0,synthetic
VIS_03675,42,adult,Лекция,1,1,4.0,32.0,synthetic
VIS_03676,54,mature,Концерт,1,1,5.0,37.0,synthetic
VIS_03677,50,mature,Творческая встреча,1,0,0.0,7.0,synthetic
VIS_03678,42,adult,Лекция,4,1,5.0,58.0,synthetic
VIS_03679,32,adult,Лекция,2,0,0.0,14.0,synthetic
VIS_03680,57,mature,Лекция,1,0,0.0,7.0,synthetic
VIS_03681,32,adult,Выставка,7,1,5.0,79.0,synthetic
VIS_03682,36,adult,Выставка,3,0,0.0,21.0,synthetic
VIS_03683,40,adult,Выставка,1,0,0.0,7.0,synthetic
VIS_03684,54,mature,Лекция,1,0,0.0,7.0,synthetic
VIS_03685,29,young,Выставка,3,1,3.0,41.0,synthetic
VIS_03686,34,adult,Лекция,6,1,5.0,72.0,synthetic
VIS_03687,46,mature,Выставка,2,1,4.0,39.0,synthetic
VIS_03688,38,adult,Лекция,2,0,0.0,14.0,synthetic
VIS_03689,31,adult,Концерт,2,0,0.0,14.0,synthetic
VIS_03690,40,adult,Лекция,6,1,5.0,72.0,synthetic
VIS_03691,40,adult,Лекция,1,1,5.0,37.0,synthetic
VIS_03692,28,young,Творческая встреча,1,0,0.0,7.0,synthetic
VIS_03693,29,young,Концерт,1,0,0.0,7.0,synthetic
VIS_03694,43,adult,Лекция,7,1,5.0,79.0,synthetic
VIS_03695,32,adult,Лекция,4,1,5.0,58.0,synthetic
VIS_03696,41,adult,Лекция,2,0,0.0,14.0,synthetic
VIS_03697,28,young,Лекция,2,0,0.0,14.0,synthetic
VIS_03698,35,adult,Мастер-класс,2,0,0.0,14.0,synthetic
VIS_03699,30,adult,Лекция,5,0,0.0,35.0,synthetic
VIS_03700,59,mature,Творческая встреча,1,0,0.0,7.0,synthetic
VIS_03701,33,adult,Творческая встреча,4,1,3.0,48.0,synthetic
VIS_03702,56,mature,Лекция,1,1,5.0,37.0,synthetic
VIS_03703,30,adult,Выставка,4,0,0.0,28.0,synthetic
VIS_03704,33,adult,Лекция,3,0,0.0,21.0,synthetic
VIS_03705,58,mature,Творческая встреча,1,1,3.0,27.0,synthetic
VIS_03706,35,adult,Концерт,1,0,0.0,7.0,synthetic
VIS_03707,55,mature,Лекция,5,1,4.0,60.0,synthetic
VIS_03708,27,young,Концерт,4,1,3.0,48.0,synthetic
VIS_03709,46,mature,Выставка,1,0,0.0,7.0,synthetic
VIS_03710,24,young,Лекция,8,0,0.0,56.0,synthetic
VIS_03711,68,senior,Выставка,1,0,0.0,7.0,synthetic
VIS_03712,26,young,Лекция,2,0,0.0,14.0,synthetic
VIS_03713,32,adult,Лекция,6,1,3.0,62.0,synthetic
VIS_03714,25,young,Концерт,4,1,4.0,53.0,synthetic
VIS_03715,61,senior,Творческая встреча,1,0,0.0,7.0,synthetic
VIS_03716,50,mature,Концерт,1,0,0.0,7.0,synthetic
VIS_03717,33,adult,Выставка,4,1,4.0,53.0,synthetic
VIS_03718,58,mature,Выставка,1,0,0.0,7.0,synthetic
VIS_03719,30,adult,Лекция,1,0,0.0,7.0,synthetic
VIS_03720,41,adult,Лекция,4,0,0.0,28.0,synthetic
VIS_03721,28,young,Лекция,3,1,5.0,51.0,synthetic
VIS_03722,35,adult,Лекция,6,0,0.0,42.0,synthetic
VIS_03723,37,adult,Творческая встреча,2,0,0.0,14.0,synthetic
VIS_03724,46,mature,Лекция,1,1,3.0,27.0,synthetic
VIS_03725,38,adult,Выставка,1,1,4.0,32.0,synthetic
VIS_03726,37,adult,Концерт,1,0,0.0,7.0,synthetic
VIS_03727,22,young,Выставка,1,0,0.0,7.0,synthetic
VIS_03728,28,young,Выставка,4,1,5.0,58.0,synthetic
VIS_03729,48,mature,Лекция,4,0,0.0,28.0,synthetic
VIS_03730,32,adult,Творческая встреча,6,1,5.0,72.0,synthetic
VIS_03731,45,mature,Выставка,3,1,4.0,46.0,synthetic
VIS_03732,16,school,Творческая встреча,1,0,0.0,7.0,synthetic
VIS_03733,50,mature,Творческая встреча,5,2,4.5,67.5,synthetic
VIS_03734,16,school,Выставка,1,0,0.0,7.0,synthetic
VIS_03735,49,mature,Лекция,5,1,5.0,65.0,synthetic
VIS_03736,36,adult,Лекция,3,0,0.0,21.0,synthetic
VIS_03737,61,senior,Лекция,1,0,0.0,7.0,synthetic
VIS_03738,36,adult,Мастер-класс,1,1,3.0,27.0,synthetic
VIS_03739,34,adult,Выставка,3,0,0.0,21.0,synthetic
VIS_03740,32,adult,Творческая встреча,3,0,0.0,21.0,synthetic
VIS_03741,47,mature,Творческая встреча,9,2,4.5,95.5,synthetic
VIS_03742,58,mature,Лекция,1,1,5.0,37.0,synthetic
VIS_03743,34,adult,Мастер-класс,1,0,0.0,7.0,synthetic
VIS_03744,44,adult,Лекция,5,0,0.0,35.0,synthetic
VIS_03745,60,senior,Выставка,1,0,0.0,7.0,synthetic
VIS_03746,30,adult,Концерт,1,0,0.0,7.0,synthetic
VIS_03747,37,adult,Творческая встреча,3,0,0.0,21.0,synthetic
VIS_03748,30,adult,Творческая встреча,8,0,0.0,56.0,synthetic
VIS_03749,44,adult,Лекция,4,1,3.0,48.0,synthetic
VIS_03750,43,adult,Концерт,4,1,3.0,48.0,synthetic
VIS_03751,41,adult,Концерт,2,1,5.0,44.0,synthetic
VIS_03752,32,adult,Мастер-класс,6,1,1.0,52.0,synthetic
VIS_03753,31,adult,Лекция,3,0,0.0,21.0,synthetic
VIS_03754,32,adult,Мастер-класс,1,0,0.0,7.0,synthetic
VIS_03755,43,adult,Лекция,1,0,0.0,7.0,synthetic
VIS_03756,39,adult,Выставка,6,0,0.0,42.0,synthetic
VIS_03757,34,adult,Лекция,5,0,0.0,35.0,synthetic
VIS_03758,19,young,Лекция,1,0,0.0,7.0,synthetic
VIS_03759,18,young,Творческая встреча,1,0,0.0,7.0,synthetic
VIS_03760,29,young,Выставка,11,3,3.67,100.0,synthetic
VIS_03761,25,young,Концерт,3,1,5.0,51.0,synthetic
VIS_03762,26,young,Творческая встреча,1,0,0.0,7.0,synthetic
VIS_03763,32,adult,Выставка,7,0,0.0,49.0,synthetic
VIS_03764,40,adult,Мастер-класс,3,1,2.0,36.0,synthetic
VIS_03765,37,adult,Мастер-класс,1,0,0.0,7.0,synthetic
VIS_03766,40,adult,Мастер-класс,1,0,0.0,7.0,synthetic
VIS_03767,59,mature,Выставка,1,1,4.0,32.0,synthetic
VIS_03768,36,adult,Лекция,1,0,0.0,7.0,synthetic
VIS_03769,40,adult,Лекция,1,0,0.0,7.0,synthetic
VIS_03770,41,adult,Лекция,9,0,0.0,63.0,synthetic
VIS_03771,32,adult,Лекция,12,2,4.0,100.0,synthetic
VIS_03772,42,adult,Концерт,5,1,5.0,65.0,synthetic
VIS_03773,33,adult,Мастер-класс,1,0,0.0,7.0,synthetic
VIS_03774,32,adult,Творческая встреча,1,0,0.0,7.0,synthetic
VIS_03775,24,young,Лекция,1,0,0.0,7.0,synthetic
VIS_03776,52,mature,Творческая встреча,8,2,2.5,78.5,synthetic
VIS_03777,57,mature,Мастер-класс,2,0,0.0,14.0,synthetic
VIS_03778,21,young,Мастер-класс,5,0,0.0,35.0,synthetic
VIS_03779,31,adult,Творческая встреча,8,1,5.0,86.0,synthetic
VIS_03780,58,mature,Творческая встреча,5,0,0.0,35.0,synthetic
VIS_03781,48,mature,Лекция,3,0,0.0,21.0,synthetic
VIS_03782,46,mature,Творческая встреча,1,0,0.0,7.0,synthetic
VIS_03783,47,mature,Мастер-класс,1,0,0.0,7.0,synthetic
VIS_03784,23,young,Мастер-класс,7,1,1.0,59.0,synthetic
VIS_03785,22,young,Концерт,4,1,1.0,38.0,synthetic
VIS_03786,33,adult,Выставка,2,0,0.0,14.0,synthetic
VIS_03787,38,adult,Творческая встреча,1,0,0.0,7.0,synthetic
VIS_03788,45,mature,Выставка,1,0,0.0,7.0,synthetic
VIS_03789,19,young,Лекция,1,1,5.0,37.0,synthetic
VIS_03790,50,mature,Выставка,6,0,0.0,42.0,synthetic
VIS_03791,56,mature,Творческая встреча,1,0,0.0,7.0,synthetic
VIS_03792,56,mature,Творческая встреча,1,0,0.0,7.0,synthetic
VIS_03793,20,young,Творческая встреча,1,0,0.0,7.0,synthetic
VIS_03794,27,young,Мастер-класс,1,0,0.0,7.0,synthetic
VIS_03795,21,young,Мастер-класс,1,0,0.0,7.0,synthetic
VIS_03796,38,adult,Лекция,2,0,0.0,14.0,synthetic
VIS_03797,21,young,Лекция,1,0,0.0,7.0,synthetic
VIS_03798,32,adult,Лекция,4,1,5.0,58.0,synthetic
VIS_03799,64,senior,Творческая встреча,1,0,0.0,7.0,synthetic
VIS_03800,26,young,Лекция,3,2,4.0,51.0,synthetic
VIS_03801,44,adult,Выставка,9,2,4.5,95.5,synthetic
VIS_03802,16,school,Творческая встреча,1,0,0.0,7.0,synthetic
VIS_03803,40,adult,Лекция,7,0,0.0,49.0,synthetic
VIS_03804,45,mature,Мастер-класс,1,0,0.0,7.0,synthetic
VIS_03805,44,adult,Лекция,6,1,3.0,62.0,synthetic
VIS_03806,27,young,Концерт,1,0,0.0,7.0,synthetic
VIS_03807,18,young,Концерт,1,0,0.0,7.0,synthetic
VIS_03808,49,mature,Концерт,3,0,0.0,21.0,synthetic
VIS_03809,32,adult,Творческая встреча,4,2,5.0,63.0,synthetic
VIS_03810,35,adult,Лекция,7,1,5.0,79.0,synthetic
VIS_03811,38,adult,Выставка,12,3,4.0,100.0,synthetic
VIS_03812,45,mature,Лекция,7,1,4.0,74.0,synthetic
VIS_03813,43,adult,Концерт,3,0,0.0,21.0,synthetic
VIS_03814,51,mature,Творческая встреча,1,0,0.0,7.0,synthetic
VIS_03815,51,mature,Творческая встреча,1,0,0.0,7.0,synthetic
VIS_03816,36,adult,Мастер-класс,3,0,0.0,21.0,synthetic
VIS_03817,65,senior,Выставка,3,1,4.0,46.0,synthetic
VIS_03818,30,adult,Лекция,5,0,0.0,35.0,synthetic
VIS_03819,45,mature,Лекция,1,0,0.0,7.0,synthetic
VIS_03820,25,young,Творческая встреча,4,0,0.0,28.0,synthetic
VIS_03821,58,mature,Выставка,4,0,0.0,28.0,synthetic
VIS_03822,41,adult,Лекция,8,1,5.0,86.0,synthetic
VIS_03823,44,adult,Творческая встреча,1,0,0.0,7.0,synthetic
VIS_03824,64,senior,Лекция,1,1,4.0,32.0,synthetic
VIS_03825,20,young,Мастер-класс,1,1,5.0,37.0,synthetic
VIS_03826,53,mature,Мастер-класс,1,0,0.0,7.0,synthetic
VIS_03827,39,adult,Лекция,1,0,0.0,7.0,synthetic
VIS_03828,45,mature,Лекция,6,1,5.0,72.0,synthetic
VIS_03829,30,adult,Творческая встреча,12,1,3.0,100.0,synthetic
VIS_03830,48,mature,Творческая встреча,1,1,3.0,27.0,synthetic
VIS_03831,47,mature,Выставка,4,1,5.0,58.0,synthetic
VIS_03832,35,adult,Лекция,1,0,0.0,7.0,synthetic
VIS_03833,47,mature,Творческая встреча,4,0,0.0,28.0,synthetic
VIS_03834,35,adult,Мастер-класс,2,0,0.0,14.0,synthetic
VIS_03835,51,mature,Творческая встреча,2,2,5.0,49.0,synthetic
VIS_03836,55,mature,Творческая встреча,3,1,5.0,51.0,synthetic
VIS_03837,24,young,Лекция,3,1,3.0,41.0,synthetic
VIS_03838,37,adult,Творческая встреча,7,2,4.5,81.5,synthetic
VIS_03839,46,mature,Концерт,2,1,3.0,34.0,synthetic
VIS_03840,45,mature,Лекция,3,0,0.0,21.0,synthetic
VIS_03841,55,mature,Концерт,2,0,0.0,14.0,synthetic
VIS_03842,52,mature,Лекция,3,1,4.0,46.0,synthetic
VIS_03843,70,senior,Выставка,1,0,0.0,7.0,synthetic
VIS_03844,32,adult,Выставка,3,0,0.0,21.0,synthetic
VIS_03845,35,adult,Мастер-класс,4,0,0.0,28.0,synthetic
VIS_03846,28,young,Выставка,4,2,3.5,55.5,synthetic
VIS_03847,28,young,Мастер-класс,1,1,3.0,27.0,synthetic
VIS_03848,44,adult,Мастер-класс,5,0,0.0,35.0,synthetic
VIS_03849,34,adult,Выставка,2,0,0.0,14.0,synthetic
VIS_03850,46,mature,Лекция,3,1,5.0,51.0,synthetic
VIS_03851,62,senior,Лекция,1,0,0.0,7.0,synthetic
VIS_03852,22,young,Творческая встреча,1,0,0.0,7.0,synthetic
VIS_03853,39,adult,Творческая встреча,1,1,5.0,37.0,synthetic
VIS_03854,30,adult,Выставка,2,1,4.0,39.0,synthetic
VIS_03855,32,adult,Творческая встреча,3,1,4.0,46.0,synthetic
VIS_03856,22,young,Лекция,1,0,0.0,7.0,synthetic
VIS_03857,52,mature,Выставка,1,0,0.0,7.0,synthetic
VIS_03858,41,adult,Выставка,3,0,0.0,21.0,synthetic
VIS_03859,43,adult,Концерт,2,0,0.0,14.0,synthetic
VIS_03860,42,adult,Выставка,5,0,0.0,35.0,synthetic
VIS_03861,43,adult,Творческая встреча,7,1,3.0,69.0,synthetic
VIS_03862,37,adult,Концерт,3,0,0.0,21.0,synthetic
VIS_03863,55,mature,Лекция,1,0,0.0,7.0,synthetic
VIS_03864,50,mature,Выставка,1,0,0.0,7.0,synthetic
VIS_03865,57,mature,Лекция,2,0,0.0,14.0,synthetic
VIS_03866,32,adult,Лекция,1,0,0.0,7.0,synthetic
VIS_03867,38,adult,Мастер-класс,8,2,4.0,86.0,synthetic
VIS_03868,48,mature,Творческая встреча,1,1,5.0,37.0,synthetic
VIS_03869,64,senior,Лекция,1,0,0.0,7.0,synthetic
VIS_03870,21,young,Лекция,2,0,0.0,14.0,synthetic
VIS_03871,36,adult,Мастер-класс,1,0,0.0,7.0,synthetic
VIS_03872,50,mature,Выставка,1,0,0.0,7.0,synthetic
VIS_03873,47,mature,Лекция,1,0,0.0,7.0,synthetic
VIS_03874,18,young,Лекция,1,1,5.0,37.0,synthetic
VIS_03875,38,adult,Лекция,4,0,0.0,28.0,synthetic
VIS_03876,33,adult,Лекция,2,0,0.0,14.0,synthetic
VIS_03877,38,adult,Концерт,5,1,5.0,65.0,synthetic
VIS_03878,36,adult,Творческая встреча,3,3,3.33,52.6,synthetic
VIS_03879,48,mature,Концерт,4,1,1.0,38.0,synthetic
VIS_03880,37,adult,Мастер-класс,5,1,5.0,65.0,synthetic
VIS_03881,35,adult,Выставка,1,1,3.0,27.0,synthetic
VIS_03882,28,young,Лекция,3,0,0.0,21.0,synthetic
VIS_03883,52,mature,Лекция,2,1,1.0,24.0,synthetic
VIS_03884,36,adult,Мастер-класс,1,1,5.0,37.0,synthetic
VIS_03885,45,mature,Лекция,5,0,0.0,35.0,synthetic
VIS_03886,40,adult,Мастер-класс,2,0,0.0,14.0,synthetic
VIS_03887,37,adult,Лекция,5,3,3.67,68.4,synthetic
VIS_03888,42,adult,Мастер-класс,1,0,0.0,7.0,synthetic
VIS_03889,47,mature,Лекция,1,1,5.0,37.0,synthetic
VIS_03890,30,adult,Лекция,7,0,0.0,49.0,synthetic
VIS_03891,35,adult,Лекция,3,0,0.0,21.0,synthetic
VIS_03892,39,adult,Творческая встреча,4,0,0.0,28.0,synthetic
VIS_03893,43,adult,Творческая встреча,8,2,4.0,86.0,synthetic
VIS_03894,23,young,Творческая встреча,1,0,0.0,7.0,synthetic
VIS_03895,24,young,Творческая встреча,2,0,0.0,14.0,synthetic
VIS_03896,52,mature,Мастер-класс,1,0,0.0,7.0,synthetic
VIS_03897,44,adult,Лекция,2,1,5.0,44.0,synthetic
VIS_03898,43,adult,Выставка,4,1,5.0,58.0,synthetic
VIS_03899,40,adult,Мастер-класс,3,0,0.0,21.0,synthetic
VIS_03900,20,young,Концерт,4,1,4.0,53.0,synthetic
VIS_03901,62,senior,Лекция,2,0,0.0,14.0,synthetic
VIS_03902,29,young,Выставка,2,1,5.0,44.0,synthetic
VIS_03903,33,adult,Лекция,5,0,0.0,35.0,synthetic
VIS_03904,46,mature,Выставка,2,1,3.0,34.0,synthetic
VIS_03905,58,mature,Лекция,5,1,4.0,60.0,synthetic
VIS_03906,35,adult,Мастер-класс,5,1,5.0,65.0,synthetic
VIS_03907,44,adult,Творческая встреча,1,0,0.0,7.0,synthetic
VIS_03908,52,mature,Мастер-класс,1,0,0.0,7.0,synthetic
VIS_03909,41,adult,Выставка,3,0,0.0,21.0,synthetic
VIS_03910,40,adult,Лекция,7,0,0.0,49.0,synthetic
VIS_03911,29,young,Творческая встреча,3,0,0.0,21.0,synthetic
VIS_03912,43,adult,Лекция,2,0,0.0,14.0,synthetic
VIS_03913,20,young,Лекция,3,0,0.0,21.0,synthetic
VIS_03914,35,adult,Лекция,5,0,0.0,35.0,synthetic
VIS_03915,35,adult,Лекция,5,2,4.5,67.5,synthetic
VIS_03916,40,adult,Творческая встреча,2,0,0.0,14.0,synthetic
VIS_03917,47,mature,Мастер-класс,1,0,0.0,7.0,synthetic
VIS_03918,23,young,Мастер-класс,1,0,0.0,7.0,synthetic
VIS_03919,52,mature,Лекция,4,1,5.0,58.0,synthetic
VIS_03920,38,adult,Концерт,3,1,5.0,51.0,synthetic
VIS_03921,25,young,Концерт,5,0,0.0,35.0,synthetic
VIS_03922,38,adult,Лекция,2,0,0.0,14.0,synthetic
VIS_03923,27,young,Творческая встреча,1,0,0.0,7.0,synthetic
VIS_03924,34,adult,Выставка,3,0,0.0,21.0,synthetic
VIS_03925,37,adult,Лекция,2,1,5.0,44.0,synthetic
VIS_03926,52,mature,Лекция,1,0,0.0,7.0,synthetic
VIS_03927,23,young,Мастер-класс,1,0,0.0,7.0,synthetic
VIS_03928,50,mature,Лекция,1,0,0.0,7.0,synthetic
VIS_03929,51,mature,Концерт,1,0,0.0,7.0,synthetic
VIS_03930,47,mature,Мастер-класс,11,4,4.75,100.0,synthetic
VIS_03931,30,adult,Творческая встреча,1,1,2.0,22.0,synthetic
VIS_03932,41,adult,Выставка,1,1,5.0,37.0,synthetic
VIS_03933,32,adult,Лекция,2,0,0.0,14.0,synthetic
VIS_03934,27,young,Творческая встреча,3,0,0.0,21.0,synthetic
VIS_03935,35,adult,Лекция,12,2,4.0,100.0,synthetic
VIS_03936,30,adult,Лекция,2,1,4.0,39.0,synthetic
VIS_03937,52,mature,Лекция,4,1,4.0,53.0,synthetic
VIS_03938,55,mature,Мастер-класс,1,0,0.0,7.0,synthetic
VIS_03939,36,adult,Лекция,2,0,0.0,14.0,synthetic
VIS_03940,30,adult,Лекция,3,2,5.0,56.0,synthetic
VIS_03941,38,adult,Лекция,1,0,0.0,7.0,synthetic
VIS_03942,51,mature,Выставка,2,1,3.0,34.0,synthetic
VIS_03943,26,young,Мастер-класс,2,1,3.0,34.0,synthetic
VIS_03944,46,mature,Концерт,3,0,0.0,21.0,synthetic
VIS_03945,33,adult,Выставка,13,2,4.5,100.0,synthetic
VIS_03946,30,adult,Концерт,1,0,0.0,7.0,synthetic
VIS_03947,25,young,Лекция,7,1,5.0,79.0,synthetic
VIS_03948,48,mature,Творческая встреча,1,1,3.0,27.0,synthetic
VIS_03949,43,adult,Лекция,4,3,4.33,64.6,synthetic
VIS_03950,33,adult,Концерт,1,0,0.0,7.0,synthetic
VIS_03951,37,adult,Творческая встреча,1,0,0.0,7.0,synthetic
VIS_03952,33,adult,Концерт,1,1,2.0,22.0,synthetic
VIS_03953,41,adult,Лекция,2,0,0.0,14.0,synthetic
VIS_03954,16,school,Мастер-класс,1,1,4.0,32.0,synthetic
VIS_03955,42,adult,Выставка,3,2,4.0,51.0,synthetic
VIS_03956,35,adult,Выставка,5,1,5.0,65.0,synthetic
VIS_03957,54,mature,Лекция,3,1,2.0,36.0,synthetic
VIS_03958,17,school,Концерт,1,0,0.0,7.0,synthetic
VIS_03959,28,young,Мастер-класс,1,1,5.0,37.0,synthetic
VIS_03960,46,mature,Лекция,9,1,5.0,93.0,synthetic
VIS_03961,29,young,Лекция,3,0,0.0,21.0,synthetic
VIS_03962,32,adult,Творческая встреча,1,0,0.0,7.0,synthetic
VIS_03963,42,adult,Выставка,1,0,0.0,7.0,synthetic
VIS_03964,37,adult,Мастер-класс,1,1,5.0,37.0,synthetic
VIS_03965,30,adult,Лекция,6,0,0.0,42.0,synthetic
VIS_03966,49,mature,Творческая встреча,1,0,0.0,7.0,synthetic
VIS_03967,28,young,Творческая встреча,1,1,5.0,37.0,synthetic
VIS_03968,26,young,Лекция,5,0,0.0,35.0,synthetic
VIS_03969,39,adult,Лекция,1,0,0.0,7.0,synthetic
VIS_03970,28,young,Выставка,1,0,0.0,7.0,synthetic
VIS_03971,19,young,Мастер-класс,1,0,0.0,7.0,synthetic
VIS_03972,44,adult,Лекция,2,0,0.0,14.0,synthetic
VIS_03973,36,adult,Творческая встреча,4,0,0.0,28.0,synthetic
VIS_03974,58,mature,Лекция,1,1,3.0,27.0,synthetic
VIS_03975,27,young,Лекция,1,0,0.0,7.0,synthetic
VIS_03976,48,mature,Творческая встреча,1,1,3.0,27.0,synthetic
VIS_03977,22,young,Выставка,3,0,0.0,21.0,synthetic
VIS_03978,22,young,Творческая встреча,7,2,2.5,71.5,synthetic
VIS_03979,45,mature,Творческая встреча,7,0,0.0,49.0,synthetic
VIS_03980,31,adult,Лекция,1,0,0.0,7.0,synthetic
VIS_03981,42,adult,Лекция,2,1,4.0,39.0,synthetic
VIS_03982,29,young,Выставка,2,0,0.0,14.0,synthetic
VIS_03983,53,mature,Лекция,1,1,3.0,27.0,synthetic
VIS_03984,34,adult,Концерт,4,0,0.0,28.0,synthetic
VIS_03985,28,young,Лекция,1,0,0.0,7.0,synthetic
VIS_03986,30,adult,Концерт,2,1,4.0,39.0,synthetic
VIS_03987,24,young,Лекция,2,0,0.0,14.0,synthetic
VIS_03988,22,young,Концерт,4,1,5.0,58.0,synthetic
VIS_03989,41,adult,Мастер-класс,1,0,0.0,7.0,synthetic
VIS_03990,16,school,Концерт,3,1,5.0,51.0,synthetic
VIS_03991,49,mature,Концерт,2,0,0.0,14.0,synthetic
VIS_03992,41,adult,Выставка,3,0,0.0,21.0,synthetic
VIS_03993,28,young,Лекция,1,0,0.0,7.0,synthetic
VIS_03994,39,adult,Лекция,5,1,4.0,60.0,synthetic
VIS_03995,43,adult,Мастер-класс,2,1,1.0,24.0,synthetic
VIS_03996,49,mature,Творческая встреча,4,1,4.0,53.0,synthetic
VIS_03997,19,young,Лекция,4,2,4.0,58.0,synthetic
VIS_03998,64,senior,Выставка,1,1,5.0,37.0,synthetic
VIS_03999,49,mature,Мастер-класс,2,0,0.0,14.0,synthetic
VIS_04000,25,young,Выставка,3,1,3.0,41.0,synthetic
VIS_04001,47,mature,Лекция,8,1,5.0,86.0,synthetic
VIS_04002,30,adult,Выставка,5,0,0.0,35.0,synthetic
VIS_04003,59,mature,Лекция,1,0,0.0,7.0,synthetic
VIS_04004,41,adult,Лекция,2,0,0.0,14.0,synthetic
VIS_04005,45,mature,Концерт,7,1,4.0,74.0,synthetic
VIS_04006,36,adult,Выставка,2,1,5.0,44.0,synthetic
VIS_04007,27,young,Мастер-класс,1,0,0.0,7.0,synthetic
VIS_04008,55,mature,Лекция,2,1,5.0,44.0,synthetic
VIS_04009,45,mature,Лекция,1,0,0.0,7.0,synthetic
VIS_04010,54,mature,Творческая встреча,5,0,0.0,35.0,synthetic
VIS_04011,36,adult,Мастер-класс,3,0,0.0,21.0,synthetic
VIS_04012,49,mature,Выставка,7,0,0.0,49.0,synthetic
VIS_04013,25,young,Лекция,5,1,4.0,60.0,synthetic
VIS_04014,52,mature,Лекция,3,0,0.0,21.0,synthetic
VIS_04015,47,mature,Выставка,1,0,0.0,7.0,synthetic
VIS_04016,33,adult,Лекция,5,1,5.0,65.0,synthetic
VIS_04017,41,adult,Выставка,8,0,0.0,56.0,synthetic
VIS_04018,51,mature,Творческая встреча,3,1,3.0,41.0,synthetic
VIS_04019,35,adult,Творческая встреча,6,2,2.5,64.5,synthetic
VIS_04020,49,mature,Концерт,3,0,0.0,21.0,synthetic
VIS_04021,59,mature,Лекция,1,0,0.0,7.0,synthetic
VIS_04022,34,adult,Лекция,8,2,2.0,76.0,synthetic
VIS_04023,56,mature,Творческая встреча,1,0,0.0,7.0,synthetic
VIS_04024,42,adult,Выставка,2,0,0.0,14.0,synthetic
VIS_04025,28,young,Выставка,2,0,0.0,14.0,synthetic
VIS_04026,17,school,Лекция,1,0,0.0,7.0,synthetic
VIS_04027,50,mature,Выставка,2,0,0.0,14.0,synthetic
VIS_04028,33,adult,Творческая встреча,4,0,0.0,28.0,synthetic
VIS_04029,39,adult,Выставка,2,0,0.0,14.0,synthetic
VIS_04030,42,adult,Лекция,3,0,0.0,21.0,synthetic
VIS_04031,59,mature,Лекция,1,0,0.0,7.0,synthetic
VIS_04032,15,school,Выставка,1,0,0.0,7.0,synthetic
VIS_04033,43,adult,Творческая встреча,1,0,0.0,7.0,synthetic
VIS_04034,54,mature,Лекция,5,1,5.0,65.0,synthetic
VIS_04035,61,senior,Лекция,5,0,0.0,35.0,synthetic
VIS_04036,26,young,Концерт,1,0,0.0,7.0,synthetic
VIS_04037,45,mature,Лекция,1,0,0.0,7.0,synthetic
VIS_04038,31,adult,Концерт,1,0,0.0,7.0,synthetic
VIS_04039,40,adult,Творческая встреча,1,0,0.0,7.0,synthetic
VIS_04040,19,young,Лекция,1,0,0.0,7.0,synthetic
VIS_04041,30,adult,Мастер-класс,3,0,0.0,21.0,synthetic
VIS_04042,52,mature,Мастер-класс,1,1,3.0,27.0,synthetic
VIS_04043,54,mature,Лекция,2,0,0.0,14.0,synthetic
VIS_04044,46,mature,Лекция,6,0,0.0,42.0,synthetic
VIS_04045,61,senior,Лекция,2,0,0.0,14.0,synthetic
VIS_04046,57,mature,Лекция,1,0,0.0,7.0,synthetic
VIS_04047,48,mature,Лекция,3,0,0.0,21.0,synthetic
VIS_04048,30,adult,Концерт,6,1,4.0,67.0,synthetic
VIS_04049,48,mature,Выставка,4,1,5.0,58.0,synthetic
VIS_04050,30,adult,Мастер-класс,1,1,3.0,27.0,synthetic
VIS_04051,34,adult,Лекция,2,0,0.0,14.0,synthetic
VIS_04052,26,young,Лекция,1,0,0.0,7.0,synthetic
VIS_04053,25,young,Творческая встреча,1,0,0.0,7.0,synthetic
VIS_04054,28,young,Выставка,5,1,3.0,55.0,synthetic
VIS_04055,41,adult,Мастер-класс,3,1,3.0,41.0,synthetic
VIS_04056,40,adult,Выставка,8,0,0.0,56.0,synthetic
VIS_04057,37,adult,Творческая встреча,4,0,0.0,28.0,synthetic
VIS_04058,35,adult,Выставка,8,3,4.33,92.6,synthetic
VIS_04059,46,mature,Лекция,3,1,4.0,46.0,synthetic
VIS_04060,39,adult,Творческая встреча,3,0,0.0,21.0,synthetic
VIS_04061,45,mature,Творческая встреча,3,1,4.0,46.0,synthetic
VIS_04062,54,mature,Творческая встреча,1,0,0.0,7.0,synthetic
VIS_04063,61,senior,Творческая встреча,1,0,0.0,7.0,synthetic
VIS_04064,29,young,Лекция,1,0,0.0,7.0,synthetic
VIS_04065,43,adult,Выставка,6,1,4.0,67.0,synthetic
VIS_04066,31,adult,Лекция,1,0,0.0,7.0,synthetic
VIS_04067,38,adult,Концерт,3,0,0.0,21.0,synthetic
VIS_04068,65,senior,Выставка,1,0,0.0,7.0,synthetic
VIS_04069,37,adult,Выставка,2,0,0.0,14.0,synthetic
VIS_04070,32,adult,Творческая встреча,4,0,0.0,28.0,synthetic
VIS_04071,49,mature,Выставка,2,0,0.0,14.0,synthetic
VIS_04072,44,adult,Концерт,1,0,0.0,7.0,synthetic
VIS_04073,30,adult,Лекция,1,0,0.0,7.0,synthetic
VIS_04074,26,young,Лекция,1,0,0.0,7.0,synthetic
VIS_04075,19,young,Концерт,1,1,5.0,37.0,synthetic
VIS_04076,53,mature,Творческая встреча,1,0,0.0,7.0,synthetic
VIS_04077,45,mature,Лекция,11,2,4.0,100.0,synthetic
VIS_04078,51,mature,Лекция,3,1,3.0,41.0,synthetic
VIS_04079,59,mature,Лекция,3,0,0.0,21.0,synthetic
VIS_04080,45,mature,Творческая встреча,12,3,4.33,100.0,synthetic
VIS_04081,47,mature,Лекция,5,0,0.0,35.0,synthetic
VIS_04082,35,adult,Выставка,5,2,4.5,67.5,synthetic
VIS_04083,22,young,Выставка,2,0,0.0,14.0,synthetic
VIS_04084,40,adult,Творческая встреча,1,0,0.0,7.0,synthetic
VIS_04085,18,young,Творческая встреча,1,0,0.0,7.0,synthetic
VIS_04086,30,adult,Мастер-класс,1,0,0.0,7.0,synthetic
VIS_04087,52,mature,Творческая встреча,4,2,4.5,60.5,synthetic
VIS_04088,52,mature,Концерт,5,1,3.0,55.0,synthetic
VIS_04089,39,adult,Выставка,1,0,0.0,7.0,synthetic
VIS_04090,18,young,Лекция,1,0,0.0,7.0,synthetic
VIS_04091,46,mature,Лекция,2,0,0.0,14.0,synthetic
VIS_04092,21,young,Творческая встреча,1,1,5.0,37.0,synthetic
VIS_04093,52,mature,Творческая встреча,1,0,0.0,7.0,synthetic
VIS_04094,35,adult,Лекция,11,3,5.0,100.0,synthetic
VIS_04095,48,mature,Мастер-класс,1,0,0.0,7.0,synthetic
VIS_04096,31,adult,Творческая встреча,7,3,3.33,80.6,synthetic
VIS_04097,56,mature,Выставка,3,1,2.0,36.0,synthetic
VIS_04098,38,adult,Лекция,4,1,5.0,58.0,synthetic
VIS_04099,30,adult,Концерт,2,0,0.0,14.0,synthetic
VIS_04100,11,school,Мастер-класс,1,1,5.0,37.0,synthetic
VIS_04101,45,mature,Лекция,2,0,0.0,14.0,synthetic
VIS_04102,56,mature,Творческая встреча,1,1,5.0,37.0,synthetic
VIS_04103,22,young,Выставка,1,0,0.0,7.0,synthetic
VIS_04104,49,mature,Творческая встреча,2,1,4.0,39.0,synthetic
VIS_04105,22,young,Мастер-класс,1,1,5.0,37.0,synthetic
VIS_04106,44,adult,Выставка,4,0,0.0,28.0,synthetic
VIS_04107,47,mature,Лекция,1,0,0.0,7.0,synthetic
VIS_04108,33,adult,Творческая встреча,3,1,4.0,46.0,synthetic
VIS_04109,28,young,Мастер-класс,1,0,0.0,7.0,synthetic
VIS_04110,23,young,Творческая встреча,4,2,4.0,58.0,synthetic
VIS_04111,34,adult,Лекция,1,0,0.0,7.0,synthetic
VIS_04112,33,adult,Лекция,3,0,0.0,21.0,synthetic
VIS_04113,49,mature,Мастер-класс,7,1,5.0,79.0,synthetic
VIS_04114,62,senior,Лекция,1,1,3.0,27.0,synthetic
VIS_04115,40,adult,Творческая встреча,1,0,0.0,7.0,synthetic
VIS_04116,55,mature,Мастер-класс,1,0,0.0,7.0,synthetic
VIS_04117,32,adult,Лекция,1,1,4.0,32.0,synthetic
VIS_04118,35,adult,Выставка,2,0,0.0,14.0,synthetic
VIS_04119,41,adult,Выставка,3,0,0.0,21.0,synthetic
VIS_04120,31,adult,Лекция,2,1,1.0,24.0,synthetic
VIS_04121,54,mature,Концерт,1,1,3.0,27.0,synthetic
VIS_04122,39,adult,Мастер-класс,8,2,4.5,88.5,synthetic
VIS_04123,36,adult,Мастер-класс,5,3,4.33,71.6,synthetic
VIS_04124,42,adult,Лекция,5,2,2.5,57.5,synthetic
VIS_04125,36,adult,Творческая встреча,1,1,5.0,37.0,synthetic
VIS_04126,17,school,Творческая встреча,1,0,0.0,7.0,synthetic
VIS_04127,40,adult,Концерт,1,1,5.0,37.0,synthetic
VIS_04128,18,young,Концерт,1,0,0.0,7.0,synthetic
VIS_04129,26,young,Концерт,1,0,0.0,7.0,synthetic
VIS_04130,42,adult,Выставка,1,0,0.0,7.0,synthetic
VIS_04131,41,adult,Выставка,2,0,0.0,14.0,synthetic
VIS_04132,19,young,Лекция,1,0,0.0,7.0,synthetic
VIS_04133,35,adult,Лекция,5,2,2.0,55.0,synthetic
VIS_04134,26,young,Лекция,1,1,5.0,37.0,synthetic
VIS_04135,24,young,Творческая встреча,1,1,3.0,27.0,synthetic
VIS_04136,43,adult,Концерт,1,0,0.0,7.0,synthetic
VIS_04137,52,mature,Концерт,1,0,0.0,7.0,synthetic
VIS_04138,39,adult,Лекция,3,1,5.0,51.0,synthetic
VIS_04139,43,adult,Лекция,5,1,4.0,60.0,synthetic
VIS_04140,28,young,Творческая встреча,1,0,0.0,7.0,synthetic
VIS_04141,28,young,Творческая встреча,1,0,0.0,7.0,synthetic
VIS_04142,10,school,Мастер-класс,1,1,5.0,37.0,synthetic
VIS_04143,35,adult,Мастер-класс,1,0,0.0,7.0,synthetic
VIS_04144,22,young,Мастер-класс,1,0,0.0,7.0,synthetic
VIS_04145,34,adult,Лекция,8,1,3.0,76.0,synthetic
VIS_04146,43,adult,Выставка,1,0,0.0,7.0,synthetic
VIS_04147,59,mature,Лекция,1,1,4.0,32.0,synthetic
VIS_04148,32,adult,Выставка,5,1,3.0,55.0,synthetic
VIS_04149,43,adult,Творческая встреча,5,3,3.67,68.4,synthetic
VIS_04150,14,school,Мастер-класс,1,1,2.0,22.0,synthetic
VIS_04151,47,mature,Творческая встреча,7,3,4.33,85.6,synthetic
VIS_04152,34,adult,Творческая встреча,1,0,0.0,7.0,synthetic
VIS_04153,38,adult,Выставка,3,1,2.0,36.0,synthetic
VIS_04154,52,mature,Лекция,6,2,4.5,74.5,synthetic
VIS_04155,26,young,Лекция,1,1,5.0,37.0,synthetic
VIS_04156,26,young,Концерт,4,0,0.0,28.0,synthetic
VIS_04157,53,mature,Лекция,11,2,5.0,100.0,synthetic
VIS_04158,39,adult,Творческая встреча,1,0,0.0,7.0,synthetic
VIS_04159,45,mature,Выставка,2,1,5.0,44.0,synthetic
VIS_04160,11,school,Мастер-класс,1,0,0.0,7.0,synthetic
VIS_04161,39,adult,Лекция,1,0,0.0,7.0,synthetic
VIS_04162,64,senior,Творческая встреча,1,0,0.0,7.0,synthetic
VIS_04163,45,mature,Творческая встреча,1,0,0.0,7.0,synthetic
VIS_04164,31,adult,Лекция,3,1,3.0,41.0,synthetic
VIS_04165,43,adult,Концерт,4,1,5.0,58.0,synthetic
VIS_04166,47,mature,Лекция,5,0,0.0,35.0,synthetic
VIS_04167,17,school,Творческая встреча,1,1,5.0,37.0,synthetic
VIS_04168,45,mature,Творческая встреча,1,0,0.0,7.0,synthetic
VIS_04169,35,adult,Выставка,4,2,5.0,63.0,synthetic
VIS_04170,16,school,Выставка,1,0,0.0,7.0,synthetic
VIS_04171,22,young,Лекция,2,0,0.0,14.0,synthetic
VIS_04172,53,mature,Выставка,1,1,4.0,32.0,synthetic
VIS_04173,46,mature,Концерт,5,1,5.0,65.0,synthetic
VIS_04174,51,mature,Выставка,8,1,5.0,86.0,synthetic
VIS_04175,18,young,Концерт,1,0,0.0,7.0,synthetic
VIS_04176,49,mature,Лекция,2,0,0.0,14.0,synthetic
VIS_04177,62,senior,Выставка,3,1,5.0,51.0,synthetic
VIS_04178,45,mature,Лекция,3,0,0.0,21.0,synthetic
VIS_04179,42,adult,Мастер-класс,2,0,0.0,14.0,synthetic
VIS_04180,44,adult,Творческая встреча,11,1,4.0,100.0,synthetic
VIS_04181,30,adult,Мастер-класс,5,0,0.0,35.0,synthetic
VIS_04182,64,senior,Творческая встреча,1,0,0.0,7.0,synthetic
VIS_04183,41,adult,Лекция,6,2,4.0,72.0,synthetic
VIS_04184,16,school,Лекция,1,0,0.0,7.0,synthetic
VIS_04185,17,school,Выставка,4,1,3.0,48.0,synthetic
VIS_04186,19,young,Выставка,1,0,0.0,7.0,synthetic
VIS_04187,45,mature,Выставка,2,0,0.0,14.0,synthetic
VIS_04188,39,adult,Творческая встреча,4,3,3.0,58.0,synthetic
VIS_04189,40,adult,Творческая встреча,8,1,5.0,86.0,synthetic
VIS_04190,24,young,Мастер-класс,4,1,5.0,58.0,synthetic
VIS_04191,32,adult,Мастер-класс,5,1,4.0,60.0,synthetic
VIS_04192,35,adult,Концерт,2,1,4.0,39.0,synthetic
VIS_04193,52,mature,Лекция,1,0,0.0,7.0,synthetic
VIS_04194,34,adult,Концерт,4,0,0.0,28.0,synthetic
VIS_04195,47,mature,Лекция,4,1,3.0,48.0,synthetic
VIS_04196,33,adult,Лекция,1,0,0.0,7.0,synthetic
VIS_04197,30,adult,Лекция,1,0,0.0,7.0,synthetic
VIS_04198,52,mature,Творческая встреча,3,0,0.0,21.0,synthetic
VIS_04199,24,young,Мастер-класс,8,0,0.0,56.0,synthetic
VIS_04200,48,mature,Творческая встреча,4,0,0.0,28.0,synthetic
VIS_04201,30,adult,Творческая встреча,5,0,0.0,35.0,synthetic
VIS_04202,48,mature,Мастер-класс,6,1,2.0,57.0,synthetic
VIS_04203,29,young,Творческая встреча,4,0,0.0,28.0,synthetic
VIS_04204,39,adult,Творческая встреча,3,0,0.0,21.0,synthetic
VIS_04205,60,senior,Выставка,2,0,0.0,14.0,synthetic
VIS_04206,42,adult,Концерт,2,0,0.0,14.0,synthetic
VIS_04207,36,adult,Лекция,1,0,0.0,7.0,synthetic
VIS_04208,43,adult,Лекция,1,1,4.0,32.0,synthetic
VIS_04209,34,adult,Лекция,1,0,0.0,7.0,synthetic
VIS_04210,55,mature,Выставка,3,0,0.0,21.0,synthetic
VIS_04211,46,mature,Творческая встреча,1,0,0.0,7.0,synthetic
VIS_04212,21,young,Лекция,3,0,0.0,21.0,synthetic
VIS_04213,41,adult,Мастер-класс,2,1,4.0,39.0,synthetic
VIS_04214,41,adult,Выставка,2,0,0.0,14.0,synthetic
VIS_04215,55,mature,Лекция,5,2,4.5,67.5,synthetic
VIS_04216,33,adult,Концерт,5,1,3.0,55.0,synthetic
VIS_04217,25,young,Лекция,1,0,0.0,7.0,synthetic
VIS_04218,20,young,Выставка,1,1,4.0,32.0,synthetic
VIS_04219,40,adult,Творческая встреча,4,3,5.0,68.0,synthetic
VIS_04220,21,young,Мастер-класс,1,1,5.0,37.0,synthetic
VIS_04221,37,adult,Концерт,1,0,0.0,7.0,synthetic
VIS_04222,52,mature,Лекция,5,2,3.0,60.0,synthetic
VIS_04223,61,senior,Лекция,1,0,0.0,7.0,synthetic
VIS_04224,33,adult,Выставка,3,0,0.0,21.0,synthetic
VIS_04225,38,adult,Лекция,1,0,0.0,7.0,synthetic
VIS_04226,36,adult,Творческая встреча,1,0,0.0,7.0,synthetic
VIS_04227,29,young,Лекция,9,2,3.0,88.0,synthetic
VIS_04228,47,mature,Выставка,4,1,4.0,53.0,synthetic
VIS_04229,34,adult,Лекция,4,0,0.0,28.0,synthetic
VIS_04230,47,mature,Творческая встреча,8,3,2.67,84.4,synthetic
VIS_04231,47,mature,Мастер-класс,1,0,0.0,7.0,synthetic
VIS_04232,36,adult,Творческая встреча,6,0,0.0,42.0,synthetic
VIS_04233,37,adult,Лекция,1,0,0.0,7.0,synthetic
VIS_04234,18,young,Выставка,7,0,0.0,49.0,synthetic
VIS_04235,42,adult,Творческая встреча,1,0,0.0,7.0,synthetic
VIS_04236,29,young,Мастер-класс,3,0,0.0,21.0,synthetic
VIS_04237,27,young,Лекция,5,1,5.0,65.0,synthetic
VIS_04238,30,adult,Творческая встреча,1,1,5.0,37.0,synthetic
VIS_04239,33,adult,Творческая встреча,3,0,0.0,21.0,synthetic
VIS_04240,47,mature,Лекция,6,0,0.0,42.0,synthetic
VIS_04241,28,young,Творческая встреча,3,2,4.0,51.0,synthetic
VIS_04242,18,young,Творческая встреча,1,0,0.0,7.0,synthetic
VIS_04243,17,school,Концерт,1,0,0.0,7.0,synthetic
VIS_04244,62,senior,Творческая встреча,1,0,0.0,7.0,synthetic
VIS_04245,22,young,Лекция,1,1,4.0,32.0,synthetic
VIS_04246,26,young,Лекция,5,1,3.0,55.0,synthetic
VIS_04247,51,mature,Творческая встреча,1,0,0.0,7.0,synthetic
VIS_04248,49,mature,Выставка,6,0,0.0,42.0,synthetic
VIS_04249,53,mature,Концерт,2,0,0.0,14.0,synthetic
VIS_04250,32,adult,Выставка,3,0,0.0,21.0,synthetic
VIS_04251,33,adult,Лекция,2,0,0.0,14.0,synthetic
VIS_04252,16,school,Концерт,1,0,0.0,7.0,synthetic
VIS_04253,28,young,Концерт,2,0,0.0,14.0,synthetic
VIS_04254,41,adult,Мастер-класс,5,3,4.33,71.6,synthetic
VIS_04255,31,adult,Мастер-класс,4,1,5.0,58.0,synthetic
VIS_04256,35,adult,Творческая встреча,4,1,4.0,53.0,synthetic
VIS_04257,23,young,Лекция,5,1,5.0,65.0,synthetic
VIS_04258,42,adult,Выставка,4,1,5.0,58.0,synthetic
VIS_04259,38,adult,Лекция,4,0,0.0,28.0,synthetic
VIS_04260,54,mature,Концерт,1,0,0.0,7.0,synthetic
VIS_04261,30,adult,Мастер-класс,4,1,5.0,58.0,synthetic
VIS_04262,18,young,Мастер-класс,1,0,0.0,7.0,synthetic
VIS_04263,36,adult,Выставка,2,1,4.0,39.0,synthetic
VIS_04264,29,young,Концерт,4,0,0.0,28.0,synthetic
VIS_04265,40,adult,Лекция,5,0,0.0,35.0,synthetic
VIS_04266,50,mature,Лекция,1,0,0.0,7.0,synthetic
VIS_04267,16,school,Творческая встреча,1,0,0.0,7.0,synthetic
VIS_04268,40,adult,Лекция,3,1,4.0,46.0,synthetic
VIS_04269,39,adult,Лекция,6,1,3.0,62.0,synthetic
VIS_04270,62,senior,Лекция,5,0,0.0,35.0,synthetic
VIS_04271,29,young,Лекция,7,1,5.0,79.0,synthetic
VIS_04272,27,young,Творческая встреча,3,0,0.0,21.0,synthetic
VIS_04273,27,young,Выставка,5,1,4.0,60.0,synthetic
VIS_04274,42,adult,Концерт,1,0,0.0,7.0,synthetic
VIS_04275,37,adult,Лекция,9,3,3.67,96.4,synthetic
VIS_04276,46,mature,Концерт,2,0,0.0,14.0,synthetic
VIS_04277,30,adult,Лекция,1,0,0.0,7.0,synthetic
VIS_04278,30,adult,Лекция,1,0,0.0,7.0,synthetic
VIS_04279,39,adult,Лекция,8,2,4.5,88.5,synthetic
VIS_04280,31,adult,Мастер-класс,5,1,5.0,65.0,synthetic
VIS_04281,28,young,Выставка,1,0,0.0,7.0,synthetic
VIS_04282,33,adult,Концерт,5,0,0.0,35.0,synthetic
VIS_04283,60,senior,Лекция,1,1,5.0,37.0,synthetic
VIS_04284,20,young,Выставка,1,0,0.0,7.0,synthetic
VIS_04285,35,adult,Концерт,3,0,0.0,21.0,synthetic
VIS_04286,50,mature,Творческая встреча,3,0,0.0,21.0,synthetic
VIS_04287,49,mature,Мастер-класс,1,1,5.0,37.0,synthetic
VIS_04288,33,adult,Творческая встреча,4,0,0.0,28.0,synthetic
VIS_04289,50,mature,Лекция,1,0,0.0,7.0,synthetic
VIS_04290,27,young,Мастер-класс,4,0,0.0,28.0,synthetic
VIS_04291,31,adult,Лекция,4,1,3.0,48.0,synthetic
VIS_04292,46,mature,Лекция,2,0,0.0,14.0,synthetic
VIS_04293,33,adult,Лекция,4,0,0.0,28.0,synthetic
VIS_04294,40,adult,Творческая встреча,3,1,4.0,46.0,synthetic
VIS_04295,24,young,Мастер-класс,1,0,0.0,7.0,synthetic
VIS_04296,43,adult,Лекция,5,1,5.0,65.0,synthetic
VIS_04297,50,mature,Лекция,6,1,3.0,62.0,synthetic
VIS_04298,35,adult,Лекция,5,2,4.0,65.0,synthetic
VIS_04299,38,adult,Концерт,2,1,5.0,44.0,synthetic
VIS_04300,35,adult,Лекция,5,3,3.67,68.4,synthetic
VIS_04301,49,mature,Концерт,1,0,0.0,7.0,synthetic
VIS_04302,49,mature,Концерт,5,1,5.0,65.0,synthetic
VIS_04303,52,mature,Выставка,3,0,0.0,21.0,synthetic
VIS_04304,20,young,Концерт,7,1,4.0,74.0,synthetic
VIS_04305,59,mature,Лекция,1,0,0.0,7.0,synthetic
VIS_04306,54,mature,Концерт,1,0,0.0,7.0,synthetic
VIS_04307,64,senior,Творческая встреча,1,0,0.0,7.0,synthetic
VIS_04308,42,adult,Концерт,1,0,0.0,7.0,synthetic
VIS_04309,48,mature,Лекция,3,0,0.0,21.0,synthetic
VIS_04310,61,senior,Лекция,1,0,0.0,7.0,synthetic
VIS_04311,33,adult,Концерт,1,0,0.0,7.0,synthetic
VIS_04312,48,mature,Концерт,3,1,5.0,51.0,synthetic
VIS_04313,25,young,Выставка,2,1,4.0,39.0,synthetic
VIS_04314,48,mature,Выставка,2,0,0.0,14.0,synthetic
VIS_04315,69,senior,Выставка,1,1,5.0,37.0,synthetic
VIS_04316,38,adult,Лекция,5,0,0.0,35.0,synthetic
VIS_04317,41,adult,Выставка,2,1,3.0,34.0,synthetic
VIS_04318,21,young,Творческая встреча,1,0,0.0,7.0,synthetic
VIS_04319,22,young,Лекция,5,0,0.0,35.0,synthetic
VIS_04320,41,adult,Лекция,5,0,0.0,35.0,synthetic
VIS_04321,38,adult,Лекция,5,0,0.0,35.0,synthetic
VIS_04322,36,adult,Выставка,5,2,4.5,67.5,synthetic
VIS_04323,35,adult,Лекция,4,0,0.0,28.0,synthetic
VIS_04324,34,adult,Лекция,5,1,3.0,55.0,synthetic
VIS_04325,28,young,Выставка,7,1,4.0,74.0,synthetic
VIS_04326,36,adult,Выставка,7,2,3.5,76.5,synthetic
VIS_04327,44,adult,Мастер-класс,5,1,3.0,55.0,synthetic
VIS_04328,54,mature,Лекция,2,1,5.0,44.0,synthetic
VIS_04329,18,young,Творческая встреча,1,0,0.0,7.0,synthetic
VIS_04330,46,mature,Выставка,2,1,5.0,44.0,synthetic
VIS_04331,35,adult,Творческая встреча,1,0,0.0,7.0,synthetic
VIS_04332,58,mature,Лекция,1,0,0.0,7.0,synthetic
VIS_04333,40,adult,Лекция,4,1,4.0,53.0,synthetic
VIS_04334,20,young,Лекция,2,1,3.0,34.0,synthetic
VIS_04335,37,adult,Выставка,2,0,0.0,14.0,synthetic
VIS_04336,27,young,Лекция,5,1,5.0,65.0,synthetic
VIS_04337,45,mature,Выставка,8,1,3.0,76.0,synthetic
VIS_04338,46,mature,Лекция,2,0,0.0,14.0,synthetic
VIS_04339,50,mature,Лекция,10,2,3.0,95.0,synthetic
VIS_04340,17,school,Лекция,2,0,0.0,14.0,synthetic
VIS_04341,30,adult,Выставка,2,0,0.0,14.0,synthetic
VIS_04342,54,mature,Творческая встреча,1,0,0.0,7.0,synthetic
VIS_04343,42,adult,Лекция,3,0,0.0,21.0,synthetic
VIS_04344,34,adult,Выставка,2,1,3.0,34.0,synthetic
VIS_04345,52,mature,Мастер-класс,1,0,0.0,7.0,synthetic
VIS_04346,57,mature,Лекция,1,1,2.0,22.0,synthetic
VIS_04347,44,adult,Выставка,2,1,5.0,44.0,synthetic
VIS_04348,31,adult,Выставка,3,0,0.0,21.0,synthetic
VIS_04349,41,adult,Лекция,6,0,0.0,42.0,synthetic
VIS_04350,42,adult,Мастер-класс,1,0,0.0,7.0,synthetic
VIS_04351,48,mature,Концерт,2,1,5.0,44.0,synthetic
VIS_04352,48,mature,Выставка,4,0,0.0,28.0,synthetic
VIS_04353,45,mature,Лекция,1,0,0.0,7.0,synthetic
VIS_04354,28,young,Мастер-класс,1,0,0.0,7.0,synthetic
VIS_04355,52,mature,Мастер-класс,1,0,0.0,7.0,synthetic
VIS_04356,30,adult,Концерт,4,2,3.0,53.0,synthetic
VIS_04357,33,adult,Лекция,9,3,5.0,100.0,synthetic
VIS_04358,54,mature,Лекция,1,0,0.0,7.0,synthetic
VIS_04359,39,adult,Творческая встреча,11,0,0.0,77.0,synthetic
VIS_04360,39,adult,Лекция,10,1,4.0,95.0,synthetic
VIS_04361,31,adult,Концерт,3,0,0.0,21.0,synthetic
VIS_04362,42,adult,Лекция,2,1,4.0,39.0,synthetic
VIS_04363,27,young,Мастер-класс,1,1,4.0,32.0,synthetic
VIS_04364,29,young,Творческая встреча,1,0,0.0,7.0,synthetic
VIS_04365,53,mature,Выставка,2,2,3.5,41.5,synthetic
VIS_04366,34,adult,Мастер-класс,1,0,0.0,7.0,synthetic
VIS_04367,16,school,Творческая встреча,1,0,0.0,7.0,synthetic
VIS_04368,54,mature,Лекция,4,0,0.0,28.0,synthetic
VIS_04369,22,young,Выставка,1,0,0.0,7.0,synthetic
VIS_04370,25,young,Лекция,2,0,0.0,14.0,synthetic
VIS_04371,19,young,Выставка,3,0,0.0,21.0,synthetic
VIS_04372,17,school,Лекция,2,0,0.0,14.0,synthetic
VIS_04373,32,adult,Творческая встреча,1,0,0.0,7.0,synthetic
VIS_04374,18,young,Мастер-класс,2,0,0.0,14.0,synthetic
VIS_04375,59,mature,Концерт,3,0,0.0,21.0,synthetic
VIS_04376,44,adult,Концерт,2,0,0.0,14.0,synthetic
VIS_04377,34,adult,Выставка,5,1,4.0,60.0,synthetic
VIS_04378,30,adult,Мастер-класс,2,1,5.0,44.0,synthetic
VIS_04379,38,adult,Лекция,4,1,2.0,43.0,synthetic
VIS_04380,46,mature,Концерт,1,1,3.0,27.0,synthetic
VIS_04381,27,young,Мастер-класс,6,1,5.0,72.0,synthetic
VIS_04382,41,adult,Выставка,7,1,5.0,79.0,synthetic
VIS_04383,37,adult,Лекция,6,1,2.0,57.0,synthetic
VIS_04384,49,mature,Выставка,1,0,0.0,7.0,synthetic
VIS_04385,46,mature,Лекция,1,0,0.0,7.0,synthetic
VIS_04386,48,mature,Выставка,3,1,5.0,51.0,synthetic
VIS_04387,32,adult,Лекция,4,0,0.0,28.0,synthetic
VIS_04388,36,adult,Выставка,2,0,0.0,14.0,synthetic
VIS_04389,37,adult,Творческая встреча,1,0,0.0,7.0,synthetic
VIS_04390,61,senior,Лекция,1,0,0.0,7.0,synthetic
VIS_04391,53,mature,Выставка,4,1,5.0,58.0,synthetic
VIS_04392,29,young,Творческая встреча,1,0,0.0,7.0,synthetic
VIS_04393,50,mature,Концерт,3,2,4.0,51.0,synthetic
VIS_04394,32,adult,Выставка,5,0,0.0,35.0,synthetic
VIS_04395,33,adult,Мастер-класс,1,0,0.0,7.0,synthetic
VIS_04396,46,mature,Мастер-класс,6,3,3.67,75.4,synthetic
VIS_04397,44,adult,Выставка,9,7,3.43,100.0,synthetic
VIS_04398,37,adult,Мастер-класс,4,1,4.0,53.0,synthetic
VIS_04399,29,young,Концерт,3,0,0.0,21.0,synthetic
VIS_04400,16,school,Творческая встреча,1,0,0.0,7.0,synthetic
VIS_04401,32,adult,Лекция,10,1,3.0,90.0,synthetic
VIS_04402,38,adult,Лекция,10,1,4.0,95.0,synthetic
VIS_04403,39,adult,Творческая встреча,1,0,0.0,7.0,synthetic
VIS_04404,41,adult,Творческая встреча,9,1,5.0,93.0,synthetic
VIS_04405,24,young,Мастер-класс,1,0,0.0,7.0,synthetic
VIS_04406,58,mature,Творческая встреча,1,0,0.0,7.0,synthetic
VIS_04407,35,adult,Лекция,1,0,0.0,7.0,synthetic
VIS_04408,60,senior,Творческая встреча,1,1,3.0,27.0,synthetic
VIS_04409,49,mature,Лекция,1,0,0.0,7.0,synthetic
VIS_04410,65,senior,Творческая встреча,1,0,0.0,7.0,synthetic
VIS_04411,44,adult,Творческая встреча,1,0,0.0,7.0,synthetic
VIS_04412,39,adult,Лекция,4,0,0.0,28.0,synthetic
VIS_04413,28,young,Выставка,2,0,0.0,14.0,synthetic
VIS_04414,26,young,Лекция,7,0,0.0,49.0,synthetic
VIS_04415,48,mature,Выставка,2,0,0.0,14.0,synthetic
VIS_04416,29,young,Выставка,3,0,0.0,21.0,synthetic
VIS_04417,33,adult,Лекция,6,1,5.0,72.0,synthetic
VIS_04418,18,young,Лекция,1,0,0.0,7.0,synthetic
VIS_04419,47,mature,Лекция,2,1,5.0,44.0,synthetic
VIS_04420,47,mature,Творческая встреча,8,1,3.0,76.0,synthetic
VIS_04421,46,mature,Выставка,4,2,5.0,63.0,synthetic
VIS_04422,41,adult,Мастер-класс,1,0,0.0,7.0,synthetic
VIS_04423,21,young,Выставка,1,0,0.0,7.0,synthetic
VIS_04424,31,adult,Лекция,11,0,0.0,77.0,synthetic
VIS_04425,38,adult,Творческая встреча,1,0,0.0,7.0,synthetic
VIS_04426,53,mature,Выставка,2,0,0.0,14.0,synthetic
VIS_04427,37,adult,Выставка,4,1,4.0,53.0,synthetic
VIS_04428,25,young,Выставка,3,0,0.0,21.0,synthetic
VIS_04429,47,mature,Концерт,3,0,0.0,21.0,synthetic
VIS_04430,32,adult,Творческая встреча,2,1,4.0,39.0,synthetic
VIS_04431,25,young,Творческая встреча,7,0,0.0,49.0,synthetic
VIS_04432,57,mature,Лекция,6,2,4.0,72.0,synthetic
VIS_04433,53,mature,Лекция,1,0,0.0,7.0,synthetic
VIS_04434,45,mature,Лекция,1,0,0.0,7.0,synthetic
VIS_04435,58,mature,Лекция,4,1,3.0,48.0,synthetic
VIS_04436,35,adult,Лекция,1,0,0.0,7.0,synthetic
VIS_04437,31,adult,Лекция,4,2,3.5,55.5,synthetic
VIS_04438,41,adult,Лекция,1,0,0.0,7.0,synthetic
VIS_04439,21,young,Творческая встреча,1,0,0.0,7.0,synthetic
VIS_04440,37,adult,Мастер-класс,16,3,4.33,100.0,synthetic
VIS_04441,58,mature,Творческая встреча,2,1,2.0,29.0,synthetic
VIS_04442,39,adult,Лекция,5,1,5.0,65.0,synthetic
VIS_04443,29,young,Мастер-класс,1,0,0.0,7.0,synthetic
VIS_04444,28,young,Творческая встреча,6,0,0.0,42.0,synthetic
VIS_04445,40,adult,Лекция,4,0,0.0,28.0,synthetic
VIS_04446,34,adult,Лекция,2,1,5.0,44.0,synthetic
VIS_04447,49,mature,Концерт,2,0,0.0,14.0,synthetic
VIS_04448,47,mature,Творческая встреча,11,3,4.0,100.0,synthetic
VIS_04449,40,adult,Лекция,1,0,0.0,7.0,synthetic
VIS_04450,46,mature,Выставка,3,0,0.0,21.0,synthetic
VIS_04451,38,adult,Мастер-класс,3,1,3.0,41.0,synthetic
VIS_04452,36,adult,Лекция,4,0,0.0,28.0,synthetic
VIS_04453,50,mature,Выставка,1,0,0.0,7.0,synthetic
VIS_04454,53,mature,Мастер-класс,1,0,0.0,7.0,synthetic
VIS_04455,23,young,Творческая встреча,1,0,0.0,7.0,synthetic
VIS_04456,38,adult,Выставка,4,0,0.0,28.0,synthetic
VIS_04457,28,young,Концерт,3,0,0.0,21.0,synthetic
VIS_04458,19,young,Творческая встреча,1,1,5.0,37.0,synthetic
VIS_04459,45,mature,Творческая встреча,1,0,0.0,7.0,synthetic
VIS_04460,48,mature,Творческая встреча,1,0,0.0,7.0,synthetic
VIS_04461,53,mature,Творческая встреча,7,0,0.0,49.0,synthetic
VIS_04462,27,young,Концерт,1,0,0.0,7.0,synthetic
VIS_04463,42,adult,Лекция,4,1,4.0,53.0,synthetic
VIS_04464,34,adult,Лекция,3,0,0.0,21.0,synthetic
VIS_04465,28,young,Выставка,9,1,3.0,83.0,synthetic
VIS_04466,63,senior,Лекция,1,0,0.0,7.0,synthetic
VIS_04467,43,adult,Лекция,3,1,4.0,46.0,synthetic
VIS_04468,20,young,Выставка,1,0,0.0,7.0,synthetic
VIS_04469,43,adult,Выставка,4,1,3.0,48.0,synthetic
VIS_04470,31,adult,Выставка,6,3,3.33,73.6,synthetic
VIS_04471,51,mature,Концерт,1,0,0.0,7.0,synthetic
VIS_04472,29,young,Концерт,3,1,3.0,41.0,synthetic
VIS_04473,31,adult,Мастер-класс,2,0,0.0,14.0,synthetic
VIS_04474,48,mature,Мастер-класс,1,0,0.0,7.0,synthetic
VIS_04475,22,young,Мастер-класс,1,0,0.0,7.0,synthetic
VIS_04476,36,adult,Лекция,6,1,5.0,72.0,synthetic
VIS_04477,27,young,Творческая встреча,1,0,0.0,7.0,synthetic
VIS_04478,34,adult,Лекция,3,1,5.0,51.0,synthetic
VIS_04479,33,adult,Выставка,13,1,5.0,100.0,synthetic
VIS_04480,50,mature,Лекция,2,0,0.0,14.0,synthetic
VIS_04481,33,adult,Лекция,1,0,0.0,7.0,synthetic
VIS_04482,18,young,Лекция,3,1,4.0,46.0,synthetic
VIS_04483,31,adult,Лекция,3,0,0.0,21.0,synthetic
VIS_04484,57,mature,Лекция,2,1,5.0,44.0,synthetic
VIS_04485,34,adult,Лекция,6,0,0.0,42.0,synthetic
VIS_04486,30,adult,Концерт,2,0,0.0,14.0,synthetic
VIS_04487,29,young,Творческая встреча,1,1,3.0,27.0,synthetic
VIS_04488,24,young,Выставка,1,0,0.0,7.0,synthetic
VIS_04489,63,senior,Выставка,2,1,4.0,39.0,synthetic
VIS_04490,26,young,Мастер-класс,4,2,5.0,63.0,synthetic
VIS_04491,34,adult,Лекция,4,1,5.0,58.0,synthetic
VIS_04492,42,adult,Выставка,7,3,3.67,82.4,synthetic
VIS_04493,49,mature,Лекция,6,2,4.0,72.0,synthetic
VIS_04494,29,young,Выставка,1,0,0.0,7.0,synthetic
VIS_04495,35,adult,Концерт,5,1,5.0,65.0,synthetic
VIS_04496,27,young,Выставка,1,0,0.0,7.0,synthetic
VIS_04497,31,adult,Лекция,2,2,5.0,49.0,synthetic
VIS_04498,20,young,Выставка,1,0,0.0,7.0,synthetic
VIS_04499,20,young,Выставка,4,2,3.0,53.0,synthetic
VIS_04500,39,adult,Лекция,3,1,3.0,41.0,synthetic
VIS_04501,28,young,Творческая встреча,3,2,5.0,56.0,synthetic
VIS_04502,18,young,Творческая встреча,1,0,0.0,7.0,synthetic
VIS_04503,56,mature,Творческая встреча,1,1,5.0,37.0,synthetic
VIS_04504,27,young,Мастер-класс,1,0,0.0,7.0,synthetic
VIS_04505,39,adult,Лекция,8,1,2.0,71.0,synthetic
VIS_04506,55,mature,Концерт,1,0,0.0,7.0,synthetic
VIS_04507,38,adult,Лекция,3,2,3.5,48.5,synthetic
VIS_04508,25,young,Концерт,2,0,0.0,14.0,synthetic
VIS_04509,49,mature,Мастер-класс,1,0,0.0,7.0,synthetic
VIS_04510,23,young,Лекция,1,0,0.0,7.0,synthetic
VIS_04511,37,adult,Творческая встреча,7,5,4.2,95.0,synthetic
VIS_04512,64,senior,Творческая встреча,1,0,0.0,7.0,synthetic
VIS_04513,30,adult,Творческая встреча,1,0,0.0,7.0,synthetic
VIS_04514,30,adult,Лекция,2,1,5.0,44.0,synthetic
VIS_04515,23,young,Лекция,5,0,0.0,35.0,synthetic
VIS_04516,50,mature,Лекция,11,5,4.4,100.0,synthetic
VIS_04517,32,adult,Творческая встреча,5,2,3.0,60.0,synthetic
VIS_04518,31,adult,Творческая встреча,10,2,4.0,100.0,synthetic
VIS_04519,46,mature,Мастер-класс,6,1,5.0,72.0,synthetic
VIS_04520,55,mature,Лекция,3,0,0.0,21.0,synthetic
VIS_04521,36,adult,Мастер-класс,2,0,0.0,14.0,synthetic
VIS_04522,27,young,Лекция,4,2,4.5,60.5,synthetic
VIS_04523,31,adult,Мастер-класс,4,0,0.0,28.0,synthetic
VIS_04524,58,mature,Выставка,1,1,4.0,32.0,synthetic
VIS_04525,42,adult,Концерт,4,1,4.0,53.0,synthetic
VIS_04526,36,adult,Творческая встреча,2,0,0.0,14.0,synthetic
VIS_04527,49,mature,Выставка,4,1,1.0,38.0,synthetic
VIS_04528,45,mature,Лекция,6,1,4.0,67.0,synthetic
VIS_04529,40,adult,Лекция,2,0,0.0,14.0,synthetic
VIS_04530,47,mature,Концерт,6,0,0.0,42.0,synthetic
VIS_04531,23,young,Лекция,5,0,0.0,35.0,synthetic
VIS_04532,47,mature,Лекция,5,1,5.0,65.0,synthetic
VIS_04533,27,young,Творческая встреча,2,0,0.0,14.0,synthetic
VIS_04534,46,mature,Выставка,3,0,0.0,21.0,synthetic
VIS_04535,46,mature,Выставка,2,1,5.0,44.0,synthetic
VIS_04536,43,adult,Мастер-класс,3,0,0.0,21.0,synthetic
VIS_04537,36,adult,Лекция,7,2,3.5,76.5,synthetic
VIS_04538,55,mature,Лекция,7,2,4.5,81.5,synthetic
VIS_04539,37,adult,Лекция,4,1,3.0,48.0,synthetic
VIS_04540,41,adult,Концерт,3,0,0.0,21.0,synthetic
VIS_04541,35,adult,Творческая встреча,1,0,0.0,7.0,synthetic
VIS_04542,50,mature,Лекция,4,0,0.0,28.0,synthetic
VIS_04543,35,adult,Лекция,2,0,0.0,14.0,synthetic
VIS_04544,51,mature,Мастер-класс,1,1,5.0,37.0,synthetic
VIS_04545,43,adult,Лекция,2,0,0.0,14.0,synthetic
VIS_04546,56,mature,Творческая встреча,3,0,0.0,21.0,synthetic
VIS_04547,21,young,Концерт,1,0,0.0,7.0,synthetic
VIS_04548,30,adult,Лекция,4,1,2.0,43.0,synthetic
VIS_04549,28,young,Творческая встреча,6,1,1.0,52.0,synthetic
VIS_04550,40,adult,Выставка,2,0,0.0,14.0,synthetic
VIS_04551,53,mature,Лекция,6,2,3.0,67.0,synthetic
VIS_04552,31,adult,Лекция,5,2,3.5,62.5,synthetic
VIS_04553,57,mature,Творческая встреча,4,1,3.0,48.0,synthetic
VIS_04554,31,adult,Лекция,4,2,5.0,63.0,synthetic
VIS_04555,52,mature,Выставка,2,1,3.0,34.0,synthetic
VIS_04556,46,mature,Творческая встреча,4,0,0.0,28.0,synthetic
VIS_04557,58,mature,Лекция,4,2,4.0,58.0,synthetic
VIS_04558,59,mature,Лекция,1,0,0.0,7.0,synthetic
VIS_04559,34,adult,Лекция,3,1,5.0,51.0,synthetic
VIS_04560,38,adult,Мастер-класс,3,0,0.0,21.0,synthetic
VIS_04561,46,mature,Творческая встреча,8,2,5.0,91.0,synthetic
VIS_04562,32,adult,Лекция,1,0,0.0,7.0,synthetic
VIS_04563,35,adult,Лекция,1,0,0.0,7.0,synthetic
VIS_04564,38,adult,Творческая встреча,4,0,0.0,28.0,synthetic
VIS_04565,30,adult,Мастер-класс,1,0,0.0,7.0,synthetic
VIS_04566,14,school,Мастер-класс,1,0,0.0,7.0,synthetic
VIS_04567,50,mature,Лекция,4,1,5.0,58.0,synthetic
VIS_04568,29,young,Выставка,2,1,4.0,39.0,synthetic
VIS_04569,33,adult,Лекция,5,2,4.0,65.0,synthetic
VIS_04570,45,mature,Лекция,1,0,0.0,7.0,synthetic
VIS_04571,39,adult,Лекция,8,3,3.67,89.4,synthetic
VIS_04572,23,young,Лекция,4,3,4.0,63.0,synthetic
VIS_04573,47,mature,Концерт,4,1,4.0,53.0,synthetic
VIS_04574,28,young,Выставка,3,0,0.0,21.0,synthetic
VIS_04575,17,school,Выставка,1,1,4.0,32.0,synthetic
VIS_04576,52,mature,Лекция,9,3,3.67,96.4,synthetic
VIS_04577,27,young,Лекция,1,0,0.0,7.0,synthetic
VIS_04578,59,mature,Выставка,1,0,0.0,7.0,synthetic
VIS_04579,60,senior,Творческая встреча,1,0,0.0,7.0,synthetic
VIS_04580,23,young,Лекция,4,0,0.0,28.0,synthetic
VIS_04581,45,mature,Лекция,2,1,5.0,44.0,synthetic
VIS_04582,62,senior,Лекция,1,0,0.0,7.0,synthetic
VIS_04583,37,adult,Лекция,4,0,0.0,28.0,synthetic
VIS_04584,50,mature,Лекция,2,0,0.0,14.0,synthetic
VIS_04585,42,adult,Творческая встреча,1,0,0.0,7.0,synthetic
VIS_04586,55,mature,Мастер-класс,1,0,0.0,7.0,synthetic
VIS_04587,36,adult,Творческая встреча,1,0,0.0,7.0,synthetic
VIS_04588,54,mature,Лекция,3,0,0.0,21.0,synthetic
VIS_04589,45,mature,Лекция,3,0,0.0,21.0,synthetic
VIS_04590,53,mature,Концерт,1,0,0.0,7.0,synthetic
VIS_04591,26,young,Концерт,1,0,0.0,7.0,synthetic
VIS_04592,48,mature,Выставка,13,3,4.0,100.0,synthetic
VIS_04593,46,mature,Лекция,5,0,0.0,35.0,synthetic
VIS_04594,28,young,Творческая встреча,3,1,5.0,51.0,synthetic
VIS_04595,31,adult,Лекция,2,0,0.0,14.0,synthetic
VIS_04596,22,young,Творческая встреча,1,0,0.0,7.0,synthetic
VIS_04597,45,mature,Концерт,6,2,4.0,72.0,synthetic
VIS_04598,28,young,Мастер-класс,1,0,0.0,7.0,synthetic
VIS_04599,56,mature,Лекция,3,0,0.0,21.0,synthetic
VIS_04600,49,mature,Выставка,1,0,0.0,7.0,synthetic
VIS_04601,40,adult,Творческая встреча,3,0,0.0,21.0,synthetic
VIS_04602,34,adult,Лекция,1,0,0.0,7.0,synthetic
VIS_04603,34,adult,Лекция,3,0,0.0,21.0,synthetic
VIS_04604,34,adult,Выставка,1,1,3.0,27.0,synthetic
VIS_04605,37,adult,Лекция,1,1,5.0,37.0,synthetic
VIS_04606,15,school,Мастер-класс,1,0,0.0,7.0,synthetic
VIS_04607,23,young,Концерт,2,0,0.0,14.0,synthetic
VIS_04608,10,school,Мастер-класс,1,0,0.0,7.0,synthetic
VIS_04609,17,school,Лекция,1,0,0.0,7.0,synthetic
VIS_04610,52,mature,Концерт,3,2,3.5,48.5,synthetic
VIS_04611,40,adult,Лекция,6,2,3.5,69.5,synthetic
VIS_04612,54,mature,Мастер-класс,1,0,0.0,7.0,synthetic
VIS_04613,42,adult,Лекция,7,2,4.0,79.0,synthetic
VIS_04614,34,adult,Творческая встреча,2,0,0.0,14.0,synthetic
VIS_04615,46,mature,Лекция,1,0,0.0,7.0,synthetic
VIS_04616,48,mature,Лекция,8,1,5.0,86.0,synthetic
VIS_04617,54,mature,Выставка,1,0,0.0,7.0,synthetic
VIS_04618,41,adult,Лекция,3,0,0.0,21.0,synthetic
VIS_04619,29,young,Творческая встреча,1,1,4.0,32.0,synthetic
VIS_04620,43,adult,Концерт,2,0,0.0,14.0,synthetic
VIS_04621,48,mature,Творческая встреча,4,2,5.0,63.0,synthetic
VIS_04622,64,senior,Творческая встреча,1,0,0.0,7.0,synthetic
VIS_04623,28,young,Концерт,2,1,3.0,34.0,synthetic
VIS_04624,64,senior,Лекция,2,1,5.0,44.0,synthetic
VIS_04625,34,adult,Мастер-класс,1,0,0.0,7.0,synthetic
VIS_04626,30,adult,Творческая встреча,6,0,0.0,42.0,synthetic
VIS_04627,45,mature,Лекция,5,1,2.0,50.0,synthetic
VIS_04628,45,mature,Мастер-класс,1,1,4.0,32.0,synthetic
VIS_04629,29,young,Выставка,1,0,0.0,7.0,synthetic
VIS_04630,34,adult,Выставка,3,0,0.0,21.0,synthetic
VIS_04631,35,adult,Творческая встреча,1,1,2.0,22.0,synthetic
VIS_04632,33,adult,Концерт,4,1,5.0,58.0,synthetic
VIS_04633,48,mature,Лекция,6,1,5.0,72.0,synthetic
VIS_04634,28,young,Мастер-класс,1,0,0.0,7.0,synthetic
VIS_04635,41,adult,Мастер-класс,1,0,0.0,7.0,synthetic
VIS_04636,24,young,Творческая встреча,1,1,3.0,27.0,synthetic
VIS_04637,48,mature,Творческая встреча,5,0,0.0,35.0,synthetic
VIS_04638,57,mature,Лекция,1,0,0.0,7.0,synthetic
VIS_04639,21,young,Выставка,4,1,3.0,48.0,synthetic
VIS_04640,40,adult,Лекция,2,0,0.0,14.0,synthetic
VIS_04641,45,mature,Выставка,4,2,3.0,53.0,synthetic
VIS_04642,54,mature,Лекция,3,1,4.0,46.0,synthetic
VIS_04643,48,mature,Творческая встреча,3,0,0.0,21.0,synthetic
VIS_04644,22,young,Лекция,3,0,0.0,21.0,synthetic
VIS_04645,40,adult,Лекция,3,1,4.0,46.0,synthetic
VIS_04646,42,adult,Лекция,6,1,3.0,62.0,synthetic
VIS_04647,45,mature,Лекция,1,0,0.0,7.0,synthetic
VIS_04648,36,adult,Концерт,8,1,4.0,81.0,synthetic
VIS_04649,25,young,Концерт,2,0,0.0,14.0,synthetic
VIS_04650,25,young,Творческая встреча,1,0,0.0,7.0,synthetic
VIS_04651,42,adult,Концерт,1,0,0.0,7.0,synthetic
VIS_04652,21,young,Творческая встреча,1,0,0.0,7.0,synthetic
VIS_04653,52,mature,Лекция,1,0,0.0,7.0,synthetic
VIS_04654,54,mature,Выставка,1,0,0.0,7.0,synthetic
VIS_04655,23,young,Концерт,1,0,0.0,7.0,synthetic
VIS_04656,35,adult,Выставка,3,1,2.0,36.0,synthetic
VIS_04657,20,young,Лекция,5,1,4.0,60.0,synthetic
VIS_04658,53,mature,Выставка,3,1,5.0,51.0,synthetic
VIS_04659,44,adult,Творческая встреча,17,2,3.5,100.0,synthetic
VIS_04660,21,young,Лекция,1,0,0.0,7.0,synthetic
VIS_04661,35,adult,Мастер-класс,2,0,0.0,14.0,synthetic
VIS_04662,47,mature,Лекция,1,0,0.0,7.0,synthetic
VIS_04663,62,senior,Лекция,1,0,0.0,7.0,synthetic
VIS_04664,39,adult,Лекция,4,0,0.0,28.0,synthetic
VIS_04665,31,adult,Лекция,8,2,4.0,86.0,synthetic
VIS_04666,42,adult,Лекция,2,0,0.0,14.0,synthetic
VIS_04667,27,young,Лекция,1,0,0.0,7.0,synthetic
VIS_04668,29,young,Лекция,1,0,0.0,7.0,synthetic
VIS_04669,56,mature,Концерт,4,0,0.0,28.0,synthetic
VIS_04670,37,adult,Лекция,2,0,0.0,14.0,synthetic
VIS_04671,36,adult,Концерт,4,0,0.0,28.0,synthetic
VIS_04672,11,school,Мастер-класс,1,0,0.0,7.0,synthetic
VIS_04673,26,young,Лекция,2,0,0.0,14.0,synthetic
VIS_04674,30,adult,Лекция,1,0,0.0,7.0,synthetic
VIS_04675,54,mature,Выставка,4,0,0.0,28.0,synthetic
VIS_04676,56,mature,Концерт,1,0,0.0,7.0,synthetic
VIS_04677,64,senior,Лекция,1,0,0.0,7.0,synthetic
VIS_04678,26,young,Концерт,5,3,4.67,73.4,synthetic
VIS_04679,36,adult,Лекция,12,2,4.0,100.0,synthetic
VIS_04680,35,adult,Концерт,1,1,3.0,27.0,synthetic
VIS_04681,32,adult,Лекция,2,0,0.0,14.0,synthetic
VIS_04682,64,senior,Выставка,1,0,0.0,7.0,synthetic
VIS_04683,34,adult,Творческая встреча,9,0,0.0,63.0,synthetic
VIS_04684,47,mature,Лекция,1,0,0.0,7.0,synthetic
VIS_04685,46,mature,Концерт,7,2,4.5,81.5,synthetic
VIS_04686,42,adult,Лекция,2,0,0.0,14.0,synthetic
VIS_04687,47,mature,Концерт,1,0,0.0,7.0,synthetic
VIS_04688,44,adult,Выставка,8,2,3.5,83.5,synthetic
VIS_04689,40,adult,Концерт,1,0,0.0,7.0,synthetic
VIS_04690,27,young,Мастер-класс,1,0,0.0,7.0,synthetic
VIS_04691,38,adult,Лекция,1,0,0.0,7.0,synthetic
VIS_04692,51,mature,Концерт,5,0,0.0,35.0,synthetic
VIS_04693,27,young,Лекция,1,1,5.0,37.0,synthetic
VIS_04694,45,mature,Мастер-класс,5,0,0.0,35.0,synthetic
VIS_04695,37,adult,Выставка,7,1,3.0,69.0,synthetic
VIS_04696,62,senior,Лекция,1,0,0.0,7.0,synthetic
VIS_04697,36,adult,Мастер-класс,1,0,0.0,7.0,synthetic
VIS_04698,32,adult,Лекция,8,1,4.0,81.0,synthetic
VIS_04699,34,adult,Концерт,4,0,0.0,28.0,synthetic
VIS_04700,51,mature,Мастер-класс,1,0,0.0,7.0,synthetic
VIS_04701,56,mature,Выставка,1,0,0.0,7.0,synthetic
VIS_04702,44,adult,Концерт,1,0,0.0,7.0,synthetic
VIS_04703,63,senior,Выставка,1,0,0.0,7.0,synthetic
VIS_04704,49,mature,Мастер-класс,1,0,0.0,7.0,synthetic
VIS_04705,37,adult,Выставка,2,0,0.0,14.0,synthetic
VIS_04706,38,adult,Лекция,1,0,0.0,7.0,synthetic
VIS_04707,47,mature,Концерт,7,0,0.0,49.0,synthetic
VIS_04708,42,adult,Лекция,2,0,0.0,14.0,synthetic
VIS_04709,21,young,Концерт,1,0,0.0,7.0,synthetic
VIS_04710,55,mature,Выставка,2,1,3.0,34.0,synthetic
VIS_04711,60,senior,Творческая встреча,1,0,0.0,7.0,synthetic
VIS_04712,41,adult,Творческая встреча,5,0,0.0,35.0,synthetic
VIS_04713,45,mature,Творческая встреча,7,1,4.0,74.0,synthetic
VIS_04714,49,mature,Концерт,1,1,4.0,32.0,synthetic
VIS_04715,34,adult,Мастер-класс,9,2,5.0,98.0,synthetic
VIS_04716,14,school,Выставка,1,0,0.0,7.0,synthetic
VIS_04717,69,senior,Выставка,1,0,0.0,7.0,synthetic
VIS_04718,47,mature,Лекция,2,1,2.0,29.0,synthetic
VIS_04719,33,adult,Лекция,5,2,4.0,65.0,synthetic
VIS_04720,43,adult,Концерт,1,0,0.0,7.0,synthetic
VIS_04721,24,young,Творческая встреча,1,0,0.0,7.0,synthetic
VIS_04722,44,adult,Концерт,1,0,0.0,7.0,synthetic
VIS_04723,42,adult,Выставка,2,0,0.0,14.0,synthetic
VIS_04724,54,mature,Творческая встреча,5,1,5.0,65.0,synthetic
VIS_04725,23,young,Лекция,1,0,0.0,7.0,synthetic
VIS_04726,36,adult,Лекция,6,3,4.0,77.0,synthetic
VIS_04727,26,young,Выставка,3,0,0.0,21.0,synthetic
VIS_04728,51,mature,Выставка,1,0,0.0,7.0,synthetic
VIS_04729,59,mature,Концерт,2,1,4.0,39.0,synthetic
VIS_04730,60,senior,Лекция,1,0,0.0,7.0,synthetic
VIS_04731,35,adult,Творческая встреча,1,0,0.0,7.0,synthetic
VIS_04732,42,adult,Выставка,3,1,3.0,41.0,synthetic
VIS_04733,23,young,Творческая встреча,1,1,3.0,27.0,synthetic
VIS_04734,38,adult,Концерт,1,1,3.0,27.0,synthetic
VIS_04735,48,mature,Лекция,2,0,0.0,14.0,synthetic
VIS_04736,47,mature,Концерт,2,1,5.0,44.0,synthetic
VIS_04737,36,adult,Лекция,7,0,0.0,49.0,synthetic
VIS_04738,26,young,Лекция,4,0,0.0,28.0,synthetic
VIS_04739,34,adult,Выставка,2,0,0.0,14.0,synthetic
VIS_04740,41,adult,Творческая встреча,1,0,0.0,7.0,synthetic
VIS_04741,28,young,Лекция,4,0,0.0,28.0,synthetic
VIS_04742,31,adult,Концерт,6,0,0.0,42.0,synthetic
VIS_04743,56,mature,Лекция,1,0,0.0,7.0,synthetic
VIS_04744,23,young,Лекция,1,0,0.0,7.0,synthetic
VIS_04745,27,young,Лекция,1,0,0.0,7.0,synthetic
VIS_04746,40,adult,Творческая встреча,1,0,0.0,7.0,synthetic
VIS_04747,29,young,Концерт,1,0,0.0,7.0,synthetic
VIS_04748,23,young,Лекция,1,1,2.0,22.0,synthetic
VIS_04749,39,adult,Лекция,8,2,4.5,88.5,synthetic
VIS_04750,54,mature,Выставка,7,0,0.0,49.0,synthetic
VIS_04751,39,adult,Творческая встреча,2,1,5.0,44.0,synthetic
VIS_04752,37,adult,Творческая встреча,8,1,5.0,86.0,synthetic
VIS_04753,43,adult,Лекция,7,0,0.0,49.0,synthetic
VIS_04754,15,school,Мастер-класс,2,0,0.0,14.0,synthetic
VIS_04755,38,adult,Мастер-класс,1,0,0.0,7.0,synthetic
VIS_04756,34,adult,Лекция,3,0,0.0,21.0,synthetic
VIS_04757,41,adult,Мастер-класс,1,0,0.0,7.0,synthetic
VIS_04758,30,adult,Выставка,1,0,0.0,7.0,synthetic
VIS_04759,36,adult,Выставка,2,1,3.0,34.0,synthetic
VIS_04760,44,adult,Выставка,1,0,0.0,7.0,synthetic
VIS_04761,33,adult,Мастер-класс,1,0,0.0,7.0,synthetic
VIS_04762,47,mature,Творческая встреча,11,4,4.75,100.0,synthetic
VIS_04763,31,adult,Концерт,4,2,5.0,63.0,synthetic
VIS_04764,56,mature,Выставка,5,2,5.0,70.0,synthetic
VIS_04765,48,mature,Лекция,1,0,0.0,7.0,synthetic
VIS_04766,31,adult,Творческая встреча,1,1,5.0,37.0,synthetic
VIS_04767,32,adult,Лекция,4,1,5.0,58.0,synthetic
VIS_04768,42,adult,Мастер-класс,1,1,2.0,22.0,synthetic
VIS_04769,14,school,Выставка,1,0,0.0,7.0,synthetic
VIS_04770,28,young,Мастер-класс,1,0,0.0,7.0,synthetic
VIS_04771,55,mature,Выставка,1,1,5.0,37.0,synthetic
VIS_04772,38,adult,Лекция,1,0,0.0,7.0,synthetic
VIS_04773,42,adult,Лекция,7,1,5.0,79.0,synthetic
VIS_04774,47,mature,Выставка,3,1,2.0,36.0,synthetic
VIS_04775,60,senior,Выставка,3,2,3.5,48.5,synthetic
VIS_04776,30,adult,Лекция,4,1,4.0,53.0,synthetic
VIS_04777,50,mature,Творческая встреча,3,0,0.0,21.0,synthetic
VIS_04778,50,mature,Мастер-класс,1,0,0.0,7.0,synthetic
VIS_04779,33,adult,Лекция,4,0,0.0,28.0,synthetic
VIS_04780,39,adult,Творческая встреча,1,0,0.0,7.0,synthetic
VIS_04781,40,adult,Выставка,5,0,0.0,35.0,synthetic
VIS_04782,31,adult,Творческая встреча,1,0,0.0,7.0,synthetic
VIS_04783,40,adult,Выставка,5,0,0.0,35.0,synthetic
VIS_04784,53,mature,Мастер-класс,1,0,0.0,7.0,synthetic
VIS_04785,38,adult,Лекция,4,3,3.67,61.4,synthetic
VIS_04786,45,mature,Лекция,2,0,0.0,14.0,synthetic
VIS_04787,19,young,Лекция,5,0,0.0,35.0,synthetic
VIS_04788,50,mature,Творческая встреча,1,1,1.0,17.0,synthetic
VIS_04789,58,mature,Творческая встреча,1,0,0.0,7.0,synthetic
VIS_04790,30,adult,Выставка,1,0,0.0,7.0,synthetic
VIS_04791,45,mature,Творческая встреча,1,0,0.0,7.0,synthetic
VIS_04792,25,young,Мастер-класс,10,0,0.0,70.0,synthetic
VIS_04793,31,adult,Выставка,2,0,0.0,14.0,synthetic
VIS_04794,39,adult,Лекция,5,1,4.0,60.0,synthetic
VIS_04795,47,mature,Творческая встреча,5,2,4.0,65.0,synthetic
VIS_04796,46,mature,Лекция,1,0,0.0,7.0,synthetic
VIS_04797,29,young,Лекция,2,1,3.0,34.0,synthetic
VIS_04798,38,adult,Лекция,1,0,0.0,7.0,synthetic
VIS_04799,35,adult,Лекция,2,1,5.0,44.0,synthetic
VIS_04800,31,adult,Творческая встреча,5,1,5.0,65.0,synthetic
VIS_04801,21,young,Мастер-класс,1,0,0.0,7.0,synthetic
VIS_04802,54,mature,Лекция,2,0,0.0,14.0,synthetic
VIS_04803,52,mature,Выставка,4,1,5.0,58.0,synthetic
VIS_04804,34,adult,Мастер-класс,7,1,5.0,79.0,synthetic
VIS_04805,29,young,Лекция,6,3,3.33,73.6,synthetic
VIS_04806,43,adult,Лекция,1,0,0.0,7.0,synthetic
VIS_04807,59,mature,Лекция,1,0,0.0,7.0,synthetic
VIS_04808,23,young,Творческая встреча,1,1,1.0,17.0,synthetic
VIS_04809,31,adult,Мастер-класс,3,1,2.0,36.0,synthetic
VIS_04810,25,young,Лекция,7,2,4.5,81.5,synthetic
VIS_04811,53,mature,Мастер-класс,1,0,0.0,7.0,synthetic
VIS_04812,29,young,Выставка,3,0,0.0,21.0,synthetic
VIS_04813,49,mature,Лекция,1,0,0.0,7.0,synthetic
VIS_04814,27,young,Лекция,8,1,3.0,76.0,synthetic
VIS_04815,49,mature,Мастер-класс,3,0,0.0,21.0,synthetic
VIS_04816,29,young,Концерт,3,0,0.0,21.0,synthetic
VIS_04817,34,adult,Творческая встреча,1,0,0.0,7.0,synthetic
VIS_04818,34,adult,Творческая встреча,6,0,0.0,42.0,synthetic
VIS_04819,26,young,Творческая встреча,6,2,4.5,74.5,synthetic
VIS_04820,20,young,Мастер-класс,1,0,0.0,7.0,synthetic
VIS_04821,49,mature,Лекция,5,0,0.0,35.0,synthetic
VIS_04822,29,young,Творческая встреча,1,0,0.0,7.0,synthetic
VIS_04823,21,young,Лекция,1,0,0.0,7.0,synthetic
VIS_04824,21,young,Концерт,4,0,0.0,28.0,synthetic
VIS_04825,40,adult,Выставка,2,0,0.0,14.0,synthetic
VIS_04826,18,young,Лекция,1,0,0.0,7.0,synthetic
VIS_04827,40,adult,Выставка,8,2,4.0,86.0,synthetic
VIS_04828,30,adult,Выставка,6,0,0.0,42.0,synthetic
VIS_04829,53,mature,Творческая встреча,1,0,0.0,7.0,synthetic
VIS_04830,50,mature,Мастер-класс,1,0,0.0,7.0,synthetic
VIS_04831,33,adult,Лекция,5,1,5.0,65.0,synthetic
VIS_04832,40,adult,Мастер-класс,8,1,3.0,76.0,synthetic
VIS_04833,51,mature,Творческая встреча,3,0,0.0,21.0,synthetic
VIS_04834,48,mature,Лекция,5,1,5.0,65.0,synthetic
VIS_04835,51,mature,Лекция,1,1,3.0,27.0,synthetic
VIS_04836,20,young,Мастер-класс,3,0,0.0,21.0,synthetic
VIS_04837,32,adult,Лекция,3,0,0.0,21.0,synthetic
VIS_04838,32,adult,Лекция,3,1,5.0,51.0,synthetic
VIS_04839,32,adult,Выставка,3,1,5.0,51.0,synthetic
VIS_04840,23,young,Мастер-класс,1,0,0.0,7.0,synthetic
VIS_04841,26,young,Творческая встреча,1,0,0.0,7.0,synthetic
VIS_04842,32,adult,Лекция,9,1,2.0,78.0,synthetic
VIS_04843,12,school,Мастер-класс,1,0,0.0,7.0,synthetic
VIS_04844,34,adult,Мастер-класс,1,1,3.0,27.0,synthetic
VIS_04845,53,mature,Выставка,2,1,5.0,44.0,synthetic
VIS_04846,34,adult,Концерт,3,0,0.0,21.0,synthetic
VIS_04847,53,mature,Лекция,3,1,5.0,51.0,synthetic
VIS_04848,33,adult,Лекция,6,2,4.5,74.5,synthetic
VIS_04849,54,mature,Мастер-класс,1,0,0.0,7.0,synthetic
VIS_04850,59,mature,Выставка,1,0,0.0,7.0,synthetic
VIS_04851,48,mature,Творческая встреча,3,1,5.0,51.0,synthetic
VIS_04852,50,mature,Лекция,1,1,5.0,37.0,synthetic
VIS_04853,35,adult,Лекция,5,0,0.0,35.0,synthetic
VIS_04854,36,adult,Лекция,2,1,2.0,29.0,synthetic
VIS_04855,36,adult,Лекция,4,1,5.0,58.0,synthetic
VIS_04856,48,mature,Лекция,3,0,0.0,21.0,synthetic
VIS_04857,59,mature,Лекция,1,1,5.0,37.0,synthetic
VIS_04858,28,young,Лекция,6,2,5.0,77.0,synthetic
VIS_04859,27,young,Лекция,9,0,0.0,63.0,synthetic
VIS_04860,38,adult,Мастер-класс,2,0,0.0,14.0,synthetic
VIS_04861,26,young,Концерт,6,2,3.5,69.5,synthetic
VIS_04862,40,adult,Творческая встреча,3,0,0.0,21.0,synthetic
VIS_04863,33,adult,Концерт,5,0,0.0,35.0,synthetic
VIS_04864,34,adult,Лекция,1,0,0.0,7.0,synthetic
VIS_04865,51,mature,Концерт,3,1,5.0,51.0,synthetic
VIS_04866,56,mature,Творческая встреча,1,0,0.0,7.0,synthetic
VIS_04867,58,mature,Выставка,2,0,0.0,14.0,synthetic
VIS_04868,50,mature,Лекция,7,0,0.0,49.0,synthetic
VIS_04869,24,young,Лекция,2,0,0.0,14.0,synthetic
VIS_04870,35,adult,Выставка,1,0,0.0,7.0,synthetic
VIS_04871,36,adult,Концерт,2,1,5.0,44.0,synthetic
VIS_04872,18,young,Лекция,1,0,0.0,7.0,synthetic
VIS_04873,39,adult,Творческая встреча,5,4,3.5,72.5,synthetic
VIS_04874,49,mature,Лекция,3,1,1.0,31.0,synthetic
VIS_04875,38,adult,Лекция,10,2,5.0,100.0,synthetic
VIS_04876,41,adult,Концерт,1,1,4.0,32.0,synthetic
VIS_04877,51,mature,Концерт,6,0,0.0,42.0,synthetic
VIS_04878,31,adult,Выставка,6,1,5.0,72.0,synthetic
VIS_04879,47,mature,Лекция,3,0,0.0,21.0,synthetic
VIS_04880,40,adult,Мастер-класс,1,0,0.0,7.0,synthetic
VIS_04881,46,mature,Выставка,2,0,0.0,14.0,synthetic
VIS_04882,21,young,Выставка,1,0,0.0,7.0,synthetic
VIS_04883,31,adult,Творческая встреча,1,0,0.0,7.0,synthetic
VIS_04884,28,young,Выставка,3,1,3.0,41.0,synthetic
VIS_04885,30,adult,Концерт,1,0,0.0,7.0,synthetic
VIS_04886,47,mature,Лекция,4,0,0.0,28.0,synthetic
VIS_04887,52,mature,Творческая встреча,1,0,0.0,7.0,synthetic
VIS_04888,58,mature,Творческая встреча,1,0,0.0,7.0,synthetic
VIS_04889,18,young,Лекция,1,0,0.0,7.0,synthetic
VIS_04890,10,school,Мастер-класс,1,0,0.0,7.0,synthetic
VIS_04891,59,mature,Творческая встреча,3,0,0.0,21.0,synthetic
VIS_04892,58,mature,Выставка,1,0,0.0,7.0,synthetic
VIS_04893,43,adult,Творческая встреча,3,0,0.0,21.0,synthetic
VIS_04894,18,young,Выставка,6,5,3.8,86.0,synthetic
VIS_04895,38,adult,Творческая встреча,4,0,0.0,28.0,synthetic
VIS_04896,32,adult,Мастер-класс,1,0,0.0,7.0,synthetic
VIS_04897,29,young,Мастер-класс,5,1,4.0,60.0,synthetic
VIS_04898,34,adult,Концерт,9,1,5.0,93.0,synthetic
VIS_04899,34,adult,Лекция,5,1,5.0,65.0,synthetic
VIS_04900,37,adult,Лекция,6,2,4.0,72.0,synthetic
VIS_04901,29,young,Творческая встреча,1,0,0.0,7.0,synthetic
VIS_04902,40,adult,Лекция,4,1,4.0,53.0,synthetic
VIS_04903,44,adult,Лекция,12,4,3.75,100.0,synthetic
VIS_04904,39,adult,Лекция,2,0,0.0,14.0,synthetic
VIS_04905,32,adult,Творческая встреча,1,0,0.0,7.0,synthetic
VIS_04906,42,adult,Мастер-класс,1,0,0.0,7.0,synthetic
VIS_04907,39,adult,Лекция,8,2,5.0,91.0,synthetic
VIS_04908,45,mature,Выставка,3,1,5.0,51.0,synthetic
VIS_04909,27,young,Лекция,5,1,4.0,60.0,synthetic
VIS_04910,27,young,Творческая встреча,3,1,5.0,51.0,synthetic
VIS_04911,31,adult,Творческая встреча,5,2,5.0,70.0,synthetic
VIS_04912,33,adult,Концерт,3,1,4.0,46.0,synthetic
VIS_04913,37,adult,Лекция,1,0,0.0,7.0,synthetic
VIS_04914,60,senior,Лекция,1,0,0.0,7.0,synthetic
VIS_04915,39,adult,Выставка,2,0,0.0,14.0,synthetic
VIS_04916,30,adult,Лекция,1,1,4.0,32.0,synthetic
VIS_04917,41,adult,Выставка,5,0,0.0,35.0,synthetic
VIS_04918,42,adult,Творческая встреча,4,2,4.0,58.0,synthetic
VIS_04919,41,adult,Лекция,5,1,5.0,65.0,synthetic
VIS_04920,36,adult,Творческая встреча,4,0,0.0,28.0,synthetic
VIS_04921,50,mature,Выставка,1,0,0.0,7.0,synthetic
VIS_04922,17,school,Лекция,1,0,0.0,7.0,synthetic
VIS_04923,41,adult,Концерт,5,0,0.0,35.0,synthetic
VIS_04924,31,adult,Мастер-класс,4,0,0.0,28.0,synthetic
VIS_04925,31,adult,Выставка,3,1,4.0,46.0,synthetic
VIS_04926,37,adult,Лекция,3,1,5.0,51.0,synthetic
VIS_04927,57,mature,Выставка,2,0,0.0,14.0,synthetic
VIS_04928,46,mature,Лекция,2,0,0.0,14.0,synthetic
VIS_04929,61,senior,Творческая встреча,1,0,0.0,7.0,synthetic
VIS_04930,46,mature,Лекция,2,0,0.0,14.0,synthetic
VIS_04931,39,adult,Творческая встреча,4,1,3.0,48.0,synthetic
VIS_04932,39,adult,Лекция,12,2,2.5,100.0,synthetic
VIS_04933,61,senior,Выставка,2,0,0.0,14.0,synthetic
VIS_04934,52,mature,Творческая встреча,6,1,3.0,62.0,synthetic
VIS_04935,48,mature,Концерт,3,1,5.0,51.0,synthetic
VIS_04936,35,adult,Лекция,1,0,0.0,7.0,synthetic
VIS_04937,24,young,Выставка,2,0,0.0,14.0,synthetic
VIS_04938,48,mature,Лекция,2,1,5.0,44.0,synthetic
VIS_04939,41,adult,Лекция,6,0,0.0,42.0,synthetic
VIS_04940,45,mature,Концерт,1,0,0.0,7.0,synthetic
VIS_04941,27,young,Выставка,1,1,3.0,27.0,synthetic
VIS_04942,39,adult,Выставка,4,1,3.0,48.0,synthetic
VIS_04943,25,young,Лекция,5,3,3.33,66.6,synthetic
VIS_04944,39,adult,Лекция,5,0,0.0,35.0,synthetic
VIS_04945,32,adult,Лекция,3,0,0.0,21.0,synthetic
VIS_04946,31,adult,Мастер-класс,7,2,4.0,79.0,synthetic
VIS_04947,49,mature,Лекция,4,2,5.0,63.0,synthetic
VIS_04948,51,mature,Творческая встреча,1,0,0.0,7.0,synthetic
VIS_04949,38,adult,Концерт,5,1,2.0,50.0,synthetic
VIS_04950,30,adult,Выставка,3,1,4.0,46.0,synthetic
VIS_04951,26,young,Мастер-класс,7,4,4.25,90.2,synthetic
VIS_04952,44,adult,Мастер-класс,3,1,5.0,51.0,synthetic
VIS_04953,52,mature,Лекция,1,1,5.0,37.0,synthetic
VIS_04954,46,mature,Лекция,8,1,5.0,86.0,synthetic
VIS_04955,42,adult,Лекция,5,0,0.0,35.0,synthetic
VIS_04956,45,mature,Выставка,4,1,4.0,53.0,synthetic
VIS_04957,43,adult,Лекция,2,0,0.0,14.0,synthetic
VIS_04958,47,mature,Лекция,4,1,3.0,48.0,synthetic
VIS_04959,22,young,Концерт,2,0,0.0,14.0,synthetic
VIS_04960,49,mature,Мастер-класс,1,0,0.0,7.0,synthetic
VIS_04961,35,adult,Творческая встреча,1,0,0.0,7.0,synthetic
VIS_04962,55,mature,Творческая встреча,4,0,0.0,28.0,synthetic
VIS_04963,47,mature,Творческая встреча,1,0,0.0,7.0,synthetic
VIS_04964,32,adult,Лекция,1,1,5.0,37.0,synthetic
VIS_04965,14,school,Мастер-класс,1,1,2.0,22.0,synthetic
VIS_04966,46,mature,Лекция,1,0,0.0,7.0,synthetic
VIS_04967,41,adult,Творческая встреча,4,0,0.0,28.0,synthetic
VIS_04968,63,senior,Творческая встреча,1,0,0.0,7.0,synthetic
VIS_04969,46,mature,Выставка,2,0,0.0,14.0,synthetic
VIS_04970,44,adult,Концерт,1,0,0.0,7.0,synthetic
VIS_04971,31,adult,Лекция,3,0,0.0,21.0,synthetic
VIS_04972,26,young,Лекция,1,0,0.0,7.0,synthetic
VIS_04973,29,young,Выставка,1,0,0.0,7.0,synthetic
VIS_04974,56,mature,Выставка,2,1,4.0,39.0,synthetic
VIS_04975,32,adult,Творческая встреча,5,1,4.0,60.0,synthetic
VIS_04976,35,adult,Лекция,1,0,0.0,7.0,synthetic
VIS_04977,36,adult,Мастер-класс,9,2,4.0,93.0,synthetic
VIS_04978,49,mature,Мастер-класс,6,0,0.0,42.0,synthetic
VIS_04979,46,mature,Лекция,4,1,4.0,53.0,synthetic
VIS_04980,52,mature,Выставка,2,0,0.0,14.0,synthetic
VIS_04981,23,young,Лекция,5,2,4.0,65.0,synthetic
VIS_04982,24,young,Мастер-класс,4,1,5.0,58.0,synthetic
VIS_04983,26,young,Лекция,4,3,3.33,59.6,synthetic
VIS_04984,38,adult,Лекция,3,0,0.0,21.0,synthetic
VIS_04985,48,mature,Выставка,7,2,4.0,79.0,synthetic
VIS_04986,27,young,Концерт,1,0,0.0,7.0,synthetic
VIS_04987,27,young,Лекция,1,0,0.0,7.0,synthetic
VIS_04988,50,mature,Мастер-класс,12,1,5.0,100.0,synthetic
VIS_04989,45,mature,Творческая встреча,1,0,0.0,7.0,synthetic
VIS_04990,32,adult,Лекция,8,4,3.5,93.5,synthetic
VIS_04991,56,mature,Лекция,4,1,5.0,58.0,synthetic
VIS_04992,46,mature,Мастер-класс,3,1,3.0,41.0,synthetic
VIS_04993,54,mature,Мастер-класс,1,0,0.0,7.0,synthetic
VIS_04994,37,adult,Лекция,4,1,5.0,58.0,synthetic
VIS_04995,52,mature,Концерт,8,2,4.0,86.0,synthetic
VIS_04996,52,mature,Выставка,3,0,0.0,21.0,synthetic
VIS_04997,42,adult,Лекция,4,0,0.0,28.0,synthetic
VIS_04998,61,senior,Творческая встреча,1,0,0.0,7.0,synthetic
VIS_04999,25,young,Лекция,1,0,0.0,7.0,synthetic
VIS_05000,40,adult,Лекция,3,0,0.0,21.0,synthetic
