feedback_id,visitor_id,event_id,institution_id,rating,text,sentiment,data_source
FB_00001,VIS_01242,EV_0145,INST_012,3,"Мероприятие было интересным, но некоторые части можно улучшить.",neutral,synthetic
FB_00002,VIS_02694,EV_0122,INST_010,4,"Очень понравилось мероприятие, хочется прийти ещё.",positive,synthetic
FB_00003,VIS_04925,EV_0024,INST_001,4,"Спасибо организаторам, всё прошло замечательно.",positive,synthetic
FB_00004,VIS_00090,EV_0176,INST_014,5,Интересная программа и хороший формат.,positive,synthetic
FB_00005,VIS_00224,EV_0043,INST_004,3,Некоторые части программы понравились больше других.,neutral,synthetic
FB_00006,VIS_00083,EV_0211,INST_017,3,"В целом всё хорошо, но хотелось бы больше интерактива.",neutral,synthetic
FB_00007,VIS_02297,EV_0207,INST_017,5,"Спасибо организаторам, всё прошло замечательно.",positive,synthetic
FB_00008,VIS_02157,EV_0141,INST_012,3,"Мероприятие было интересным, но некоторые части можно улучшить.",neutral,synthetic
FB_00009,VIS_03424,EV_0046,INST_004,2,Организацию можно было сделать лучше.,negative,synthetic
FB_00010,VIS_01629,EV_0174,INST_014,5,"Спасибо организаторам, всё прошло замечательно.",positive,synthetic
FB_00011,VIS_03649,EV_0102,INST_007,5,"Спасибо организаторам, всё прошло замечательно.",positive,synthetic
FB_00012,VIS_01917,EV_0188,INST_017,4,Интересная программа и хороший формат.,positive,synthetic
FB_00013,VIS_01076,EV_0140,INST_012,4,Интересная программа и хороший формат.,positive,synthetic
FB_00014,VIS_04685,EV_0209,INST_017,5,Отличная организация и приятная атмосфера.,positive,synthetic
FB_00015,VIS_02062,EV_0133,INST_011,5,Отличная организация и приятная атмосфера.,positive,synthetic
FB_00016,VIS_03175,EV_0153,INST_014,4,"Спасибо организаторам, всё прошло замечательно.",positive,synthetic
FB_00017,VIS_02993,EV_0146,INST_012,4,"Спасибо организаторам, всё прошло замечательно.",positive,synthetic
FB_00018,VIS_04902,EV_0095,INST_007,4,Интересная программа и хороший формат.,positive,synthetic
FB_00019,VIS_03556,EV_0209,INST_017,5,"Очень понравилось мероприятие, хочется прийти ещё.",positive,synthetic
FB_00020,VIS_04227,EV_0104,INST_007,3,"В целом всё хорошо, но хотелось бы больше интерактива.",neutral,synthetic
FB_00021,VIS_00973,EV_0140,INST_012,4,"Спасибо организаторам, всё прошло замечательно.",positive,synthetic
FB_00022,VIS_00637,EV_0218,INST_018,5,"Спасибо организаторам, всё прошло замечательно.",positive,synthetic
FB_00023,VIS_00894,EV_0013,INST_001,3,"Мероприятие было интересным, но некоторые части можно улучшить.",neutral,synthetic
FB_00024,VIS_02520,EV_0035,INST_002,3,"В целом всё хорошо, но хотелось бы больше интерактива.",neutral,synthetic
FB_00025,VIS_01543,EV_0125,INST_011,5,Интересная программа и хороший формат.,positive,synthetic
FB_00026,VIS_01734,EV_0212,INST_017,3,Некоторые части программы понравились больше других.,neutral,synthetic
FB_00027,VIS_04241,EV_0207,INST_017,3,Некоторые части программы понравились больше других.,neutral,synthetic
FB_00028,VIS_03577,EV_0102,INST_007,4,"Спасибо организаторам, всё прошло замечательно.",positive,synthetic
FB_00029,VIS_00103,EV_0014,INST_001,3,"В целом всё хорошо, но хотелось бы больше интерактива.",neutral,synthetic
FB_00030,VIS_00156,EV_0166,INST_014,4,Интересная программа и хороший формат.,positive,synthetic
FB_00031,VIS_00084,EV_0192,INST_017,4,Интересная программа и хороший формат.,positive,synthetic
FB_00032,VIS_00238,EV_0224,INST_019,4,Отличная организация и приятная атмосфера.,positive,synthetic
FB_00033,VIS_04188,EV_0111,INST_009,2,Не хватило интерактивности и вовлечения.,negative,synthetic
FB_00034,VIS_01463,EV_0048,INST_004,4,"Спасибо организаторам, всё прошло замечательно.",positive,synthetic
FB_00035,VIS_03516,EV_0193,INST_017,4,"Спасибо организаторам, всё прошло замечательно.",positive,synthetic
FB_00036,VIS_02329,EV_0030,INST_002,5,Отличная организация и приятная атмосфера.,positive,synthetic
FB_00037,VIS_02117,EV_0133,INST_011,5,Отличная организация и приятная атмосфера.,positive,synthetic
FB_00038,VIS_01147,EV_0124,INST_011,4,Отличная организация и приятная атмосфера.,positive,synthetic
FB_00039,VIS_03741,EV_0158,INST_014,4,"Спасибо организаторам, всё прошло замечательно.",positive,synthetic
FB_00040,VIS_03174,EV_0081,INST_007,2,Мероприятие показалось слишком длинным.,negative,synthetic
FB_00041,VIS_01763,EV_0067,INST_006,3,"В целом всё хорошо, но хотелось бы больше интерактива.",neutral,synthetic
FB_00042,VIS_00545,EV_0211,INST_017,4,Интересная программа и хороший формат.,positive,synthetic
FB_00043,VIS_02482,EV_0002,INST_001,4,"Очень понравилось мероприятие, хочется прийти ещё.",positive,synthetic
FB_00044,VIS_03672,EV_0141,INST_012,3,"Мероприятие было интересным, но некоторые части можно улучшить.",neutral,synthetic
FB_00045,VIS_00408,EV_0195,INST_017,4,"Очень понравилось мероприятие, хочется прийти ещё.",positive,synthetic
FB_00046,VIS_03672,EV_0096,INST_007,5,"Спасибо организаторам, всё прошло замечательно.",positive,synthetic
FB_00047,VIS_04298,EV_0022,INST_001,5,"Очень понравилось мероприятие, хочется прийти ещё.",positive,synthetic
FB_00048,VIS_03262,EV_0103,INST_007,5,Отличная организация и приятная атмосфера.,positive,synthetic
FB_00049,VIS_00127,EV_0205,INST_017,3,"В целом всё хорошо, но хотелось бы больше интерактива.",neutral,synthetic
FB_00050,VIS_00748,EV_0040,INST_003,5,Интересная программа и хороший формат.,positive,synthetic
FB_00051,VIS_04785,EV_0118,INST_010,5,"Спасибо организаторам, всё прошло замечательно.",positive,synthetic
FB_00052,VIS_00722,EV_0067,INST_006,5,"Очень понравилось мероприятие, хочется прийти ещё.",positive,synthetic
FB_00053,VIS_02668,EV_0218,INST_018,5,"Очень понравилось мероприятие, хочется прийти ещё.",positive,synthetic
FB_00054,VIS_04975,EV_0035,INST_002,4,Интересная программа и хороший формат.,positive,synthetic
FB_00055,VIS_01502,EV_0183,INST_015,3,Некоторые части программы понравились больше других.,neutral,synthetic
FB_00056,VIS_03605,EV_0013,INST_001,4,"Спасибо организаторам, всё прошло замечательно.",positive,synthetic
FB_00057,VIS_00717,EV_0019,INST_001,5,Интересная программа и хороший формат.,positive,synthetic
FB_00058,VIS_03842,EV_0070,INST_006,4,Отличная организация и приятная атмосфера.,positive,synthetic
FB_00059,VIS_00177,EV_0118,INST_010,5,"Очень понравилось мероприятие, хочется прийти ещё.",positive,synthetic
FB_00060,VIS_04844,EV_0222,INST_018,3,"В целом всё хорошо, но хотелось бы больше интерактива.",neutral,synthetic
FB_00061,VIS_02100,EV_0119,INST_010,4,Отличная организация и приятная атмосфера.,positive,synthetic
FB_00062,VIS_02944,EV_0093,INST_007,3,"В целом всё хорошо, но хотелось бы больше интерактива.",neutral,synthetic
FB_00063,VIS_00638,EV_0083,INST_007,3,Некоторые части программы понравились больше других.,neutral,synthetic
FB_00064,VIS_03518,EV_0058,INST_006,5,Отличная организация и приятная атмосфера.,positive,synthetic
FB_00065,VIS_04554,EV_0078,INST_006,5,Отличная организация и приятная атмосфера.,positive,synthetic
FB_00066,VIS_02528,EV_0161,INST_014,2,Не хватило интерактивности и вовлечения.,negative,synthetic
FB_00067,VIS_01112,EV_0149,INST_012,1,Не хватило интерактивности и вовлечения.,negative,synthetic
FB_00068,VIS_01740,EV_0055,INST_005,1,Не хватило интерактивности и вовлечения.,negative,synthetic
FB_00069,VIS_04592,EV_0007,INST_001,5,"Спасибо организаторам, всё прошло замечательно.",positive,synthetic
FB_00070,VIS_04365,EV_0185,INST_016,2,Не хватило интерактивности и вовлечения.,negative,synthetic
FB_00071,VIS_03574,EV_0207,INST_017,2,Организацию можно было сделать лучше.,negative,synthetic
FB_00072,VIS_01242,EV_0163,INST_014,5,"Спасибо организаторам, всё прошло замечательно.",positive,synthetic
FB_00073,VIS_00506,EV_0165,INST_014,4,Отличная организация и приятная атмосфера.,positive,synthetic
FB_00074,VIS_03065,EV_0170,INST_014,3,"Мероприятие было интересным, но некоторые части можно улучшить.",neutral,synthetic
FB_00075,VIS_02349,EV_0195,INST_017,5,Интересная программа и хороший формат.,positive,synthetic
FB_00076,VIS_04299,EV_0182,INST_015,5,"Очень понравилось мероприятие, хочется прийти ещё.",positive,synthetic
FB_00077,VIS_02632,EV_0152,INST_014,3,"В целом всё хорошо, но хотелось бы больше интерактива.",neutral,synthetic
FB_00078,VIS_02566,EV_0123,INST_010,3,"В целом всё хорошо, но хотелось бы больше интерактива.",neutral,synthetic
FB_00079,VIS_02190,EV_0168,INST_014,4,"Спасибо организаторам, всё прошло замечательно.",positive,synthetic
FB_00080,VIS_04096,EV_0148,INST_012,4,"Спасибо организаторам, всё прошло замечательно.",positive,synthetic
FB_00081,VIS_01282,EV_0034,INST_002,4,Отличная организация и приятная атмосфера.,positive,synthetic
FB_00082,VIS_04698,EV_0081,INST_007,4,Интересная программа и хороший формат.,positive,synthetic
FB_00083,VIS_04852,EV_0195,INST_017,5,Отличная организация и приятная атмосфера.,positive,synthetic
FB_00084,VIS_03277,EV_0047,INST_004,3,Некоторые части программы понравились больше других.,neutral,synthetic
FB_00085,VIS_02374,EV_0132,INST_011,5,"Очень понравилось мероприятие, хочется прийти ещё.",positive,synthetic
FB_00086,VIS_04847,EV_0080,INST_007,5,Отличная организация и приятная атмосфера.,positive,synthetic
FB_00087,VIS_01485,EV_0123,INST_010,5,"Очень понравилось мероприятие, хочется прийти ещё.",positive,synthetic
FB_00088,VIS_01654,EV_0101,INST_007,5,Интересная программа и хороший формат.,positive,synthetic
FB_00089,VIS_00360,EV_0162,INST_014,5,Отличная организация и приятная атмосфера.,positive,synthetic
FB_00090,VIS_01297,EV_0212,INST_017,5,Отличная организация и приятная атмосфера.,positive,synthetic
FB_00091,VIS_00285,EV_0108,INST_009,3,"В целом всё хорошо, но хотелось бы больше интерактива.",neutral,synthetic
FB_00092,VIS_03751,EV_0207,INST_017,5,Интересная программа и хороший формат.,positive,synthetic
FB_00093,VIS_03205,EV_0209,INST_017,4,Интересная программа и хороший формат.,positive,synthetic
FB_00094,VIS_01548,EV_0080,INST_007,4,"Очень понравилось мероприятие, хочется прийти ещё.",positive,synthetic
FB_00095,VIS_01262,EV_0203,INST_017,5,"Спасибо организаторам, всё прошло замечательно.",positive,synthetic
FB_00096,VIS_01888,EV_0142,INST_012,4,"Спасибо организаторам, всё прошло замечательно.",positive,synthetic
FB_00097,VIS_04334,EV_0138,INST_012,3,"В целом всё хорошо, но хотелось бы больше интерактива.",neutral,synthetic
FB_00098,VIS_04164,EV_0219,INST_018,3,"В целом всё хорошо, но хотелось бы больше интерактива.",neutral,synthetic
FB_00099,VIS_04491,EV_0033,INST_002,5,Отличная организация и приятная атмосфера.,positive,synthetic
FB_00100,VIS_01506,EV_0034,INST_002,1,Мероприятие показалось слишком длинным.,negative,synthetic
FB_00101,VIS_03838,EV_0055,INST_005,4,"Спасибо организаторам, всё прошло замечательно.",positive,synthetic
FB_00102,VIS_04216,EV_0209,INST_017,3,"В целом всё хорошо, но хотелось бы больше интерактива.",neutral,synthetic
FB_00103,VIS_01944,EV_0073,INST_006,3,"В целом всё хорошо, но хотелось бы больше интерактива.",neutral,synthetic
FB_00104,VIS_00579,EV_0125,INST_011,5,"Спасибо организаторам, всё прошло замечательно.",positive,synthetic
FB_00105,VIS_04470,EV_0219,INST_018,3,"Мероприятие было интересным, но некоторые части можно улучшить.",neutral,synthetic
FB_00106,VIS_04946,EV_0091,INST_007,5,"Спасибо организаторам, всё прошло замечательно.",positive,synthetic
FB_00107,VIS_04519,EV_0100,INST_007,5,Отличная организация и приятная атмосфера.,positive,synthetic
FB_00108,VIS_00387,EV_0121,INST_010,4,Интересная программа и хороший формат.,positive,synthetic
FB_00109,VIS_03878,EV_0018,INST_001,2,Мероприятие показалось слишком длинным.,negative,synthetic
FB_00110,VIS_01424,EV_0088,INST_007,3,"В целом всё хорошо, но хотелось бы больше интерактива.",neutral,synthetic
FB_00111,VIS_02191,EV_0191,INST_017,5,"Спасибо организаторам, всё прошло замечательно.",positive,synthetic
FB_00112,VIS_04751,EV_0166,INST_014,5,Отличная организация и приятная атмосфера.,positive,synthetic
FB_00113,VIS_02051,EV_0176,INST_014,1,Мероприятие показалось слишком длинным.,negative,synthetic
FB_00114,VIS_01300,EV_0215,INST_018,4,"Очень понравилось мероприятие, хочется прийти ещё.",positive,synthetic
FB_00115,VIS_01103,EV_0169,INST_014,5,Интересная программа и хороший формат.,positive,synthetic
FB_00116,VIS_02403,EV_0088,INST_007,5,Интересная программа и хороший формат.,positive,synthetic
FB_00117,VIS_00901,EV_0014,INST_001,5,"Очень понравилось мероприятие, хочется прийти ещё.",positive,synthetic
FB_00118,VIS_00791,EV_0131,INST_011,5,"Спасибо организаторам, всё прошло замечательно.",positive,synthetic
FB_00119,VIS_02298,EV_0043,INST_004,4,Отличная организация и приятная атмосфера.,positive,synthetic
FB_00120,VIS_00569,EV_0166,INST_014,5,"Очень понравилось мероприятие, хочется прийти ещё.",positive,synthetic
FB_00121,VIS_00828,EV_0211,INST_017,5,Отличная организация и приятная атмосфера.,positive,synthetic
FB_00122,VIS_01439,EV_0175,INST_014,5,"Спасибо организаторам, всё прошло замечательно.",positive,synthetic
FB_00123,VIS_01844,EV_0141,INST_012,4,Интересная программа и хороший формат.,positive,synthetic
FB_00124,VIS_03584,EV_0207,INST_017,5,Отличная организация и приятная атмосфера.,positive,synthetic
FB_00125,VIS_01153,EV_0207,INST_017,1,Организацию можно было сделать лучше.,negative,synthetic
FB_00126,VIS_00038,EV_0175,INST_014,5,Отличная организация и приятная атмосфера.,positive,synthetic
FB_00127,VIS_02365,EV_0152,INST_014,5,Отличная организация и приятная атмосфера.,positive,synthetic
FB_00128,VIS_01982,EV_0206,INST_017,5,Отличная организация и приятная атмосфера.,positive,synthetic
FB_00129,VIS_00817,EV_0053,INST_005,3,"В целом всё хорошо, но хотелось бы больше интерактива.",neutral,synthetic
FB_00130,VIS_04155,EV_0156,INST_014,5,"Очень понравилось мероприятие, хочется прийти ещё.",positive,synthetic
FB_00131,VIS_02545,EV_0023,INST_001,3,Некоторые части программы понравились больше других.,neutral,synthetic
FB_00132,VIS_03733,EV_0061,INST_006,4,"Спасибо организаторам, всё прошло замечательно.",positive,synthetic
FB_00133,VIS_03457,EV_0015,INST_001,5,"Спасибо организаторам, всё прошло замечательно.",positive,synthetic
FB_00134,VIS_01670,EV_0182,INST_015,3,"Мероприятие было интересным, но некоторые части можно улучшить.",neutral,synthetic
FB_00135,VIS_03978,EV_0065,INST_006,3,"В целом всё хорошо, но хотелось бы больше интерактива.",neutral,synthetic
FB_00136,VIS_01133,EV_0033,INST_002,5,Интересная программа и хороший формат.,positive,synthetic
FB_00137,VIS_01070,EV_0140,INST_012,3,"Мероприятие было интересным, но некоторые части можно улучшить.",neutral,synthetic
FB_00138,VIS_03902,EV_0090,INST_007,5,Интересная программа и хороший формат.,positive,synthetic
FB_00139,VIS_04983,EV_0023,INST_001,5,Интересная программа и хороший формат.,positive,synthetic
FB_00140,VIS_03188,EV_0211,INST_017,5,Отличная организация и приятная атмосфера.,positive,synthetic
FB_00141,VIS_00150,EV_0148,INST_012,4,"Спасибо организаторам, всё прошло замечательно.",positive,synthetic
FB_00142,VIS_00278,EV_0102,INST_007,5,Интересная программа и хороший формат.,positive,synthetic
FB_00143,VIS_01760,EV_0023,INST_001,5,"Спасибо организаторам, всё прошло замечательно.",positive,synthetic
FB_00144,VIS_04514,EV_0069,INST_006,5,"Спасибо организаторам, всё прошло замечательно.",positive,synthetic
FB_00145,VIS_01657,EV_0112,INST_009,5,"Спасибо организаторам, всё прошло замечательно.",positive,synthetic
FB_00146,VIS_02137,EV_0182,INST_015,4,Отличная организация и приятная атмосфера.,positive,synthetic
FB_00147,VIS_01763,EV_0073,INST_006,5,Интересная программа и хороший формат.,positive,synthetic
FB_00148,VIS_01989,EV_0095,INST_007,4,Интересная программа и хороший формат.,positive,synthetic
FB_00149,VIS_01645,EV_0066,INST_006,5,Интересная программа и хороший формат.,positive,synthetic
FB_00150,VIS_02708,EV_0079,INST_007,5,"Очень понравилось мероприятие, хочется прийти ещё.",positive,synthetic
FB_00151,VIS_00889,EV_0081,INST_007,2,Организацию можно было сделать лучше.,negative,synthetic
FB_00152,VIS_01280,EV_0123,INST_010,5,Отличная организация и приятная атмосфера.,positive,synthetic
FB_00153,VIS_04054,EV_0152,INST_014,3,"Мероприятие было интересным, но некоторые части можно улучшить.",neutral,synthetic
FB_00154,VIS_02536,EV_0183,INST_015,5,Интересная программа и хороший формат.,positive,synthetic
FB_00155,VIS_02225,EV_0092,INST_007,3,"В целом всё хорошо, но хотелось бы больше интерактива.",neutral,synthetic
FB_00156,VIS_02056,EV_0018,INST_001,3,"В целом всё хорошо, но хотелось бы больше интерактива.",neutral,synthetic
FB_00157,VIS_04632,EV_0212,INST_017,5,"Спасибо организаторам, всё прошло замечательно.",positive,synthetic
FB_00158,VIS_00683,EV_0070,INST_006,5,Интересная программа и хороший формат.,positive,synthetic
FB_00159,VIS_01760,EV_0015,INST_001,3,"Мероприятие было интересным, но некоторые части можно улучшить.",neutral,synthetic
FB_00160,VIS_01812,EV_0115,INST_009,5,Интересная программа и хороший формат.,positive,synthetic
FB_00161,VIS_00143,EV_0157,INST_014,4,Отличная организация и приятная атмосфера.,positive,synthetic
FB_00162,VIS_00102,EV_0145,INST_012,5,"Очень понравилось мероприятие, хочется прийти ещё.",positive,synthetic
FB_00163,VIS_04794,EV_0211,INST_017,4,Интересная программа и хороший формат.,positive,synthetic
FB_00164,VIS_00371,EV_0146,INST_012,5,"Очень понравилось мероприятие, хочется прийти ещё.",positive,synthetic
FB_00165,VIS_00020,EV_0043,INST_004,4,"Очень понравилось мероприятие, хочется прийти ещё.",positive,synthetic
FB_00166,VIS_02937,EV_0022,INST_001,5,Интересная программа и хороший формат.,positive,synthetic
FB_00167,VIS_03887,EV_0091,INST_007,4,"Спасибо организаторам, всё прошло замечательно.",positive,synthetic
FB_00168,VIS_00306,EV_0079,INST_007,3,"В целом всё хорошо, но хотелось бы больше интерактива.",neutral,synthetic
FB_00169,VIS_01117,EV_0066,INST_006,5,Интересная программа и хороший формат.,positive,synthetic
FB_00170,VIS_01153,EV_0209,INST_017,4,"Спасибо организаторам, всё прошло замечательно.",positive,synthetic
FB_00171,VIS_01682,EV_0156,INST_014,2,Мероприятие показалось слишком длинным.,negative,synthetic
FB_00172,VIS_04713,EV_0031,INST_002,4,"Спасибо организаторам, всё прошло замечательно.",positive,synthetic
FB_00173,VIS_00013,EV_0073,INST_006,5,Интересная программа и хороший формат.,positive,synthetic
FB_00174,VIS_03485,EV_0035,INST_002,4,"Спасибо организаторам, всё прошло замечательно.",positive,synthetic
FB_00175,VIS_03878,EV_0020,INST_001,3,"В целом всё хорошо, но хотелось бы больше интерактива.",neutral,synthetic
FB_00176,VIS_04050,EV_0208,INST_017,3,"Мероприятие было интересным, но некоторые части можно улучшить.",neutral,synthetic
FB_00177,VIS_02210,EV_0078,INST_006,1,Не хватило интерактивности и вовлечения.,negative,synthetic
FB_00178,VIS_02775,EV_0210,INST_017,4,Отличная организация и приятная атмосфера.,positive,synthetic
FB_00179,VIS_04553,EV_0024,INST_001,3,"Мероприятие было интересным, но некоторые части можно улучшить.",neutral,synthetic
FB_00180,VIS_03158,EV_0078,INST_006,5,"Очень понравилось мероприятие, хочется прийти ещё.",positive,synthetic
FB_00181,VIS_01247,EV_0070,INST_006,5,"Очень понравилось мероприятие, хочется прийти ещё.",positive,synthetic
FB_00182,VIS_02340,EV_0116,INST_009,5,Интересная программа и хороший формат.,positive,synthetic
FB_00183,VIS_01276,EV_0182,INST_015,2,Не хватило интерактивности и вовлечения.,negative,synthetic
FB_00184,VIS_01882,EV_0116,INST_009,4,Отличная организация и приятная атмосфера.,positive,synthetic
FB_00185,VIS_03233,EV_0207,INST_017,1,Не хватило интерактивности и вовлечения.,negative,synthetic
FB_00186,VIS_04516,EV_0012,INST_001,5,"Спасибо организаторам, всё прошло замечательно.",positive,synthetic
FB_00187,VIS_01375,EV_0138,INST_012,5,Отличная организация и приятная атмосфера.,positive,synthetic
FB_00188,VIS_03691,EV_0014,INST_001,5,"Спасибо организаторам, всё прошло замечательно.",positive,synthetic
FB_00189,VIS_01981,EV_0080,INST_007,5,"Очень понравилось мероприятие, хочется прийти ещё.",positive,synthetic
FB_00190,VIS_00807,EV_0095,INST_007,4,Интересная программа и хороший формат.,positive,synthetic
FB_00191,VIS_03811,EV_0099,INST_007,5,"Очень понравилось мероприятие, хочется прийти ещё.",positive,synthetic
FB_00192,VIS_03519,EV_0049,INST_005,5,Интересная программа и хороший формат.,positive,synthetic
FB_00193,VIS_04006,EV_0091,INST_007,5,Интересная программа и хороший формат.,positive,synthetic
FB_00194,VIS_01721,EV_0176,INST_014,5,"Очень понравилось мероприятие, хочется прийти ещё.",positive,synthetic
FB_00195,VIS_01506,EV_0188,INST_017,4,"Очень понравилось мероприятие, хочется прийти ещё.",positive,synthetic
FB_00196,VIS_03396,EV_0024,INST_001,4,"Очень понравилось мероприятие, хочется прийти ещё.",positive,synthetic
FB_00197,VIS_00612,EV_0221,INST_018,3,Некоторые части программы понравились больше других.,neutral,synthetic
FB_00198,VIS_01897,EV_0112,INST_009,3,"В целом всё хорошо, но хотелось бы больше интерактива.",neutral,synthetic
FB_00199,VIS_01849,EV_0045,INST_004,4,Интересная программа и хороший формат.,positive,synthetic
FB_00200,VIS_03248,EV_0068,INST_006,5,Отличная организация и приятная атмосфера.,positive,synthetic
FB_00201,VIS_02326,EV_0018,INST_001,3,"В целом всё хорошо, но хотелось бы больше интерактива.",neutral,synthetic
FB_00202,VIS_04080,EV_0157,INST_014,4,"Очень понравилось мероприятие, хочется прийти ещё.",positive,synthetic
FB_00203,VIS_00378,EV_0081,INST_007,4,"Спасибо организаторам, всё прошло замечательно.",positive,synthetic
FB_00204,VIS_00107,EV_0121,INST_010,5,Отличная организация и приятная атмосфера.,positive,synthetic
FB_00205,VIS_02883,EV_0108,INST_009,4,"Спасибо организаторам, всё прошло замечательно.",positive,synthetic
FB_00206,VIS_00062,EV_0177,INST_014,3,"В целом всё хорошо, но хотелось бы больше интерактива.",neutral,synthetic
FB_00207,VIS_00791,EV_0137,INST_011,4,"Очень понравилось мероприятие, хочется прийти ещё.",positive,synthetic
FB_00208,VIS_00267,EV_0162,INST_014,4,Интересная программа и хороший формат.,positive,synthetic
FB_00209,VIS_00116,EV_0162,INST_014,5,"Очень понравилось мероприятие, хочется прийти ещё.",positive,synthetic
FB_00210,VIS_01462,EV_0157,INST_014,4,Отличная организация и приятная атмосфера.,positive,synthetic
FB_00211,VIS_04568,EV_0185,INST_016,4,"Очень понравилось мероприятие, хочется прийти ещё.",positive,synthetic
FB_00212,VIS_01382,EV_0219,INST_018,5,Отличная организация и приятная атмосфера.,positive,synthetic
FB_00213,VIS_03450,EV_0210,INST_017,4,Отличная организация и приятная атмосфера.,positive,synthetic
FB_00214,VIS_03547,EV_0048,INST_004,4,Отличная организация и приятная атмосфера.,positive,synthetic
FB_00215,VIS_01707,EV_0060,INST_006,4,"Спасибо организаторам, всё прошло замечательно.",positive,synthetic
FB_00216,VIS_00716,EV_0026,INST_002,4,Интересная программа и хороший формат.,positive,synthetic
FB_00217,VIS_02861,EV_0122,INST_010,4,"Очень понравилось мероприятие, хочется прийти ещё.",positive,synthetic
FB_00218,VIS_04951,EV_0210,INST_017,5,Отличная организация и приятная атмосфера.,positive,synthetic
FB_00219,VIS_01054,EV_0129,INST_011,3,"В целом всё хорошо, но хотелось бы больше интерактива.",neutral,synthetic
FB_00220,VIS_03626,EV_0187,INST_017,3,"В целом всё хорошо, но хотелось бы больше интерактива.",neutral,synthetic
FB_00221,VIS_04396,EV_0071,INST_006,4,Отличная организация и приятная атмосфера.,positive,synthetic
FB_00222,VIS_01620,EV_0189,INST_017,5,"Спасибо организаторам, всё прошло замечательно.",positive,synthetic
FB_00223,VIS_04804,EV_0185,INST_016,5,"Спасибо организаторам, всё прошло замечательно.",positive,synthetic
FB_00224,VIS_04124,EV_0009,INST_001,2,Мероприятие показалось слишком длинным.,negative,synthetic
FB_00225,VIS_03675,EV_0220,INST_018,4,"Очень понравилось мероприятие, хочется прийти ещё.",positive,synthetic
FB_00226,VIS_00076,EV_0205,INST_017,2,Организацию можно было сделать лучше.,negative,synthetic
FB_00227,VIS_01882,EV_0076,INST_006,5,"Спасибо организаторам, всё прошло замечательно.",positive,synthetic
FB_00228,VIS_00343,EV_0178,INST_014,4,Отличная организация и приятная атмосфера.,positive,synthetic
FB_00229,VIS_02501,EV_0082,INST_007,5,"Спасибо организаторам, всё прошло замечательно.",positive,synthetic
FB_00230,VIS_04094,EV_0058,INST_006,5,Интересная программа и хороший формат.,positive,synthetic
FB_00231,VIS_03822,EV_0202,INST_017,5,"Спасибо организаторам, всё прошло замечательно.",positive,synthetic
FB_00232,VIS_02667,EV_0098,INST_007,3,"Мероприятие было интересным, но некоторые части можно улучшить.",neutral,synthetic
FB_00233,VIS_04528,EV_0202,INST_017,4,Отличная организация и приятная атмосфера.,positive,synthetic
FB_00234,VIS_03232,EV_0078,INST_006,3,Некоторые части программы понравились больше других.,neutral,synthetic
FB_00235,VIS_02349,EV_0212,INST_017,3,"Мероприятие было интересным, но некоторые части можно улучшить.",neutral,synthetic
FB_00236,VIS_03571,EV_0097,INST_007,5,"Очень понравилось мероприятие, хочется прийти ещё.",positive,synthetic
FB_00237,VIS_04952,EV_0137,INST_011,5,Интересная программа и хороший формат.,positive,synthetic
FB_00238,VIS_01083,EV_0050,INST_005,1,Организацию можно было сделать лучше.,negative,synthetic
FB_00239,VIS_01611,EV_0211,INST_017,4,"Очень понравилось мероприятие, хочется прийти ещё.",positive,synthetic
FB_00240,VIS_04080,EV_0098,INST_007,4,"Очень понравилось мероприятие, хочется прийти ещё.",positive,synthetic
FB_00241,VIS_02132,EV_0179,INST_014,3,"Мероприятие было интересным, но некоторые части можно улучшить.",neutral,synthetic
FB_00242,VIS_01440,EV_0079,INST_007,5,Интересная программа и хороший формат.,positive,synthetic
FB_00243,VIS_01208,EV_0032,INST_002,5,Интересная программа и хороший формат.,positive,synthetic
FB_00244,VIS_00852,EV_0206,INST_017,3,Некоторые части программы понравились больше других.,neutral,synthetic
FB_00245,VIS_01871,EV_0077,INST_006,4,"Очень понравилось мероприятие, хочется прийти ещё.",positive,synthetic
FB_00246,VIS_04188,EV_0166,INST_014,2,Мероприятие показалось слишком длинным.,negative,synthetic
FB_00247,VIS_02987,EV_0162,INST_014,4,Интересная программа и хороший формат.,positive,synthetic
FB_00248,VIS_04903,EV_0191,INST_017,4,Интересная программа и хороший формат.,positive,synthetic
FB_00249,VIS_01986,EV_0089,INST_007,5,Интересная программа и хороший формат.,positive,synthetic
FB_00250,VIS_00237,EV_0187,INST_017,3,"В целом всё хорошо, но хотелось бы больше интерактива.",neutral,synthetic
FB_00251,VIS_04557,EV_0004,INST_001,3,"В целом всё хорошо, но хотелось бы больше интерактива.",neutral,synthetic
FB_00252,VIS_00473,EV_0148,INST_012,5,Отличная организация и приятная атмосфера.,positive,synthetic
FB_00253,VIS_01711,EV_0139,INST_012,5,Отличная организация и приятная атмосфера.,positive,synthetic
FB_00254,VIS_01649,EV_0154,INST_014,2,Не хватило интерактивности и вовлечения.,negative,synthetic
FB_00255,VIS_02531,EV_0176,INST_014,5,Интересная программа и хороший формат.,positive,synthetic
FB_00256,VIS_04381,EV_0197,INST_017,5,Интересная программа и хороший формат.,positive,synthetic
FB_00257,VIS_03610,EV_0073,INST_006,4,Интересная программа и хороший формат.,positive,synthetic
FB_00258,VIS_03881,EV_0223,INST_018,3,"В целом всё хорошо, но хотелось бы больше интерактива.",neutral,synthetic
FB_00259,VIS_03602,EV_0123,INST_010,4,Интересная программа и хороший формат.,positive,synthetic
FB_00260,VIS_02208,EV_0208,INST_017,5,Интересная программа и хороший формат.,positive,synthetic
FB_00261,VIS_03850,EV_0123,INST_010,5,"Спасибо организаторам, всё прошло замечательно.",positive,synthetic
FB_00262,VIS_01224,EV_0085,INST_007,5,Интересная программа и хороший формат.,positive,synthetic
FB_00263,VIS_04421,EV_0094,INST_007,5,Интересная программа и хороший формат.,positive,synthetic
FB_00264,VIS_04440,EV_0073,INST_006,5,"Спасибо организаторам, всё прошло замечательно.",positive,synthetic
FB_00265,VIS_01512,EV_0121,INST_010,4,Отличная организация и приятная атмосфера.,positive,synthetic
FB_00266,VIS_00305,EV_0221,INST_018,5,Интересная программа и хороший формат.,positive,synthetic
FB_00267,VIS_01280,EV_0032,INST_002,5,"Очень понравилось мероприятие, хочется прийти ещё.",positive,synthetic
FB_00268,VIS_04903,EV_0090,INST_007,5,"Очень понравилось мероприятие, хочется прийти ещё.",positive,synthetic
FB_00269,VIS_04736,EV_0212,INST_017,5,"Спасибо организаторам, всё прошло замечательно.",positive,synthetic
FB_00270,VIS_01528,EV_0106,INST_007,5,Интересная программа и хороший формат.,positive,synthetic
FB_00271,VIS_00771,EV_0149,INST_012,4,"Очень понравилось мероприятие, хочется прийти ещё.",positive,synthetic
FB_00272,VIS_00150,EV_0189,INST_017,3,"Мероприятие было интересным, но некоторые части можно улучшить.",neutral,synthetic
FB_00273,VIS_00014,EV_0142,INST_012,5,Интересная программа и хороший формат.,positive,synthetic
FB_00274,VIS_04715,EV_0040,INST_003,5,Отличная организация и приятная атмосфера.,positive,synthetic
FB_00275,VIS_03135,EV_0183,INST_015,5,Отличная организация и приятная атмосфера.,positive,synthetic
FB_00276,VIS_02879,EV_0131,INST_011,2,Мероприятие показалось слишком длинным.,negative,synthetic
FB_00277,VIS_00813,EV_0055,INST_005,5,Отличная организация и приятная атмосфера.,positive,synthetic
FB_00278,VIS_04402,EV_0140,INST_012,4,"Спасибо организаторам, всё прошло замечательно.",positive,synthetic
FB_00279,VIS_04548,EV_0225,INST_019,2,Мероприятие показалось слишком длинным.,negative,synthetic
FB_00280,VIS_04427,EV_0183,INST_015,4,"Спасибо организаторам, всё прошло замечательно.",positive,synthetic
FB_00281,VIS_02307,EV_0174,INST_014,5,"Спасибо организаторам, всё прошло замечательно.",positive,synthetic
FB_00282,VIS_00708,EV_0023,INST_001,5,"Спасибо организаторам, всё прошло замечательно.",positive,synthetic
FB_00283,VIS_04174,EV_0114,INST_009,5,"Очень понравилось мероприятие, хочется прийти ещё.",positive,synthetic
FB_00284,VIS_00050,EV_0196,INST_017,2,Организацию можно было сделать лучше.,negative,synthetic
FB_00285,VIS_03936,EV_0210,INST_017,4,"Спасибо организаторам, всё прошло замечательно.",positive,synthetic
FB_00286,VIS_04974,EV_0106,INST_007,4,Интересная программа и хороший формат.,positive,synthetic
FB_00287,VIS_01944,EV_0169,INST_014,5,Отличная организация и приятная атмосфера.,positive,synthetic
FB_00288,VIS_02924,EV_0139,INST_012,3,Некоторые части программы понравились больше других.,neutral,synthetic
FB_00289,VIS_01739,EV_0073,INST_006,3,"В целом всё хорошо, но хотелось бы больше интерактива.",neutral,synthetic
FB_00290,VIS_04362,EV_0068,INST_006,4,"Очень понравилось мероприятие, хочется прийти ещё.",positive,synthetic
FB_00291,VIS_01067,EV_0195,INST_017,4,"Очень понравилось мероприятие, хочется прийти ещё.",positive,synthetic
FB_00292,VIS_02555,EV_0205,INST_017,3,Некоторые части программы понравились больше других.,neutral,synthetic
FB_00293,VIS_01003,EV_0049,INST_005,3,"Мероприятие было интересным, но некоторые части можно улучшить.",neutral,synthetic
FB_00294,VIS_01000,EV_0214,INST_017,4,"Очень понравилось мероприятие, хочется прийти ещё.",positive,synthetic
FB_00295,VIS_00621,EV_0185,INST_016,2,Мероприятие показалось слишком длинным.,negative,synthetic
FB_00296,VIS_00354,EV_0206,INST_017,4,"Спасибо организаторам, всё прошло замечательно.",positive,synthetic
FB_00297,VIS_02320,EV_0147,INST_012,4,"Очень понравилось мероприятие, хочется прийти ещё.",positive,synthetic
FB_00298,VIS_04965,EV_0120,INST_010,2,Организацию можно было сделать лучше.,negative,synthetic
FB_00299,VIS_00188,EV_0030,INST_002,5,Интересная программа и хороший формат.,positive,synthetic
FB_00300,VIS_02941,EV_0169,INST_014,5,"Спасибо организаторам, всё прошло замечательно.",positive,synthetic
FB_00301,VIS_01183,EV_0034,INST_002,5,Отличная организация и приятная атмосфера.,positive,synthetic
FB_00302,VIS_03564,EV_0205,INST_017,2,Мероприятие показалось слишком длинным.,negative,synthetic
FB_00303,VIS_00967,EV_0186,INST_016,4,"Спасибо организаторам, всё прошло замечательно.",positive,synthetic
FB_00304,VIS_00314,EV_0007,INST_001,5,Интересная программа и хороший формат.,positive,synthetic
FB_00305,VIS_01823,EV_0135,INST_011,5,Интересная программа и хороший формат.,positive,synthetic
FB_00306,VIS_03285,EV_0157,INST_014,4,Отличная организация и приятная атмосфера.,positive,synthetic
FB_00307,VIS_03760,EV_0136,INST_011,3,"В целом всё хорошо, но хотелось бы больше интерактива.",neutral,synthetic
FB_00308,VIS_01918,EV_0170,INST_014,3,"Мероприятие было интересным, но некоторые части можно улучшить.",neutral,synthetic
FB_00309,VIS_03518,EV_0205,INST_017,5,Отличная организация и приятная атмосфера.,positive,synthetic
FB_00310,VIS_03453,EV_0216,INST_018,4,"Очень понравилось мероприятие, хочется прийти ещё.",positive,synthetic
FB_00311,VIS_02118,EV_0196,INST_017,3,"Мероприятие было интересным, но некоторые части можно улучшить.",neutral,synthetic
FB_00312,VIS_01023,EV_0168,INST_014,2,Не хватило интерактивности и вовлечения.,negative,synthetic
FB_00313,VIS_04458,EV_0112,INST_009,5,"Очень понравилось мероприятие, хочется прийти ещё.",positive,synthetic
FB_00314,VIS_00239,EV_0016,INST_001,4,"Очень понравилось мероприятие, хочется прийти ещё.",positive,synthetic
FB_00315,VIS_01652,EV_0001,INST_001,4,"Очень понравилось мероприятие, хочется прийти ещё.",positive,synthetic
FB_00316,VIS_04911,EV_0112,INST_009,5,Отличная организация и приятная атмосфера.,positive,synthetic
FB_00317,VIS_03437,EV_0191,INST_017,3,Некоторые части программы понравились больше других.,neutral,synthetic
FB_00318,VIS_02882,EV_0186,INST_016,4,Интересная программа и хороший формат.,positive,synthetic
FB_00319,VIS_04718,EV_0102,INST_007,2,Мероприятие показалось слишком длинным.,negative,synthetic
FB_00320,VIS_01701,EV_0155,INST_014,5,"Очень понравилось мероприятие, хочется прийти ещё.",positive,synthetic
FB_00321,VIS_01224,EV_0103,INST_007,2,Мероприятие показалось слишком длинным.,negative,synthetic
FB_00322,VIS_03142,EV_0219,INST_018,5,"Очень понравилось мероприятие, хочется прийти ещё.",positive,synthetic
FB_00323,VIS_03341,EV_0047,INST_004,5,"Спасибо организаторам, всё прошло замечательно.",positive,synthetic
FB_00324,VIS_01968,EV_0209,INST_017,3,"В целом всё хорошо, но хотелось бы больше интерактива.",neutral,synthetic
FB_00325,VIS_01816,EV_0102,INST_007,5,"Спасибо организаторам, всё прошло замечательно.",positive,synthetic
FB_00326,VIS_04215,EV_0164,INST_014,5,Отличная организация и приятная атмосфера.,positive,synthetic
FB_00327,VIS_01768,EV_0015,INST_001,5,"Спасибо организаторам, всё прошло замечательно.",positive,synthetic
FB_00328,VIS_02375,EV_0012,INST_001,5,Отличная организация и приятная атмосфера.,positive,synthetic
FB_00329,VIS_00893,EV_0043,INST_004,1,Организацию можно было сделать лучше.,negative,synthetic
FB_00330,VIS_00717,EV_0006,INST_001,3,Некоторые части программы понравились больше других.,neutral,synthetic
FB_00331,VIS_02492,EV_0096,INST_007,5,"Очень понравилось мероприятие, хочется прийти ещё.",positive,synthetic
FB_00332,VIS_03213,EV_0116,INST_009,5,"Очень понравилось мероприятие, хочется прийти ещё.",positive,synthetic
FB_00333,VIS_02506,EV_0018,INST_001,5,"Очень понравилось мероприятие, хочется прийти ещё.",positive,synthetic
FB_00334,VIS_02374,EV_0024,INST_001,5,"Очень понравилось мероприятие, хочется прийти ещё.",positive,synthetic
FB_00335,VIS_00648,EV_0168,INST_014,5,"Спасибо организаторам, всё прошло замечательно.",positive,synthetic
FB_00336,VIS_04685,EV_0043,INST_004,4,Отличная организация и приятная атмосфера.,positive,synthetic
FB_00337,VIS_00771,EV_0193,INST_017,3,Некоторые части программы понравились больше других.,neutral,synthetic
FB_00338,VIS_01599,EV_0016,INST_001,3,Некоторые части программы понравились больше других.,neutral,synthetic
FB_00339,VIS_02736,EV_0209,INST_017,2,Мероприятие показалось слишком длинным.,negative,synthetic
FB_00340,VIS_01292,EV_0071,INST_006,3,"Мероприятие было интересным, но некоторые части можно улучшить.",neutral,synthetic
FB_00341,VIS_04943,EV_0116,INST_009,3,Некоторые части программы понравились больше других.,neutral,synthetic
FB_00342,VIS_00644,EV_0144,INST_012,4,"Спасибо организаторам, всё прошло замечательно.",positive,synthetic
FB_00343,VIS_02741,EV_0008,INST_001,5,Интересная программа и хороший формат.,positive,synthetic
FB_00344,VIS_02129,EV_0169,INST_014,4,"Очень понравилось мероприятие, хочется прийти ещё.",positive,synthetic
FB_00345,VIS_01463,EV_0209,INST_017,4,"Очень понравилось мероприятие, хочется прийти ещё.",positive,synthetic
FB_00346,VIS_04420,EV_0162,INST_014,3,"В целом всё хорошо, но хотелось бы больше интерактива.",neutral,synthetic
FB_00347,VIS_02671,EV_0148,INST_012,4,"Спасибо организаторам, всё прошло замечательно.",positive,synthetic
FB_00348,VIS_00048,EV_0186,INST_016,3,"Мероприятие было интересным, но некоторые части можно улучшить.",neutral,synthetic
FB_00349,VIS_01675,EV_0205,INST_017,3,Некоторые части программы понравились больше других.,neutral,synthetic
FB_00350,VIS_03438,EV_0015,INST_001,5,"Очень понравилось мероприятие, хочется прийти ещё.",positive,synthetic
FB_00351,VIS_01363,EV_0056,INST_006,5,"Спасибо организаторам, всё прошло замечательно.",positive,synthetic
FB_00352,VIS_03779,EV_0212,INST_017,5,Отличная организация и приятная атмосфера.,positive,synthetic
FB_00353,VIS_04571,EV_0209,INST_017,3,"В целом всё хорошо, но хотелось бы больше интерактива.",neutral,synthetic
FB_00354,VIS_01324,EV_0205,INST_017,3,"Мероприятие было интересным, но некоторые части можно улучшить.",neutral,synthetic
FB_00355,VIS_04572,EV_0078,INST_006,4,Отличная организация и приятная атмосфера.,positive,synthetic
FB_00356,VIS_04078,EV_0014,INST_001,3,"В целом всё хорошо, но хотелось бы больше интерактива.",neutral,synthetic
FB_00357,VIS_01359,EV_0035,INST_002,5,"Спасибо организаторам, всё прошло замечательно.",positive,synthetic
FB_00358,VIS_00531,EV_0222,INST_018,5,Интересная программа и хороший формат.,positive,synthetic
FB_00359,VIS_04631,EV_0016,INST_001,2,Организацию можно было сделать лучше.,negative,synthetic
FB_00360,VIS_00139,EV_0049,INST_005,2,Организацию можно было сделать лучше.,negative,synthetic
FB_00361,VIS_04907,EV_0047,INST_004,5,"Очень понравилось мероприятие, хочется прийти ещё.",positive,synthetic
FB_00362,VIS_01004,EV_0200,INST_017,4,Интересная программа и хороший формат.,positive,synthetic
FB_00363,VIS_01906,EV_0092,INST_007,5,"Очень понравилось мероприятие, хочется прийти ещё.",positive,synthetic
FB_00364,VIS_00854,EV_0017,INST_001,4,"Очень понравилось мероприятие, хочется прийти ещё.",positive,synthetic
FB_00365,VIS_00686,EV_0073,INST_006,4,Отличная организация и приятная атмосфера.,positive,synthetic
FB_00366,VIS_02585,EV_0112,INST_009,4,"Очень понравилось мероприятие, хочется прийти ещё.",positive,synthetic
FB_00367,VIS_02725,EV_0098,INST_007,5,Интересная программа и хороший формат.,positive,synthetic
FB_00368,VIS_03394,EV_0199,INST_017,3,"Мероприятие было интересным, но некоторые части можно улучшить.",neutral,synthetic
FB_00369,VIS_02949,EV_0130,INST_011,5,"Спасибо организаторам, всё прошло замечательно.",positive,synthetic
FB_00370,VIS_02015,EV_0077,INST_006,5,"Спасибо организаторам, всё прошло замечательно.",positive,synthetic
FB_00371,VIS_04551,EV_0023,INST_001,1,Организацию можно было сделать лучше.,negative,synthetic
FB_00372,VIS_00161,EV_0112,INST_009,5,Отличная организация и приятная атмосфера.,positive,synthetic
FB_00373,VIS_01967,EV_0052,INST_005,5,Интересная программа и хороший формат.,positive,synthetic
FB_00374,VIS_03489,EV_0136,INST_011,2,Не хватило интерактивности и вовлечения.,negative,synthetic
FB_00375,VIS_02326,EV_0049,INST_005,4,Интересная программа и хороший формат.,positive,synthetic
FB_00376,VIS_01034,EV_0135,INST_011,5,"Очень понравилось мероприятие, хочется прийти ещё.",positive,synthetic
FB_00377,VIS_04339,EV_0044,INST_004,5,Интересная программа и хороший формат.,positive,synthetic
FB_00378,VIS_02454,EV_0015,INST_001,4,Интересная программа и хороший формат.,positive,synthetic
FB_00379,VIS_04873,EV_0108,INST_009,5,"Очень понравилось мероприятие, хочется прийти ещё.",positive,synthetic
FB_00380,VIS_00826,EV_0162,INST_014,3,"Мероприятие было интересным, но некоторые части можно улучшить.",neutral,synthetic
FB_00381,VIS_02653,EV_0117,INST_009,5,Интересная программа и хороший формат.,positive,synthetic
FB_00382,VIS_03828,EV_0149,INST_012,5,"Спасибо организаторам, всё прошло замечательно.",positive,synthetic
FB_00383,VIS_02108,EV_0135,INST_011,4,Интересная программа и хороший формат.,positive,synthetic
FB_00384,VIS_01174,EV_0104,INST_007,5,Интересная программа и хороший формат.,positive,synthetic
FB_00385,VIS_03042,EV_0186,INST_016,4,Отличная организация и приятная атмосфера.,positive,synthetic
FB_00386,VIS_02171,EV_0112,INST_009,5,"Очень понравилось мероприятие, хочется прийти ещё.",positive,synthetic
FB_00387,VIS_03351,EV_0084,INST_007,4,Отличная организация и приятная атмосфера.,positive,synthetic
FB_00388,VIS_03630,EV_0168,INST_014,5,"Спасибо организаторам, всё прошло замечательно.",positive,synthetic
FB_00389,VIS_00363,EV_0089,INST_007,5,Интересная программа и хороший формат.,positive,synthetic
FB_00390,VIS_03079,EV_0134,INST_011,5,"Очень понравилось мероприятие, хочется прийти ещё.",positive,synthetic
FB_00391,VIS_04898,EV_0142,INST_012,5,"Спасибо организаторам, всё прошло замечательно.",positive,synthetic
FB_00392,VIS_04148,EV_0217,INST_018,3,Некоторые части программы понравились больше других.,neutral,synthetic
FB_00393,VIS_02960,EV_0082,INST_007,4,"Очень понравилось мероприятие, хочется прийти ещё.",positive,synthetic
FB_00394,VIS_04397,EV_0202,INST_017,3,"Мероприятие было интересным, но некоторые части можно улучшить.",neutral,synthetic
FB_00395,VIS_00119,EV_0170,INST_014,4,"Очень понравилось мероприятие, хочется прийти ещё.",positive,synthetic
FB_00396,VIS_04549,EV_0081,INST_007,1,Организацию можно было сделать лучше.,negative,synthetic
FB_00397,VIS_00884,EV_0218,INST_018,5,Отличная организация и приятная атмосфера.,positive,synthetic
FB_00398,VIS_02796,EV_0204,INST_017,5,"Спасибо организаторам, всё прошло замечательно.",positive,synthetic
FB_00399,VIS_04254,EV_0100,INST_007,4,Отличная организация и приятная атмосфера.,positive,synthetic
FB_00400,VIS_04219,EV_0161,INST_014,5,Интересная программа и хороший формат.,positive,synthetic
FB_00401,VIS_00286,EV_0053,INST_005,5,"Очень понравилось мероприятие, хочется прийти ещё.",positive,synthetic
FB_00402,VIS_01761,EV_0218,INST_018,3,"Мероприятие было интересным, но некоторые части можно улучшить.",neutral,synthetic
FB_00403,VIS_00979,EV_0177,INST_014,3,Некоторые части программы понравились больше других.,neutral,synthetic
FB_00404,VIS_03072,EV_0051,INST_005,4,"Спасибо организаторам, всё прошло замечательно.",positive,synthetic
FB_00405,VIS_04190,EV_0223,INST_018,5,"Спасибо организаторам, всё прошло замечательно.",positive,synthetic
FB_00406,VIS_04932,EV_0212,INST_017,3,"Мероприятие было интересным, но некоторые части можно улучшить.",neutral,synthetic
FB_00407,VIS_02319,EV_0015,INST_001,5,Отличная организация и приятная атмосфера.,positive,synthetic
FB_00408,VIS_01954,EV_0196,INST_017,5,"Очень понравилось мероприятие, хочется прийти ещё.",positive,synthetic
FB_00409,VIS_00740,EV_0182,INST_015,1,Не хватило интерактивности и вовлечения.,negative,synthetic
FB_00410,VIS_02497,EV_0145,INST_012,5,"Очень понравилось мероприятие, хочется прийти ещё.",positive,synthetic
FB_00411,VIS_04220,EV_0114,INST_009,5,Отличная организация и приятная атмосфера.,positive,synthetic
FB_00412,VIS_02931,EV_0166,INST_014,4,"Спасибо организаторам, всё прошло замечательно.",positive,synthetic
FB_00413,VIS_04500,EV_0078,INST_006,3,"Мероприятие было интересным, но некоторые части можно улучшить.",neutral,synthetic
FB_00414,VIS_02385,EV_0057,INST_006,3,"В целом всё хорошо, но хотелось бы больше интерактива.",neutral,synthetic
FB_00415,VIS_04838,EV_0079,INST_007,5,"Очень понравилось мероприятие, хочется прийти ещё.",positive,synthetic
FB_00416,VIS_00423,EV_0086,INST_007,3,"В целом всё хорошо, но хотелось бы больше интерактива.",neutral,synthetic
FB_00417,VIS_02963,EV_0045,INST_004,5,"Очень понравилось мероприятие, хочется прийти ещё.",positive,synthetic
FB_00418,VIS_02952,EV_0082,INST_007,2,Мероприятие показалось слишком длинным.,negative,synthetic
FB_00419,VIS_02666,EV_0190,INST_017,2,Организацию можно было сделать лучше.,negative,synthetic
FB_00420,VIS_04988,EV_0125,INST_011,5,Интересная программа и хороший формат.,positive,synthetic
FB_00421,VIS_03825,EV_0137,INST_011,5,"Очень понравилось мероприятие, хочется прийти ещё.",positive,synthetic
FB_00422,VIS_04113,EV_0175,INST_014,5,"Очень понравилось мероприятие, хочется прийти ещё.",positive,synthetic
FB_00423,VIS_00823,EV_0044,INST_004,2,Не хватило интерактивности и вовлечения.,negative,synthetic
FB_00424,VIS_03518,EV_0059,INST_006,5,Интересная программа и хороший формат.,positive,synthetic
FB_00425,VIS_02424,EV_0151,INST_014,5,Отличная организация и приятная атмосфера.,positive,synthetic
FB_00426,VIS_00872,EV_0218,INST_018,5,Интересная программа и хороший формат.,positive,synthetic
FB_00427,VIS_02468,EV_0074,INST_006,3,"Мероприятие было интересным, но некоторые части можно улучшить.",neutral,synthetic
FB_00428,VIS_01283,EV_0171,INST_014,5,Отличная организация и приятная атмосфера.,positive,synthetic
FB_00429,VIS_01129,EV_0123,INST_010,5,"Спасибо организаторам, всё прошло замечательно.",positive,synthetic
FB_00430,VIS_00448,EV_0113,INST_009,4,"Спасибо организаторам, всё прошло замечательно.",positive,synthetic
FB_00431,VIS_02312,EV_0159,INST_014,4,Отличная организация и приятная атмосфера.,positive,synthetic
FB_00432,VIS_00303,EV_0212,INST_017,2,Организацию можно было сделать лучше.,negative,synthetic
FB_00433,VIS_01361,EV_0067,INST_006,5,Интересная программа и хороший формат.,positive,synthetic
FB_00434,VIS_03228,EV_0067,INST_006,5,Отличная организация и приятная атмосфера.,positive,synthetic
FB_00435,VIS_02153,EV_0202,INST_017,5,Интересная программа и хороший формат.,positive,synthetic
FB_00436,VIS_04493,EV_0142,INST_012,4,Интересная программа и хороший формат.,positive,synthetic
FB_00437,VIS_04592,EV_0156,INST_014,2,Не хватило интерактивности и вовлечения.,negative,synthetic
FB_00438,VIS_03990,EV_0212,INST_017,5,Интересная программа и хороший формат.,positive,synthetic
FB_00439,VIS_02374,EV_0013,INST_001,2,Не хватило интерактивности и вовлечения.,negative,synthetic
FB_00440,VIS_00091,EV_0087,INST_007,3,Некоторые части программы понравились больше других.,neutral,synthetic
FB_00441,VIS_01297,EV_0032,INST_002,5,"Очень понравилось мероприятие, хочется прийти ещё.",positive,synthetic
FB_00442,VIS_02274,EV_0133,INST_011,3,Некоторые части программы понравились больше других.,neutral,synthetic
FB_00443,VIS_03276,EV_0081,INST_007,5,Отличная организация и приятная атмосфера.,positive,synthetic
FB_00444,VIS_02982,EV_0218,INST_018,5,Интересная программа и хороший формат.,positive,synthetic
FB_00445,VIS_02173,EV_0166,INST_014,5,"Спасибо организаторам, всё прошло замечательно.",positive,synthetic
FB_00446,VIS_00774,EV_0189,INST_017,5,"Очень понравилось мероприятие, хочется прийти ещё.",positive,synthetic
FB_00447,VIS_04604,EV_0186,INST_016,3,Некоторые части программы понравились больше других.,neutral,synthetic
FB_00448,VIS_04768,EV_0091,INST_007,2,Мероприятие показалось слишком длинным.,negative,synthetic
FB_00449,VIS_01764,EV_0040,INST_003,5,"Очень понравилось мероприятие, хочется прийти ещё.",positive,synthetic
FB_00450,VIS_02201,EV_0042,INST_004,4,"Спасибо организаторам, всё прошло замечательно.",positive,synthetic
FB_00451,VIS_02892,EV_0032,INST_002,5,"Очень понравилось мероприятие, хочется прийти ещё.",positive,synthetic
FB_00452,VIS_01623,EV_0078,INST_006,5,Отличная организация и приятная атмосфера.,positive,synthetic
FB_00453,VIS_02308,EV_0049,INST_005,5,Интересная программа и хороший формат.,positive,synthetic
FB_00454,VIS_01545,EV_0185,INST_016,4,"Спасибо организаторам, всё прошло замечательно.",positive,synthetic
FB_00455,VIS_03560,EV_0068,INST_006,2,Мероприятие показалось слишком длинным.,negative,synthetic
FB_00456,VIS_04871,EV_0182,INST_015,5,"Очень понравилось мероприятие, хочется прийти ещё.",positive,synthetic
FB_00457,VIS_04177,EV_0073,INST_006,5,Отличная организация и приятная атмосфера.,positive,synthetic
FB_00458,VIS_03424,EV_0048,INST_004,4,"Очень понравилось мероприятие, хочется прийти ещё.",positive,synthetic
FB_00459,VIS_00186,EV_0218,INST_018,4,Отличная организация и приятная атмосфера.,positive,synthetic
FB_00460,VIS_04357,EV_0148,INST_012,5,"Очень понравилось мероприятие, хочется прийти ещё.",positive,synthetic
FB_00461,VIS_01273,EV_0187,INST_017,5,"Очень понравилось мероприятие, хочется прийти ещё.",positive,synthetic
FB_00462,VIS_02914,EV_0186,INST_016,5,Интересная программа и хороший формат.,positive,synthetic
FB_00463,VIS_04432,EV_0088,INST_007,3,Некоторые части программы понравились больше других.,neutral,synthetic
FB_00464,VIS_02892,EV_0156,INST_014,3,"Мероприятие было интересным, но некоторые части можно улучшить.",neutral,synthetic
FB_00465,VIS_02968,EV_0068,INST_006,3,Некоторые части программы понравились больше других.,neutral,synthetic
FB_00466,VIS_04048,EV_0102,INST_007,4,Отличная организация и приятная атмосфера.,positive,synthetic
FB_00467,VIS_01675,EV_0209,INST_017,4,Отличная организация и приятная атмосфера.,positive,synthetic
FB_00468,VIS_00451,EV_0060,INST_006,4,Интересная программа и хороший формат.,positive,synthetic
FB_00469,VIS_04771,EV_0180,INST_014,5,Отличная организация и приятная атмосфера.,positive,synthetic
FB_00470,VIS_03837,EV_0014,INST_001,3,Некоторые части программы понравились больше других.,neutral,synthetic
FB_00471,VIS_03134,EV_0150,INST_013,4,"Очень понравилось мероприятие, хочется прийти ещё.",positive,synthetic
FB_00472,VIS_01901,EV_0199,INST_017,3,Некоторые части программы понравились больше других.,neutral,synthetic
FB_00473,VIS_04749,EV_0197,INST_017,5,Интересная программа и хороший формат.,positive,synthetic
FB_00474,VIS_03997,EV_0194,INST_017,3,Некоторые части программы понравились больше других.,neutral,synthetic
FB_00475,VIS_00807,EV_0093,INST_007,2,Организацию можно было сделать лучше.,negative,synthetic
FB_00476,VIS_01413,EV_0113,INST_009,4,"Спасибо организаторам, всё прошло замечательно.",positive,synthetic
FB_00477,VIS_01409,EV_0039,INST_003,3,"В целом всё хорошо, но хотелось бы больше интерактива.",neutral,synthetic
FB_00478,VIS_01415,EV_0002,INST_001,4,Интересная программа и хороший формат.,positive,synthetic
FB_00479,VIS_01890,EV_0050,INST_005,3,"Мероприятие было интересным, но некоторые части можно улучшить.",neutral,synthetic
FB_00480,VIS_00616,EV_0023,INST_001,4,"Спасибо организаторам, всё прошло замечательно.",positive,synthetic
FB_00481,VIS_01062,EV_0008,INST_001,4,Отличная организация и приятная атмосфера.,positive,synthetic
FB_00482,VIS_00224,EV_0009,INST_001,3,"В целом всё хорошо, но хотелось бы больше интерактива.",neutral,synthetic
FB_00483,VIS_02550,EV_0222,INST_018,4,Отличная организация и приятная атмосфера.,positive,synthetic
FB_00484,VIS_03209,EV_0219,INST_018,5,Интересная программа и хороший формат.,positive,synthetic
FB_00485,VIS_04061,EV_0148,INST_012,4,"Спасибо организаторам, всё прошло замечательно.",positive,synthetic
FB_00486,VIS_03750,EV_0102,INST_007,3,"В целом всё хорошо, но хотелось бы больше интерактива.",neutral,synthetic
FB_00487,VIS_04977,EV_0079,INST_007,5,"Спасибо организаторам, всё прошло замечательно.",positive,synthetic
FB_00488,VIS_03085,EV_0218,INST_018,4,"Очень понравилось мероприятие, хочется прийти ещё.",positive,synthetic
FB_00489,VIS_02309,EV_0203,INST_017,5,Отличная организация и приятная атмосфера.,positive,synthetic
FB_00490,VIS_04819,EV_0159,INST_014,5,"Очень понравилось мероприятие, хочется прийти ещё.",positive,synthetic
FB_00491,VIS_03988,EV_0183,INST_015,5,Отличная организация и приятная атмосфера.,positive,synthetic
FB_00492,VIS_02322,EV_0161,INST_014,5,"Очень понравилось мероприятие, хочется прийти ещё.",positive,synthetic
FB_00493,VIS_02742,EV_0215,INST_018,5,Интересная программа и хороший формат.,positive,synthetic
FB_00494,VIS_03315,EV_0077,INST_006,3,Некоторые части программы понравились больше других.,neutral,synthetic
FB_00495,VIS_01770,EV_0169,INST_014,4,Интересная программа и хороший формат.,positive,synthetic
FB_00496,VIS_00537,EV_0145,INST_012,5,Отличная организация и приятная атмосфера.,positive,synthetic
FB_00497,VIS_01689,EV_0113,INST_009,4,"Очень понравилось мероприятие, хочется прийти ещё.",positive,synthetic
FB_00498,VIS_02461,EV_0133,INST_011,5,"Очень понравилось мероприятие, хочется прийти ещё.",positive,synthetic
FB_00499,VIS_01452,EV_0182,INST_015,5,"Очень понравилось мероприятие, хочется прийти ещё.",positive,synthetic
FB_00500,VIS_03487,EV_0207,INST_017,3,"Мероприятие было интересным, но некоторые части можно улучшить.",neutral,synthetic
FB_00501,VIS_00714,EV_0088,INST_007,5,Отличная организация и приятная атмосфера.,positive,synthetic
FB_00502,VIS_00963,EV_0034,INST_002,5,Отличная организация и приятная атмосфера.,positive,synthetic
FB_00503,VIS_04873,EV_0098,INST_007,5,Интересная программа и хороший формат.,positive,synthetic
FB_00504,VIS_02399,EV_0202,INST_017,5,"Спасибо организаторам, всё прошло замечательно.",positive,synthetic
FB_00505,VIS_02810,EV_0039,INST_003,5,"Очень понравилось мероприятие, хочется прийти ещё.",positive,synthetic
FB_00506,VIS_02909,EV_0182,INST_015,5,Интересная программа и хороший формат.,positive,synthetic
FB_00507,VIS_02577,EV_0202,INST_017,4,"Очень понравилось мероприятие, хочется прийти ещё.",positive,synthetic
FB_00508,VIS_02033,EV_0108,INST_009,5,Интересная программа и хороший формат.,positive,synthetic
FB_00509,VIS_04437,EV_0082,INST_007,3,"Мероприятие было интересным, но некоторые части можно улучшить.",neutral,synthetic
FB_00510,VIS_03194,EV_0155,INST_014,3,"Мероприятие было интересным, но некоторые части можно улучшить.",neutral,synthetic
FB_00511,VIS_00144,EV_0010,INST_001,3,Некоторые части программы понравились больше других.,neutral,synthetic
FB_00512,VIS_01249,EV_0144,INST_012,5,"Очень понравилось мероприятие, хочется прийти ещё.",positive,synthetic
FB_00513,VIS_02303,EV_0090,INST_007,4,"Спасибо организаторам, всё прошло замечательно.",positive,synthetic
FB_00514,VIS_00195,EV_0205,INST_017,4,Интересная программа и хороший формат.,positive,synthetic
FB_00515,VIS_03075,EV_0127,INST_011,4,"Спасибо организаторам, всё прошло замечательно.",positive,synthetic
FB_00516,VIS_00202,EV_0140,INST_012,5,"Спасибо организаторам, всё прошло замечательно.",positive,synthetic
FB_00517,VIS_01240,EV_0029,INST_002,5,"Очень понравилось мероприятие, хочется прийти ещё.",positive,synthetic
FB_00518,VIS_03572,EV_0166,INST_014,5,Интересная программа и хороший формат.,positive,synthetic
FB_00519,VIS_04848,EV_0165,INST_014,4,"Очень понравилось мероприятие, хочется прийти ещё.",positive,synthetic
FB_00520,VIS_04088,EV_0198,INST_017,3,"В целом всё хорошо, но хотелось бы больше интерактива.",neutral,synthetic
FB_00521,VIS_03368,EV_0197,INST_017,5,"Очень понравилось мероприятие, хочется прийти ещё.",positive,synthetic
FB_00522,VIS_00997,EV_0096,INST_007,4,"Очень понравилось мероприятие, хочется прийти ещё.",positive,synthetic
FB_00523,VIS_00804,EV_0086,INST_007,1,Мероприятие показалось слишком длинным.,negative,synthetic
FB_00524,VIS_04561,EV_0024,INST_001,5,Интересная программа и хороший формат.,positive,synthetic
FB_00525,VIS_01939,EV_0137,INST_011,3,"В целом всё хорошо, но хотелось бы больше интерактива.",neutral,synthetic
FB_00526,VIS_02626,EV_0041,INST_003,5,Отличная организация и приятная атмосфера.,positive,synthetic
FB_00527,VIS_01899,EV_0077,INST_006,3,"В целом всё хорошо, но хотелось бы больше интерактива.",neutral,synthetic
FB_00528,VIS_01803,EV_0151,INST_014,1,Мероприятие показалось слишком длинным.,negative,synthetic
FB_00529,VIS_02768,EV_0147,INST_012,4,"Очень понравилось мероприятие, хочется прийти ещё.",positive,synthetic
FB_00530,VIS_04302,EV_0206,INST_017,5,"Спасибо организаторам, всё прошло замечательно.",positive,synthetic
FB_00531,VIS_04990,EV_0073,INST_006,4,Отличная организация и приятная атмосфера.,positive,synthetic
FB_00532,VIS_00036,EV_0043,INST_004,4,Отличная организация и приятная атмосфера.,positive,synthetic
FB_00533,VIS_04785,EV_0121,INST_010,4,"Очень понравилось мероприятие, хочется прийти ещё.",positive,synthetic
FB_00534,VIS_03919,EV_0144,INST_012,5,"Очень понравилось мероприятие, хочется прийти ещё.",positive,synthetic
FB_00535,VIS_01650,EV_0146,INST_012,5,Отличная организация и приятная атмосфера.,positive,synthetic
FB_00536,VIS_02506,EV_0028,INST_002,3,"В целом всё хорошо, но хотелось бы больше интерактива.",neutral,synthetic
FB_00537,VIS_01794,EV_0186,INST_016,4,"Спасибо организаторам, всё прошло замечательно.",positive,synthetic
FB_00538,VIS_04363,EV_0114,INST_009,4,"Спасибо организаторам, всё прошло замечательно.",positive,synthetic
FB_00539,VIS_02494,EV_0101,INST_007,4,"Очень понравилось мероприятие, хочется прийти ещё.",positive,synthetic
FB_00540,VIS_03322,EV_0209,INST_017,2,Мероприятие показалось слишком длинным.,negative,synthetic
FB_00541,VIS_01990,EV_0099,INST_007,4,Интересная программа и хороший формат.,positive,synthetic
FB_00542,VIS_04851,EV_0123,INST_010,5,"Спасибо организаторам, всё прошло замечательно.",positive,synthetic
FB_00543,VIS_03662,EV_0124,INST_011,5,Отличная организация и приятная атмосфера.,positive,synthetic
FB_00544,VIS_03002,EV_0038,INST_003,3,"Мероприятие было интересным, но некоторые части можно улучшить.",neutral,synthetic
FB_00545,VIS_04552,EV_0078,INST_006,4,"Очень понравилось мероприятие, хочется прийти ещё.",positive,synthetic
FB_00546,VIS_04795,EV_0220,INST_018,5,"Спасибо организаторам, всё прошло замечательно.",positive,synthetic
FB_00547,VIS_01172,EV_0108,INST_009,5,Интересная программа и хороший формат.,positive,synthetic
FB_00548,VIS_03418,EV_0222,INST_018,5,"Спасибо организаторам, всё прошло замечательно.",positive,synthetic
FB_00549,VIS_04188,EV_0116,INST_009,5,"Спасибо организаторам, всё прошло замечательно.",positive,synthetic
FB_00550,VIS_03126,EV_0197,INST_017,5,"Спасибо организаторам, всё прошло замечательно.",positive,synthetic
FB_00551,VIS_00640,EV_0056,INST_006,5,Интересная программа и хороший формат.,positive,synthetic
FB_00552,VIS_04154,EV_0188,INST_017,4,Интересная программа и хороший формат.,positive,synthetic
FB_00553,VIS_01954,EV_0138,INST_012,5,"Спасибо организаторам, всё прошло замечательно.",positive,synthetic
FB_00554,VIS_02011,EV_0206,INST_017,5,"Очень понравилось мероприятие, хочется прийти ещё.",positive,synthetic
FB_00555,VIS_02833,EV_0063,INST_006,4,"Спасибо организаторам, всё прошло замечательно.",positive,synthetic
FB_00556,VIS_03935,EV_0126,INST_011,3,"В целом всё хорошо, но хотелось бы больше интерактива.",neutral,synthetic
FB_00557,VIS_02620,EV_0010,INST_001,5,Интересная программа и хороший формат.,positive,synthetic
FB_00558,VIS_01091,EV_0078,INST_006,5,"Очень понравилось мероприятие, хочется прийти ещё.",positive,synthetic
FB_00559,VIS_01470,EV_0109,INST_009,5,Отличная организация и приятная атмосфера.,positive,synthetic
FB_00560,VIS_00500,EV_0055,INST_005,4,"Очень понравилось мероприятие, хочется прийти ещё.",positive,synthetic
FB_00561,VIS_03337,EV_0103,INST_007,3,"Мероприятие было интересным, но некоторые части можно улучшить.",neutral,synthetic
FB_00562,VIS_01295,EV_0166,INST_014,4,Отличная организация и приятная атмосфера.,positive,synthetic
FB_00563,VIS_00989,EV_0102,INST_007,4,"Очень понравилось мероприятие, хочется прийти ещё.",positive,synthetic
FB_00564,VIS_01037,EV_0140,INST_012,4,Отличная организация и приятная атмосфера.,positive,synthetic
FB_00565,VIS_02570,EV_0005,INST_001,4,"Очень понравилось мероприятие, хочется прийти ещё.",positive,synthetic
FB_00566,VIS_04280,EV_0136,INST_011,5,"Очень понравилось мероприятие, хочется прийти ещё.",positive,synthetic
FB_00567,VIS_01315,EV_0184,INST_015,3,Некоторые части программы понравились больше других.,neutral,synthetic
FB_00568,VIS_01982,EV_0210,INST_017,3,Некоторые части программы понравились больше других.,neutral,synthetic
FB_00569,VIS_04942,EV_0140,INST_012,3,"Мероприятие было интересным, но некоторые части можно улучшить.",neutral,synthetic
FB_00570,VIS_04122,EV_0059,INST_006,5,Интересная программа и хороший формат.,positive,synthetic
FB_00571,VIS_04222,EV_0049,INST_005,3,"Мероприятие было интересным, но некоторые части можно улучшить.",neutral,synthetic
FB_00572,VIS_03705,EV_0040,INST_003,3,"Мероприятие было интересным, но некоторые части можно улучшить.",neutral,synthetic
FB_00573,VIS_01440,EV_0089,INST_007,3,"Мероприятие было интересным, но некоторые части можно улучшить.",neutral,synthetic
FB_00574,VIS_04518,EV_0028,INST_002,3,"В целом всё хорошо, но хотелось бы больше интерактива.",neutral,synthetic
FB_00575,VIS_03301,EV_0209,INST_017,3,Некоторые части программы понравились больше других.,neutral,synthetic
FB_00576,VIS_00964,EV_0206,INST_017,5,Интересная программа и хороший формат.,positive,synthetic
FB_00577,VIS_03900,EV_0202,INST_017,4,"Очень понравилось мероприятие, хочется прийти ещё.",positive,synthetic
FB_00578,VIS_04472,EV_0212,INST_017,3,"В целом всё хорошо, но хотелось бы больше интерактива.",neutral,synthetic
FB_00579,VIS_00292,EV_0065,INST_006,4,Отличная организация и приятная атмосфера.,positive,synthetic
FB_00580,VIS_02377,EV_0114,INST_009,4,"Спасибо организаторам, всё прошло замечательно.",positive,synthetic
FB_00581,VIS_01963,EV_0088,INST_007,2,Мероприятие показалось слишком длинным.,negative,synthetic
FB_00582,VIS_02981,EV_0132,INST_011,4,Отличная организация и приятная атмосфера.,positive,synthetic
FB_00583,VIS_04719,EV_0169,INST_014,5,"Спасибо организаторам, всё прошло замечательно.",positive,synthetic
FB_00584,VIS_01363,EV_0057,INST_006,4,Отличная организация и приятная атмосфера.,positive,synthetic
FB_00585,VIS_04900,EV_0015,INST_001,4,"Очень понравилось мероприятие, хочется прийти ещё.",positive,synthetic
FB_00586,VIS_00287,EV_0191,INST_017,5,Интересная программа и хороший формат.,positive,synthetic
FB_00587,VIS_04080,EV_0089,INST_007,5,"Спасибо организаторам, всё прошло замечательно.",positive,synthetic
FB_00588,VIS_02083,EV_0045,INST_004,3,"В целом всё хорошо, но хотелось бы больше интерактива.",neutral,synthetic
FB_00589,VIS_01632,EV_0047,INST_004,5,"Спасибо организаторам, всё прошло замечательно.",positive,synthetic
FB_00590,VIS_00933,EV_0170,INST_014,3,"Мероприятие было интересным, но некоторые части можно улучшить.",neutral,synthetic
FB_00591,VIS_04648,EV_0209,INST_017,4,Интересная программа и хороший формат.,positive,synthetic
FB_00592,VIS_02465,EV_0197,INST_017,5,Отличная организация и приятная атмосфера.,positive,synthetic
FB_00593,VIS_02796,EV_0187,INST_017,3,"В целом всё хорошо, но хотелось бы больше интерактива.",neutral,synthetic
FB_00594,VIS_00774,EV_0157,INST_014,5,Отличная организация и приятная атмосфера.,positive,synthetic
FB_00595,VIS_03609,EV_0072,INST_006,5,Интересная программа и хороший формат.,positive,synthetic
FB_00596,VIS_02171,EV_0052,INST_005,5,"Очень понравилось мероприятие, хочется прийти ещё.",positive,synthetic
FB_00597,VIS_03930,EV_0148,INST_012,5,Отличная организация и приятная атмосфера.,positive,synthetic
FB_00598,VIS_03470,EV_0161,INST_014,5,Интересная программа и хороший формат.,positive,synthetic
FB_00599,VIS_03623,EV_0197,INST_017,3,"Мероприятие было интересным, но некоторые части можно улучшить.",neutral,synthetic
FB_00600,VIS_00616,EV_0048,INST_004,3,Некоторые части программы понравились больше других.,neutral,synthetic
FB_00601,VIS_01192,EV_0095,INST_007,3,"В целом всё хорошо, но хотелось бы больше интерактива.",neutral,synthetic
FB_00602,VIS_04478,EV_0121,INST_010,5,"Спасибо организаторам, всё прошло замечательно.",positive,synthetic
FB_00603,VIS_02907,EV_0152,INST_014,5,"Очень понравилось мероприятие, хочется прийти ещё.",positive,synthetic
FB_00604,VIS_00771,EV_0140,INST_012,5,Отличная организация и приятная атмосфера.,positive,synthetic
FB_00605,VIS_00422,EV_0078,INST_006,3,"В целом всё хорошо, но хотелось бы больше интерактива.",neutral,synthetic
FB_00606,VIS_02182,EV_0002,INST_001,1,Не хватило интерактивности и вовлечения.,negative,synthetic
FB_00607,VIS_00895,EV_0223,INST_018,3,Некоторые части программы понравились больше других.,neutral,synthetic
FB_00608,VIS_02313,EV_0183,INST_015,5,"Очень понравилось мероприятие, хочется прийти ещё.",positive,synthetic
FB_00609,VIS_00849,EV_0006,INST_001,5,"Спасибо организаторам, всё прошло замечательно.",positive,synthetic
FB_00610,VIS_01353,EV_0220,INST_018,4,"Спасибо организаторам, всё прошло замечательно.",positive,synthetic
FB_00611,VIS_04759,EV_0144,INST_012,3,"Мероприятие было интересным, но некоторые части можно улучшить.",neutral,synthetic
FB_00612,VIS_03937,EV_0066,INST_006,4,Отличная организация и приятная атмосфера.,positive,synthetic
FB_00613,VIS_04636,EV_0024,INST_001,3,"Мероприятие было интересным, но некоторые части можно улучшить.",neutral,synthetic
FB_00614,VIS_03940,EV_0147,INST_012,5,Интересная программа и хороший формат.,positive,synthetic
FB_00615,VIS_03607,EV_0142,INST_012,4,Интересная программа и хороший формат.,positive,synthetic
FB_00616,VIS_02398,EV_0005,INST_001,1,Организацию можно было сделать лучше.,negative,synthetic
FB_00617,VIS_02718,EV_0128,INST_011,5,"Спасибо организаторам, всё прошло замечательно.",positive,synthetic
FB_00618,VIS_02339,EV_0158,INST_014,4,"Спасибо организаторам, всё прошло замечательно.",positive,synthetic
FB_00619,VIS_02160,EV_0026,INST_002,4,"Спасибо организаторам, всё прошло замечательно.",positive,synthetic
FB_00620,VIS_02236,EV_0003,INST_001,4,Интересная программа и хороший формат.,positive,synthetic
FB_00621,VIS_04522,EV_0070,INST_006,4,"Спасибо организаторам, всё прошло замечательно.",positive,synthetic
FB_00622,VIS_00060,EV_0024,INST_001,2,Не хватило интерактивности и вовлечения.,negative,synthetic
FB_00623,VIS_04544,EV_0130,INST_011,5,"Спасибо организаторам, всё прошло замечательно.",positive,synthetic
FB_00624,VIS_01688,EV_0030,INST_002,1,Не хватило интерактивности и вовлечения.,negative,synthetic
FB_00625,VIS_02130,EV_0141,INST_012,3,"Мероприятие было интересным, но некоторые части можно улучшить.",neutral,synthetic
FB_00626,VIS_00168,EV_0088,INST_007,3,"Мероприятие было интересным, но некоторые части можно улучшить.",neutral,synthetic
FB_00627,VIS_03725,EV_0219,INST_018,4,"Очень понравилось мероприятие, хочется прийти ещё.",positive,synthetic
FB_00628,VIS_02891,EV_0021,INST_001,3,"Мероприятие было интересным, но некоторые части можно улучшить.",neutral,synthetic
FB_00629,VIS_04511,EV_0111,INST_009,5,Отличная организация и приятная атмосфера.,positive,synthetic
FB_00630,VIS_04357,EV_0139,INST_012,5,Отличная организация и приятная атмосфера.,positive,synthetic
FB_00631,VIS_04339,EV_0030,INST_002,1,Организацию можно было сделать лучше.,negative,synthetic
FB_00632,VIS_04430,EV_0018,INST_001,4,"Очень понравилось мероприятие, хочется прийти ещё.",positive,synthetic
FB_00633,VIS_01306,EV_0174,INST_014,5,Отличная организация и приятная атмосфера.,positive,synthetic
FB_00634,VIS_01140,EV_0038,INST_003,5,Интересная программа и хороший формат.,positive,synthetic
FB_00635,VIS_04138,EV_0157,INST_014,5,Интересная программа и хороший формат.,positive,synthetic
FB_00636,VIS_03800,EV_0078,INST_006,4,"Спасибо организаторам, всё прошло замечательно.",positive,synthetic
FB_00637,VIS_01525,EV_0200,INST_017,3,Некоторые части программы понравились больше других.,neutral,synthetic
FB_00638,VIS_02690,EV_0003,INST_001,5,"Спасибо организаторам, всё прошло замечательно.",positive,synthetic
FB_00639,VIS_00191,EV_0019,INST_001,4,"Спасибо организаторам, всё прошло замечательно.",positive,synthetic
FB_00640,VIS_02497,EV_0143,INST_012,4,Отличная организация и приятная атмосфера.,positive,synthetic
FB_00641,VIS_00337,EV_0097,INST_007,5,Интересная программа и хороший формат.,positive,synthetic
FB_00642,VIS_00168,EV_0062,INST_006,2,Мероприятие показалось слишком длинным.,negative,synthetic
FB_00643,VIS_04297,EV_0162,INST_014,3,"Мероприятие было интересным, но некоторые части можно улучшить.",neutral,synthetic
FB_00644,VIS_00007,EV_0131,INST_011,4,"Спасибо организаторам, всё прошло замечательно.",positive,synthetic
FB_00645,VIS_00291,EV_0212,INST_017,3,Некоторые части программы понравились больше других.,neutral,synthetic
FB_00646,VIS_03207,EV_0029,INST_002,4,Интересная программа и хороший формат.,positive,synthetic
FB_00647,VIS_04797,EV_0214,INST_017,3,"Мероприятие было интересным, но некоторые части можно улучшить.",neutral,synthetic
FB_00648,VIS_03274,EV_0205,INST_017,4,"Спасибо организаторам, всё прошло замечательно.",positive,synthetic
FB_00649,VIS_01306,EV_0011,INST_001,1,Организацию можно было сделать лучше.,negative,synthetic
FB_00650,VIS_02507,EV_0101,INST_007,4,Интересная программа и хороший формат.,positive,synthetic
FB_00651,VIS_04941,EV_0113,INST_009,3,"В целом всё хорошо, но хотелось бы больше интерактива.",neutral,synthetic
FB_00652,VIS_03030,EV_0046,INST_004,3,"Мероприятие было интересным, но некоторые части можно улучшить.",neutral,synthetic
FB_00653,VIS_01999,EV_0008,INST_001,5,"Спасибо организаторам, всё прошло замечательно.",positive,synthetic
FB_00654,VIS_02414,EV_0163,INST_014,5,"Спасибо организаторам, всё прошло замечательно.",positive,synthetic
FB_00655,VIS_03847,EV_0091,INST_007,3,"Мероприятие было интересным, но некоторые части можно улучшить.",neutral,synthetic
FB_00656,VIS_01107,EV_0034,INST_002,5,Интересная программа и хороший формат.,positive,synthetic
FB_00657,VIS_04992,EV_0019,INST_001,3,"В целом всё хорошо, но хотелось бы больше интерактива.",neutral,synthetic
FB_00658,VIS_04167,EV_0097,INST_007,5,"Очень понравилось мероприятие, хочется прийти ещё.",positive,synthetic
FB_00659,VIS_00614,EV_0205,INST_017,5,"Очень понравилось мероприятие, хочется прийти ещё.",positive,synthetic
FB_00660,VIS_03920,EV_0202,INST_017,5,"Очень понравилось мероприятие, хочется прийти ещё.",positive,synthetic
FB_00661,VIS_03058,EV_0223,INST_018,2,Мероприятие показалось слишком длинным.,negative,synthetic
FB_00662,VIS_01629,EV_0168,INST_014,5,"Очень понравилось мероприятие, хочется прийти ещё.",positive,synthetic
FB_00663,VIS_03449,EV_0084,INST_007,4,"Очень понравилось мероприятие, хочется прийти ещё.",positive,synthetic
FB_00664,VIS_00738,EV_0024,INST_001,5,Интересная программа и хороший формат.,positive,synthetic
FB_00665,VIS_01597,EV_0009,INST_001,5,Интересная программа и хороший формат.,positive,synthetic
FB_00666,VIS_02894,EV_0181,INST_014,5,"Очень понравилось мероприятие, хочется прийти ещё.",positive,synthetic
FB_00667,VIS_00601,EV_0169,INST_014,5,Отличная организация и приятная атмосфера.,positive,synthetic
FB_00668,VIS_01597,EV_0162,INST_014,5,Интересная программа и хороший формат.,positive,synthetic
FB_00669,VIS_02757,EV_0098,INST_007,5,Отличная организация и приятная атмосфера.,positive,synthetic
FB_00670,VIS_04943,EV_0142,INST_012,4,"Спасибо организаторам, всё прошло замечательно.",positive,synthetic
FB_00671,VIS_00683,EV_0102,INST_007,4,"Очень понравилось мероприятие, хочется прийти ещё.",positive,synthetic
FB_00672,VIS_04121,EV_0211,INST_017,3,"Мероприятие было интересным, но некоторые части можно улучшить.",neutral,synthetic
FB_00673,VIS_03287,EV_0039,INST_003,3,Некоторые части программы понравились больше других.,neutral,synthetic
FB_00674,VIS_03655,EV_0065,INST_006,3,Некоторые части программы понравились больше других.,neutral,synthetic
FB_00675,VIS_01419,EV_0084,INST_007,5,Интересная программа и хороший формат.,positive,synthetic
FB_00676,VIS_03760,EV_0074,INST_006,5,Отличная организация и приятная атмосфера.,positive,synthetic
FB_00677,VIS_03533,EV_0127,INST_011,5,Отличная организация и приятная атмосфера.,positive,synthetic
FB_00678,VIS_02050,EV_0213,INST_017,5,"Спасибо организаторам, всё прошло замечательно.",positive,synthetic
FB_00679,VIS_02865,EV_0147,INST_012,3,Некоторые части программы понравились больше других.,neutral,synthetic
FB_00680,VIS_02059,EV_0197,INST_017,4,"Спасибо организаторам, всё прошло замечательно.",positive,synthetic
FB_00681,VIS_04678,EV_0211,INST_017,5,Интересная программа и хороший формат.,positive,synthetic
FB_00682,VIS_04832,EV_0017,INST_001,3,"Мероприятие было интересным, но некоторые части можно улучшить.",neutral,synthetic
FB_00683,VIS_03336,EV_0095,INST_007,5,"Очень понравилось мероприятие, хочется прийти ещё.",positive,synthetic
FB_00684,VIS_01113,EV_0163,INST_014,5,"Очень понравилось мероприятие, хочется прийти ещё.",positive,synthetic
FB_00685,VIS_03627,EV_0118,INST_010,5,"Спасибо организаторам, всё прошло замечательно.",positive,synthetic
FB_00686,VIS_02596,EV_0032,INST_002,4,Отличная организация и приятная атмосфера.,positive,synthetic
FB_00687,VIS_00880,EV_0209,INST_017,5,"Спасибо организаторам, всё прошло замечательно.",positive,synthetic
FB_00688,VIS_00612,EV_0218,INST_018,3,Некоторые части программы понравились больше других.,neutral,synthetic
FB_00689,VIS_03476,EV_0127,INST_011,5,Интересная программа и хороший формат.,positive,synthetic
FB_00690,VIS_00411,EV_0122,INST_010,4,"Очень понравилось мероприятие, хочется прийти ещё.",positive,synthetic
FB_00691,VIS_04874,EV_0159,INST_014,1,Организацию можно было сделать лучше.,negative,synthetic
FB_00692,VIS_00152,EV_0075,INST_006,5,"Очень понравилось мероприятие, хочется прийти ещё.",positive,synthetic
FB_00693,VIS_02646,EV_0100,INST_007,5,"Очень понравилось мероприятие, хочется прийти ещё.",positive,synthetic
FB_00694,VIS_00101,EV_0165,INST_014,5,"Спасибо организаторам, всё прошло замечательно.",positive,synthetic
FB_00695,VIS_00470,EV_0193,INST_017,4,"Очень понравилось мероприятие, хочется прийти ещё.",positive,synthetic
FB_00696,VIS_04382,EV_0090,INST_007,5,"Спасибо организаторам, всё прошло замечательно.",positive,synthetic
FB_00697,VIS_04678,EV_0212,INST_017,5,Отличная организация и приятная атмосфера.,positive,synthetic
FB_00698,VIS_00548,EV_0058,INST_006,5,"Спасибо организаторам, всё прошло замечательно.",positive,synthetic
FB_00699,VIS_03662,EV_0129,INST_011,4,Интересная программа и хороший формат.,positive,synthetic
FB_00700,VIS_04275,EV_0050,INST_005,1,Не хватило интерактивности и вовлечения.,negative,synthetic
FB_00701,VIS_00061,EV_0197,INST_017,3,Некоторые части программы понравились больше других.,neutral,synthetic
FB_00702,VIS_01761,EV_0048,INST_004,3,"В целом всё хорошо, но хотелось бы больше интерактива.",neutral,synthetic
FB_00703,VIS_00908,EV_0064,INST_006,3,Некоторые части программы понравились больше других.,neutral,synthetic
FB_00704,VIS_01379,EV_0133,INST_011,5,Интересная программа и хороший формат.,positive,synthetic
FB_00705,VIS_04729,EV_0134,INST_011,4,Отличная организация и приятная атмосфера.,positive,synthetic
FB_00706,VIS_04875,EV_0212,INST_017,5,Отличная организация и приятная атмосфера.,positive,synthetic
FB_00707,VIS_00908,EV_0066,INST_006,5,Интересная программа и хороший формат.,positive,synthetic
FB_00708,VIS_00367,EV_0080,INST_007,5,Интересная программа и хороший формат.,positive,synthetic
FB_00709,VIS_00618,EV_0099,INST_007,3,"Мероприятие было интересным, но некоторые части можно улучшить.",neutral,synthetic
FB_00710,VIS_02566,EV_0077,INST_006,5,Отличная организация и приятная атмосфера.,positive,synthetic
FB_00711,VIS_00133,EV_0133,INST_011,5,"Спасибо организаторам, всё прошло замечательно.",positive,synthetic
FB_00712,VIS_01247,EV_0145,INST_012,5,Отличная организация и приятная атмосфера.,positive,synthetic
FB_00713,VIS_01546,EV_0221,INST_018,4,"Спасибо организаторам, всё прошло замечательно.",positive,synthetic
FB_00714,VIS_00532,EV_0118,INST_010,4,Отличная организация и приятная атмосфера.,positive,synthetic
FB_00715,VIS_01199,EV_0095,INST_007,5,Отличная организация и приятная атмосфера.,positive,synthetic
FB_00716,VIS_01960,EV_0205,INST_017,4,Отличная организация и приятная атмосфера.,positive,synthetic
FB_00717,VIS_04304,EV_0214,INST_017,4,"Спасибо организаторам, всё прошло замечательно.",positive,synthetic
FB_00718,VIS_04077,EV_0219,INST_018,3,Некоторые части программы понравились больше других.,neutral,synthetic
FB_00719,VIS_01576,EV_0095,INST_007,5,"Спасибо организаторам, всё прошло замечательно.",positive,synthetic
FB_00720,VIS_02670,EV_0103,INST_007,5,Отличная организация и приятная атмосфера.,positive,synthetic
FB_00721,VIS_03124,EV_0212,INST_017,5,Отличная организация и приятная атмосфера.,positive,synthetic
FB_00722,VIS_04180,EV_0055,INST_005,4,Отличная организация и приятная атмосфера.,positive,synthetic
FB_00723,VIS_04497,EV_0147,INST_012,5,Отличная организация и приятная атмосфера.,positive,synthetic
FB_00724,VIS_00407,EV_0215,INST_018,5,Интересная программа и хороший формат.,positive,synthetic
FB_00725,VIS_00269,EV_0065,INST_006,5,Интересная программа и хороший формат.,positive,synthetic
FB_00726,VIS_02094,EV_0131,INST_011,5,"Очень понравилось мероприятие, хочется прийти ещё.",positive,synthetic
FB_00727,VIS_00221,EV_0069,INST_006,5,Отличная организация и приятная атмосфера.,positive,synthetic
FB_00728,VIS_01991,EV_0160,INST_014,5,Интересная программа и хороший формат.,positive,synthetic
FB_00729,VIS_04748,EV_0198,INST_017,2,Не хватило интерактивности и вовлечения.,negative,synthetic
FB_00730,VIS_03955,EV_0066,INST_006,3,Некоторые части программы понравились больше других.,neutral,synthetic
FB_00731,VIS_03398,EV_0170,INST_014,5,"Спасибо организаторам, всё прошло замечательно.",positive,synthetic
FB_00732,VIS_04202,EV_0011,INST_001,2,Не хватило интерактивности и вовлечения.,negative,synthetic
FB_00733,VIS_02330,EV_0205,INST_017,4,Интересная программа и хороший формат.,positive,synthetic
FB_00734,VIS_00223,EV_0151,INST_014,5,Интересная программа и хороший формат.,positive,synthetic
FB_00735,VIS_02303,EV_0092,INST_007,2,Организацию можно было сделать лучше.,negative,synthetic
FB_00736,VIS_01793,EV_0218,INST_018,5,"Очень понравилось мероприятие, хочется прийти ещё.",positive,synthetic
FB_00737,VIS_02210,EV_0087,INST_007,5,"Спасибо организаторам, всё прошло замечательно.",positive,synthetic
FB_00738,VIS_04641,EV_0072,INST_006,3,"Мероприятие было интересным, но некоторые части можно улучшить.",neutral,synthetic
FB_00739,VIS_00377,EV_0205,INST_017,3,Некоторые части программы понравились больше других.,neutral,synthetic
FB_00740,VIS_03949,EV_0035,INST_002,4,Отличная организация и приятная атмосфера.,positive,synthetic
FB_00741,VIS_01740,EV_0053,INST_005,5,Отличная организация и приятная атмосфера.,positive,synthetic
FB_00742,VIS_02565,EV_0140,INST_012,3,"Мероприятие было интересным, но некоторые части можно улучшить.",neutral,synthetic
FB_00743,VIS_02372,EV_0151,INST_014,3,"В целом всё хорошо, но хотелось бы больше интерактива.",neutral,synthetic
FB_00744,VIS_00306,EV_0104,INST_007,3,"В целом всё хорошо, но хотелось бы больше интерактива.",neutral,synthetic
FB_00745,VIS_04551,EV_0197,INST_017,5,"Спасибо организаторам, всё прошло замечательно.",positive,synthetic
FB_00746,VIS_00045,EV_0224,INST_019,2,Организацию можно было сделать лучше.,negative,synthetic
FB_00747,VIS_00601,EV_0063,INST_006,3,"В целом всё хорошо, но хотелось бы больше интерактива.",neutral,synthetic
FB_00748,VIS_02058,EV_0192,INST_017,1,Не хватило интерактивности и вовлечения.,negative,synthetic
FB_00749,VIS_01858,EV_0111,INST_009,4,"Спасибо организаторам, всё прошло замечательно.",positive,synthetic
FB_00750,VIS_03959,EV_0086,INST_007,5,Интересная программа и хороший формат.,positive,synthetic
FB_00751,VIS_00551,EV_0007,INST_001,5,"Очень понравилось мероприятие, хочется прийти ещё.",positive,synthetic
FB_00752,VIS_04861,EV_0182,INST_015,2,Не хватило интерактивности и вовлечения.,negative,synthetic
FB_00753,VIS_04157,EV_0012,INST_001,5,Интересная программа и хороший формат.,positive,synthetic
FB_00754,VIS_04995,EV_0129,INST_011,4,"Спасибо организаторам, всё прошло замечательно.",positive,synthetic
FB_00755,VIS_03009,EV_0174,INST_014,4,"Очень понравилось мероприятие, хочется прийти ещё.",positive,synthetic
FB_00756,VIS_01200,EV_0029,INST_002,3,Некоторые части программы понравились больше других.,neutral,synthetic
FB_00757,VIS_02771,EV_0155,INST_014,3,"В целом всё хорошо, но хотелось бы больше интерактива.",neutral,synthetic
FB_00758,VIS_00668,EV_0177,INST_014,3,"Мероприятие было интересным, но некоторые части можно улучшить.",neutral,synthetic
FB_00759,VIS_00893,EV_0006,INST_001,5,Интересная программа и хороший формат.,positive,synthetic
FB_00760,VIS_01308,EV_0127,INST_011,4,"Спасибо организаторам, всё прошло замечательно.",positive,synthetic
FB_00761,VIS_03203,EV_0120,INST_010,5,"Спасибо организаторам, всё прошло замечательно.",positive,synthetic
FB_00762,VIS_01015,EV_0088,INST_007,3,Некоторые части программы понравились больше других.,neutral,synthetic
FB_00763,VIS_02237,EV_0153,INST_014,5,Отличная организация и приятная атмосфера.,positive,synthetic
FB_00764,VIS_01276,EV_0044,INST_004,5,Интересная программа и хороший формат.,positive,synthetic
FB_00765,VIS_04656,EV_0050,INST_005,2,Организацию можно было сделать лучше.,negative,synthetic
FB_00766,VIS_00478,EV_0103,INST_007,5,"Спасибо организаторам, всё прошло замечательно.",positive,synthetic
FB_00767,VIS_00374,EV_0164,INST_014,5,"Спасибо организаторам, всё прошло замечательно.",positive,synthetic
FB_00768,VIS_00659,EV_0181,INST_014,5,"Очень понравилось мероприятие, хочется прийти ещё.",positive,synthetic
FB_00769,VIS_00774,EV_0068,INST_006,5,Отличная организация и приятная атмосфера.,positive,synthetic
FB_00770,VIS_03761,EV_0202,INST_017,5,Отличная организация и приятная атмосфера.,positive,synthetic
FB_00771,VIS_00587,EV_0135,INST_011,4,"Очень понравилось мероприятие, хочется прийти ещё.",positive,synthetic
FB_00772,VIS_01097,EV_0101,INST_007,4,Интересная программа и хороший формат.,positive,synthetic
FB_00773,VIS_03949,EV_0144,INST_012,4,Отличная организация и приятная атмосфера.,positive,synthetic
FB_00774,VIS_04623,EV_0114,INST_009,3,"Мероприятие было интересным, но некоторые части можно улучшить.",neutral,synthetic
FB_00775,VIS_04518,EV_0070,INST_006,5,Отличная организация и приятная атмосфера.,positive,synthetic
FB_00776,VIS_04633,EV_0060,INST_006,5,"Очень понравилось мероприятие, хочется прийти ещё.",positive,synthetic
FB_00777,VIS_04322,EV_0145,INST_012,4,"Спасибо организаторам, всё прошло замечательно.",positive,synthetic
FB_00778,VIS_00248,EV_0066,INST_006,5,Отличная организация и приятная атмосфера.,positive,synthetic
FB_00779,VIS_04511,EV_0060,INST_006,5,"Очень понравилось мероприятие, хочется прийти ещё.",positive,synthetic
FB_00780,VIS_03130,EV_0150,INST_013,3,Некоторые части программы понравились больше других.,neutral,synthetic
FB_00781,VIS_00182,EV_0071,INST_006,5,"Очень понравилось мероприятие, хочется прийти ещё.",positive,synthetic
FB_00782,VIS_03319,EV_0143,INST_012,5,Интересная программа и хороший формат.,positive,synthetic
FB_00783,VIS_00777,EV_0146,INST_012,5,"Спасибо организаторам, всё прошло замечательно.",positive,synthetic
FB_00784,VIS_01640,EV_0099,INST_007,4,"Спасибо организаторам, всё прошло замечательно.",positive,synthetic
FB_00785,VIS_04951,EV_0023,INST_001,3,Некоторые части программы понравились больше других.,neutral,synthetic
FB_00786,VIS_00164,EV_0082,INST_007,5,Интересная программа и хороший формат.,positive,synthetic
FB_00787,VIS_02858,EV_0190,INST_017,5,"Спасибо организаторам, всё прошло замечательно.",positive,synthetic
FB_00788,VIS_03809,EV_0218,INST_018,5,"Очень понравилось мероприятие, хочется прийти ещё.",positive,synthetic
FB_00789,VIS_00215,EV_0022,INST_001,5,"Очень понравилось мероприятие, хочется прийти ещё.",positive,synthetic
FB_00790,VIS_01595,EV_0172,INST_014,5,Отличная организация и приятная атмосфера.,positive,synthetic
FB_00791,VIS_00247,EV_0104,INST_007,3,"Мероприятие было интересным, но некоторые части можно улучшить.",neutral,synthetic
FB_00792,VIS_00125,EV_0182,INST_015,4,"Спасибо организаторам, всё прошло замечательно.",positive,synthetic
FB_00793,VIS_04932,EV_0125,INST_011,2,Мероприятие показалось слишком длинным.,negative,synthetic
FB_00794,VIS_03347,EV_0074,INST_006,5,"Спасибо организаторам, всё прошло замечательно.",positive,synthetic
FB_00795,VIS_01270,EV_0126,INST_011,5,"Спасибо организаторам, всё прошло замечательно.",positive,synthetic
FB_00796,VIS_00375,EV_0060,INST_006,3,"В целом всё хорошо, но хотелось бы больше интерактива.",neutral,synthetic
FB_00797,VIS_01956,EV_0168,INST_014,5,"Очень понравилось мероприятие, хочется прийти ещё.",positive,synthetic
FB_00798,VIS_04441,EV_0033,INST_002,2,Организацию можно было сделать лучше.,negative,synthetic
FB_00799,VIS_03955,EV_0073,INST_006,5,"Спасибо организаторам, всё прошло замечательно.",positive,synthetic
FB_00800,VIS_00556,EV_0180,INST_014,3,"Мероприятие было интересным, но некоторые части можно улучшить.",neutral,synthetic
FB_00801,VIS_01594,EV_0086,INST_007,4,"Спасибо организаторам, всё прошло замечательно.",positive,synthetic
FB_00802,VIS_02781,EV_0212,INST_017,5,Отличная организация и приятная атмосфера.,positive,synthetic
FB_00803,VIS_02200,EV_0174,INST_014,4,Интересная программа и хороший формат.,positive,synthetic
FB_00804,VIS_04946,EV_0060,INST_006,3,"Мероприятие было интересным, но некоторые части можно улучшить.",neutral,synthetic
FB_00805,VIS_04537,EV_0140,INST_012,2,Организацию можно было сделать лучше.,negative,synthetic
FB_00806,VIS_02041,EV_0106,INST_007,4,"Спасибо организаторам, всё прошло замечательно.",positive,synthetic
FB_00807,VIS_02401,EV_0136,INST_011,5,Интересная программа и хороший формат.,positive,synthetic
FB_00808,VIS_04611,EV_0022,INST_001,5,"Очень понравилось мероприятие, хочется прийти ещё.",positive,synthetic
FB_00809,VIS_04605,EV_0147,INST_012,5,Отличная организация и приятная атмосфера.,positive,synthetic
FB_00810,VIS_04805,EV_0109,INST_009,4,"Очень понравилось мероприятие, хочется прийти ещё.",positive,synthetic
FB_00811,VIS_03952,EV_0212,INST_017,2,Мероприятие показалось слишком длинным.,negative,synthetic
FB_00812,VIS_00662,EV_0204,INST_017,5,"Очень понравилось мероприятие, хочется прийти ещё.",positive,synthetic
FB_00813,VIS_03983,EV_0163,INST_014,3,Некоторые части программы понравились больше других.,neutral,synthetic
FB_00814,VIS_01009,EV_0178,INST_014,4,"Очень понравилось мероприятие, хочется прийти ещё.",positive,synthetic
FB_00815,VIS_01000,EV_0043,INST_004,2,Не хватило интерактивности и вовлечения.,negative,synthetic
FB_00816,VIS_00673,EV_0189,INST_017,4,"Спасибо организаторам, всё прошло замечательно.",positive,synthetic
FB_00817,VIS_02873,EV_0201,INST_017,5,"Очень понравилось мероприятие, хочется прийти ещё.",positive,synthetic
FB_00818,VIS_02860,EV_0028,INST_002,5,Отличная организация и приятная атмосфера.,positive,synthetic
FB_00819,VIS_02085,EV_0218,INST_018,3,"В целом всё хорошо, но хотелось бы больше интерактива.",neutral,synthetic
FB_00820,VIS_02179,EV_0206,INST_017,3,"В целом всё хорошо, но хотелось бы больше интерактива.",neutral,synthetic
FB_00821,VIS_04688,EV_0209,INST_017,5,"Спасибо организаторам, всё прошло замечательно.",positive,synthetic
FB_00822,VIS_02526,EV_0097,INST_007,5,"Спасибо организаторам, всё прошло замечательно.",positive,synthetic
FB_00823,VIS_04894,EV_0220,INST_018,4,Отличная организация и приятная атмосфера.,positive,synthetic
FB_00824,VIS_03297,EV_0087,INST_007,4,Интересная программа и хороший формат.,positive,synthetic
FB_00825,VIS_04990,EV_0045,INST_004,4,"Спасибо организаторам, всё прошло замечательно.",positive,synthetic
FB_00826,VIS_03701,EV_0077,INST_006,3,"Мероприятие было интересным, но некоторые части можно улучшить.",neutral,synthetic
FB_00827,VIS_02263,EV_0211,INST_017,5,"Спасибо организаторам, всё прошло замечательно.",positive,synthetic
FB_00828,VIS_03219,EV_0115,INST_009,4,"Очень понравилось мероприятие, хочется прийти ещё.",positive,synthetic
FB_00829,VIS_03879,EV_0182,INST_015,1,Мероприятие показалось слишком длинным.,negative,synthetic
FB_00830,VIS_01034,EV_0103,INST_007,5,Интересная программа и хороший формат.,positive,synthetic
FB_00831,VIS_00544,EV_0225,INST_019,5,Отличная организация и приятная атмосфера.,positive,synthetic
FB_00832,VIS_00463,EV_0211,INST_017,3,"В целом всё хорошо, но хотелось бы больше интерактива.",neutral,synthetic
FB_00833,VIS_00048,EV_0021,INST_001,5,Интересная программа и хороший формат.,positive,synthetic
FB_00834,VIS_02127,EV_0184,INST_015,5,"Спасибо организаторам, всё прошло замечательно.",positive,synthetic
FB_00835,VIS_02849,EV_0039,INST_003,4,"Спасибо организаторам, всё прошло замечательно.",positive,synthetic
FB_00836,VIS_01219,EV_0105,INST_007,3,"Мероприятие было интересным, но некоторые части можно улучшить.",neutral,synthetic
FB_00837,VIS_00081,EV_0073,INST_006,2,Не хватило интерактивности и вовлечения.,negative,synthetic
FB_00838,VIS_04294,EV_0225,INST_019,4,Отличная организация и приятная атмосфера.,positive,synthetic
FB_00839,VIS_00357,EV_0211,INST_017,5,Интересная программа и хороший формат.,positive,synthetic
FB_00840,VIS_04903,EV_0188,INST_017,3,"Мероприятие было интересным, но некоторые части можно улучшить.",neutral,synthetic
FB_00841,VIS_04114,EV_0035,INST_002,3,"В целом всё хорошо, но хотелось бы больше интерактива.",neutral,synthetic
FB_00842,VIS_03301,EV_0210,INST_017,4,"Очень понравилось мероприятие, хочется прийти ещё.",positive,synthetic
FB_00843,VIS_04124,EV_0147,INST_012,3,"Мероприятие было интересным, но некоторые части можно улучшить.",neutral,synthetic
FB_00844,VIS_03685,EV_0207,INST_017,3,Некоторые части программы понравились больше других.,neutral,synthetic
FB_00845,VIS_03730,EV_0218,INST_018,5,Отличная организация и приятная атмосфера.,positive,synthetic
FB_00846,VIS_02072,EV_0165,INST_014,3,"В целом всё хорошо, но хотелось бы больше интерактива.",neutral,synthetic
FB_00847,VIS_02172,EV_0144,INST_012,2,Не хватило интерактивности и вовлечения.,negative,synthetic
FB_00848,VIS_02507,EV_0098,INST_007,3,"В целом всё хорошо, но хотелось бы больше интерактива.",neutral,synthetic
FB_00849,VIS_01324,EV_0055,INST_005,5,"Очень понравилось мероприятие, хочется прийти ещё.",positive,synthetic
FB_00850,VIS_03184,EV_0138,INST_012,3,"Мероприятие было интересным, но некоторые части можно улучшить.",neutral,synthetic
FB_00851,VIS_01406,EV_0181,INST_014,5,Отличная организация и приятная атмосфера.,positive,synthetic
FB_00852,VIS_04228,EV_0103,INST_007,4,Интересная программа и хороший формат.,positive,synthetic
FB_00853,VIS_02364,EV_0055,INST_005,4,Отличная организация и приятная атмосфера.,positive,synthetic
FB_00854,VIS_01130,EV_0119,INST_010,3,Некоторые части программы понравились больше других.,neutral,synthetic
FB_00855,VIS_02133,EV_0054,INST_005,5,"Спасибо организаторам, всё прошло замечательно.",positive,synthetic
FB_00856,VIS_01770,EV_0006,INST_001,3,"В целом всё хорошо, но хотелось бы больше интерактива.",neutral,synthetic
FB_00857,VIS_02712,EV_0183,INST_015,5,Интересная программа и хороший формат.,positive,synthetic
FB_00858,VIS_00367,EV_0099,INST_007,5,Интересная программа и хороший формат.,positive,synthetic
FB_00859,VIS_01122,EV_0060,INST_006,5,"Спасибо организаторам, всё прошло замечательно.",positive,synthetic
FB_00860,VIS_03390,EV_0023,INST_001,3,"Мероприятие было интересным, но некоторые части можно улучшить.",neutral,synthetic
FB_00861,VIS_03163,EV_0186,INST_016,2,Не хватило интерактивности и вовлечения.,negative,synthetic
FB_00862,VIS_00924,EV_0162,INST_014,5,"Очень понравилось мероприятие, хочется прийти ещё.",positive,synthetic
FB_00863,VIS_03877,EV_0211,INST_017,5,"Спасибо организаторам, всё прошло замечательно.",positive,synthetic
FB_00864,VIS_03604,EV_0131,INST_011,3,Некоторые части программы понравились больше других.,neutral,synthetic
FB_00865,VIS_03185,EV_0160,INST_014,5,"Спасибо организаторам, всё прошло замечательно.",positive,synthetic
FB_00866,VIS_02359,EV_0121,INST_010,5,Интересная программа и хороший формат.,positive,synthetic
FB_00867,VIS_00627,EV_0224,INST_019,4,"Спасибо организаторам, всё прошло замечательно.",positive,synthetic
FB_00868,VIS_01574,EV_0103,INST_007,5,Интересная программа и хороший формат.,positive,synthetic
FB_00869,VIS_02052,EV_0092,INST_007,5,Отличная организация и приятная атмосфера.,positive,synthetic
FB_00870,VIS_03541,EV_0210,INST_017,5,Интересная программа и хороший формат.,positive,synthetic
FB_00871,VIS_03337,EV_0182,INST_015,4,"Очень понравилось мероприятие, хочется прийти ещё.",positive,synthetic
FB_00872,VIS_01628,EV_0097,INST_007,5,"Очень понравилось мероприятие, хочется прийти ещё.",positive,synthetic
FB_00873,VIS_00470,EV_0179,INST_014,1,Не хватило интерактивности и вовлечения.,negative,synthetic
FB_00874,VIS_03072,EV_0191,INST_017,4,"Очень понравилось мероприятие, хочется прийти ещё.",positive,synthetic
FB_00875,VIS_00971,EV_0162,INST_014,5,"Спасибо организаторам, всё прошло замечательно.",positive,synthetic
FB_00876,VIS_01111,EV_0098,INST_007,3,"В целом всё хорошо, но хотелось бы больше интерактива.",neutral,synthetic
FB_00877,VIS_02757,EV_0082,INST_007,3,"Мероприятие было интересным, но некоторые части можно улучшить.",neutral,synthetic
FB_00878,VIS_00375,EV_0058,INST_006,3,Некоторые части программы понравились больше других.,neutral,synthetic
FB_00879,VIS_03558,EV_0094,INST_007,5,Интересная программа и хороший формат.,positive,synthetic
FB_00880,VIS_00783,EV_0029,INST_002,4,Интересная программа и хороший формат.,positive,synthetic
FB_00881,VIS_02182,EV_0001,INST_001,1,Мероприятие показалось слишком длинным.,negative,synthetic
FB_00882,VIS_04241,EV_0166,INST_014,5,Интересная программа и хороший формат.,positive,synthetic
FB_00883,VIS_01210,EV_0202,INST_017,2,Не хватило интерактивности и вовлечения.,negative,synthetic
FB_00884,VIS_02669,EV_0074,INST_006,1,Мероприятие показалось слишком длинным.,negative,synthetic
FB_00885,VIS_01268,EV_0145,INST_012,4,Отличная организация и приятная атмосфера.,positive,synthetic
FB_00886,VIS_00295,EV_0058,INST_006,5,Отличная организация и приятная атмосфера.,positive,synthetic
FB_00887,VIS_03109,EV_0218,INST_018,4,"Спасибо организаторам, всё прошло замечательно.",positive,synthetic
FB_00888,VIS_03389,EV_0127,INST_011,5,"Спасибо организаторам, всё прошло замечательно.",positive,synthetic
FB_00889,VIS_00976,EV_0139,INST_012,5,Отличная организация и приятная атмосфера.,positive,synthetic
FB_00890,VIS_01353,EV_0218,INST_018,5,"Спасибо организаторам, всё прошло замечательно.",positive,synthetic
FB_00891,VIS_03409,EV_0212,INST_017,3,"В целом всё хорошо, но хотелось бы больше интерактива.",neutral,synthetic
FB_00892,VIS_04157,EV_0141,INST_012,5,Интересная программа и хороший формат.,positive,synthetic
FB_00893,VIS_00188,EV_0055,INST_005,3,"В целом всё хорошо, но хотелось бы больше интерактива.",neutral,synthetic
FB_00894,VIS_03824,EV_0088,INST_007,4,Отличная организация и приятная атмосфера.,positive,synthetic
FB_00895,VIS_01087,EV_0134,INST_011,3,Некоторые части программы понравились больше других.,neutral,synthetic
FB_00896,VIS_01938,EV_0040,INST_003,4,"Очень понравилось мероприятие, хочется прийти ещё.",positive,synthetic
FB_00897,VIS_04261,EV_0096,INST_007,5,"Спасибо организаторам, всё прошло замечательно.",positive,synthetic
FB_00898,VIS_04117,EV_0015,INST_001,4,"Очень понравилось мероприятие, хочется прийти ещё.",positive,synthetic
FB_00899,VIS_04346,EV_0191,INST_017,2,Организацию можно было сделать лучше.,negative,synthetic
FB_00900,VIS_01232,EV_0212,INST_017,1,Организацию можно было сделать лучше.,negative,synthetic
FB_00901,VIS_02165,EV_0038,INST_003,3,"В целом всё хорошо, но хотелось бы больше интерактива.",neutral,synthetic
FB_00902,VIS_01714,EV_0205,INST_017,5,Интересная программа и хороший формат.,positive,synthetic
FB_00903,VIS_03316,EV_0088,INST_007,5,Интересная программа и хороший формат.,positive,synthetic
FB_00904,VIS_00666,EV_0009,INST_001,5,"Очень понравилось мероприятие, хочется прийти ещё.",positive,synthetic
FB_00905,VIS_00414,EV_0158,INST_014,4,Интересная программа и хороший формат.,positive,synthetic
FB_00906,VIS_03327,EV_0090,INST_007,3,"В целом всё хорошо, но хотелось бы больше интерактива.",neutral,synthetic
FB_00907,VIS_02641,EV_0107,INST_008,4,"Спасибо организаторам, всё прошло замечательно.",positive,synthetic
FB_00908,VIS_00876,EV_0118,INST_010,5,Отличная организация и приятная атмосфера.,positive,synthetic
FB_00909,VIS_02816,EV_0012,INST_001,5,Интересная программа и хороший формат.,positive,synthetic
FB_00910,VIS_00515,EV_0005,INST_001,3,Некоторые части программы понравились больше других.,neutral,synthetic
FB_00911,VIS_02683,EV_0092,INST_007,5,"Спасибо организаторам, всё прошло замечательно.",positive,synthetic
FB_00912,VIS_00520,EV_0118,INST_010,5,"Спасибо организаторам, всё прошло замечательно.",positive,synthetic
FB_00913,VIS_00322,EV_0058,INST_006,5,Отличная организация и приятная атмосфера.,positive,synthetic
FB_00914,VIS_03192,EV_0090,INST_007,5,"Очень понравилось мероприятие, хочется прийти ещё.",positive,synthetic
FB_00915,VIS_02819,EV_0115,INST_009,5,Отличная организация и приятная атмосфера.,positive,synthetic
FB_00916,VIS_04719,EV_0179,INST_014,3,"Мероприятие было интересным, но некоторые части можно улучшить.",neutral,synthetic
FB_00917,VIS_04300,EV_0172,INST_014,4,"Спасибо организаторам, всё прошло замечательно.",positive,synthetic
FB_00918,VIS_04897,EV_0209,INST_017,4,"Спасибо организаторам, всё прошло замечательно.",positive,synthetic
FB_00919,VIS_04492,EV_0058,INST_006,3,Некоторые части программы понравились больше других.,neutral,synthetic
FB_00920,VIS_01863,EV_0085,INST_007,5,Интересная программа и хороший формат.,positive,synthetic
FB_00921,VIS_04397,EV_0060,INST_006,4,Отличная организация и приятная атмосфера.,positive,synthetic
FB_00922,VIS_03376,EV_0081,INST_007,3,"Мероприятие было интересным, но некоторые части можно улучшить.",neutral,synthetic
FB_00923,VIS_02848,EV_0118,INST_010,4,"Спасибо организаторам, всё прошло замечательно.",positive,synthetic
FB_00924,VIS_02124,EV_0003,INST_001,3,"В целом всё хорошо, но хотелось бы больше интерактива.",neutral,synthetic
FB_00925,VIS_00286,EV_0050,INST_005,5,"Спасибо организаторам, всё прошло замечательно.",positive,synthetic
FB_00926,VIS_01508,EV_0112,INST_009,4,Отличная организация и приятная атмосфера.,positive,synthetic
FB_00927,VIS_04848,EV_0157,INST_014,5,"Очень понравилось мероприятие, хочется прийти ещё.",positive,synthetic
FB_00928,VIS_03351,EV_0079,INST_007,5,"Очень понравилось мероприятие, хочется прийти ещё.",positive,synthetic
FB_00929,VIS_02726,EV_0119,INST_010,4,Отличная организация и приятная атмосфера.,positive,synthetic
FB_00930,VIS_04001,EV_0040,INST_003,5,"Спасибо организаторам, всё прошло замечательно.",positive,synthetic
FB_00931,VIS_04645,EV_0093,INST_007,4,Интересная программа и хороший формат.,positive,synthetic
FB_00932,VIS_03386,EV_0215,INST_018,5,Отличная организация и приятная атмосфера.,positive,synthetic
FB_00933,VIS_02640,EV_0139,INST_012,2,Организацию можно было сделать лучше.,negative,synthetic
FB_00934,VIS_04230,EV_0174,INST_014,2,Организацию можно было сделать лучше.,negative,synthetic
FB_00935,VIS_01347,EV_0073,INST_006,5,"Очень понравилось мероприятие, хочется прийти ещё.",positive,synthetic
FB_00936,VIS_01833,EV_0209,INST_017,5,Отличная организация и приятная атмосфера.,positive,synthetic
FB_00937,VIS_00787,EV_0023,INST_001,3,"В целом всё хорошо, но хотелось бы больше интерактива.",neutral,synthetic
FB_00938,VIS_00413,EV_0018,INST_001,5,Отличная организация и приятная атмосфера.,positive,synthetic
FB_00939,VIS_02116,EV_0166,INST_014,3,Некоторые части программы понравились больше других.,neutral,synthetic
FB_00940,VIS_04501,EV_0024,INST_001,5,"Спасибо организаторам, всё прошло замечательно.",positive,synthetic
FB_00941,VIS_01242,EV_0040,INST_003,4,Отличная организация и приятная атмосфера.,positive,synthetic
FB_00942,VIS_03661,EV_0117,INST_009,3,"В целом всё хорошо, но хотелось бы больше интерактива.",neutral,synthetic
FB_00943,VIS_03978,EV_0037,INST_003,2,Организацию можно было сделать лучше.,negative,synthetic
FB_00944,VIS_04469,EV_0021,INST_001,3,Некоторые части программы понравились больше других.,neutral,synthetic
FB_00945,VIS_03897,EV_0122,INST_010,5,Отличная организация и приятная атмосфера.,positive,synthetic
FB_00946,VIS_04679,EV_0072,INST_006,4,Отличная организация и приятная атмосфера.,positive,synthetic
FB_00947,VIS_02141,EV_0039,INST_003,5,Интересная программа и хороший формат.,positive,synthetic
FB_00948,VIS_01116,EV_0089,INST_007,5,Отличная организация и приятная атмосфера.,positive,synthetic
FB_00949,VIS_03184,EV_0140,INST_012,5,Интересная программа и хороший формат.,positive,synthetic
FB_00950,VIS_00106,EV_0145,INST_012,4,Интересная программа и хороший формат.,positive,synthetic
FB_00951,VIS_00211,EV_0118,INST_010,5,"Спасибо организаторам, всё прошло замечательно.",positive,synthetic
FB_00952,VIS_04567,EV_0121,INST_010,5,Интересная программа и хороший формат.,positive,synthetic
FB_00953,VIS_01525,EV_0134,INST_011,5,Отличная организация и приятная атмосфера.,positive,synthetic
FB_00954,VIS_02402,EV_0088,INST_007,4,Отличная организация и приятная атмосфера.,positive,synthetic
FB_00955,VIS_01485,EV_0146,INST_012,4,Интересная программа и хороший формат.,positive,synthetic
FB_00956,VIS_03956,EV_0173,INST_014,5,Отличная организация и приятная атмосфера.,positive,synthetic
FB_00957,VIS_04151,EV_0146,INST_012,4,"Спасибо организаторам, всё прошло замечательно.",positive,synthetic
FB_00958,VIS_02892,EV_0186,INST_016,5,"Очень понравилось мероприятие, хочется прийти ещё.",positive,synthetic
FB_00959,VIS_04097,EV_0159,INST_014,2,Мероприятие показалось слишком длинным.,negative,synthetic
FB_00960,VIS_04330,EV_0055,INST_005,5,Отличная организация и приятная атмосфера.,positive,synthetic
FB_00961,VIS_00802,EV_0097,INST_007,3,Некоторые части программы понравились больше других.,neutral,synthetic
FB_00962,VIS_04524,EV_0105,INST_007,4,"Очень понравилось мероприятие, хочется прийти ещё.",positive,synthetic
FB_00963,VIS_00060,EV_0075,INST_006,3,Некоторые части программы понравились больше других.,neutral,synthetic
FB_00964,VIS_02869,EV_0195,INST_017,5,"Спасибо организаторам, всё прошло замечательно.",positive,synthetic
FB_00965,VIS_04499,EV_0057,INST_006,2,Не хватило интерактивности и вовлечения.,negative,synthetic
FB_00966,VIS_02824,EV_0221,INST_018,3,Некоторые части программы понравились больше других.,neutral,synthetic
FB_00967,VIS_01665,EV_0087,INST_007,5,"Спасибо организаторам, всё прошло замечательно.",positive,synthetic
FB_00968,VIS_01303,EV_0095,INST_007,5,"Очень понравилось мероприятие, хочется прийти ещё.",positive,synthetic
FB_00969,VIS_03386,EV_0084,INST_007,4,"Очень понравилось мероприятие, хочется прийти ещё.",positive,synthetic
FB_00970,VIS_00671,EV_0081,INST_007,5,"Спасибо организаторам, всё прошло замечательно.",positive,synthetic
FB_00971,VIS_02782,EV_0043,INST_004,5,Отличная организация и приятная атмосфера.,positive,synthetic
FB_00972,VIS_04679,EV_0033,INST_002,4,"Спасибо организаторам, всё прошло замечательно.",positive,synthetic
FB_00973,VIS_04571,EV_0206,INST_017,3,Некоторые части программы понравились больше других.,neutral,synthetic
FB_00974,VIS_01386,EV_0212,INST_017,1,Не хватило интерактивности и вовлечения.,negative,synthetic
FB_00975,VIS_01215,EV_0154,INST_014,5,"Очень понравилось мероприятие, хочется прийти ещё.",positive,synthetic
FB_00976,VIS_04245,EV_0145,INST_012,4,"Очень понравилось мероприятие, хочется прийти ещё.",positive,synthetic
FB_00977,VIS_00941,EV_0085,INST_007,4,"Спасибо организаторам, всё прошло замечательно.",positive,synthetic
FB_00978,VIS_03986,EV_0202,INST_017,4,Интересная программа и хороший формат.,positive,synthetic
FB_00979,VIS_00510,EV_0096,INST_007,4,Интересная программа и хороший формат.,positive,synthetic
FB_00980,VIS_04448,EV_0043,INST_004,5,Интересная программа и хороший формат.,positive,synthetic
FB_00981,VIS_02349,EV_0214,INST_017,1,Не хватило интерактивности и вовлечения.,negative,synthetic
FB_00982,VIS_04356,EV_0205,INST_017,2,Не хватило интерактивности и вовлечения.,negative,synthetic
FB_00983,VIS_01062,EV_0002,INST_001,5,Отличная организация и приятная атмосфера.,positive,synthetic
FB_00984,VIS_04958,EV_0198,INST_017,3,"В целом всё хорошо, но хотелось бы больше интерактива.",neutral,synthetic
FB_00985,VIS_03294,EV_0090,INST_007,4,"Очень понравилось мероприятие, хочется прийти ещё.",positive,synthetic
FB_00986,VIS_02957,EV_0088,INST_007,5,"Очень понравилось мероприятие, хочется прийти ещё.",positive,synthetic
FB_00987,VIS_04532,EV_0187,INST_017,5,Отличная организация и приятная атмосфера.,positive,synthetic
FB_00988,VIS_02935,EV_0182,INST_015,3,Некоторые части программы понравились больше других.,neutral,synthetic
FB_00989,VIS_04726,EV_0212,INST_017,3,"В целом всё хорошо, но хотелось бы больше интерактива.",neutral,synthetic
FB_00990,VIS_00155,EV_0196,INST_017,5,Интересная программа и хороший формат.,positive,synthetic
FB_00991,VIS_04646,EV_0197,INST_017,3,"Мероприятие было интересным, но некоторые части можно улучшить.",neutral,synthetic
FB_00992,VIS_01766,EV_0089,INST_007,5,Отличная организация и приятная атмосфера.,positive,synthetic
FB_00993,VIS_03058,EV_0163,INST_014,3,"Мероприятие было интересным, но некоторые части можно улучшить.",neutral,synthetic
FB_00994,VIS_03835,EV_0018,INST_001,5,"Спасибо организаторам, всё прошло замечательно.",positive,synthetic
FB_00995,VIS_03967,EV_0118,INST_010,5,"Очень понравилось мероприятие, хочется прийти ещё.",positive,synthetic
FB_00996,VIS_00499,EV_0006,INST_001,5,"Очень понравилось мероприятие, хочется прийти ещё.",positive,synthetic
FB_00997,VIS_03507,EV_0094,INST_007,4,Отличная организация и приятная атмосфера.,positive,synthetic
FB_00998,VIS_03130,EV_0126,INST_011,5,"Спасибо организаторам, всё прошло замечательно.",positive,synthetic
FB_00999,VIS_00819,EV_0141,INST_012,5,"Спасибо организаторам, всё прошло замечательно.",positive,synthetic
FB_01000,VIS_01723,EV_0204,INST_017,5,Интересная программа и хороший формат.,positive,synthetic
FB_01001,VIS_01498,EV_0214,INST_017,4,"Очень понравилось мероприятие, хочется прийти ещё.",positive,synthetic
FB_01002,VIS_03163,EV_0144,INST_012,4,Интересная программа и хороший формат.,positive,synthetic
FB_01003,VIS_03835,EV_0103,INST_007,5,Отличная организация и приятная атмосфера.,positive,synthetic
FB_01004,VIS_00149,EV_0172,INST_014,3,Некоторые части программы понравились больше других.,neutral,synthetic
FB_01005,VIS_00544,EV_0207,INST_017,5,Отличная организация и приятная атмосфера.,positive,synthetic
FB_01006,VIS_00427,EV_0058,INST_006,4,"Спасибо организаторам, всё прошло замечательно.",positive,synthetic
FB_01007,VIS_00969,EV_0103,INST_007,3,Некоторые части программы понравились больше других.,neutral,synthetic
FB_01008,VIS_03531,EV_0012,INST_001,5,"Очень понравилось мероприятие, хочется прийти ещё.",positive,synthetic
FB_01009,VIS_03142,EV_0032,INST_002,5,"Спасибо организаторам, всё прошло замечательно.",positive,synthetic
FB_01010,VIS_00020,EV_0118,INST_010,5,"Очень понравилось мероприятие, хочется прийти ещё.",positive,synthetic
FB_01011,VIS_01566,EV_0064,INST_006,5,Интересная программа и хороший формат.,positive,synthetic
FB_01012,VIS_04764,EV_0183,INST_015,5,Отличная организация и приятная атмосфера.,positive,synthetic
FB_01013,VIS_01938,EV_0076,INST_006,3,"Мероприятие было интересным, но некоторые части можно улучшить.",neutral,synthetic
FB_01014,VIS_03854,EV_0186,INST_016,4,"Спасибо организаторам, всё прошло замечательно.",positive,synthetic
FB_01015,VIS_00874,EV_0165,INST_014,2,Мероприятие показалось слишком длинным.,negative,synthetic
FB_01016,VIS_03887,EV_0099,INST_007,2,Не хватило интерактивности и вовлечения.,negative,synthetic
FB_01017,VIS_04909,EV_0089,INST_007,4,Отличная организация и приятная атмосфера.,positive,synthetic
FB_01018,VIS_04142,EV_0128,INST_011,5,"Очень понравилось мероприятие, хочется прийти ещё.",positive,synthetic
FB_01019,VIS_00662,EV_0088,INST_007,5,Отличная организация и приятная атмосфера.,positive,synthetic
FB_01020,VIS_03667,EV_0082,INST_007,3,Некоторые части программы понравились больше других.,neutral,synthetic
FB_01021,VIS_02034,EV_0094,INST_007,3,Некоторые части программы понравились больше других.,neutral,synthetic
FB_01022,VIS_02662,EV_0159,INST_014,4,Отличная организация и приятная атмосфера.,positive,synthetic
FB_01023,VIS_01012,EV_0199,INST_017,4,"Спасибо организаторам, всё прошло замечательно.",positive,synthetic
FB_01024,VIS_01926,EV_0220,INST_018,4,Отличная организация и приятная атмосфера.,positive,synthetic
FB_01025,VIS_00575,EV_0206,INST_017,2,Мероприятие показалось слишком длинным.,negative,synthetic
FB_01026,VIS_02035,EV_0169,INST_014,5,Отличная организация и приятная атмосфера.,positive,synthetic
FB_01027,VIS_01891,EV_0159,INST_014,2,Не хватило интерактивности и вовлечения.,negative,synthetic
FB_01028,VIS_01103,EV_0199,INST_017,3,"В целом всё хорошо, но хотелось бы больше интерактива.",neutral,synthetic
FB_01029,VIS_03599,EV_0174,INST_014,4,Отличная организация и приятная атмосфера.,positive,synthetic
FB_01030,VIS_04845,EV_0105,INST_007,5,"Очень понравилось мероприятие, хочется прийти ещё.",positive,synthetic
FB_01031,VIS_01020,EV_0218,INST_018,5,"Спасибо организаторам, всё прошло замечательно.",positive,synthetic
FB_01032,VIS_03318,EV_0114,INST_009,4,Интересная программа и хороший формат.,positive,synthetic
FB_01033,VIS_01907,EV_0144,INST_012,1,Не хватило интерактивности и вовлечения.,negative,synthetic
FB_01034,VIS_01013,EV_0024,INST_001,3,"В целом всё хорошо, но хотелось бы больше интерактива.",neutral,synthetic
FB_01035,VIS_04279,EV_0144,INST_012,4,"Спасибо организаторам, всё прошло замечательно.",positive,synthetic
FB_01036,VIS_01242,EV_0144,INST_012,4,"Спасибо организаторам, всё прошло замечательно.",positive,synthetic
FB_01037,VIS_04100,EV_0222,INST_018,5,Отличная организация и приятная атмосфера.,positive,synthetic
FB_01038,VIS_04404,EV_0144,INST_012,5,Интересная программа и хороший формат.,positive,synthetic
FB_01039,VIS_02964,EV_0097,INST_007,5,Отличная организация и приятная атмосфера.,positive,synthetic
FB_01040,VIS_03001,EV_0222,INST_018,5,"Очень понравилось мероприятие, хочется прийти ещё.",positive,synthetic
FB_01041,VIS_03846,EV_0202,INST_017,2,Организацию можно было сделать лучше.,negative,synthetic
FB_01042,VIS_00689,EV_0159,INST_014,4,"Очень понравилось мероприятие, хочется прийти ещё.",positive,synthetic
FB_01043,VIS_02988,EV_0095,INST_007,3,Некоторые части программы понравились больше других.,neutral,synthetic
FB_01044,VIS_01789,EV_0088,INST_007,3,"Мероприятие было интересным, но некоторые части можно улучшить.",neutral,synthetic
FB_01045,VIS_03564,EV_0214,INST_017,5,"Очень понравилось мероприятие, хочется прийти ещё.",positive,synthetic
FB_01046,VIS_01745,EV_0167,INST_014,5,"Очень понравилось мероприятие, хочется прийти ещё.",positive,synthetic
FB_01047,VIS_03303,EV_0187,INST_017,5,Интересная программа и хороший формат.,positive,synthetic
FB_01048,VIS_00879,EV_0078,INST_006,5,"Спасибо организаторам, всё прошло замечательно.",positive,synthetic
FB_01049,VIS_03589,EV_0072,INST_006,5,"Очень понравилось мероприятие, хочется прийти ещё.",positive,synthetic
FB_01050,VIS_01197,EV_0146,INST_012,3,"В целом всё хорошо, но хотелось бы больше интерактива.",neutral,synthetic
FB_01051,VIS_02303,EV_0066,INST_006,4,"Спасибо организаторам, всё прошло замечательно.",positive,synthetic
FB_01052,VIS_01196,EV_0209,INST_017,5,"Спасибо организаторам, всё прошло замечательно.",positive,synthetic
FB_01053,VIS_00061,EV_0175,INST_014,5,"Очень понравилось мероприятие, хочется прийти ещё.",positive,synthetic
FB_01054,VIS_03800,EV_0064,INST_006,4,"Очень понравилось мероприятие, хочется прийти ещё.",positive,synthetic
FB_01055,VIS_01502,EV_0184,INST_015,5,Отличная организация и приятная атмосфера.,positive,synthetic
FB_01056,VIS_00557,EV_0175,INST_014,5,"Очень понравилось мероприятие, хочется прийти ещё.",positive,synthetic
FB_01057,VIS_00037,EV_0109,INST_009,5,"Спасибо организаторам, всё прошло замечательно.",positive,synthetic
FB_01058,VIS_01620,EV_0187,INST_017,2,Мероприятие показалось слишком длинным.,negative,synthetic
FB_01059,VIS_01475,EV_0069,INST_006,3,Некоторые части программы понравились больше других.,neutral,synthetic
FB_01060,VIS_03047,EV_0197,INST_017,3,"Мероприятие было интересным, но некоторые части можно улучшить.",neutral,synthetic
FB_01061,VIS_04075,EV_0182,INST_015,5,"Спасибо организаторам, всё прошло замечательно.",positive,synthetic
FB_01062,VIS_03112,EV_0224,INST_019,3,"Мероприятие было интересным, но некоторые части можно улучшить.",neutral,synthetic
FB_01063,VIS_00910,EV_0002,INST_001,5,Интересная программа и хороший формат.,positive,synthetic
FB_01064,VIS_03103,EV_0198,INST_017,4,Интересная программа и хороший формат.,positive,synthetic
FB_01065,VIS_03458,EV_0170,INST_014,3,"Мероприятие было интересным, но некоторые части можно улучшить.",neutral,synthetic
FB_01066,VIS_04539,EV_0030,INST_002,3,"Мероприятие было интересным, но некоторые части можно улучшить.",neutral,synthetic
FB_01067,VIS_00744,EV_0149,INST_012,5,"Спасибо организаторам, всё прошло замечательно.",positive,synthetic
FB_01068,VIS_02738,EV_0073,INST_006,5,Интересная программа и хороший формат.,positive,synthetic
FB_01069,VIS_03789,EV_0102,INST_007,5,"Очень понравилось мероприятие, хочется прийти ещё.",positive,synthetic
FB_01070,VIS_04639,EV_0090,INST_007,3,"Мероприятие было интересным, но некоторые части можно улучшить.",neutral,synthetic
FB_01071,VIS_04087,EV_0206,INST_017,4,"Очень понравилось мероприятие, хочется прийти ещё.",positive,synthetic
FB_01072,VIS_03509,EV_0112,INST_009,5,Отличная организация и приятная атмосфера.,positive,synthetic
FB_01073,VIS_03515,EV_0198,INST_017,5,"Очень понравилось мероприятие, хочется прийти ещё.",positive,synthetic
FB_01074,VIS_01525,EV_0197,INST_017,4,Интересная программа и хороший формат.,positive,synthetic
FB_01075,VIS_00676,EV_0170,INST_014,5,"Очень понравилось мероприятие, хочется прийти ещё.",positive,synthetic
FB_01076,VIS_00529,EV_0013,INST_001,5,Отличная организация и приятная атмосфера.,positive,synthetic
FB_01077,VIS_00421,EV_0077,INST_006,4,"Очень понравилось мероприятие, хочется прийти ещё.",positive,synthetic
FB_01078,VIS_01479,EV_0113,INST_009,3,"Мероприятие было интересным, но некоторые части можно улучшить.",neutral,synthetic
FB_01079,VIS_04442,EV_0140,INST_012,5,"Спасибо организаторам, всё прошло замечательно.",positive,synthetic
FB_01080,VIS_01720,EV_0019,INST_001,3,Некоторые части программы понравились больше других.,neutral,synthetic
FB_01081,VIS_02275,EV_0068,INST_006,3,Некоторые части программы понравились больше других.,neutral,synthetic
FB_01082,VIS_02721,EV_0198,INST_017,5,"Спасибо организаторам, всё прошло замечательно.",positive,synthetic
FB_01083,VIS_04219,EV_0171,INST_014,5,"Очень понравилось мероприятие, хочется прийти ещё.",positive,synthetic
FB_01084,VIS_01118,EV_0191,INST_017,5,Интересная программа и хороший формат.,positive,synthetic
FB_01085,VIS_01347,EV_0212,INST_017,5,Отличная организация и приятная атмосфера.,positive,synthetic
FB_01086,VIS_03486,EV_0005,INST_001,5,Отличная организация и приятная атмосфера.,positive,synthetic
FB_01087,VIS_00180,EV_0144,INST_012,2,Не хватило интерактивности и вовлечения.,negative,synthetic
FB_01088,VIS_00967,EV_0103,INST_007,4,Интересная программа и хороший формат.,positive,synthetic
FB_01089,VIS_01371,EV_0003,INST_001,4,"Очень понравилось мероприятие, хочется прийти ещё.",positive,synthetic
FB_01090,VIS_00108,EV_0043,INST_004,1,Организацию можно было сделать лучше.,negative,synthetic
FB_01091,VIS_02944,EV_0172,INST_014,5,Отличная организация и приятная атмосфера.,positive,synthetic
FB_01092,VIS_04619,EV_0016,INST_001,4,Интересная программа и хороший формат.,positive,synthetic
FB_01093,VIS_01396,EV_0099,INST_007,3,"Мероприятие было интересным, но некоторые части можно улучшить.",neutral,synthetic
FB_01094,VIS_03173,EV_0098,INST_007,5,"Спасибо организаторам, всё прошло замечательно.",positive,synthetic
FB_01095,VIS_00378,EV_0082,INST_007,4,Отличная организация и приятная атмосфера.,positive,synthetic
FB_01096,VIS_02343,EV_0124,INST_011,4,"Спасибо организаторам, всё прошло замечательно.",positive,synthetic
FB_01097,VIS_01231,EV_0139,INST_012,2,Организацию можно было сделать лучше.,negative,synthetic
FB_01098,VIS_04857,EV_0088,INST_007,5,Интересная программа и хороший формат.,positive,synthetic
FB_01099,VIS_00064,EV_0156,INST_014,5,Интересная программа и хороший формат.,positive,synthetic
FB_01100,VIS_02559,EV_0147,INST_012,3,"Мероприятие было интересным, но некоторые части можно улучшить.",neutral,synthetic
FB_01101,VIS_00488,EV_0117,INST_009,4,"Спасибо организаторам, всё прошло замечательно.",positive,synthetic
FB_01102,VIS_04396,EV_0194,INST_017,4,"Спасибо организаторам, всё прошло замечательно.",positive,synthetic
FB_01103,VIS_02875,EV_0118,INST_010,5,Интересная программа и хороший формат.,positive,synthetic
FB_01104,VIS_00750,EV_0181,INST_014,2,Мероприятие показалось слишком длинным.,negative,synthetic
FB_01105,VIS_03442,EV_0185,INST_016,5,"Спасибо организаторам, всё прошло замечательно.",positive,synthetic
FB_01106,VIS_01002,EV_0022,INST_001,5,"Спасибо организаторам, всё прошло замечательно.",positive,synthetic
FB_01107,VIS_03505,EV_0027,INST_002,4,"Очень понравилось мероприятие, хочется прийти ещё.",positive,synthetic
FB_01108,VIS_03547,EV_0172,INST_014,5,Интересная программа и хороший формат.,positive,synthetic
FB_01109,VIS_01872,EV_0007,INST_001,2,Не хватило интерактивности и вовлечения.,negative,synthetic
FB_01110,VIS_00859,EV_0209,INST_017,5,"Очень понравилось мероприятие, хочется прийти ещё.",positive,synthetic
FB_01111,VIS_00135,EV_0018,INST_001,5,Отличная организация и приятная атмосфера.,positive,synthetic
FB_01112,VIS_01005,EV_0097,INST_007,5,"Очень понравилось мероприятие, хочется прийти ещё.",positive,synthetic
FB_01113,VIS_04658,EV_0177,INST_014,5,"Очень понравилось мероприятие, хочется прийти ещё.",positive,synthetic
FB_01114,VIS_01786,EV_0055,INST_005,3,Некоторые части программы понравились больше других.,neutral,synthetic
FB_01115,VIS_01191,EV_0157,INST_014,4,"Спасибо организаторам, всё прошло замечательно.",positive,synthetic
FB_01116,VIS_02171,EV_0049,INST_005,3,"В целом всё хорошо, но хотелось бы больше интерактива.",neutral,synthetic
FB_01117,VIS_01935,EV_0183,INST_015,5,"Спасибо организаторам, всё прошло замечательно.",positive,synthetic
FB_01118,VIS_03230,EV_0055,INST_005,4,"Спасибо организаторам, всё прошло замечательно.",positive,synthetic
FB_01119,VIS_03301,EV_0212,INST_017,5,"Очень понравилось мероприятие, хочется прийти ещё.",positive,synthetic
FB_01120,VIS_03738,EV_0194,INST_017,3,"Мероприятие было интересным, но некоторые части можно улучшить.",neutral,synthetic
FB_01121,VIS_02926,EV_0159,INST_014,5,"Очень понравилось мероприятие, хочется прийти ещё.",positive,synthetic
FB_01122,VIS_03915,EV_0212,INST_017,5,Отличная организация и приятная атмосфера.,positive,synthetic
FB_01123,VIS_03905,EV_0188,INST_017,4,"Спасибо организаторам, всё прошло замечательно.",positive,synthetic
FB_01124,VIS_04749,EV_0106,INST_007,4,Интересная программа и хороший формат.,positive,synthetic
FB_01125,VIS_01696,EV_0034,INST_002,5,Отличная организация и приятная атмосфера.,positive,synthetic
FB_01126,VIS_01815,EV_0225,INST_019,1,Организацию можно было сделать лучше.,negative,synthetic
FB_01127,VIS_02574,EV_0141,INST_012,4,"Очень понравилось мероприятие, хочется прийти ещё.",positive,synthetic
FB_01128,VIS_00086,EV_0193,INST_017,5,"Спасибо организаторам, всё прошло замечательно.",positive,synthetic
FB_01129,VIS_02823,EV_0164,INST_014,5,"Очень понравилось мероприятие, хочется прийти ещё.",positive,synthetic
FB_01130,VIS_00526,EV_0118,INST_010,5,Отличная организация и приятная атмосфера.,positive,synthetic
FB_01131,VIS_04613,EV_0008,INST_001,4,Интересная программа и хороший формат.,positive,synthetic
FB_01132,VIS_04991,EV_0205,INST_017,5,Отличная организация и приятная атмосфера.,positive,synthetic
FB_01133,VIS_04440,EV_0165,INST_014,4,"Спасибо организаторам, всё прошло замечательно.",positive,synthetic
FB_01134,VIS_02793,EV_0054,INST_005,5,Отличная организация и приятная атмосфера.,positive,synthetic
FB_01135,VIS_04125,EV_0103,INST_007,5,Интересная программа и хороший формат.,positive,synthetic
FB_01136,VIS_03996,EV_0037,INST_003,4,Интересная программа и хороший формат.,positive,synthetic
FB_01137,VIS_02757,EV_0196,INST_017,2,Не хватило интерактивности и вовлечения.,negative,synthetic
FB_01138,VIS_04642,EV_0014,INST_001,4,Интересная программа и хороший формат.,positive,synthetic
FB_01139,VIS_03529,EV_0186,INST_016,5,"Очень понравилось мероприятие, хочется прийти ещё.",positive,synthetic
FB_01140,VIS_00063,EV_0170,INST_014,5,"Очень понравилось мероприятие, хочется прийти ещё.",positive,synthetic
FB_01141,VIS_03241,EV_0222,INST_018,3,"Мероприятие было интересным, но некоторые части можно улучшить.",neutral,synthetic
FB_01142,VIS_02342,EV_0182,INST_015,3,Некоторые части программы понравились больше других.,neutral,synthetic
FB_01143,VIS_01665,EV_0079,INST_007,5,"Спасибо организаторам, всё прошло замечательно.",positive,synthetic
FB_01144,VIS_02150,EV_0027,INST_002,5,"Очень понравилось мероприятие, хочется прийти ещё.",positive,synthetic
FB_01145,VIS_00273,EV_0224,INST_019,5,"Очень понравилось мероприятие, хочется прийти ещё.",positive,synthetic
FB_01146,VIS_00768,EV_0003,INST_001,5,Интересная программа и хороший формат.,positive,synthetic
FB_01147,VIS_04597,EV_0182,INST_015,3,"В целом всё хорошо, но хотелось бы больше интерактива.",neutral,synthetic
FB_01148,VIS_01568,EV_0080,INST_007,5,"Спасибо организаторам, всё прошло замечательно.",positive,synthetic
FB_01149,VIS_01545,EV_0206,INST_017,5,"Очень понравилось мероприятие, хочется прийти ещё.",positive,synthetic
FB_01150,VIS_00900,EV_0212,INST_017,3,"Мероприятие было интересным, но некоторые части можно улучшить.",neutral,synthetic
FB_01151,VIS_01489,EV_0089,INST_007,4,"Спасибо организаторам, всё прошло замечательно.",positive,synthetic
FB_01152,VIS_04569,EV_0102,INST_007,4,Отличная организация и приятная атмосфера.,positive,synthetic
FB_01153,VIS_00245,EV_0085,INST_007,3,Некоторые части программы понравились больше других.,neutral,synthetic
FB_01154,VIS_00793,EV_0092,INST_007,5,"Спасибо организаторам, всё прошло замечательно.",positive,synthetic
FB_01155,VIS_00420,EV_0214,INST_017,3,"В целом всё хорошо, но хотелось бы больше интерактива.",neutral,synthetic
FB_01156,VIS_02865,EV_0171,INST_014,4,Интересная программа и хороший формат.,positive,synthetic
FB_01157,VIS_01404,EV_0043,INST_004,4,"Очень понравилось мероприятие, хочется прийти ещё.",positive,synthetic
FB_01158,VIS_00812,EV_0133,INST_011,3,"Мероприятие было интересным, но некоторые части можно улучшить.",neutral,synthetic
FB_01159,VIS_01503,EV_0217,INST_018,3,Некоторые части программы понравились больше других.,neutral,synthetic
FB_01160,VIS_02783,EV_0144,INST_012,5,Интересная программа и хороший формат.,positive,synthetic
FB_01161,VIS_04916,EV_0078,INST_006,4,"Спасибо организаторам, всё прошло замечательно.",positive,synthetic
FB_01162,VIS_02709,EV_0199,INST_017,3,"Мероприятие было интересным, но некоторые части можно улучшить.",neutral,synthetic
FB_01163,VIS_03948,EV_0016,INST_001,3,"Мероприятие было интересным, но некоторые части можно улучшить.",neutral,synthetic
FB_01164,VIS_02567,EV_0047,INST_004,4,Отличная организация и приятная атмосфера.,positive,synthetic
FB_01165,VIS_01923,EV_0217,INST_018,5,Отличная организация и приятная атмосфера.,positive,synthetic
FB_01166,VIS_01875,EV_0085,INST_007,5,"Спасибо организаторам, всё прошло замечательно.",positive,synthetic
FB_01167,VIS_00278,EV_0097,INST_007,2,Организацию можно было сделать лучше.,negative,synthetic
FB_01168,VIS_02959,EV_0182,INST_015,5,Отличная организация и приятная атмосфера.,positive,synthetic
FB_01169,VIS_02459,EV_0199,INST_017,5,Интересная программа и хороший формат.,positive,synthetic
FB_01170,VIS_02033,EV_0096,INST_007,1,Не хватило интерактивности и вовлечения.,negative,synthetic
FB_01171,VIS_00151,EV_0057,INST_006,5,Интересная программа и хороший формат.,positive,synthetic
FB_01172,VIS_02134,EV_0174,INST_014,5,"Очень понравилось мероприятие, хочется прийти ещё.",positive,synthetic
FB_01173,VIS_03017,EV_0098,INST_007,5,"Очень понравилось мероприятие, хочется прийти ещё.",positive,synthetic
FB_01174,VIS_00623,EV_0158,INST_014,2,Мероприятие показалось слишком длинным.,negative,synthetic
FB_01175,VIS_03707,EV_0198,INST_017,4,"Очень понравилось мероприятие, хочется прийти ещё.",positive,synthetic
FB_01176,VIS_01111,EV_0123,INST_010,4,Отличная организация и приятная атмосфера.,positive,synthetic
FB_01177,VIS_01975,EV_0028,INST_002,4,"Очень понравилось мероприятие, хочется прийти ещё.",positive,synthetic
FB_01178,VIS_01706,EV_0134,INST_011,3,"Мероприятие было интересным, но некоторые части можно улучшить.",neutral,synthetic
FB_01179,VIS_01496,EV_0202,INST_017,4,Интересная программа и хороший формат.,positive,synthetic
FB_01180,VIS_00867,EV_0017,INST_001,2,Мероприятие показалось слишком длинным.,negative,synthetic
FB_01181,VIS_04981,EV_0187,INST_017,3,"В целом всё хорошо, но хотелось бы больше интерактива.",neutral,synthetic
FB_01182,VIS_00714,EV_0151,INST_014,4,Интересная программа и хороший формат.,positive,synthetic
FB_01183,VIS_00677,EV_0050,INST_005,5,"Спасибо организаторам, всё прошло замечательно.",positive,synthetic
FB_01184,VIS_02203,EV_0171,INST_014,4,"Очень понравилось мероприятие, хочется прийти ещё.",positive,synthetic
FB_01185,VIS_04516,EV_0202,INST_017,4,Отличная организация и приятная атмосфера.,positive,synthetic
FB_01186,VIS_04082,EV_0053,INST_005,5,Интересная программа и хороший формат.,positive,synthetic
FB_01187,VIS_01372,EV_0205,INST_017,3,"Мероприятие было интересным, но некоторые части можно улучшить.",neutral,synthetic
FB_01188,VIS_03463,EV_0048,INST_004,5,"Спасибо организаторам, всё прошло замечательно.",positive,synthetic
FB_01189,VIS_04263,EV_0181,INST_014,4,"Спасибо организаторам, всё прошло замечательно.",positive,synthetic
FB_01190,VIS_00674,EV_0165,INST_014,4,Интересная программа и хороший формат.,positive,synthetic
FB_01191,VIS_03642,EV_0196,INST_017,2,Мероприятие показалось слишком длинным.,negative,synthetic
FB_01192,VIS_02775,EV_0055,INST_005,5,Отличная организация и приятная атмосфера.,positive,synthetic
FB_01193,VIS_03476,EV_0224,INST_019,5,"Очень понравилось мероприятие, хочется прийти ещё.",positive,synthetic
FB_01194,VIS_02899,EV_0060,INST_006,2,Не хватило интерактивности и вовлечения.,negative,synthetic
FB_01195,VIS_02576,EV_0020,INST_001,3,Некоторые части программы понравились больше других.,neutral,synthetic
FB_01196,VIS_04576,EV_0141,INST_012,3,Некоторые части программы понравились больше других.,neutral,synthetic
FB_01197,VIS_00913,EV_0002,INST_001,3,Некоторые части программы понравились больше других.,neutral,synthetic
FB_01198,VIS_03447,EV_0157,INST_014,3,Некоторые части программы понравились больше других.,neutral,synthetic
FB_01199,VIS_04865,EV_0182,INST_015,5,Интересная программа и хороший формат.,positive,synthetic
FB_01200,VIS_04990,EV_0200,INST_017,3,"Мероприятие было интересным, но некоторые части можно улучшить.",neutral,synthetic
FB_01201,VIS_01028,EV_0113,INST_009,5,Интересная программа и хороший формат.,positive,synthetic
FB_01202,VIS_00827,EV_0001,INST_001,4,Интересная программа и хороший формат.,positive,synthetic
FB_01203,VIS_02335,EV_0123,INST_010,5,"Очень понравилось мероприятие, хочется прийти ещё.",positive,synthetic
FB_01204,VIS_01393,EV_0188,INST_017,4,Отличная организация и приятная атмосфера.,positive,synthetic
FB_01205,VIS_00247,EV_0043,INST_004,4,"Очень понравилось мероприятие, хочется прийти ещё.",positive,synthetic
FB_01206,VIS_02873,EV_0019,INST_001,3,Некоторые части программы понравились больше других.,neutral,synthetic
FB_01207,VIS_04218,EV_0021,INST_001,4,Отличная организация и приятная атмосфера.,positive,synthetic
FB_01208,VIS_03507,EV_0099,INST_007,4,"Спасибо организаторам, всё прошло замечательно.",positive,synthetic
FB_01209,VIS_01349,EV_0202,INST_017,1,Не хватило интерактивности и вовлечения.,negative,synthetic
FB_01210,VIS_03672,EV_0143,INST_012,3,"Мероприятие было интересным, но некоторые части можно улучшить.",neutral,synthetic
FB_01211,VIS_04357,EV_0083,INST_007,5,"Очень понравилось мероприятие, хочется прийти ещё.",positive,synthetic
FB_01212,VIS_00046,EV_0069,INST_006,4,Отличная организация и приятная атмосфера.,positive,synthetic
FB_01213,VIS_02192,EV_0078,INST_006,4,"Очень понравилось мероприятие, хочется прийти ещё.",positive,synthetic
FB_01214,VIS_04344,EV_0148,INST_012,3,"Мероприятие было интересным, но некоторые части можно улучшить.",neutral,synthetic
FB_01215,VIS_01339,EV_0080,INST_007,2,Не хватило интерактивности и вовлечения.,negative,synthetic
FB_01216,VIS_00155,EV_0211,INST_017,3,"Мероприятие было интересным, но некоторые части можно улучшить.",neutral,synthetic
FB_01217,VIS_04005,EV_0182,INST_015,4,Интересная программа и хороший формат.,positive,synthetic
FB_01218,VIS_02904,EV_0095,INST_007,5,Интересная программа и хороший формат.,positive,synthetic
FB_01219,VIS_04949,EV_0192,INST_017,2,Не хватило интерактивности и вовлечения.,negative,synthetic
FB_01220,VIS_04087,EV_0220,INST_018,5,"Спасибо организаторам, всё прошло замечательно.",positive,synthetic
FB_01221,VIS_04894,EV_0085,INST_007,2,Организацию можно было сделать лучше.,negative,synthetic
FB_01222,VIS_01754,EV_0189,INST_017,3,"В целом всё хорошо, но хотелось бы больше интерактива.",neutral,synthetic
FB_01223,VIS_00650,EV_0091,INST_007,4,Интересная программа и хороший формат.,positive,synthetic
FB_01224,VIS_00287,EV_0080,INST_007,5,"Спасибо организаторам, всё прошло замечательно.",positive,synthetic
FB_01225,VIS_01100,EV_0118,INST_010,3,"В целом всё хорошо, но хотелось бы больше интерактива.",neutral,synthetic
FB_01226,VIS_01528,EV_0183,INST_015,5,Интересная программа и хороший формат.,positive,synthetic
FB_01227,VIS_02848,EV_0194,INST_017,5,"Спасибо организаторам, всё прошло замечательно.",positive,synthetic
FB_01228,VIS_01128,EV_0045,INST_004,5,Интересная программа и хороший формат.,positive,synthetic
FB_01229,VIS_01465,EV_0198,INST_017,4,"Очень понравилось мероприятие, хочется прийти ещё.",positive,synthetic
FB_01230,VIS_02850,EV_0053,INST_005,2,Не хватило интерактивности и вовлечения.,negative,synthetic
FB_01231,VIS_00661,EV_0171,INST_014,5,"Спасибо организаторам, всё прошло замечательно.",positive,synthetic
FB_01232,VIS_00188,EV_0029,INST_002,5,Интересная программа и хороший формат.,positive,synthetic
FB_01233,VIS_04657,EV_0043,INST_004,4,"Спасибо организаторам, всё прошло замечательно.",positive,synthetic
FB_01234,VIS_04463,EV_0042,INST_004,4,"Спасибо организаторам, всё прошло замечательно.",positive,synthetic
FB_01235,VIS_01269,EV_0118,INST_010,3,"Мероприятие было интересным, но некоторые части можно улучшить.",neutral,synthetic
FB_01236,VIS_03563,EV_0123,INST_010,5,"Очень понравилось мероприятие, хочется прийти ещё.",positive,synthetic
FB_01237,VIS_01217,EV_0190,INST_017,3,"В целом всё хорошо, но хотелось бы больше интерактива.",neutral,synthetic
FB_01238,VIS_04133,EV_0209,INST_017,1,Не хватило интерактивности и вовлечения.,negative,synthetic
FB_01239,VIS_04985,EV_0039,INST_003,4,"Спасибо организаторам, всё прошло замечательно.",positive,synthetic
FB_01240,VIS_03805,EV_0168,INST_014,3,Некоторые части программы понравились больше других.,neutral,synthetic
FB_01241,VIS_03100,EV_0201,INST_017,3,"Мероприятие было интересным, но некоторые части можно улучшить.",neutral,synthetic
FB_01242,VIS_02899,EV_0076,INST_006,5,Интересная программа и хороший формат.,positive,synthetic
FB_01243,VIS_00767,EV_0212,INST_017,3,"В целом всё хорошо, но хотелось бы больше интерактива.",neutral,synthetic
FB_01244,VIS_01682,EV_0174,INST_014,5,"Спасибо организаторам, всё прошло замечательно.",positive,synthetic
FB_01245,VIS_02422,EV_0220,INST_018,5,Интересная программа и хороший формат.,positive,synthetic
FB_01246,VIS_03749,EV_0169,INST_014,3,"В целом всё хорошо, но хотелось бы больше интерактива.",neutral,synthetic
FB_01247,VIS_03582,EV_0038,INST_003,3,Некоторые части программы понравились больше других.,neutral,synthetic
FB_01248,VIS_01106,EV_0182,INST_015,3,Некоторые части программы понравились больше других.,neutral,synthetic
FB_01249,VIS_02396,EV_0018,INST_001,2,Организацию можно было сделать лучше.,negative,synthetic
FB_01250,VIS_04470,EV_0220,INST_018,2,Организацию можно было сделать лучше.,negative,synthetic
FB_01251,VIS_03533,EV_0175,INST_014,3,"В целом всё хорошо, но хотелось бы больше интерактива.",neutral,synthetic
FB_01252,VIS_04597,EV_0183,INST_015,5,"Спасибо организаторам, всё прошло замечательно.",positive,synthetic
FB_01253,VIS_04710,EV_0024,INST_001,3,Некоторые части программы понравились больше других.,neutral,synthetic
FB_01254,VIS_03724,EV_0134,INST_011,3,"В целом всё хорошо, но хотелось бы больше интерактива.",neutral,synthetic
FB_01255,VIS_01345,EV_0110,INST_009,1,Мероприятие показалось слишком длинным.,negative,synthetic
FB_01256,VIS_00217,EV_0134,INST_011,5,Отличная организация и приятная атмосфера.,positive,synthetic
FB_01257,VIS_02486,EV_0026,INST_002,3,Некоторые части программы понравились больше других.,neutral,synthetic
FB_01258,VIS_00433,EV_0156,INST_014,4,Интересная программа и хороший формат.,positive,synthetic
FB_01259,VIS_01548,EV_0124,INST_011,4,Интересная программа и хороший формат.,positive,synthetic
FB_01260,VIS_04910,EV_0008,INST_001,5,"Спасибо организаторам, всё прошло замечательно.",positive,synthetic
FB_01261,VIS_04419,EV_0069,INST_006,5,"Очень понравилось мероприятие, хочется прийти ещё.",positive,synthetic
FB_01262,VIS_02480,EV_0161,INST_014,5,"Спасибо организаторам, всё прошло замечательно.",positive,synthetic
FB_01263,VIS_03130,EV_0134,INST_011,5,Интересная программа и хороший формат.,positive,synthetic
FB_01264,VIS_00005,EV_0102,INST_007,5,Интересная программа и хороший формат.,positive,synthetic
FB_01265,VIS_01817,EV_0087,INST_007,3,Некоторые части программы понравились больше других.,neutral,synthetic
FB_01266,VIS_03772,EV_0189,INST_017,5,Отличная организация и приятная атмосфера.,positive,synthetic
FB_01267,VIS_02536,EV_0202,INST_017,3,"Мероприятие было интересным, но некоторые части можно улучшить.",neutral,synthetic
FB_01268,VIS_02523,EV_0211,INST_017,3,"Мероприятие было интересным, но некоторые части можно улучшить.",neutral,synthetic
FB_01269,VIS_01280,EV_0169,INST_014,5,"Спасибо организаторам, всё прошло замечательно.",positive,synthetic
FB_01270,VIS_00536,EV_0118,INST_010,5,"Спасибо организаторам, всё прошло замечательно.",positive,synthetic
FB_01271,VIS_04559,EV_0099,INST_007,5,"Очень понравилось мероприятие, хочется прийти ещё.",positive,synthetic
FB_01272,VIS_01506,EV_0209,INST_017,2,Мероприятие показалось слишком длинным.,negative,synthetic
FB_01273,VIS_00038,EV_0209,INST_017,5,Отличная организация и приятная атмосфера.,positive,synthetic
FB_01274,VIS_04535,EV_0164,INST_014,5,Отличная организация и приятная атмосфера.,positive,synthetic
FB_01275,VIS_04151,EV_0206,INST_017,5,"Спасибо организаторам, всё прошло замечательно.",positive,synthetic
FB_01276,VIS_03853,EV_0048,INST_004,5,Отличная организация и приятная атмосфера.,positive,synthetic
FB_01277,VIS_01866,EV_0201,INST_017,4,"Очень понравилось мероприятие, хочется прийти ещё.",positive,synthetic
FB_01278,VIS_02721,EV_0111,INST_009,2,Мероприятие показалось слишком длинным.,negative,synthetic
FB_01279,VIS_04401,EV_0156,INST_014,3,"Мероприятие было интересным, но некоторые части можно улучшить.",neutral,synthetic
FB_01280,VIS_02454,EV_0218,INST_018,4,"Спасибо организаторам, всё прошло замечательно.",positive,synthetic
FB_01281,VIS_02635,EV_0088,INST_007,3,"Мероприятие было интересным, но некоторые части можно улучшить.",neutral,synthetic
FB_01282,VIS_00079,EV_0174,INST_014,5,Интересная программа и хороший формат.,positive,synthetic
FB_01283,VIS_03868,EV_0026,INST_002,5,Отличная организация и приятная атмосфера.,positive,synthetic
FB_01284,VIS_03050,EV_0010,INST_001,3,Некоторые части программы понравились больше других.,neutral,synthetic
FB_01285,VIS_04397,EV_0160,INST_014,1,Организацию можно было сделать лучше.,negative,synthetic
FB_01286,VIS_04208,EV_0078,INST_006,4,Отличная организация и приятная атмосфера.,positive,synthetic
FB_01287,VIS_02061,EV_0104,INST_007,3,Некоторые части программы понравились больше других.,neutral,synthetic
FB_01288,VIS_00291,EV_0196,INST_017,5,Интересная программа и хороший формат.,positive,synthetic
FB_01289,VIS_04169,EV_0217,INST_018,5,"Очень понравилось мероприятие, хочется прийти ещё.",positive,synthetic
FB_01290,VIS_01707,EV_0059,INST_006,5,"Очень понравилось мероприятие, хочется прийти ещё.",positive,synthetic
FB_01291,VIS_00124,EV_0087,INST_007,3,Некоторые части программы понравились больше других.,neutral,synthetic
FB_01292,VIS_03310,EV_0201,INST_017,3,Некоторые части программы понравились больше других.,neutral,synthetic
FB_01293,VIS_00064,EV_0179,INST_014,5,Отличная организация и приятная атмосфера.,positive,synthetic
FB_01294,VIS_03809,EV_0017,INST_001,5,Интересная программа и хороший формат.,positive,synthetic
FB_01295,VIS_03935,EV_0002,INST_001,5,Отличная организация и приятная атмосфера.,positive,synthetic
FB_01296,VIS_04275,EV_0199,INST_017,5,Отличная организация и приятная атмосфера.,positive,synthetic
FB_01297,VIS_03154,EV_0183,INST_015,5,"Спасибо организаторам, всё прошло замечательно.",positive,synthetic
FB_01298,VIS_04926,EV_0050,INST_005,5,Интересная программа и хороший формат.,positive,synthetic
FB_01299,VIS_04855,EV_0156,INST_014,5,Интересная программа и хороший формат.,positive,synthetic
FB_01300,VIS_04947,EV_0017,INST_001,5,Отличная организация и приятная атмосфера.,positive,synthetic
FB_01301,VIS_01054,EV_0224,INST_019,5,"Спасибо организаторам, всё прошло замечательно.",positive,synthetic
FB_01302,VIS_04489,EV_0206,INST_017,4,"Очень понравилось мероприятие, хочется прийти ещё.",positive,synthetic
FB_01303,VIS_00690,EV_0040,INST_003,5,Интересная программа и хороший формат.,positive,synthetic
FB_01304,VIS_00111,EV_0118,INST_010,5,Интересная программа и хороший формат.,positive,synthetic
FB_01305,VIS_02455,EV_0198,INST_017,2,Не хватило интерактивности и вовлечения.,negative,synthetic
FB_01306,VIS_03880,EV_0117,INST_009,5,"Очень понравилось мероприятие, хочется прийти ещё.",positive,synthetic
FB_01307,VIS_03271,EV_0170,INST_014,1,Не хватило интерактивности и вовлечения.,negative,synthetic
FB_01308,VIS_01414,EV_0003,INST_001,5,Отличная организация и приятная атмосфера.,positive,synthetic
FB_01309,VIS_00773,EV_0128,INST_011,3,Некоторые части программы понравились больше других.,neutral,synthetic
FB_01310,VIS_03915,EV_0187,INST_017,4,"Спасибо организаторам, всё прошло замечательно.",positive,synthetic
FB_01311,VIS_00081,EV_0005,INST_001,1,Не хватило интерактивности и вовлечения.,negative,synthetic
FB_01312,VIS_00997,EV_0081,INST_007,3,"Мероприятие было интересным, но некоторые части можно улучшить.",neutral,synthetic
FB_01313,VIS_00314,EV_0224,INST_019,4,"Очень понравилось мероприятие, хочется прийти ещё.",positive,synthetic
FB_01314,VIS_01075,EV_0070,INST_006,3,"В целом всё хорошо, но хотелось бы больше интерактива.",neutral,synthetic
FB_01315,VIS_00737,EV_0001,INST_001,5,"Спасибо организаторам, всё прошло замечательно.",positive,synthetic
FB_01316,VIS_00656,EV_0120,INST_010,3,"В целом всё хорошо, но хотелось бы больше интерактива.",neutral,synthetic
FB_01317,VIS_00465,EV_0068,INST_006,3,"В целом всё хорошо, но хотелось бы больше интерактива.",neutral,synthetic
FB_01318,VIS_02120,EV_0012,INST_001,5,"Очень понравилось мероприятие, хочется прийти ещё.",positive,synthetic
FB_01319,VIS_00717,EV_0008,INST_001,5,Отличная организация и приятная атмосфера.,positive,synthetic
FB_01320,VIS_03906,EV_0068,INST_006,5,Отличная организация и приятная атмосфера.,positive,synthetic
FB_01321,VIS_04907,EV_0211,INST_017,5,"Спасибо организаторам, всё прошло замечательно.",positive,synthetic
FB_01322,VIS_03426,EV_0032,INST_002,5,Отличная организация и приятная атмосфера.,positive,synthetic
FB_01323,VIS_01614,EV_0049,INST_005,4,Интересная программа и хороший формат.,positive,synthetic
FB_01324,VIS_02378,EV_0124,INST_011,3,"Мероприятие было интересным, но некоторые части можно улучшить.",neutral,synthetic
FB_01325,VIS_02272,EV_0140,INST_012,4,"Очень понравилось мероприятие, хочется прийти ещё.",positive,synthetic
FB_01326,VIS_02805,EV_0064,INST_006,3,Некоторые части программы понравились больше других.,neutral,synthetic
FB_01327,VIS_04799,EV_0087,INST_007,5,Отличная организация и приятная атмосфера.,positive,synthetic
FB_01328,VIS_02845,EV_0157,INST_014,5,Отличная организация и приятная атмосфера.,positive,synthetic
FB_01329,VIS_01470,EV_0036,INST_003,3,"Мероприятие было интересным, но некоторые части можно улучшить.",neutral,synthetic
FB_01330,VIS_04058,EV_0208,INST_017,4,"Спасибо организаторам, всё прошло замечательно.",positive,synthetic
FB_01331,VIS_03553,EV_0060,INST_006,3,"Мероприятие было интересным, но некоторые части можно улучшить.",neutral,synthetic
FB_01332,VIS_00283,EV_0002,INST_001,3,"В целом всё хорошо, но хотелось бы больше интерактива.",neutral,synthetic
FB_01333,VIS_02420,EV_0077,INST_006,5,"Очень понравилось мероприятие, хочется прийти ещё.",positive,synthetic
FB_01334,VIS_04365,EV_0044,INST_004,5,Интересная программа и хороший формат.,positive,synthetic
FB_01335,VIS_04819,EV_0061,INST_006,4,Отличная организация и приятная атмосфера.,positive,synthetic
FB_01336,VIS_03029,EV_0174,INST_014,4,Интересная программа и хороший формат.,positive,synthetic
FB_01337,VIS_02333,EV_0115,INST_009,3,Некоторые части программы понравились больше других.,neutral,synthetic
FB_01338,VIS_00533,EV_0136,INST_011,5,"Спасибо организаторам, всё прошло замечательно.",positive,synthetic
FB_01339,VIS_02338,EV_0028,INST_002,3,"В целом всё хорошо, но хотелось бы больше интерактива.",neutral,synthetic
FB_01340,VIS_00163,EV_0170,INST_014,5,Интересная программа и хороший формат.,positive,synthetic
FB_01341,VIS_03829,EV_0155,INST_014,3,"В целом всё хорошо, но хотелось бы больше интерактива.",neutral,synthetic
FB_01342,VIS_04569,EV_0058,INST_006,4,Отличная организация и приятная атмосфера.,positive,synthetic
FB_01343,VIS_01308,EV_0046,INST_004,4,Отличная организация и приятная атмосфера.,positive,synthetic
FB_01344,VIS_04312,EV_0183,INST_015,5,"Очень понравилось мероприятие, хочется прийти ещё.",positive,synthetic
FB_01345,VIS_04172,EV_0180,INST_014,4,"Спасибо организаторам, всё прошло замечательно.",positive,synthetic
FB_01346,VIS_00903,EV_0067,INST_006,3,"В целом всё хорошо, но хотелось бы больше интерактива.",neutral,synthetic
FB_01347,VIS_02409,EV_0026,INST_002,5,"Очень понравилось мероприятие, хочется прийти ещё.",positive,synthetic
FB_01348,VIS_02910,EV_0157,INST_014,5,Отличная организация и приятная атмосфера.,positive,synthetic
FB_01349,VIS_03631,EV_0064,INST_006,4,Интересная программа и хороший формат.,positive,synthetic
FB_01350,VIS_02160,EV_0032,INST_002,5,Интересная программа и хороший формат.,positive,synthetic
FB_01351,VIS_01416,EV_0208,INST_017,3,Некоторые части программы понравились больше других.,neutral,synthetic
FB_01352,VIS_04810,EV_0141,INST_012,5,"Спасибо организаторам, всё прошло замечательно.",positive,synthetic
FB_01353,VIS_04484,EV_0022,INST_001,5,Интересная программа и хороший формат.,positive,synthetic
FB_01354,VIS_01514,EV_0127,INST_011,5,"Очень понравилось мероприятие, хочется прийти ещё.",positive,synthetic
FB_01355,VIS_00804,EV_0079,INST_007,3,"В целом всё хорошо, но хотелось бы больше интерактива.",neutral,synthetic
FB_01356,VIS_03976,EV_0018,INST_001,3,"Мероприятие было интересным, но некоторые части можно улучшить.",neutral,synthetic
FB_01357,VIS_04994,EV_0198,INST_017,5,"Очень понравилось мероприятие, хочется прийти ещё.",positive,synthetic
FB_01358,VIS_02747,EV_0159,INST_014,3,Некоторые части программы понравились больше других.,neutral,synthetic
FB_01359,VIS_04016,EV_0102,INST_007,5,Отличная организация и приятная атмосфера.,positive,synthetic
FB_01360,VIS_04624,EV_0087,INST_007,5,"Спасибо организаторам, всё прошло замечательно.",positive,synthetic
FB_01361,VIS_04800,EV_0146,INST_012,5,"Спасибо организаторам, всё прошло замечательно.",positive,synthetic
FB_01362,VIS_04298,EV_0095,INST_007,3,"В целом всё хорошо, но хотелось бы больше интерактива.",neutral,synthetic
FB_01363,VIS_00928,EV_0183,INST_015,2,Организацию можно было сделать лучше.,negative,synthetic
FB_01364,VIS_01552,EV_0179,INST_014,5,"Очень понравилось мероприятие, хочется прийти ещё.",positive,synthetic
FB_01365,VIS_01972,EV_0104,INST_007,5,"Очень понравилось мероприятие, хочется прийти ещё.",positive,synthetic
FB_01366,VIS_00171,EV_0048,INST_004,1,Не хватило интерактивности и вовлечения.,negative,synthetic
FB_01367,VIS_02035,EV_0167,INST_014,2,Не хватило интерактивности и вовлечения.,negative,synthetic
FB_01368,VIS_00330,EV_0127,INST_011,5,"Спасибо организаторам, всё прошло замечательно.",positive,synthetic
FB_01369,VIS_04096,EV_0141,INST_012,4,Интересная программа и хороший формат.,positive,synthetic
FB_01370,VIS_00028,EV_0201,INST_017,3,"Мероприятие было интересным, но некоторые части можно улучшить.",neutral,synthetic
FB_01371,VIS_00701,EV_0006,INST_001,5,"Очень понравилось мероприятие, хочется прийти ещё.",positive,synthetic
FB_01372,VIS_04507,EV_0090,INST_007,5,Отличная организация и приятная атмосфера.,positive,synthetic
FB_01373,VIS_01344,EV_0076,INST_006,3,Некоторые части программы понравились больше других.,neutral,synthetic
FB_01374,VIS_04493,EV_0139,INST_012,4,Отличная организация и приятная атмосфера.,positive,synthetic
FB_01375,VIS_03883,EV_0043,INST_004,1,Организацию можно было сделать лучше.,negative,synthetic
FB_01376,VIS_04151,EV_0141,INST_012,4,Отличная организация и приятная атмосфера.,positive,synthetic
FB_01377,VIS_00431,EV_0223,INST_018,4,"Очень понравилось мероприятие, хочется прийти ещё.",positive,synthetic
FB_01378,VIS_02766,EV_0164,INST_014,5,Отличная организация и приятная атмосфера.,positive,synthetic
FB_01379,VIS_04145,EV_0079,INST_007,3,"Мероприятие было интересным, но некоторые части можно улучшить.",neutral,synthetic
FB_01380,VIS_03636,EV_0221,INST_018,3,"Мероприятие было интересным, но некоторые части можно улучшить.",neutral,synthetic
FB_01381,VIS_03801,EV_0022,INST_001,4,"Очень понравилось мероприятие, хочется прийти ещё.",positive,synthetic
FB_01382,VIS_02054,EV_0191,INST_017,3,Некоторые части программы понравились больше других.,neutral,synthetic
FB_01383,VIS_00274,EV_0191,INST_017,4,"Спасибо организаторам, всё прошло замечательно.",positive,synthetic
FB_01384,VIS_03071,EV_0035,INST_002,4,"Спасибо организаторам, всё прошло замечательно.",positive,synthetic
FB_01385,VIS_04018,EV_0192,INST_017,3,"В целом всё хорошо, но хотелось бы больше интерактива.",neutral,synthetic
FB_01386,VIS_01899,EV_0056,INST_006,5,Отличная организация и приятная атмосфера.,positive,synthetic
FB_01387,VIS_01531,EV_0135,INST_011,4,Отличная организация и приятная атмосфера.,positive,synthetic
FB_01388,VIS_00558,EV_0075,INST_006,4,"Очень понравилось мероприятие, хочется прийти ещё.",positive,synthetic
FB_01389,VIS_04042,EV_0036,INST_003,3,"Мероприятие было интересным, но некоторые части можно улучшить.",neutral,synthetic
FB_01390,VIS_01075,EV_0096,INST_007,5,Интересная программа и хороший формат.,positive,synthetic
FB_01391,VIS_02424,EV_0159,INST_014,4,Интересная программа и хороший формат.,positive,synthetic
FB_01392,VIS_04192,EV_0183,INST_015,4,Интересная программа и хороший формат.,positive,synthetic
FB_01393,VIS_04049,EV_0072,INST_006,5,"Очень понравилось мероприятие, хочется прийти ещё.",positive,synthetic
FB_01394,VIS_04098,EV_0089,INST_007,5,"Очень понравилось мероприятие, хочется прийти ещё.",positive,synthetic
FB_01395,VIS_00820,EV_0098,INST_007,3,"В целом всё хорошо, но хотелось бы больше интерактива.",neutral,synthetic
FB_01396,VIS_03183,EV_0212,INST_017,3,"Мероприятие было интересным, но некоторые части можно улучшить.",neutral,synthetic
FB_01397,VIS_03485,EV_0010,INST_001,5,"Спасибо организаторам, всё прошло замечательно.",positive,synthetic
FB_01398,VIS_02952,EV_0079,INST_007,5,Отличная организация и приятная атмосфера.,positive,synthetic
FB_01399,VIS_00098,EV_0098,INST_007,4,Отличная организация и приятная атмосфера.,positive,synthetic
FB_01400,VIS_01799,EV_0136,INST_011,4,Отличная организация и приятная атмосфера.,positive,synthetic
FB_01401,VIS_04788,EV_0168,INST_014,1,Организацию можно было сделать лучше.,negative,synthetic
FB_01402,VIS_00802,EV_0130,INST_011,5,Отличная организация и приятная атмосфера.,positive,synthetic
FB_01403,VIS_01959,EV_0055,INST_005,4,"Спасибо организаторам, всё прошло замечательно.",positive,synthetic
FB_01404,VIS_02599,EV_0038,INST_003,5,"Очень понравилось мероприятие, хочется прийти ещё.",positive,synthetic
FB_01405,VIS_01113,EV_0172,INST_014,5,Интересная программа и хороший формат.,positive,synthetic
FB_01406,VIS_00387,EV_0120,INST_010,5,"Спасибо организаторам, всё прошло замечательно.",positive,synthetic
FB_01407,VIS_00019,EV_0146,INST_012,4,Отличная организация и приятная атмосфера.,positive,synthetic
FB_01408,VIS_04019,EV_0111,INST_009,2,Мероприятие показалось слишком длинным.,negative,synthetic
FB_01409,VIS_04775,EV_0126,INST_011,5,Интересная программа и хороший формат.,positive,synthetic
FB_01410,VIS_04490,EV_0214,INST_017,5,"Очень понравилось мероприятие, хочется прийти ещё.",positive,synthetic
FB_01411,VIS_00194,EV_0182,INST_015,4,Отличная организация и приятная атмосфера.,positive,synthetic
FB_01412,VIS_02036,EV_0002,INST_001,3,"Мероприятие было интересным, но некоторые части можно улучшить.",neutral,synthetic
FB_01413,VIS_01468,EV_0182,INST_015,5,"Очень понравилось мероприятие, хочется прийти ещё.",positive,synthetic
FB_01414,VIS_01253,EV_0073,INST_006,3,"Мероприятие было интересным, но некоторые части можно улучшить.",neutral,synthetic
FB_01415,VIS_01969,EV_0103,INST_007,5,"Спасибо организаторам, всё прошло замечательно.",positive,synthetic
FB_01416,VIS_02353,EV_0008,INST_001,5,Интересная программа и хороший формат.,positive,synthetic
FB_01417,VIS_04561,EV_0049,INST_005,5,"Очень понравилось мероприятие, хочется прийти ещё.",positive,synthetic
FB_01418,VIS_03776,EV_0144,INST_012,1,Организацию можно было сделать лучше.,negative,synthetic
FB_01419,VIS_02688,EV_0222,INST_018,3,"Мероприятие было интересным, но некоторые части можно улучшить.",neutral,synthetic
FB_01420,VIS_02084,EV_0125,INST_011,5,"Очень понравилось мероприятие, хочется прийти ещё.",positive,synthetic
FB_01421,VIS_00948,EV_0082,INST_007,2,Мероприятие показалось слишком длинным.,negative,synthetic
FB_01422,VIS_02593,EV_0030,INST_002,3,"В целом всё хорошо, но хотелось бы больше интерактива.",neutral,synthetic
FB_01423,VIS_02231,EV_0093,INST_007,3,"Мероприятие было интересным, но некоторые части можно улучшить.",neutral,synthetic
FB_01424,VIS_00939,EV_0167,INST_014,4,"Спасибо организаторам, всё прошло замечательно.",positive,synthetic
FB_01425,VIS_00337,EV_0058,INST_006,3,"Мероприятие было интересным, но некоторые части можно улучшить.",neutral,synthetic
FB_01426,VIS_01877,EV_0195,INST_017,5,Интересная программа и хороший формат.,positive,synthetic
FB_01427,VIS_01955,EV_0109,INST_009,5,"Очень понравилось мероприятие, хочется прийти ещё.",positive,synthetic
FB_01428,VIS_03231,EV_0085,INST_007,5,Отличная организация и приятная атмосфера.,positive,synthetic
FB_01429,VIS_04964,EV_0055,INST_005,5,Отличная организация и приятная атмосфера.,positive,synthetic
FB_01430,VIS_02502,EV_0164,INST_014,5,"Спасибо организаторам, всё прошло замечательно.",positive,synthetic
FB_01431,VIS_04215,EV_0064,INST_006,4,Интересная программа и хороший формат.,positive,synthetic
FB_01432,VIS_00619,EV_0151,INST_014,4,Интересная программа и хороший формат.,positive,synthetic
FB_01433,VIS_01359,EV_0026,INST_002,4,"Спасибо организаторам, всё прошло замечательно.",positive,synthetic
FB_01434,VIS_02855,EV_0174,INST_014,4,Отличная организация и приятная атмосфера.,positive,synthetic
FB_01435,VIS_00687,EV_0105,INST_007,3,"В целом всё хорошо, но хотелось бы больше интерактива.",neutral,synthetic
FB_01436,VIS_04356,EV_0202,INST_017,4,"Очень понравилось мероприятие, хочется прийти ещё.",positive,synthetic
FB_01437,VIS_02321,EV_0100,INST_007,3,"В целом всё хорошо, но хотелось бы больше интерактива.",neutral,synthetic
FB_01438,VIS_02263,EV_0097,INST_007,5,Отличная организация и приятная атмосфера.,positive,synthetic
FB_01439,VIS_01795,EV_0002,INST_001,4,"Спасибо организаторам, всё прошло замечательно.",positive,synthetic
FB_01440,VIS_02325,EV_0217,INST_018,5,"Спасибо организаторам, всё прошло замечательно.",positive,synthetic
FB_01441,VIS_03576,EV_0134,INST_011,4,Отличная организация и приятная атмосфера.,positive,synthetic
FB_01442,VIS_01026,EV_0098,INST_007,5,"Спасибо организаторам, всё прошло замечательно.",positive,synthetic
FB_01443,VIS_03424,EV_0009,INST_001,5,Отличная организация и приятная атмосфера.,positive,synthetic
FB_01444,VIS_02698,EV_0193,INST_017,5,"Очень понравилось мероприятие, хочется прийти ещё.",positive,synthetic
FB_01445,VIS_00529,EV_0121,INST_010,4,"Спасибо организаторам, всё прошло замечательно.",positive,synthetic
FB_01446,VIS_00178,EV_0097,INST_007,5,Отличная организация и приятная атмосфера.,positive,synthetic
FB_01447,VIS_01367,EV_0137,INST_011,5,"Очень понравилось мероприятие, хочется прийти ещё.",positive,synthetic
FB_01448,VIS_02185,EV_0220,INST_018,5,"Очень понравилось мероприятие, хочется прийти ещё.",positive,synthetic
FB_01449,VIS_00306,EV_0209,INST_017,5,"Очень понравилось мероприятие, хочется прийти ещё.",positive,synthetic
FB_01450,VIS_00540,EV_0184,INST_015,3,Некоторые части программы понравились больше других.,neutral,synthetic
FB_01451,VIS_02593,EV_0055,INST_005,5,"Спасибо организаторам, всё прошло замечательно.",positive,synthetic
FB_01452,VIS_00191,EV_0011,INST_001,5,"Спасибо организаторам, всё прошло замечательно.",positive,synthetic
FB_01453,VIS_00011,EV_0169,INST_014,5,"Спасибо организаторам, всё прошло замечательно.",positive,synthetic
FB_01454,VIS_04810,EV_0221,INST_018,4,Отличная организация и приятная атмосфера.,positive,synthetic
FB_01455,VIS_04911,EV_0051,INST_005,5,"Спасибо организаторам, всё прошло замечательно.",positive,synthetic
FB_01456,VIS_03974,EV_0213,INST_017,3,"Мероприятие было интересным, но некоторые части можно улучшить.",neutral,synthetic
FB_01457,VIS_01920,EV_0015,INST_001,4,"Очень понравилось мероприятие, хочется прийти ещё.",positive,synthetic
FB_01458,VIS_01949,EV_0220,INST_018,4,Отличная организация и приятная атмосфера.,positive,synthetic
FB_01459,VIS_02501,EV_0088,INST_007,5,"Очень понравилось мероприятие, хочется прийти ещё.",positive,synthetic
FB_01460,VIS_02696,EV_0009,INST_001,4,Интересная программа и хороший формат.,positive,synthetic
FB_01461,VIS_02072,EV_0149,INST_012,3,Некоторые части программы понравились больше других.,neutral,synthetic
FB_01462,VIS_00628,EV_0064,INST_006,2,Мероприятие показалось слишком длинным.,negative,synthetic
FB_01463,VIS_04327,EV_0050,INST_005,3,"Мероприятие было интересным, но некоторые части можно улучшить.",neutral,synthetic
FB_01464,VIS_02879,EV_0161,INST_014,2,Не хватило интерактивности и вовлечения.,negative,synthetic
FB_01465,VIS_02535,EV_0157,INST_014,5,"Спасибо организаторам, всё прошло замечательно.",positive,synthetic
FB_01466,VIS_04884,EV_0114,INST_009,3,Некоторые части программы понравились больше других.,neutral,synthetic
FB_01467,VIS_01279,EV_0224,INST_019,3,"В целом всё хорошо, но хотелось бы больше интерактива.",neutral,synthetic
FB_01468,VIS_04575,EV_0001,INST_001,4,"Спасибо организаторам, всё прошло замечательно.",positive,synthetic
FB_01469,VIS_02190,EV_0163,INST_014,5,Отличная организация и приятная атмосфера.,positive,synthetic
FB_01470,VIS_01410,EV_0005,INST_001,3,"В целом всё хорошо, но хотелось бы больше интерактива.",neutral,synthetic
FB_01471,VIS_03556,EV_0203,INST_017,3,"Мероприятие было интересным, но некоторые части можно улучшить.",neutral,synthetic
FB_01472,VIS_03288,EV_0142,INST_012,5,"Очень понравилось мероприятие, хочется прийти ещё.",positive,synthetic
FB_01473,VIS_04149,EV_0048,INST_004,4,"Очень понравилось мероприятие, хочется прийти ещё.",positive,synthetic
FB_01474,VIS_03113,EV_0027,INST_002,5,Отличная организация и приятная атмосфера.,positive,synthetic
FB_01475,VIS_02197,EV_0061,INST_006,2,Не хватило интерактивности и вовлечения.,negative,synthetic
FB_01476,VIS_04876,EV_0182,INST_015,4,"Спасибо организаторам, всё прошло замечательно.",positive,synthetic
FB_01477,VIS_03466,EV_0112,INST_009,5,Интересная программа и хороший формат.,positive,synthetic
FB_01478,VIS_04503,EV_0045,INST_004,5,Интересная программа и хороший формат.,positive,synthetic
FB_01479,VIS_03830,EV_0032,INST_002,3,"В целом всё хорошо, но хотелось бы больше интерактива.",neutral,synthetic
FB_01480,VIS_04894,EV_0223,INST_018,4,Отличная организация и приятная атмосфера.,positive,synthetic
FB_01481,VIS_00737,EV_0019,INST_001,5,Отличная организация и приятная атмосфера.,positive,synthetic
FB_01482,VIS_00601,EV_0058,INST_006,4,"Очень понравилось мероприятие, хочется прийти ещё.",positive,synthetic
FB_01483,VIS_00263,EV_0133,INST_011,4,Отличная организация и приятная атмосфера.,positive,synthetic
FB_01484,VIS_00525,EV_0020,INST_001,5,Интересная программа и хороший формат.,positive,synthetic
FB_01485,VIS_01783,EV_0137,INST_011,4,"Спасибо организаторам, всё прошло замечательно.",positive,synthetic
FB_01486,VIS_02907,EV_0155,INST_014,5,"Очень понравилось мероприятие, хочется прийти ещё.",positive,synthetic
FB_01487,VIS_02898,EV_0140,INST_012,5,Отличная организация и приятная атмосфера.,positive,synthetic
FB_01488,VIS_02961,EV_0148,INST_012,4,Отличная организация и приятная атмосфера.,positive,synthetic
FB_01489,VIS_02466,EV_0140,INST_012,4,"Спасибо организаторам, всё прошло замечательно.",positive,synthetic
FB_01490,VIS_01530,EV_0074,INST_006,5,Отличная организация и приятная атмосфера.,positive,synthetic
FB_01491,VIS_01906,EV_0211,INST_017,5,"Спасибо организаторам, всё прошло замечательно.",positive,synthetic
FB_01492,VIS_00133,EV_0032,INST_002,1,Организацию можно было сделать лучше.,negative,synthetic
FB_01493,VIS_01103,EV_0195,INST_017,4,Интересная программа и хороший формат.,positive,synthetic
FB_01494,VIS_02730,EV_0064,INST_006,2,Организацию можно было сделать лучше.,negative,synthetic
FB_01495,VIS_02423,EV_0064,INST_006,4,Интересная программа и хороший формат.,positive,synthetic
FB_01496,VIS_01296,EV_0116,INST_009,5,"Очень понравилось мероприятие, хочется прийти ещё.",positive,synthetic
FB_01497,VIS_03525,EV_0212,INST_017,3,Некоторые части программы понравились больше других.,neutral,synthetic
FB_01498,VIS_03861,EV_0147,INST_012,3,"В целом всё хорошо, но хотелось бы больше интерактива.",neutral,synthetic
FB_01499,VIS_01236,EV_0194,INST_017,5,"Спасибо организаторам, всё прошло замечательно.",positive,synthetic
FB_01500,VIS_04985,EV_0219,INST_018,4,Отличная организация и приятная атмосфера.,positive,synthetic
FB_01501,VIS_04094,EV_0014,INST_001,5,"Спасибо организаторам, всё прошло замечательно.",positive,synthetic
FB_01502,VIS_00849,EV_0005,INST_001,5,Интересная программа и хороший формат.,positive,synthetic
FB_01503,VIS_02382,EV_0067,INST_006,5,"Очень понравилось мероприятие, хочется прийти ещё.",positive,synthetic
FB_01504,VIS_00975,EV_0130,INST_011,3,"Мероприятие было интересным, но некоторые части можно улучшить.",neutral,synthetic
FB_01505,VIS_04255,EV_0100,INST_007,5,"Очень понравилось мероприятие, хочется прийти ещё.",positive,synthetic
FB_01506,VIS_03994,EV_0044,INST_004,4,Интересная программа и хороший формат.,positive,synthetic
FB_01507,VIS_04894,EV_0080,INST_007,5,Интересная программа и хороший формат.,positive,synthetic
FB_01508,VIS_04773,EV_0155,INST_014,5,Отличная организация и приятная атмосфера.,positive,synthetic
FB_01509,VIS_01594,EV_0211,INST_017,5,"Спасибо организаторам, всё прошло замечательно.",positive,synthetic
FB_01510,VIS_03611,EV_0214,INST_017,3,Некоторые части программы понравились больше других.,neutral,synthetic
FB_01511,VIS_04094,EV_0202,INST_017,5,Отличная организация и приятная атмосфера.,positive,synthetic
FB_01512,VIS_01330,EV_0049,INST_005,5,Интересная программа и хороший формат.,positive,synthetic
FB_01513,VIS_03519,EV_0202,INST_017,3,"Мероприятие было интересным, но некоторые части можно улучшить.",neutral,synthetic
FB_01514,VIS_04324,EV_0208,INST_017,3,"Мероприятие было интересным, но некоторые части можно улучшить.",neutral,synthetic
FB_01515,VIS_04123,EV_0139,INST_012,5,"Спасибо организаторам, всё прошло замечательно.",positive,synthetic
FB_01516,VIS_03058,EV_0171,INST_014,4,Интересная программа и хороший формат.,positive,synthetic
FB_01517,VIS_02173,EV_0205,INST_017,3,Некоторые части программы понравились больше других.,neutral,synthetic
FB_01518,VIS_03019,EV_0144,INST_012,5,"Спасибо организаторам, всё прошло замечательно.",positive,synthetic
FB_01519,VIS_01083,EV_0043,INST_004,5,Отличная организация и приятная атмосфера.,positive,synthetic
FB_01520,VIS_00272,EV_0129,INST_011,4,Интересная программа и хороший формат.,positive,synthetic
FB_01521,VIS_00558,EV_0202,INST_017,3,"Мероприятие было интересным, но некоторые части можно улучшить.",neutral,synthetic
FB_01522,VIS_04554,EV_0121,INST_010,5,Отличная организация и приятная атмосфера.,positive,synthetic
FB_01523,VIS_03733,EV_0073,INST_006,5,Отличная организация и приятная атмосфера.,positive,synthetic
FB_01524,VIS_01714,EV_0144,INST_012,5,Отличная организация и приятная атмосфера.,positive,synthetic
FB_01525,VIS_01377,EV_0203,INST_017,2,Организацию можно было сделать лучше.,negative,synthetic
FB_01526,VIS_00113,EV_0077,INST_006,5,Интересная программа и хороший формат.,positive,synthetic
FB_01527,VIS_01704,EV_0207,INST_017,3,"В целом всё хорошо, но хотелось бы больше интерактива.",neutral,synthetic
FB_01528,VIS_04695,EV_0101,INST_007,3,"Мероприятие было интересным, но некоторые части можно улучшить.",neutral,synthetic
FB_01529,VIS_02326,EV_0205,INST_017,3,"Мероприятие было интересным, но некоторые части можно улучшить.",neutral,synthetic
FB_01530,VIS_04432,EV_0089,INST_007,5,"Очень понравилось мероприятие, хочется прийти ещё.",positive,synthetic
FB_01531,VIS_01145,EV_0218,INST_018,3,"Мероприятие было интересным, но некоторые части можно улучшить.",neutral,synthetic
FB_01532,VIS_03484,EV_0097,INST_007,5,Интересная программа и хороший формат.,positive,synthetic
FB_01533,VIS_00056,EV_0126,INST_011,5,Отличная организация и приятная атмосфера.,positive,synthetic
FB_01534,VIS_01397,EV_0197,INST_017,4,"Очень понравилось мероприятие, хочется прийти ещё.",positive,synthetic
FB_01535,VIS_00756,EV_0089,INST_007,5,"Очень понравилось мероприятие, хочется прийти ещё.",positive,synthetic
FB_01536,VIS_04300,EV_0029,INST_002,4,Отличная организация и приятная атмосфера.,positive,synthetic
FB_01537,VIS_02492,EV_0111,INST_009,4,Отличная организация и приятная атмосфера.,positive,synthetic
FB_01538,VIS_01286,EV_0012,INST_001,4,"Очень понравилось мероприятие, хочется прийти ещё.",positive,synthetic
FB_01539,VIS_03708,EV_0206,INST_017,3,Некоторые части программы понравились больше других.,neutral,synthetic
FB_01540,VIS_02576,EV_0166,INST_014,5,Отличная организация и приятная атмосфера.,positive,synthetic
FB_01541,VIS_01696,EV_0013,INST_001,4,Интересная программа и хороший формат.,positive,synthetic
FB_01542,VIS_03600,EV_0018,INST_001,4,"Очень понравилось мероприятие, хочется прийти ещё.",positive,synthetic
FB_01543,VIS_03964,EV_0158,INST_014,5,Интересная программа и хороший формат.,positive,synthetic
FB_01544,VIS_01607,EV_0184,INST_015,3,"В целом всё хорошо, но хотелось бы больше интерактива.",neutral,synthetic
FB_01545,VIS_04659,EV_0209,INST_017,2,Не хватило интерактивности и вовлечения.,negative,synthetic
FB_01546,VIS_00113,EV_0218,INST_018,5,Отличная организация и приятная атмосфера.,positive,synthetic
FB_01547,VIS_04943,EV_0108,INST_009,3,Некоторые части программы понравились больше других.,neutral,synthetic
FB_01548,VIS_00111,EV_0026,INST_002,5,Отличная организация и приятная атмосфера.,positive,synthetic
FB_01549,VIS_03076,EV_0182,INST_015,4,"Очень понравилось мероприятие, хочется прийти ещё.",positive,synthetic
FB_01550,VIS_04875,EV_0131,INST_011,5,"Спасибо организаторам, всё прошло замечательно.",positive,synthetic
FB_01551,VIS_02826,EV_0212,INST_017,3,"В целом всё хорошо, но хотелось бы больше интерактива.",neutral,synthetic
FB_01552,VIS_01208,EV_0224,INST_019,5,"Очень понравилось мероприятие, хочется прийти ещё.",positive,synthetic
FB_01553,VIS_00849,EV_0007,INST_001,2,Не хватило интерактивности и вовлечения.,negative,synthetic
FB_01554,VIS_02874,EV_0039,INST_003,5,Интересная программа и хороший формат.,positive,synthetic
FB_01555,VIS_00491,EV_0120,INST_010,5,"Спасибо организаторам, всё прошло замечательно.",positive,synthetic
FB_01556,VIS_00286,EV_0021,INST_001,4,"Очень понравилось мероприятие, хочется прийти ещё.",positive,synthetic
FB_01557,VIS_01132,EV_0223,INST_018,2,Не хватило интерактивности и вовлечения.,negative,synthetic
FB_01558,VIS_03713,EV_0007,INST_001,3,Некоторые части программы понравились больше других.,neutral,synthetic
FB_01559,VIS_04499,EV_0056,INST_006,4,Отличная организация и приятная атмосфера.,positive,synthetic
FB_01560,VIS_03042,EV_0099,INST_007,4,"Очень понравилось мероприятие, хочется прийти ещё.",positive,synthetic
FB_01561,VIS_03386,EV_0217,INST_018,4,Отличная организация и приятная атмосфера.,positive,synthetic
FB_01562,VIS_02268,EV_0027,INST_002,3,"Мероприятие было интересным, но некоторые части можно улучшить.",neutral,synthetic
FB_01563,VIS_03960,EV_0118,INST_010,5,"Очень понравилось мероприятие, хочется прийти ещё.",positive,synthetic
FB_01564,VIS_01308,EV_0055,INST_005,4,"Спасибо организаторам, всё прошло замечательно.",positive,synthetic
FB_01565,VIS_00752,EV_0198,INST_017,3,"В целом всё хорошо, но хотелось бы больше интерактива.",neutral,synthetic
FB_01566,VIS_02131,EV_0191,INST_017,3,"В целом всё хорошо, но хотелось бы больше интерактива.",neutral,synthetic
FB_01567,VIS_01295,EV_0009,INST_001,4,"Спасибо организаторам, всё прошло замечательно.",positive,synthetic
FB_01568,VIS_01545,EV_0008,INST_001,3,"В целом всё хорошо, но хотелось бы больше интерактива.",neutral,synthetic
FB_01569,VIS_04108,EV_0012,INST_001,4,Отличная организация и приятная атмосфера.,positive,synthetic
FB_01570,VIS_04776,EV_0144,INST_012,4,Отличная организация и приятная атмосфера.,positive,synthetic
FB_01571,VIS_00296,EV_0123,INST_010,5,Интересная программа и хороший формат.,positive,synthetic
FB_01572,VIS_04268,EV_0127,INST_011,4,"Спасибо организаторам, всё прошло замечательно.",positive,synthetic
FB_01573,VIS_03887,EV_0059,INST_006,5,Отличная организация и приятная атмосфера.,positive,synthetic
FB_01574,VIS_04397,EV_0161,INST_014,5,Отличная организация и приятная атмосфера.,positive,synthetic
FB_01575,VIS_04516,EV_0009,INST_001,4,Интересная программа и хороший формат.,positive,synthetic
FB_01576,VIS_00907,EV_0022,INST_001,3,Некоторые части программы понравились больше других.,neutral,synthetic
FB_01577,VIS_03137,EV_0123,INST_010,4,"Очень понравилось мероприятие, хочется прийти ещё.",positive,synthetic
FB_01578,VIS_04894,EV_0214,INST_017,4,Отличная организация и приятная атмосфера.,positive,synthetic
FB_01579,VIS_01242,EV_0169,INST_014,3,"Мероприятие было интересным, но некоторые части можно улучшить.",neutral,synthetic
FB_01580,VIS_04775,EV_0127,INST_011,2,Организацию можно было сделать лучше.,negative,synthetic
FB_01581,VIS_03251,EV_0205,INST_017,5,"Спасибо организаторам, всё прошло замечательно.",positive,synthetic
FB_01582,VIS_01585,EV_0083,INST_007,3,Некоторые части программы понравились больше других.,neutral,synthetic
FB_01583,VIS_02536,EV_0182,INST_015,5,"Спасибо организаторам, всё прошло замечательно.",positive,synthetic
FB_01584,VIS_00245,EV_0146,INST_012,3,"В целом всё хорошо, но хотелось бы больше интерактива.",neutral,synthetic
FB_01585,VIS_00258,EV_0004,INST_001,5,Интересная программа и хороший формат.,positive,synthetic
FB_01586,VIS_04628,EV_0007,INST_001,4,"Спасибо организаторам, всё прошло замечательно.",positive,synthetic
FB_01587,VIS_01548,EV_0143,INST_012,3,"В целом всё хорошо, но хотелось бы больше интерактива.",neutral,synthetic
FB_01588,VIS_00209,EV_0123,INST_010,4,"Спасибо организаторам, всё прошло замечательно.",positive,synthetic
FB_01589,VIS_04123,EV_0142,INST_012,4,"Очень понравилось мероприятие, хочется прийти ещё.",positive,synthetic
FB_01590,VIS_04408,EV_0103,INST_007,3,Некоторые части программы понравились больше других.,neutral,synthetic
FB_01591,VIS_01274,EV_0088,INST_007,5,"Очень понравилось мероприятие, хочется прийти ещё.",positive,synthetic
FB_01592,VIS_04641,EV_0162,INST_014,3,"Мероприятие было интересным, но некоторые части можно улучшить.",neutral,synthetic
FB_01593,VIS_02276,EV_0170,INST_014,3,"Мероприятие было интересным, но некоторые части можно улучшить.",neutral,synthetic
FB_01594,VIS_00565,EV_0098,INST_007,2,Организацию можно было сделать лучше.,negative,synthetic
FB_01595,VIS_04092,EV_0033,INST_002,5,"Очень понравилось мероприятие, хочется прийти ещё.",positive,synthetic
FB_01596,VIS_01759,EV_0122,INST_010,1,Организацию можно было сделать лучше.,negative,synthetic
FB_01597,VIS_04448,EV_0048,INST_004,2,Организацию можно было сделать лучше.,negative,synthetic
FB_01598,VIS_00887,EV_0191,INST_017,3,Некоторые части программы понравились больше других.,neutral,synthetic
FB_01599,VIS_04764,EV_0105,INST_007,5,"Спасибо организаторам, всё прошло замечательно.",positive,synthetic
FB_01600,VIS_02526,EV_0174,INST_014,5,"Спасибо организаторам, всё прошло замечательно.",positive,synthetic
FB_01601,VIS_03867,EV_0153,INST_014,4,"Спасибо организаторам, всё прошло замечательно.",positive,synthetic
FB_01602,VIS_00620,EV_0062,INST_006,5,Отличная организация и приятная атмосфера.,positive,synthetic
FB_01603,VIS_00046,EV_0017,INST_001,3,"В целом всё хорошо, но хотелось бы больше интерактива.",neutral,synthetic
FB_01604,VIS_02182,EV_0003,INST_001,5,Отличная организация и приятная атмосфера.,positive,synthetic
FB_01605,VIS_04230,EV_0020,INST_001,1,Мероприятие показалось слишком длинным.,negative,synthetic
FB_01606,VIS_00700,EV_0132,INST_011,4,Отличная организация и приятная атмосфера.,positive,synthetic
FB_01607,VIS_00988,EV_0194,INST_017,5,"Спасибо организаторам, всё прошло замечательно.",positive,synthetic
FB_01608,VIS_03488,EV_0003,INST_001,5,Интересная программа и хороший формат.,positive,synthetic
FB_01609,VIS_04149,EV_0070,INST_006,4,"Очень понравилось мероприятие, хочется прийти ещё.",positive,synthetic
FB_01610,VIS_01375,EV_0184,INST_015,5,Интересная программа и хороший формат.,positive,synthetic
FB_01611,VIS_01785,EV_0005,INST_001,5,"Спасибо организаторам, всё прошло замечательно.",positive,synthetic
FB_01612,VIS_04538,EV_0209,INST_017,5,"Спасибо организаторам, всё прошло замечательно.",positive,synthetic
FB_01613,VIS_03678,EV_0163,INST_014,5,"Очень понравилось мероприятие, хочется прийти ещё.",positive,synthetic
FB_01614,VIS_01670,EV_0125,INST_011,5,Отличная организация и приятная атмосфера.,positive,synthetic
FB_01615,VIS_04256,EV_0116,INST_009,4,Отличная организация и приятная атмосфера.,positive,synthetic
FB_01616,VIS_04935,EV_0182,INST_015,5,Отличная организация и приятная атмосфера.,positive,synthetic
FB_01617,VIS_01524,EV_0212,INST_017,3,"В целом всё хорошо, но хотелось бы больше интерактива.",neutral,synthetic
FB_01618,VIS_04762,EV_0040,INST_003,5,"Спасибо организаторам, всё прошло замечательно.",positive,synthetic
FB_01619,VIS_00367,EV_0208,INST_017,3,"В целом всё хорошо, но хотелось бы больше интерактива.",neutral,synthetic
FB_01620,VIS_04726,EV_0206,INST_017,5,"Очень понравилось мероприятие, хочется прийти ещё.",positive,synthetic
FB_01621,VIS_04328,EV_0198,INST_017,5,"Очень понравилось мероприятие, хочется прийти ещё.",positive,synthetic
FB_01622,VIS_02138,EV_0177,INST_014,3,Некоторые части программы понравились больше других.,neutral,synthetic
FB_01623,VIS_02946,EV_0205,INST_017,5,Интересная программа и хороший формат.,positive,synthetic
FB_01624,VIS_03618,EV_0197,INST_017,4,"Очень понравилось мероприятие, хочется прийти ещё.",positive,synthetic
FB_01625,VIS_01841,EV_0132,INST_011,2,Мероприятие показалось слишком длинным.,negative,synthetic
FB_01626,VIS_01999,EV_0037,INST_003,5,Отличная организация и приятная атмосфера.,positive,synthetic
FB_01627,VIS_01028,EV_0115,INST_009,5,"Очень понравилось мероприятие, хочется прийти ещё.",positive,synthetic
FB_01628,VIS_01271,EV_0028,INST_002,5,Интересная программа и хороший формат.,positive,synthetic
FB_01629,VIS_00352,EV_0100,INST_007,5,Интересная программа и хороший формат.,positive,synthetic
FB_01630,VIS_00433,EV_0181,INST_014,5,"Очень понравилось мероприятие, хочется прийти ещё.",positive,synthetic
FB_01631,VIS_04835,EV_0213,INST_017,3,"В целом всё хорошо, но хотелось бы больше интерактива.",neutral,synthetic
FB_01632,VIS_01060,EV_0123,INST_010,4,Интересная программа и хороший формат.,positive,synthetic
FB_01633,VIS_00111,EV_0198,INST_017,3,"Мероприятие было интересным, но некоторые части можно улучшить.",neutral,synthetic
FB_01634,VIS_01034,EV_0087,INST_007,5,Интересная программа и хороший формат.,positive,synthetic
FB_01635,VIS_04417,EV_0097,INST_007,5,"Спасибо организаторам, всё прошло замечательно.",positive,synthetic
FB_01636,VIS_01494,EV_0012,INST_001,2,Не хватило интерактивности и вовлечения.,negative,synthetic
FB_01637,VIS_01075,EV_0020,INST_001,5,"Очень понравилось мероприятие, хочется прийти ещё.",positive,synthetic
FB_01638,VIS_00448,EV_0112,INST_009,5,"Очень понравилось мероприятие, хочется прийти ещё.",positive,synthetic
FB_01639,VIS_04766,EV_0060,INST_006,5,"Спасибо организаторам, всё прошло замечательно.",positive,synthetic
FB_01640,VIS_01047,EV_0024,INST_001,3,"Мероприятие было интересным, но некоторые части можно улучшить.",neutral,synthetic
FB_01641,VIS_04189,EV_0212,INST_017,5,Отличная организация и приятная атмосфера.,positive,synthetic
FB_01642,VIS_02325,EV_0216,INST_018,5,Отличная организация и приятная атмосфера.,positive,synthetic
FB_01643,VIS_04763,EV_0197,INST_017,5,"Очень понравилось мероприятие, хочется прийти ещё.",positive,synthetic
FB_01644,VIS_03609,EV_0144,INST_012,5,Интересная программа и хороший формат.,positive,synthetic
FB_01645,VIS_02366,EV_0120,INST_010,4,"Очень понравилось мероприятие, хочется прийти ещё.",positive,synthetic
FB_01646,VIS_01707,EV_0058,INST_006,5,Интересная программа и хороший формат.,positive,synthetic
FB_01647,VIS_04326,EV_0133,INST_011,5,"Очень понравилось мероприятие, хочется прийти ещё.",positive,synthetic
FB_01648,VIS_01942,EV_0043,INST_004,5,"Спасибо организаторам, всё прошло замечательно.",positive,synthetic
FB_01649,VIS_02026,EV_0189,INST_017,1,Организацию можно было сделать лучше.,negative,synthetic
FB_01650,VIS_04726,EV_0199,INST_017,4,"Спасибо организаторам, всё прошло замечательно.",positive,synthetic
FB_01651,VIS_03331,EV_0035,INST_002,4,"Очень понравилось мероприятие, хочется прийти ещё.",positive,synthetic
FB_01652,VIS_03981,EV_0145,INST_012,4,Интересная программа и хороший формат.,positive,synthetic
FB_01653,VIS_04159,EV_0164,INST_014,5,"Очень понравилось мероприятие, хочется прийти ещё.",positive,synthetic
FB_01654,VIS_03039,EV_0155,INST_014,5,Интересная программа и хороший формат.,positive,synthetic
FB_01655,VIS_03398,EV_0182,INST_015,5,"Очень понравилось мероприятие, хочется прийти ещё.",positive,synthetic
FB_01656,VIS_01766,EV_0203,INST_017,5,"Спасибо организаторам, всё прошло замечательно.",positive,synthetic
FB_01657,VIS_02271,EV_0094,INST_007,5,Интересная программа и хороший формат.,positive,synthetic
FB_01658,VIS_03154,EV_0212,INST_017,5,"Спасибо организаторам, всё прошло замечательно.",positive,synthetic
FB_01659,VIS_02137,EV_0206,INST_017,4,Отличная организация и приятная атмосфера.,positive,synthetic
FB_01660,VIS_01345,EV_0068,INST_006,3,"Мероприятие было интересным, но некоторые части можно улучшить.",neutral,synthetic
FB_01661,VIS_04774,EV_0138,INST_012,2,Организацию можно было сделать лучше.,negative,synthetic
FB_01662,VIS_02340,EV_0212,INST_017,3,"В целом всё хорошо, но хотелось бы больше интерактива.",neutral,synthetic
FB_01663,VIS_04983,EV_0018,INST_001,2,Мероприятие показалось слишком длинным.,negative,synthetic
FB_01664,VIS_04393,EV_0209,INST_017,5,Отличная организация и приятная атмосфера.,positive,synthetic
FB_01665,VIS_04831,EV_0002,INST_001,5,"Спасибо организаторам, всё прошло замечательно.",positive,synthetic
FB_01666,VIS_04219,EV_0166,INST_014,5,Интересная программа и хороший формат.,positive,synthetic
FB_01667,VIS_03175,EV_0151,INST_014,4,Отличная организация и приятная атмосфера.,positive,synthetic
FB_01668,VIS_04678,EV_0087,INST_007,4,"Очень понравилось мероприятие, хочется прийти ещё.",positive,synthetic
FB_01669,VIS_02511,EV_0085,INST_007,4,"Очень понравилось мероприятие, хочется прийти ещё.",positive,synthetic
FB_01670,VIS_02965,EV_0116,INST_009,5,"Спасибо организаторам, всё прошло замечательно.",positive,synthetic
FB_01671,VIS_03319,EV_0200,INST_017,4,Интересная программа и хороший формат.,positive,synthetic
FB_01672,VIS_02536,EV_0206,INST_017,5,Отличная организация и приятная атмосфера.,positive,synthetic
FB_01673,VIS_00354,EV_0104,INST_007,5,Отличная организация и приятная атмосфера.,positive,synthetic
FB_01674,VIS_00627,EV_0140,INST_012,3,"В целом всё хорошо, но хотелось бы больше интерактива.",neutral,synthetic
FB_01675,VIS_03930,EV_0209,INST_017,5,Интересная программа и хороший формат.,positive,synthetic
FB_01676,VIS_02804,EV_0092,INST_007,4,"Очень понравилось мероприятие, хочется прийти ещё.",positive,synthetic
FB_01677,VIS_01147,EV_0127,INST_011,5,Интересная программа и хороший формат.,positive,synthetic
FB_01678,VIS_02397,EV_0153,INST_014,1,Организацию можно было сделать лучше.,negative,synthetic
FB_01679,VIS_02102,EV_0171,INST_014,4,"Очень понравилось мероприятие, хочется прийти ещё.",positive,synthetic
FB_01680,VIS_04398,EV_0202,INST_017,4,Интересная программа и хороший формат.,positive,synthetic
FB_01681,VIS_00975,EV_0098,INST_007,3,"В целом всё хорошо, но хотелось бы больше интерактива.",neutral,synthetic
FB_01682,VIS_00414,EV_0030,INST_002,4,Интересная программа и хороший формат.,positive,synthetic
FB_01683,VIS_04858,EV_0146,INST_012,5,Отличная организация и приятная атмосфера.,positive,synthetic
FB_01684,VIS_04490,EV_0206,INST_017,5,"Очень понравилось мероприятие, хочется прийти ещё.",positive,synthetic
FB_01685,VIS_04317,EV_0108,INST_009,3,"В целом всё хорошо, но хотелось бы больше интерактива.",neutral,synthetic
FB_01686,VIS_00402,EV_0061,INST_006,4,"Спасибо организаторам, всё прошло замечательно.",positive,synthetic
FB_01687,VIS_02913,EV_0083,INST_007,4,"Очень понравилось мероприятие, хочется прийти ещё.",positive,synthetic
FB_01688,VIS_03251,EV_0213,INST_017,3,Некоторые части программы понравились больше других.,neutral,synthetic
FB_01689,VIS_01336,EV_0073,INST_006,1,Не хватило интерактивности и вовлечения.,negative,synthetic
FB_01690,VIS_04990,EV_0072,INST_006,3,"В целом всё хорошо, но хотелось бы больше интерактива.",neutral,synthetic
FB_01691,VIS_01237,EV_0103,INST_007,5,"Очень понравилось мероприятие, хочется прийти ещё.",positive,synthetic
FB_01692,VIS_03252,EV_0079,INST_007,5,Отличная организация и приятная атмосфера.,positive,synthetic
FB_01693,VIS_01004,EV_0190,INST_017,2,Организацию можно было сделать лучше.,negative,synthetic
FB_01694,VIS_00965,EV_0092,INST_007,3,Некоторые части программы понравились больше других.,neutral,synthetic
FB_01695,VIS_00636,EV_0070,INST_006,5,Интересная программа и хороший формат.,positive,synthetic
FB_01696,VIS_03998,EV_0181,INST_014,5,Интересная программа и хороший формат.,positive,synthetic
FB_01697,VIS_01743,EV_0159,INST_014,5,Интересная программа и хороший формат.,positive,synthetic
FB_01698,VIS_02636,EV_0043,INST_004,5,Интересная программа и хороший формат.,positive,synthetic
FB_01699,VIS_02995,EV_0020,INST_001,1,Организацию можно было сделать лучше.,negative,synthetic
FB_01700,VIS_00521,EV_0173,INST_014,3,"Мероприятие было интересным, но некоторые части можно улучшить.",neutral,synthetic
FB_01701,VIS_02592,EV_0223,INST_018,4,Интересная программа и хороший формат.,positive,synthetic
FB_01702,VIS_04465,EV_0036,INST_003,3,"В целом всё хорошо, но хотелось бы больше интерактива.",neutral,synthetic
FB_01703,VIS_03603,EV_0189,INST_017,3,"Мероприятие было интересным, но некоторые части можно улучшить.",neutral,synthetic
FB_01704,VIS_02141,EV_0147,INST_012,5,"Спасибо организаторам, всё прошло замечательно.",positive,synthetic
FB_01705,VIS_04576,EV_0191,INST_017,3,Некоторые части программы понравились больше других.,neutral,synthetic
FB_01706,VIS_02228,EV_0003,INST_001,2,Организацию можно было сделать лучше.,negative,synthetic
FB_01707,VIS_03534,EV_0144,INST_012,5,"Очень понравилось мероприятие, хочется прийти ещё.",positive,synthetic
FB_01708,VIS_01254,EV_0027,INST_002,4,"Очень понравилось мероприятие, хочется прийти ещё.",positive,synthetic
FB_01709,VIS_03501,EV_0204,INST_017,2,Мероприятие показалось слишком длинным.,negative,synthetic
FB_01710,VIS_02272,EV_0144,INST_012,1,Организацию можно было сделать лучше.,negative,synthetic
FB_01711,VIS_02726,EV_0032,INST_002,5,"Спасибо организаторам, всё прошло замечательно.",positive,synthetic
FB_01712,VIS_01440,EV_0145,INST_012,4,Интересная программа и хороший формат.,positive,synthetic
FB_01713,VIS_04527,EV_0066,INST_006,1,Организацию можно было сделать лучше.,negative,synthetic
FB_01714,VIS_02209,EV_0185,INST_016,3,"В целом всё хорошо, но хотелось бы больше интерактива.",neutral,synthetic
FB_01715,VIS_04763,EV_0183,INST_015,5,"Очень понравилось мероприятие, хочется прийти ещё.",positive,synthetic
FB_01716,VIS_03158,EV_0050,INST_005,5,"Очень понравилось мероприятие, хочется прийти ещё.",positive,synthetic
FB_01717,VIS_03403,EV_0055,INST_005,5,"Спасибо организаторам, всё прошло замечательно.",positive,synthetic
FB_01718,VIS_00679,EV_0104,INST_007,4,"Очень понравилось мероприятие, хочется прийти ещё.",positive,synthetic
FB_01719,VIS_02787,EV_0198,INST_017,5,Интересная программа и хороший формат.,positive,synthetic
FB_01720,VIS_01340,EV_0064,INST_006,3,Некоторые части программы понравились больше других.,neutral,synthetic
FB_01721,VIS_03051,EV_0121,INST_010,4,"Спасибо организаторам, всё прошло замечательно.",positive,synthetic
FB_01722,VIS_02564,EV_0078,INST_006,3,"Мероприятие было интересным, но некоторые части можно улучшить.",neutral,synthetic
FB_01723,VIS_04557,EV_0005,INST_001,5,"Очень понравилось мероприятие, хочется прийти ещё.",positive,synthetic
FB_01724,VIS_00133,EV_0101,INST_007,5,"Спасибо организаторам, всё прошло замечательно.",positive,synthetic
FB_01725,VIS_01068,EV_0032,INST_002,3,"Мероприятие было интересным, но некоторые части можно улучшить.",neutral,synthetic
FB_01726,VIS_00790,EV_0217,INST_018,4,"Спасибо организаторам, всё прошло замечательно.",positive,synthetic
FB_01727,VIS_00053,EV_0100,INST_007,3,"Мероприятие было интересным, но некоторые части можно улучшить.",neutral,synthetic
FB_01728,VIS_03943,EV_0150,INST_013,3,"Мероприятие было интересным, но некоторые части можно улучшить.",neutral,synthetic
FB_01729,VIS_04873,EV_0082,INST_007,1,Мероприятие показалось слишком длинным.,negative,synthetic
FB_01730,VIS_03785,EV_0211,INST_017,1,Не хватило интерактивности и вовлечения.,negative,synthetic
FB_01731,VIS_01533,EV_0049,INST_005,3,"Мероприятие было интересным, но некоторые части можно улучшить.",neutral,synthetic
FB_01732,VIS_02757,EV_0209,INST_017,3,Некоторые части программы понравились больше других.,neutral,synthetic
FB_01733,VIS_01472,EV_0173,INST_014,1,Мероприятие показалось слишком длинным.,negative,synthetic
FB_01734,VIS_02945,EV_0220,INST_018,2,Не хватило интерактивности и вовлечения.,negative,synthetic
FB_01735,VIS_01693,EV_0175,INST_014,5,"Очень понравилось мероприятие, хочется прийти ещё.",positive,synthetic
FB_01736,VIS_01879,EV_0183,INST_015,4,Отличная организация и приятная атмосфера.,positive,synthetic
FB_01737,VIS_01120,EV_0058,INST_006,4,"Очень понравилось мероприятие, хочется прийти ещё.",positive,synthetic
FB_01738,VIS_04516,EV_0122,INST_010,5,"Спасибо организаторам, всё прошло замечательно.",positive,synthetic
FB_01739,VIS_00242,EV_0182,INST_015,4,"Спасибо организаторам, всё прошло замечательно.",positive,synthetic
FB_01740,VIS_03153,EV_0074,INST_006,2,Организацию можно было сделать лучше.,negative,synthetic
FB_01741,VIS_03954,EV_0221,INST_018,4,"Спасибо организаторам, всё прошло замечательно.",positive,synthetic
FB_01742,VIS_02061,EV_0202,INST_017,5,Интересная программа и хороший формат.,positive,synthetic
FB_01743,VIS_04572,EV_0178,INST_014,5,"Спасибо организаторам, всё прошло замечательно.",positive,synthetic
FB_01744,VIS_04507,EV_0093,INST_007,2,Не хватило интерактивности и вовлечения.,negative,synthetic
FB_01745,VIS_04213,EV_0097,INST_007,4,"Очень понравилось мероприятие, хочется прийти ещё.",positive,synthetic
FB_01746,VIS_02684,EV_0081,INST_007,5,Отличная организация и приятная атмосфера.,positive,synthetic
FB_01747,VIS_00528,EV_0069,INST_006,4,Отличная организация и приятная атмосфера.,positive,synthetic
FB_01748,VIS_02450,EV_0031,INST_002,4,"Очень понравилось мероприятие, хочется прийти ещё.",positive,synthetic
FB_01749,VIS_03925,EV_0170,INST_014,5,"Спасибо организаторам, всё прошло замечательно.",positive,synthetic
FB_01750,VIS_03942,EV_0066,INST_006,3,Некоторые части программы понравились больше других.,neutral,synthetic
FB_01751,VIS_02606,EV_0145,INST_012,5,Интересная программа и хороший формат.,positive,synthetic
FB_01752,VIS_04055,EV_0214,INST_017,3,Некоторые части программы понравились больше других.,neutral,synthetic
FB_01753,VIS_03686,EV_0214,INST_017,5,Отличная организация и приятная атмосфера.,positive,synthetic
FB_01754,VIS_03578,EV_0131,INST_011,3,"В целом всё хорошо, но хотелось бы больше интерактива.",neutral,synthetic
FB_01755,VIS_03932,EV_0044,INST_004,5,Интересная программа и хороший формат.,positive,synthetic
FB_01756,VIS_00095,EV_0006,INST_001,4,"Спасибо организаторам, всё прошло замечательно.",positive,synthetic
FB_01757,VIS_01136,EV_0177,INST_014,1,Организацию можно было сделать лучше.,negative,synthetic
FB_01758,VIS_03518,EV_0060,INST_006,4,Отличная организация и приятная атмосфера.,positive,synthetic
FB_01759,VIS_04396,EV_0182,INST_015,3,"Мероприятие было интересным, но некоторые части можно улучшить.",neutral,synthetic
FB_01760,VIS_04150,EV_0207,INST_017,2,Мероприятие показалось слишком длинным.,negative,synthetic
FB_01761,VIS_02225,EV_0103,INST_007,2,Мероприятие показалось слишком длинным.,negative,synthetic
FB_01762,VIS_04237,EV_0145,INST_012,5,"Очень понравилось мероприятие, хочется прийти ещё.",positive,synthetic
FB_01763,VIS_02842,EV_0224,INST_019,3,"Мероприятие было интересным, но некоторые части можно улучшить.",neutral,synthetic
FB_01764,VIS_00521,EV_0117,INST_009,4,Интересная программа и хороший формат.,positive,synthetic
FB_01765,VIS_01479,EV_0100,INST_007,4,Интересная программа и хороший формат.,positive,synthetic
FB_01766,VIS_04013,EV_0122,INST_010,4,Отличная организация и приятная атмосфера.,positive,synthetic
FB_01767,VIS_03594,EV_0213,INST_017,5,"Спасибо организаторам, всё прошло замечательно.",positive,synthetic
FB_01768,VIS_03348,EV_0093,INST_007,4,"Очень понравилось мероприятие, хочется прийти ещё.",positive,synthetic
FB_01769,VIS_02434,EV_0216,INST_018,2,Не хватило интерактивности и вовлечения.,negative,synthetic
FB_01770,VIS_04627,EV_0058,INST_006,2,Мероприятие показалось слишком длинным.,negative,synthetic
FB_01771,VIS_03259,EV_0114,INST_009,4,Отличная организация и приятная атмосфера.,positive,synthetic
FB_01772,VIS_02937,EV_0184,INST_015,3,"В целом всё хорошо, но хотелось бы больше интерактива.",neutral,synthetic
FB_01773,VIS_00796,EV_0146,INST_012,3,"Мероприятие было интересным, но некоторые части можно улучшить.",neutral,synthetic
FB_01774,VIS_02093,EV_0186,INST_016,3,"В целом всё хорошо, но хотелось бы больше интерактива.",neutral,synthetic
FB_01775,VIS_00665,EV_0121,INST_010,4,Интересная программа и хороший формат.,positive,synthetic
FB_01776,VIS_03898,EV_0081,INST_007,5,"Очень понравилось мероприятие, хочется прийти ещё.",positive,synthetic
FB_01777,VIS_00010,EV_0026,INST_002,5,"Очень понравилось мероприятие, хочется прийти ещё.",positive,synthetic
FB_01778,VIS_00159,EV_0133,INST_011,4,Отличная организация и приятная атмосфера.,positive,synthetic
FB_01779,VIS_00812,EV_0060,INST_006,5,Интересная программа и хороший формат.,positive,synthetic
FB_01780,VIS_04505,EV_0047,INST_004,2,Не хватило интерактивности и вовлечения.,negative,synthetic
FB_01781,VIS_01489,EV_0167,INST_014,5,Интересная программа и хороший формат.,positive,synthetic
FB_01782,VIS_04581,EV_0088,INST_007,5,Отличная организация и приятная атмосфера.,positive,synthetic
FB_01783,VIS_00062,EV_0181,INST_014,5,"Спасибо организаторам, всё прошло замечательно.",positive,synthetic
FB_01784,VIS_03884,EV_0100,INST_007,5,Отличная организация и приятная атмосфера.,positive,synthetic
FB_01785,VIS_01744,EV_0043,INST_004,5,Отличная организация и приятная атмосфера.,positive,synthetic
FB_01786,VIS_01545,EV_0199,INST_017,5,"Очень понравилось мероприятие, хочется прийти ещё.",positive,synthetic
FB_01787,VIS_00467,EV_0140,INST_012,3,Некоторые части программы понравились больше других.,neutral,synthetic
FB_01788,VIS_03904,EV_0217,INST_018,3,Некоторые части программы понравились больше других.,neutral,synthetic
FB_01789,VIS_02943,EV_0170,INST_014,1,Организацию можно было сделать лучше.,negative,synthetic
FB_01790,VIS_03142,EV_0223,INST_018,3,"В целом всё хорошо, но хотелось бы больше интерактива.",neutral,synthetic
FB_01791,VIS_04440,EV_0169,INST_014,4,"Спасибо организаторам, всё прошло замечательно.",positive,synthetic
FB_01792,VIS_04785,EV_0122,INST_010,2,Мероприятие показалось слишком длинным.,negative,synthetic
FB_01793,VIS_04511,EV_0105,INST_007,5,Отличная организация и приятная атмосфера.,positive,synthetic
FB_01794,VIS_02119,EV_0057,INST_006,5,"Очень понравилось мероприятие, хочется прийти ещё.",positive,synthetic
FB_01795,VIS_02028,EV_0193,INST_017,3,"В целом всё хорошо, но хотелось бы больше интерактива.",neutral,synthetic
FB_01796,VIS_00036,EV_0176,INST_014,5,Интересная программа и хороший формат.,positive,synthetic
FB_01797,VIS_02564,EV_0205,INST_017,5,Отличная организация и приятная атмосфера.,positive,synthetic
FB_01798,VIS_00068,EV_0126,INST_011,3,"В целом всё хорошо, но хотелось бы больше интерактива.",neutral,synthetic
FB_01799,VIS_04077,EV_0093,INST_007,5,Интересная программа и хороший формат.,positive,synthetic
FB_01800,VIS_04956,EV_0104,INST_007,4,Интересная программа и хороший формат.,positive,synthetic
FB_01801,VIS_01178,EV_0135,INST_011,5,"Очень понравилось мероприятие, хочется прийти ещё.",positive,synthetic
FB_01802,VIS_04858,EV_0143,INST_012,5,Отличная организация и приятная атмосфера.,positive,synthetic
FB_01803,VIS_04517,EV_0098,INST_007,3,Некоторые части программы понравились больше других.,neutral,synthetic
FB_01804,VIS_04120,EV_0082,INST_007,1,Организацию можно было сделать лучше.,negative,synthetic
FB_01805,VIS_03731,EV_0181,INST_014,4,Отличная организация и приятная атмосфера.,positive,synthetic
FB_01806,VIS_01365,EV_0199,INST_017,4,Интересная программа и хороший формат.,positive,synthetic
FB_01807,VIS_02621,EV_0140,INST_012,5,Интересная программа и хороший формат.,positive,synthetic
FB_01808,VIS_02260,EV_0075,INST_006,5,"Очень понравилось мероприятие, хочется прийти ещё.",positive,synthetic
FB_01809,VIS_04279,EV_0042,INST_004,5,Интересная программа и хороший формат.,positive,synthetic
FB_01810,VIS_01785,EV_0138,INST_012,3,"В целом всё хорошо, но хотелось бы больше интерактива.",neutral,synthetic
FB_01811,VIS_04487,EV_0024,INST_001,3,"Мероприятие было интересным, но некоторые части можно улучшить.",neutral,synthetic
FB_01812,VIS_00012,EV_0128,INST_011,5,"Спасибо организаторам, всё прошло замечательно.",positive,synthetic
FB_01813,VIS_00098,EV_0209,INST_017,4,Отличная организация и приятная атмосфера.,positive,synthetic
FB_01814,VIS_04397,EV_0062,INST_006,4,Интересная программа и хороший формат.,positive,synthetic
FB_01815,VIS_00467,EV_0141,INST_012,5,Отличная организация и приятная атмосфера.,positive,synthetic
FB_01816,VIS_00606,EV_0172,INST_014,5,"Очень понравилось мероприятие, хочется прийти ещё.",positive,synthetic
FB_01817,VIS_00372,EV_0181,INST_014,5,Отличная организация и приятная атмосфера.,positive,synthetic
FB_01818,VIS_01321,EV_0112,INST_009,5,Отличная организация и приятная атмосфера.,positive,synthetic
FB_01819,VIS_03372,EV_0201,INST_017,5,"Очень понравилось мероприятие, хочется прийти ещё.",positive,synthetic
FB_01820,VIS_03237,EV_0095,INST_007,5,"Спасибо организаторам, всё прошло замечательно.",positive,synthetic
FB_01821,VIS_01852,EV_0053,INST_005,3,"Мероприятие было интересным, но некоторые части можно улучшить.",neutral,synthetic
FB_01822,VIS_03072,EV_0049,INST_005,5,Отличная организация и приятная атмосфера.,positive,synthetic
FB_01823,VIS_04552,EV_0048,INST_004,3,"В целом всё хорошо, но хотелось бы больше интерактива.",neutral,synthetic
FB_01824,VIS_02934,EV_0128,INST_011,5,"Очень понравилось мероприятие, хочется прийти ещё.",positive,synthetic
FB_01825,VIS_02339,EV_0153,INST_014,4,Отличная организация и приятная атмосфера.,positive,synthetic
FB_01826,VIS_02233,EV_0043,INST_004,2,Мероприятие показалось слишком длинным.,negative,synthetic
FB_01827,VIS_03268,EV_0048,INST_004,4,"Спасибо организаторам, всё прошло замечательно.",positive,synthetic
FB_01828,VIS_02517,EV_0079,INST_007,5,Интересная программа и хороший формат.,positive,synthetic
FB_01829,VIS_00244,EV_0210,INST_017,3,"В целом всё хорошо, но хотелось бы больше интерактива.",neutral,synthetic
FB_01830,VIS_04981,EV_0195,INST_017,5,"Спасибо организаторам, всё прошло замечательно.",positive,synthetic
FB_01831,VIS_01384,EV_0031,INST_002,5,"Очень понравилось мероприятие, хочется прийти ещё.",positive,synthetic
FB_01832,VIS_02807,EV_0182,INST_015,5,"Очень понравилось мероприятие, хочется прийти ещё.",positive,synthetic
FB_01833,VIS_00041,EV_0170,INST_014,1,Организацию можно было сделать лучше.,negative,synthetic
FB_01834,VIS_02310,EV_0034,INST_002,5,"Спасибо организаторам, всё прошло замечательно.",positive,synthetic
FB_01835,VIS_00044,EV_0070,INST_006,5,"Очень понравилось мероприятие, хочется прийти ещё.",positive,synthetic
FB_01836,VIS_02515,EV_0177,INST_014,4,"Очень понравилось мероприятие, хочется прийти ещё.",positive,synthetic
FB_01837,VIS_02028,EV_0079,INST_007,5,"Спасибо организаторам, всё прошло замечательно.",positive,synthetic
FB_01838,VIS_03811,EV_0011,INST_001,5,Интересная программа и хороший формат.,positive,synthetic
FB_01839,VIS_02173,EV_0170,INST_014,4,"Очень понравилось мероприятие, хочется прийти ещё.",positive,synthetic
FB_01840,VIS_00608,EV_0208,INST_017,4,Отличная организация и приятная атмосфера.,positive,synthetic
FB_01841,VIS_01678,EV_0202,INST_017,5,"Очень понравилось мероприятие, хочется прийти ещё.",positive,synthetic
FB_01842,VIS_00821,EV_0029,INST_002,5,"Очень понравилось мероприятие, хочется прийти ещё.",positive,synthetic
FB_01843,VIS_02818,EV_0182,INST_015,3,"В целом всё хорошо, но хотелось бы больше интерактива.",neutral,synthetic
FB_01844,VIS_00552,EV_0169,INST_014,2,Не хватило интерактивности и вовлечения.,negative,synthetic
FB_01845,VIS_00638,EV_0084,INST_007,4,"Спасибо организаторам, всё прошло замечательно.",positive,synthetic
FB_01846,VIS_01250,EV_0182,INST_015,3,"Мероприятие было интересным, но некоторые части можно улучшить.",neutral,synthetic
FB_01847,VIS_01843,EV_0177,INST_014,4,"Очень понравилось мероприятие, хочется прийти ещё.",positive,synthetic
FB_01848,VIS_01242,EV_0140,INST_012,4,Интересная программа и хороший формат.,positive,synthetic
FB_01849,VIS_00193,EV_0098,INST_007,5,"Очень понравилось мероприятие, хочется прийти ещё.",positive,synthetic
FB_01850,VIS_02196,EV_0065,INST_006,5,"Спасибо организаторам, всё прошло замечательно.",positive,synthetic
FB_01851,VIS_00377,EV_0056,INST_006,4,Отличная организация и приятная атмосфера.,positive,synthetic
FB_01852,VIS_02856,EV_0170,INST_014,2,Не хватило интерактивности и вовлечения.,negative,synthetic
FB_01853,VIS_02535,EV_0161,INST_014,1,Не хватило интерактивности и вовлечения.,negative,synthetic
FB_01854,VIS_01237,EV_0072,INST_006,3,"В целом всё хорошо, но хотелось бы больше интерактива.",neutral,synthetic
FB_01855,VIS_01833,EV_0088,INST_007,3,"Мероприятие было интересным, но некоторые части можно улучшить.",neutral,synthetic
FB_01856,VIS_04185,EV_0149,INST_012,3,"Мероприятие было интересным, но некоторые части можно улучшить.",neutral,synthetic
FB_01857,VIS_00809,EV_0209,INST_017,1,Не хватило интерактивности и вовлечения.,negative,synthetic
FB_01858,VIS_01648,EV_0059,INST_006,4,"Спасибо организаторам, всё прошло замечательно.",positive,synthetic
FB_01859,VIS_04479,EV_0132,INST_011,5,"Очень понравилось мероприятие, хочется прийти ещё.",positive,synthetic
FB_01860,VIS_01336,EV_0070,INST_006,4,Интересная программа и хороший формат.,positive,synthetic
FB_01861,VIS_00215,EV_0209,INST_017,5,Отличная организация и приятная атмосфера.,positive,synthetic
FB_01862,VIS_04576,EV_0138,INST_012,5,"Спасибо организаторам, всё прошло замечательно.",positive,synthetic
FB_01863,VIS_02008,EV_0096,INST_007,4,"Спасибо организаторам, всё прошло замечательно.",positive,synthetic
FB_01864,VIS_04102,EV_0018,INST_001,5,"Спасибо организаторам, всё прошло замечательно.",positive,synthetic
FB_01865,VIS_02633,EV_0074,INST_006,5,"Очень понравилось мероприятие, хочется прийти ещё.",positive,synthetic
FB_01866,VIS_03874,EV_0144,INST_012,5,Интересная программа и хороший формат.,positive,synthetic
FB_01867,VIS_01061,EV_0009,INST_001,5,"Очень понравилось мероприятие, хочется прийти ещё.",positive,synthetic
FB_01868,VIS_04934,EV_0081,INST_007,3,Некоторые части программы понравились больше других.,neutral,synthetic
FB_01869,VIS_00228,EV_0147,INST_012,5,"Очень понравилось мероприятие, хочется прийти ещё.",positive,synthetic
FB_01870,VIS_00908,EV_0151,INST_014,4,Отличная организация и приятная атмосфера.,positive,synthetic
FB_01871,VIS_00248,EV_0073,INST_006,5,Отличная организация и приятная атмосфера.,positive,synthetic
FB_01872,VIS_01247,EV_0066,INST_006,3,"Мероприятие было интересным, но некоторые части можно улучшить.",neutral,synthetic
FB_01873,VIS_04149,EV_0072,INST_006,3,Некоторые части программы понравились больше других.,neutral,synthetic
FB_01874,VIS_01134,EV_0045,INST_004,5,Отличная организация и приятная атмосфера.,positive,synthetic
FB_01875,VIS_01097,EV_0095,INST_007,5,Интересная программа и хороший формат.,positive,synthetic
FB_01876,VIS_02687,EV_0126,INST_011,3,Некоторые части программы понравились больше других.,neutral,synthetic
FB_01877,VIS_02395,EV_0096,INST_007,3,Некоторые части программы понравились больше других.,neutral,synthetic
FB_01878,VIS_03248,EV_0066,INST_006,2,Не хватило интерактивности и вовлечения.,negative,synthetic
FB_01879,VIS_01139,EV_0187,INST_017,5,Интересная программа и хороший формат.,positive,synthetic
FB_01880,VIS_02973,EV_0203,INST_017,5,Отличная организация и приятная атмосфера.,positive,synthetic
FB_01881,VIS_04908,EV_0053,INST_005,5,"Очень понравилось мероприятие, хочется прийти ещё.",positive,synthetic
FB_01882,VIS_03158,EV_0077,INST_006,4,Интересная программа и хороший формат.,positive,synthetic
FB_01883,VIS_02977,EV_0196,INST_017,4,"Очень понравилось мероприятие, хочется прийти ещё.",positive,synthetic
FB_01884,VIS_01028,EV_0176,INST_014,3,"Мероприятие было интересным, но некоторые части можно улучшить.",neutral,synthetic
FB_01885,VIS_01020,EV_0221,INST_018,3,"В целом всё хорошо, но хотелось бы больше интерактива.",neutral,synthetic
FB_01886,VIS_03295,EV_0221,INST_018,5,"Очень понравилось мероприятие, хочется прийти ещё.",positive,synthetic
FB_01887,VIS_00101,EV_0167,INST_014,4,"Очень понравилось мероприятие, хочется прийти ещё.",positive,synthetic
FB_01888,VIS_04022,EV_0166,INST_014,2,Не хватило интерактивности и вовлечения.,negative,synthetic
FB_01889,VIS_03222,EV_0209,INST_017,5,"Спасибо организаторам, всё прошло замечательно.",positive,synthetic
FB_01890,VIS_04275,EV_0002,INST_001,5,Отличная организация и приятная атмосфера.,positive,synthetic
FB_01891,VIS_02586,EV_0023,INST_001,5,Интересная программа и хороший формат.,positive,synthetic
FB_01892,VIS_02566,EV_0054,INST_005,5,Отличная организация и приятная атмосфера.,positive,synthetic
FB_01893,VIS_04839,EV_0185,INST_016,5,Отличная организация и приятная атмосфера.,positive,synthetic
FB_01894,VIS_00477,EV_0118,INST_010,2,Не хватило интерактивности и вовлечения.,negative,synthetic
FB_01895,VIS_03301,EV_0211,INST_017,5,"Спасибо организаторам, всё прошло замечательно.",positive,synthetic
FB_01896,VIS_01417,EV_0142,INST_012,5,"Спасибо организаторам, всё прошло замечательно.",positive,synthetic
FB_01897,VIS_02691,EV_0212,INST_017,5,"Очень понравилось мероприятие, хочется прийти ещё.",positive,synthetic
FB_01898,VIS_00612,EV_0081,INST_007,3,"Мероприятие было интересным, но некоторые части можно улучшить.",neutral,synthetic
FB_01899,VIS_02942,EV_0183,INST_015,3,"В целом всё хорошо, но хотелось бы больше интерактива.",neutral,synthetic
FB_01900,VIS_03185,EV_0153,INST_014,4,"Спасибо организаторам, всё прошло замечательно.",positive,synthetic
FB_01901,VIS_01092,EV_0103,INST_007,5,"Очень понравилось мероприятие, хочется прийти ещё.",positive,synthetic
FB_01902,VIS_02879,EV_0028,INST_002,5,Отличная организация и приятная атмосфера.,positive,synthetic
FB_01903,VIS_01308,EV_0128,INST_011,4,Отличная организация и приятная атмосфера.,positive,synthetic
FB_01904,VIS_03889,EV_0169,INST_014,5,"Спасибо организаторам, всё прошло замечательно.",positive,synthetic
FB_01905,VIS_00320,EV_0154,INST_014,2,Мероприятие показалось слишком длинным.,negative,synthetic
FB_01906,VIS_02012,EV_0209,INST_017,3,"В целом всё хорошо, но хотелось бы больше интерактива.",neutral,synthetic
FB_01907,VIS_03742,EV_0070,INST_006,5,"Спасибо организаторам, всё прошло замечательно.",positive,synthetic
FB_01908,VIS_01850,EV_0080,INST_007,4,"Очень понравилось мероприятие, хочется прийти ещё.",positive,synthetic
FB_01909,VIS_03810,EV_0031,INST_002,5,"Очень понравилось мероприятие, хочется прийти ещё.",positive,synthetic
FB_01910,VIS_01483,EV_0201,INST_017,3,Некоторые части программы понравились больше других.,neutral,synthetic
FB_01911,VIS_00866,EV_0214,INST_017,5,Интересная программа и хороший формат.,positive,synthetic
FB_01912,VIS_01351,EV_0104,INST_007,5,Интересная программа и хороший формат.,positive,synthetic
FB_01913,VIS_02879,EV_0174,INST_014,5,Интересная программа и хороший формат.,positive,synthetic
FB_01914,VIS_03325,EV_0103,INST_007,2,Не хватило интерактивности и вовлечения.,negative,synthetic
FB_01915,VIS_00603,EV_0224,INST_019,4,"Спасибо организаторам, всё прошло замечательно.",positive,synthetic
FB_01916,VIS_00894,EV_0010,INST_001,5,"Очень понравилось мероприятие, хочется прийти ещё.",positive,synthetic
FB_01917,VIS_03041,EV_0135,INST_011,4,Интересная программа и хороший формат.,positive,synthetic
FB_01918,VIS_04059,EV_0102,INST_007,4,"Очень понравилось мероприятие, хочется прийти ещё.",positive,synthetic
FB_01919,VIS_04522,EV_0219,INST_018,5,Отличная организация и приятная атмосфера.,positive,synthetic
FB_01920,VIS_01674,EV_0147,INST_012,3,"Мероприятие было интересным, но некоторые части можно улучшить.",neutral,synthetic
FB_01921,VIS_01794,EV_0045,INST_004,5,Интересная программа и хороший формат.,positive,synthetic
FB_01922,VIS_00027,EV_0123,INST_010,4,"Очень понравилось мероприятие, хочется прийти ещё.",positive,synthetic
FB_01923,VIS_04827,EV_0109,INST_009,4,Интересная программа и хороший формат.,positive,synthetic
FB_01924,VIS_01331,EV_0009,INST_001,5,"Очень понравилось мероприятие, хочется прийти ещё.",positive,synthetic
FB_01925,VIS_03690,EV_0105,INST_007,5,"Очень понравилось мероприятие, хочется прийти ещё.",positive,synthetic
FB_01926,VIS_00280,EV_0174,INST_014,4,"Очень понравилось мероприятие, хочется прийти ещё.",positive,synthetic
FB_01927,VIS_01744,EV_0042,INST_004,5,Отличная организация и приятная атмосфера.,positive,synthetic
FB_01928,VIS_02016,EV_0137,INST_011,5,Интересная программа и хороший формат.,positive,synthetic
FB_01929,VIS_03204,EV_0179,INST_014,3,Некоторые части программы понравились больше других.,neutral,synthetic
FB_01930,VIS_04594,EV_0116,INST_009,5,"Очень понравилось мероприятие, хочется прийти ещё.",positive,synthetic
FB_01931,VIS_01309,EV_0066,INST_006,5,Отличная организация и приятная атмосфера.,positive,synthetic
FB_01932,VIS_01111,EV_0103,INST_007,4,"Спасибо организаторам, всё прошло замечательно.",positive,synthetic
FB_01933,VIS_03059,EV_0103,INST_007,5,"Спасибо организаторам, всё прошло замечательно.",positive,synthetic
FB_01934,VIS_03642,EV_0200,INST_017,3,"В целом всё хорошо, но хотелось бы больше интерактива.",neutral,synthetic
FB_01935,VIS_01331,EV_0001,INST_001,5,Отличная организация и приятная атмосфера.,positive,synthetic
FB_01936,VIS_00615,EV_0106,INST_007,5,"Очень понравилось мероприятие, хочется прийти ещё.",positive,synthetic
FB_01937,VIS_01515,EV_0224,INST_019,5,Отличная организация и приятная атмосфера.,positive,synthetic
FB_01938,VIS_04380,EV_0211,INST_017,3,Некоторые части программы понравились больше других.,neutral,synthetic
FB_01939,VIS_04195,EV_0049,INST_005,3,Некоторые части программы понравились больше других.,neutral,synthetic
FB_01940,VIS_03838,EV_0088,INST_007,5,Отличная организация и приятная атмосфера.,positive,synthetic
FB_01941,VIS_00159,EV_0126,INST_011,3,"В целом всё хорошо, но хотелось бы больше интерактива.",neutral,synthetic
FB_01942,VIS_01207,EV_0159,INST_014,4,Отличная организация и приятная атмосфера.,positive,synthetic
FB_01943,VIS_00106,EV_0124,INST_011,5,Интересная программа и хороший формат.,positive,synthetic
FB_01944,VIS_03006,EV_0103,INST_007,4,"Спасибо организаторам, всё прошло замечательно.",positive,synthetic
FB_01945,VIS_02124,EV_0225,INST_019,4,"Очень понравилось мероприятие, хочется прийти ещё.",positive,synthetic
FB_01946,VIS_04254,EV_0048,INST_004,5,"Спасибо организаторам, всё прошло замечательно.",positive,synthetic
FB_01947,VIS_04446,EV_0123,INST_010,5,"Очень понравилось мероприятие, хочется прийти ещё.",positive,synthetic
FB_01948,VIS_01240,EV_0224,INST_019,5,Отличная организация и приятная атмосфера.,positive,synthetic
FB_01949,VIS_03254,EV_0115,INST_009,3,"Мероприятие было интересным, но некоторые части можно улучшить.",neutral,synthetic
FB_01950,VIS_00070,EV_0126,INST_011,5,"Очень понравилось мероприятие, хочется прийти ещё.",positive,synthetic
FB_01951,VIS_00235,EV_0146,INST_012,4,Отличная организация и приятная атмосфера.,positive,synthetic
FB_01952,VIS_02468,EV_0040,INST_003,2,Организацию можно было сделать лучше.,negative,synthetic
FB_01953,VIS_04953,EV_0145,INST_012,5,Отличная организация и приятная атмосфера.,positive,synthetic
FB_01954,VIS_01728,EV_0086,INST_007,5,Интересная программа и хороший формат.,positive,synthetic
FB_01955,VIS_01610,EV_0098,INST_007,5,Интересная программа и хороший формат.,positive,synthetic
FB_01956,VIS_04501,EV_0180,INST_014,5,Интересная программа и хороший формат.,positive,synthetic
FB_01957,VIS_01791,EV_0127,INST_011,5,"Очень понравилось мероприятие, хочется прийти ещё.",positive,synthetic
FB_01958,VIS_02254,EV_0123,INST_010,5,"Спасибо организаторам, всё прошло замечательно.",positive,synthetic
FB_01959,VIS_02012,EV_0177,INST_014,3,"Мероприятие было интересным, но некоторые части можно улучшить.",neutral,synthetic
FB_01960,VIS_02504,EV_0082,INST_007,5,Отличная организация и приятная атмосфера.,positive,synthetic
FB_01961,VIS_01468,EV_0220,INST_018,5,Отличная организация и приятная атмосфера.,positive,synthetic
FB_01962,VIS_01179,EV_0157,INST_014,5,Интересная программа и хороший формат.,positive,synthetic
FB_01963,VIS_04995,EV_0212,INST_017,4,Интересная программа и хороший формат.,positive,synthetic
FB_01964,VIS_00912,EV_0210,INST_017,3,"Мероприятие было интересным, но некоторые части можно улучшить.",neutral,synthetic
FB_01965,VIS_02272,EV_0147,INST_012,3,"В целом всё хорошо, но хотелось бы больше интерактива.",neutral,synthetic
FB_01966,VIS_02589,EV_0141,INST_012,3,Некоторые части программы понравились больше других.,neutral,synthetic
FB_01967,VIS_03536,EV_0181,INST_014,3,"Мероприятие было интересным, но некоторые части можно улучшить.",neutral,synthetic
FB_01968,VIS_02518,EV_0024,INST_001,2,Мероприятие показалось слишком длинным.,negative,synthetic
FB_01969,VIS_01321,EV_0209,INST_017,1,Мероприятие показалось слишком длинным.,negative,synthetic
FB_01970,VIS_01801,EV_0050,INST_005,1,Организацию можно было сделать лучше.,negative,synthetic
FB_01971,VIS_02412,EV_0198,INST_017,2,Мероприятие показалось слишком длинным.,negative,synthetic
FB_01972,VIS_03563,EV_0122,INST_010,5,"Спасибо организаторам, всё прошло замечательно.",positive,synthetic
FB_01973,VIS_00705,EV_0143,INST_012,4,"Очень понравилось мероприятие, хочется прийти ещё.",positive,synthetic
FB_01974,VIS_00314,EV_0225,INST_019,5,Интересная программа и хороший формат.,positive,synthetic
FB_01975,VIS_01229,EV_0225,INST_019,5,Отличная организация и приятная атмосфера.,positive,synthetic
FB_01976,VIS_00161,EV_0111,INST_009,5,"Спасибо организаторам, всё прошло замечательно.",positive,synthetic
FB_01977,VIS_01805,EV_0088,INST_007,4,Отличная организация и приятная атмосфера.,positive,synthetic
FB_01978,VIS_02743,EV_0164,INST_014,3,Некоторые части программы понравились больше других.,neutral,synthetic
FB_01979,VIS_04315,EV_0072,INST_006,5,Интересная программа и хороший формат.,positive,synthetic
FB_01980,VIS_04715,EV_0082,INST_007,5,"Очень понравилось мероприятие, хочется прийти ещё.",positive,synthetic
FB_01981,VIS_03695,EV_0157,INST_014,5,Отличная организация и приятная атмосфера.,positive,synthetic
FB_01982,VIS_00119,EV_0016,INST_001,4,Интересная программа и хороший формат.,positive,synthetic
FB_01983,VIS_03767,EV_0217,INST_018,4,"Спасибо организаторам, всё прошло замечательно.",positive,synthetic
FB_01984,VIS_00221,EV_0070,INST_006,3,"В целом всё хорошо, но хотелось бы больше интерактива.",neutral,synthetic
FB_01985,VIS_03812,EV_0109,INST_009,4,Интересная программа и хороший формат.,positive,synthetic
FB_01986,VIS_00028,EV_0188,INST_017,5,"Спасибо организаторам, всё прошло замечательно.",positive,synthetic
FB_01987,VIS_02330,EV_0198,INST_017,5,Отличная организация и приятная атмосфера.,positive,synthetic
FB_01988,VIS_03534,EV_0206,INST_017,2,Не хватило интерактивности и вовлечения.,negative,synthetic
FB_01989,VIS_04951,EV_0012,INST_001,4,"Очень понравилось мероприятие, хочется прийти ещё.",positive,synthetic
FB_01990,VIS_01198,EV_0060,INST_006,4,"Очень понравилось мероприятие, хочется прийти ещё.",positive,synthetic
FB_01991,VIS_02606,EV_0057,INST_006,5,"Очень понравилось мероприятие, хочется прийти ещё.",positive,synthetic
FB_01992,VIS_00804,EV_0089,INST_007,3,"Мероприятие было интересным, но некоторые части можно улучшить.",neutral,synthetic
FB_01993,VIS_00766,EV_0223,INST_018,4,Отличная организация и приятная атмосфера.,positive,synthetic
FB_01994,VIS_00315,EV_0183,INST_015,3,Некоторые части программы понравились больше других.,neutral,synthetic
FB_01995,VIS_00165,EV_0123,INST_010,5,Интересная программа и хороший формат.,positive,synthetic
FB_01996,VIS_02411,EV_0183,INST_015,4,"Спасибо организаторам, всё прошло замечательно.",positive,synthetic
FB_01997,VIS_00016,EV_0123,INST_010,5,"Спасибо организаторам, всё прошло замечательно.",positive,synthetic
FB_01998,VIS_04834,EV_0033,INST_002,5,"Очень понравилось мероприятие, хочется прийти ещё.",positive,synthetic
FB_01999,VIS_01754,EV_0204,INST_017,5,"Спасибо организаторам, всё прошло замечательно.",positive,synthetic
FB_02000,VIS_01286,EV_0071,INST_006,5,"Очень понравилось мероприятие, хочется прийти ещё.",positive,synthetic
FB_02001,VIS_00064,EV_0169,INST_014,2,Организацию можно было сделать лучше.,negative,synthetic
FB_02002,VIS_00204,EV_0126,INST_011,5,Отличная организация и приятная атмосфера.,positive,synthetic
FB_02003,VIS_01653,EV_0182,INST_015,5,Отличная организация и приятная атмосфера.,positive,synthetic
FB_02004,VIS_00367,EV_0205,INST_017,5,Интересная программа и хороший формат.,positive,synthetic
FB_02005,VIS_04537,EV_0013,INST_001,5,"Спасибо организаторам, всё прошло замечательно.",positive,synthetic
FB_02006,VIS_04938,EV_0095,INST_007,5,"Спасибо организаторам, всё прошло замечательно.",positive,synthetic
FB_02007,VIS_04492,EV_0059,INST_006,3,Некоторые части программы понравились больше других.,neutral,synthetic
FB_02008,VIS_03065,EV_0152,INST_014,3,Некоторые части программы понравились больше других.,neutral,synthetic
FB_02009,VIS_03379,EV_0224,INST_019,5,"Очень понравилось мероприятие, хочется прийти ещё.",positive,synthetic
FB_02010,VIS_04448,EV_0150,INST_013,5,"Очень понравилось мероприятие, хочется прийти ещё.",positive,synthetic
FB_02011,VIS_02117,EV_0127,INST_011,5,"Спасибо организаторам, всё прошло замечательно.",positive,synthetic
FB_02012,VIS_04665,EV_0012,INST_001,3,"Мероприятие было интересным, но некоторые части можно улучшить.",neutral,synthetic
FB_02013,VIS_02442,EV_0098,INST_007,2,Мероприятие показалось слишком длинным.,negative,synthetic
FB_02014,VIS_04154,EV_0209,INST_017,5,"Очень понравилось мероприятие, хочется прийти ещё.",positive,synthetic
FB_02015,VIS_00630,EV_0211,INST_017,1,Организацию можно было сделать лучше.,negative,synthetic
FB_02016,VIS_02848,EV_0192,INST_017,4,Интересная программа и хороший формат.,positive,synthetic
FB_02017,VIS_00215,EV_0212,INST_017,5,Интересная программа и хороший формат.,positive,synthetic
FB_02018,VIS_03839,EV_0212,INST_017,3,"Мероприятие было интересным, но некоторые части можно улучшить.",neutral,synthetic
FB_02019,VIS_00909,EV_0162,INST_014,2,Не хватило интерактивности и вовлечения.,negative,synthetic
FB_02020,VIS_01426,EV_0102,INST_007,3,"Мероприятие было интересным, но некоторые части можно улучшить.",neutral,synthetic
FB_02021,VIS_01488,EV_0037,INST_003,5,"Очень понравилось мероприятие, хочется прийти ещё.",positive,synthetic
FB_02022,VIS_03307,EV_0127,INST_011,5,"Спасибо организаторам, всё прошло замечательно.",positive,synthetic
FB_02023,VIS_01064,EV_0013,INST_001,3,Некоторые части программы понравились больше других.,neutral,synthetic
FB_02024,VIS_03437,EV_0188,INST_017,3,Некоторые части программы понравились больше других.,neutral,synthetic
FB_02025,VIS_01600,EV_0023,INST_001,3,"В целом всё хорошо, но хотелось бы больше интерактива.",neutral,synthetic
FB_02026,VIS_01557,EV_0204,INST_017,3,"Мероприятие было интересным, но некоторые части можно улучшить.",neutral,synthetic
FB_02027,VIS_01860,EV_0038,INST_003,5,"Очень понравилось мероприятие, хочется прийти ещё.",positive,synthetic
FB_02028,VIS_04271,EV_0088,INST_007,5,Интересная программа и хороший формат.,positive,synthetic
FB_02029,VIS_02017,EV_0202,INST_017,5,"Очень понравилось мероприятие, хочется прийти ещё.",positive,synthetic
FB_02030,VIS_00812,EV_0056,INST_006,4,"Спасибо организаторам, всё прошло замечательно.",positive,synthetic
FB_02031,VIS_04814,EV_0096,INST_007,3,"Мероприятие было интересным, но некоторые части можно улучшить.",neutral,synthetic
FB_02032,VIS_04333,EV_0042,INST_004,4,"Очень понравилось мероприятие, хочется прийти ещё.",positive,synthetic
FB_02033,VIS_00119,EV_0202,INST_017,5,Отличная организация и приятная атмосфера.,positive,synthetic
FB_02034,VIS_00248,EV_0205,INST_017,3,"В целом всё хорошо, но хотелось бы больше интерактива.",neutral,synthetic
FB_02035,VIS_01589,EV_0165,INST_014,3,"Мероприятие было интересным, но некоторые части можно улучшить.",neutral,synthetic
FB_02036,VIS_01415,EV_0215,INST_018,5,Интересная программа и хороший формат.,positive,synthetic
FB_02037,VIS_04391,EV_0104,INST_007,5,Отличная организация и приятная атмосфера.,positive,synthetic
FB_02038,VIS_02804,EV_0207,INST_017,5,Отличная организация и приятная атмосфера.,positive,synthetic
FB_02039,VIS_03099,EV_0057,INST_006,3,Некоторые части программы понравились больше других.,neutral,synthetic
FB_02040,VIS_02942,EV_0184,INST_015,4,Интересная программа и хороший формат.,positive,synthetic
FB_02041,VIS_02427,EV_0030,INST_002,4,Отличная организация и приятная атмосфера.,positive,synthetic
FB_02042,VIS_02419,EV_0189,INST_017,4,"Спасибо организаторам, всё прошло замечательно.",positive,synthetic
FB_02043,VIS_01954,EV_0195,INST_017,4,"Спасибо организаторам, всё прошло замечательно.",positive,synthetic
FB_02044,VIS_04733,EV_0009,INST_001,3,Некоторые части программы понравились больше других.,neutral,synthetic
FB_02045,VIS_04693,EV_0035,INST_002,5,Интересная программа и хороший формат.,positive,synthetic
FB_02046,VIS_04104,EV_0024,INST_001,4,Отличная организация и приятная атмосфера.,positive,synthetic
FB_02047,VIS_02201,EV_0043,INST_004,5,Интересная программа и хороший формат.,positive,synthetic
FB_02048,VIS_00911,EV_0141,INST_012,4,Интересная программа и хороший формат.,positive,synthetic
FB_02049,VIS_00466,EV_0026,INST_002,4,"Очень понравилось мероприятие, хочется прийти ещё.",positive,synthetic
FB_02050,VIS_03662,EV_0097,INST_007,3,"Мероприятие было интересным, но некоторые части можно улучшить.",neutral,synthetic
FB_02051,VIS_00665,EV_0123,INST_010,4,Интересная программа и хороший формат.,positive,synthetic
FB_02052,VIS_00976,EV_0140,INST_012,1,Организацию можно было сделать лучше.,negative,synthetic
FB_02053,VIS_01069,EV_0118,INST_010,4,"Очень понравилось мероприятие, хочется прийти ещё.",positive,synthetic
FB_02054,VIS_01856,EV_0100,INST_007,3,Некоторые части программы понравились больше других.,neutral,synthetic
FB_02055,VIS_03945,EV_0118,INST_010,4,Интересная программа и хороший формат.,positive,synthetic
FB_02056,VIS_01095,EV_0063,INST_006,3,"В целом всё хорошо, но хотелось бы больше интерактива.",neutral,synthetic
FB_02057,VIS_04254,EV_0042,INST_004,4,"Спасибо организаторам, всё прошло замечательно.",positive,synthetic
FB_02058,VIS_02275,EV_0077,INST_006,5,"Очень понравилось мероприятие, хочется прийти ещё.",positive,synthetic
FB_02059,VIS_02100,EV_0122,INST_010,5,Отличная организация и приятная атмосфера.,positive,synthetic
FB_02060,VIS_00031,EV_0179,INST_014,4,Отличная организация и приятная атмосфера.,positive,synthetic
FB_02061,VIS_03878,EV_0078,INST_006,5,"Спасибо организаторам, всё прошло замечательно.",positive,synthetic
FB_02062,VIS_00098,EV_0198,INST_017,3,"В целом всё хорошо, но хотелось бы больше интерактива.",neutral,synthetic
FB_02063,VIS_00412,EV_0207,INST_017,5,"Спасибо организаторам, всё прошло замечательно.",positive,synthetic
FB_02064,VIS_04511,EV_0062,INST_006,2,Мероприятие показалось слишком длинным.,negative,synthetic
FB_02065,VIS_01012,EV_0189,INST_017,4,Интересная программа и хороший формат.,positive,synthetic
FB_02066,VIS_00457,EV_0192,INST_017,4,Отличная организация и приятная атмосфера.,positive,synthetic
FB_02067,VIS_04165,EV_0087,INST_007,5,"Очень понравилось мероприятие, хочется прийти ещё.",positive,synthetic
FB_02068,VIS_01569,EV_0071,INST_006,5,Отличная организация и приятная атмосфера.,positive,synthetic
FB_02069,VIS_01468,EV_0223,INST_018,5,Отличная организация и приятная атмосфера.,positive,synthetic
FB_02070,VIS_01850,EV_0088,INST_007,5,Интересная программа и хороший формат.,positive,synthetic
FB_02071,VIS_04421,EV_0115,INST_009,5,"Очень понравилось мероприятие, хочется прийти ещё.",positive,synthetic
FB_02072,VIS_01559,EV_0111,INST_009,3,Некоторые части программы понравились больше других.,neutral,synthetic
FB_02073,VIS_00454,EV_0157,INST_014,4,"Очень понравилось мероприятие, хочется прийти ещё.",positive,synthetic
FB_02074,VIS_04377,EV_0105,INST_007,4,Отличная организация и приятная атмосфера.,positive,synthetic
FB_02075,VIS_00387,EV_0178,INST_014,5,Интересная программа и хороший формат.,positive,synthetic
FB_02076,VIS_03454,EV_0115,INST_009,4,Отличная организация и приятная атмосфера.,positive,synthetic
FB_02077,VIS_03172,EV_0047,INST_004,5,"Очень понравилось мероприятие, хочется прийти ещё.",positive,synthetic
FB_02078,VIS_04096,EV_0147,INST_012,2,Не хватило интерактивности и вовлечения.,negative,synthetic
FB_02079,VIS_01892,EV_0060,INST_006,4,Отличная организация и приятная атмосфера.,positive,synthetic
FB_02080,VIS_04827,EV_0095,INST_007,4,"Спасибо организаторам, всё прошло замечательно.",positive,synthetic
FB_02081,VIS_01545,EV_0003,INST_001,5,"Очень понравилось мероприятие, хочется прийти ещё.",positive,synthetic
FB_02082,VIS_03893,EV_0082,INST_007,4,Отличная организация и приятная атмосфера.,positive,synthetic
FB_02083,VIS_04931,EV_0089,INST_007,3,Некоторые части программы понравились больше других.,neutral,synthetic
FB_02084,VIS_04325,EV_0167,INST_014,4,"Спасибо организаторам, всё прошло замечательно.",positive,synthetic
FB_02085,VIS_04134,EV_0144,INST_012,5,Отличная организация и приятная атмосфера.,positive,synthetic
FB_02086,VIS_01988,EV_0090,INST_007,5,Отличная организация и приятная атмосфера.,positive,synthetic
FB_02087,VIS_04616,EV_0196,INST_017,5,Отличная организация и приятная атмосфера.,positive,synthetic
FB_02088,VIS_02486,EV_0076,INST_006,5,Отличная организация и приятная атмосфера.,positive,synthetic
FB_02089,VIS_04065,EV_0036,INST_003,4,Отличная организация и приятная атмосфера.,positive,synthetic
FB_02090,VIS_00981,EV_0151,INST_014,5,"Очень понравилось мероприятие, хочется прийти ещё.",positive,synthetic
FB_02091,VIS_00236,EV_0182,INST_015,3,"Мероприятие было интересным, но некоторые части можно улучшить.",neutral,synthetic
FB_02092,VIS_02535,EV_0152,INST_014,5,"Спасибо организаторам, всё прошло замечательно.",positive,synthetic
FB_02093,VIS_00024,EV_0147,INST_012,3,Некоторые части программы понравились больше других.,neutral,synthetic
FB_02094,VIS_00973,EV_0143,INST_012,3,"В целом всё хорошо, но хотелось бы больше интерактива.",neutral,synthetic
FB_02095,VIS_02887,EV_0123,INST_010,3,Некоторые части программы понравились больше других.,neutral,synthetic
FB_02096,VIS_00841,EV_0147,INST_012,5,Интересная программа и хороший формат.,positive,synthetic
FB_02097,VIS_02392,EV_0003,INST_001,4,"Очень понравилось мероприятие, хочется прийти ещё.",positive,synthetic
FB_02098,VIS_02962,EV_0213,INST_017,4,"Спасибо организаторам, всё прошло замечательно.",positive,synthetic
FB_02099,VIS_04982,EV_0007,INST_001,5,Отличная организация и приятная атмосфера.,positive,synthetic
FB_02100,VIS_03945,EV_0183,INST_015,5,"Очень понравилось мероприятие, хочется прийти ещё.",positive,synthetic
FB_02101,VIS_04482,EV_0046,INST_004,4,"Спасибо организаторам, всё прошло замечательно.",positive,synthetic
FB_02102,VIS_02805,EV_0007,INST_001,3,Некоторые части программы понравились больше других.,neutral,synthetic
FB_02103,VIS_01271,EV_0202,INST_017,5,Интересная программа и хороший формат.,positive,synthetic
FB_02104,VIS_01283,EV_0184,INST_015,5,Интересная программа и хороший формат.,positive,synthetic
FB_02105,VIS_00152,EV_0171,INST_014,5,Отличная организация и приятная атмосфера.,positive,synthetic
FB_02106,VIS_02284,EV_0178,INST_014,4,"Очень понравилось мероприятие, хочется прийти ещё.",positive,synthetic
FB_02107,VIS_01772,EV_0033,INST_002,1,Мероприятие показалось слишком длинным.,negative,synthetic
FB_02108,VIS_03784,EV_0182,INST_015,1,Организацию можно было сделать лучше.,negative,synthetic
FB_02109,VIS_04899,EV_0035,INST_002,5,Отличная организация и приятная атмосфера.,positive,synthetic
FB_02110,VIS_02986,EV_0186,INST_016,5,Отличная организация и приятная атмосфера.,positive,synthetic
FB_02111,VIS_00521,EV_0184,INST_015,3,Некоторые части программы понравились больше других.,neutral,synthetic
FB_02112,VIS_00220,EV_0131,INST_011,3,Некоторые части программы понравились больше других.,neutral,synthetic
FB_02113,VIS_01576,EV_0055,INST_005,5,"Спасибо организаторам, всё прошло замечательно.",positive,synthetic
FB_02114,VIS_03142,EV_0089,INST_007,3,"В целом всё хорошо, но хотелось бы больше интерактива.",neutral,synthetic
FB_02115,VIS_03292,EV_0009,INST_001,5,"Очень понравилось мероприятие, хочется прийти ещё.",positive,synthetic
FB_02116,VIS_00017,EV_0196,INST_017,5,"Спасибо организаторам, всё прошло замечательно.",positive,synthetic
FB_02117,VIS_04680,EV_0182,INST_015,3,"Мероприятие было интересным, но некоторые части можно улучшить.",neutral,synthetic
FB_02118,VIS_01530,EV_0049,INST_005,5,"Очень понравилось мероприятие, хочется прийти ещё.",positive,synthetic
FB_02119,VIS_00611,EV_0064,INST_006,3,"В целом всё хорошо, но хотелось бы больше интерактива.",neutral,synthetic
FB_02120,VIS_02288,EV_0163,INST_014,5,Интересная программа и хороший формат.,positive,synthetic
FB_02121,VIS_00990,EV_0119,INST_010,4,Интересная программа и хороший формат.,positive,synthetic
FB_02122,VIS_02232,EV_0087,INST_007,5,Отличная организация и приятная атмосфера.,positive,synthetic
FB_02123,VIS_03397,EV_0138,INST_012,5,Отличная организация и приятная атмосфера.,positive,synthetic
FB_02124,VIS_04979,EV_0199,INST_017,4,"Очень понравилось мероприятие, хочется прийти ещё.",positive,synthetic
FB_02125,VIS_04123,EV_0149,INST_012,4,Отличная организация и приятная атмосфера.,positive,synthetic
FB_02126,VIS_01131,EV_0104,INST_007,5,"Очень понравилось мероприятие, хочется прийти ещё.",positive,synthetic
FB_02127,VIS_04861,EV_0095,INST_007,5,"Спасибо организаторам, всё прошло замечательно.",positive,synthetic
FB_02128,VIS_00389,EV_0056,INST_006,5,Интересная программа и хороший формат.,positive,synthetic
FB_02129,VIS_03518,EV_0208,INST_017,5,"Очень понравилось мероприятие, хочется прийти ещё.",positive,synthetic
FB_02130,VIS_00636,EV_0074,INST_006,4,"Спасибо организаторам, всё прошло замечательно.",positive,synthetic
FB_02131,VIS_00879,EV_0103,INST_007,5,"Спасибо организаторам, всё прошло замечательно.",positive,synthetic
FB_02132,VIS_02514,EV_0193,INST_017,2,Мероприятие показалось слишком длинным.,negative,synthetic
FB_02133,VIS_01054,EV_0087,INST_007,5,Интересная программа и хороший формат.,positive,synthetic
FB_02134,VIS_01769,EV_0080,INST_007,5,Интересная программа и хороший формат.,positive,synthetic
FB_02135,VIS_04287,EV_0184,INST_015,5,Отличная организация и приятная атмосфера.,positive,synthetic
FB_02136,VIS_02109,EV_0078,INST_006,1,Мероприятие показалось слишком длинным.,negative,synthetic
FB_02137,VIS_03343,EV_0170,INST_014,5,Отличная организация и приятная атмосфера.,positive,synthetic
FB_02138,VIS_03577,EV_0209,INST_017,4,Отличная организация и приятная атмосфера.,positive,synthetic
FB_02139,VIS_03065,EV_0174,INST_014,5,Интересная программа и хороший формат.,positive,synthetic
FB_02140,VIS_04912,EV_0182,INST_015,4,"Спасибо организаторам, всё прошло замечательно.",positive,synthetic
FB_02141,VIS_01506,EV_0035,INST_002,5,Отличная организация и приятная атмосфера.,positive,synthetic
FB_02142,VIS_02955,EV_0061,INST_006,3,"В целом всё хорошо, но хотелось бы больше интерактива.",neutral,synthetic
FB_02143,VIS_01094,EV_0017,INST_001,3,Некоторые части программы понравились больше других.,neutral,synthetic
FB_02144,VIS_00910,EV_0195,INST_017,4,"Очень понравилось мероприятие, хочется прийти ещё.",positive,synthetic
FB_02145,VIS_00531,EV_0098,INST_007,3,"В целом всё хорошо, но хотелось бы больше интерактива.",neutral,synthetic
FB_02146,VIS_02101,EV_0089,INST_007,5,Интересная программа и хороший формат.,positive,synthetic
FB_02147,VIS_02501,EV_0206,INST_017,4,Отличная организация и приятная атмосфера.,positive,synthetic
FB_02148,VIS_00171,EV_0042,INST_004,5,"Очень понравилось мероприятие, хочется прийти ещё.",positive,synthetic
FB_02149,VIS_04805,EV_0078,INST_006,4,"Очень понравилось мероприятие, хочется прийти ещё.",positive,synthetic
FB_02150,VIS_02971,EV_0022,INST_001,5,Интересная программа и хороший формат.,positive,synthetic
FB_02151,VIS_00510,EV_0136,INST_011,2,Не хватило интерактивности и вовлечения.,negative,synthetic
FB_02152,VIS_04805,EV_0098,INST_007,2,Организацию можно было сделать лучше.,negative,synthetic
FB_02153,VIS_02989,EV_0133,INST_011,5,Отличная организация и приятная атмосфера.,positive,synthetic
FB_02154,VIS_00895,EV_0218,INST_018,3,Некоторые части программы понравились больше других.,neutral,synthetic
FB_02155,VIS_04437,EV_0079,INST_007,4,"Очень понравилось мероприятие, хочется прийти ещё.",positive,synthetic
FB_02156,VIS_02459,EV_0187,INST_017,2,Не хватило интерактивности и вовлечения.,negative,synthetic
FB_02157,VIS_01806,EV_0001,INST_001,4,"Спасибо организаторам, всё прошло замечательно.",positive,synthetic
FB_02158,VIS_04665,EV_0080,INST_007,5,"Очень понравилось мероприятие, хочется прийти ещё.",positive,synthetic
FB_02159,VIS_03329,EV_0159,INST_014,4,Интересная программа и хороший формат.,positive,synthetic
FB_02160,VIS_03621,EV_0101,INST_007,5,Отличная организация и приятная атмосфера.,positive,synthetic
FB_02161,VIS_01915,EV_0144,INST_012,3,Некоторые части программы понравились больше других.,neutral,synthetic
FB_02162,VIS_01907,EV_0139,INST_012,4,Интересная программа и хороший формат.,positive,synthetic
FB_02163,VIS_02874,EV_0162,INST_014,5,"Спасибо организаторам, всё прошло замечательно.",positive,synthetic
FB_02164,VIS_00538,EV_0117,INST_009,5,"Очень понравилось мероприятие, хочется прийти ещё.",positive,synthetic
FB_02165,VIS_03083,EV_0159,INST_014,5,Интересная программа и хороший формат.,positive,synthetic
FB_02166,VIS_01250,EV_0183,INST_015,4,Интересная программа и хороший формат.,positive,synthetic
FB_02167,VIS_03486,EV_0095,INST_007,3,"Мероприятие было интересным, но некоторые части можно улучшить.",neutral,synthetic
FB_02168,VIS_03801,EV_0181,INST_014,5,Отличная организация и приятная атмосфера.,positive,synthetic
FB_02169,VIS_00920,EV_0002,INST_001,4,Отличная организация и приятная атмосфера.,positive,synthetic
FB_02170,VIS_04227,EV_0043,INST_004,3,"В целом всё хорошо, но хотелось бы больше интерактива.",neutral,synthetic
FB_02171,VIS_01745,EV_0147,INST_012,5,Отличная организация и приятная атмосфера.,positive,synthetic
FB_02172,VIS_03764,EV_0211,INST_017,2,Не хватило интерактивности и вовлечения.,negative,synthetic
FB_02173,VIS_02643,EV_0103,INST_007,4,Отличная организация и приятная атмосфера.,positive,synthetic
FB_02174,VIS_04497,EV_0049,INST_005,5,"Спасибо организаторам, всё прошло замечательно.",positive,synthetic
FB_02175,VIS_00028,EV_0175,INST_014,5,Отличная организация и приятная атмосфера.,positive,synthetic
FB_02176,VIS_00523,EV_0057,INST_006,1,Не хватило интерактивности и вовлечения.,negative,synthetic
FB_02177,VIS_02542,EV_0192,INST_017,5,"Очень понравилось мероприятие, хочется прийти ещё.",positive,synthetic
FB_02178,VIS_03940,EV_0144,INST_012,5,Отличная организация и приятная атмосфера.,positive,synthetic
FB_02179,VIS_04947,EV_0078,INST_006,5,Интересная программа и хороший формат.,positive,synthetic
FB_02180,VIS_01682,EV_0018,INST_001,4,"Очень понравилось мероприятие, хочется прийти ещё.",positive,synthetic
FB_02181,VIS_04122,EV_0065,INST_006,4,Отличная организация и приятная атмосфера.,positive,synthetic
FB_02182,VIS_00459,EV_0200,INST_017,3,Некоторые части программы понравились больше других.,neutral,synthetic
FB_02183,VIS_00232,EV_0028,INST_002,5,Интересная программа и хороший формат.,positive,synthetic
FB_02184,VIS_02260,EV_0097,INST_007,3,Некоторые части программы понравились больше других.,neutral,synthetic
FB_02185,VIS_03626,EV_0189,INST_017,3,"Мероприятие было интересным, но некоторые части можно улучшить.",neutral,synthetic
FB_02186,VIS_04133,EV_0134,INST_011,3,"В целом всё хорошо, но хотелось бы больше интерактива.",neutral,synthetic
FB_02187,VIS_04238,EV_0151,INST_014,5,Интересная программа и хороший формат.,positive,synthetic
FB_02188,VIS_01514,EV_0221,INST_018,2,Организацию можно было сделать лучше.,negative,synthetic
FB_02189,VIS_01074,EV_0102,INST_007,5,Интересная программа и хороший формат.,positive,synthetic
FB_02190,VIS_00040,EV_0162,INST_014,5,"Очень понравилось мероприятие, хочется прийти ещё.",positive,synthetic
FB_02191,VIS_02412,EV_0205,INST_017,5,"Спасибо организаторам, всё прошло замечательно.",positive,synthetic
FB_02192,VIS_02655,EV_0198,INST_017,3,Некоторые части программы понравились больше других.,neutral,synthetic
FB_02193,VIS_00973,EV_0138,INST_012,4,"Спасибо организаторам, всё прошло замечательно.",positive,synthetic
FB_02194,VIS_00065,EV_0065,INST_006,5,Интересная программа и хороший формат.,positive,synthetic
FB_02195,VIS_03360,EV_0209,INST_017,2,Мероприятие показалось слишком длинным.,negative,synthetic
FB_02196,VIS_04397,EV_0214,INST_017,2,Не хватило интерактивности и вовлечения.,negative,synthetic
FB_02197,VIS_03128,EV_0099,INST_007,3,"В целом всё хорошо, но хотелось бы больше интерактива.",neutral,synthetic
FB_02198,VIS_04613,EV_0006,INST_001,4,Интересная программа и хороший формат.,positive,synthetic
FB_02199,VIS_02464,EV_0055,INST_005,4,Отличная организация и приятная атмосфера.,positive,synthetic
FB_02200,VIS_01441,EV_0224,INST_019,4,Интересная программа и хороший формат.,positive,synthetic
FB_02201,VIS_00640,EV_0009,INST_001,2,Мероприятие показалось слишком длинным.,negative,synthetic
FB_02202,VIS_01263,EV_0209,INST_017,5,"Очень понравилось мероприятие, хочется прийти ещё.",positive,synthetic
FB_02203,VIS_01770,EV_0212,INST_017,3,"Мероприятие было интересным, но некоторые части можно улучшить.",neutral,synthetic
FB_02204,VIS_00426,EV_0209,INST_017,5,Отличная организация и приятная атмосфера.,positive,synthetic
FB_02205,VIS_03615,EV_0151,INST_014,1,Мероприятие показалось слишком длинным.,negative,synthetic
FB_02206,VIS_02972,EV_0183,INST_015,2,Не хватило интерактивности и вовлечения.,negative,synthetic
FB_02207,VIS_02225,EV_0043,INST_004,5,Отличная организация и приятная атмосфера.,positive,synthetic
FB_02208,VIS_02636,EV_0042,INST_004,4,Отличная организация и приятная атмосфера.,positive,synthetic
FB_02209,VIS_03486,EV_0093,INST_007,5,"Очень понравилось мероприятие, хочется прийти ещё.",positive,synthetic
FB_02210,VIS_04842,EV_0051,INST_005,2,Организацию можно было сделать лучше.,negative,synthetic
FB_02211,VIS_02037,EV_0031,INST_002,1,Организацию можно было сделать лучше.,negative,synthetic
FB_02212,VIS_03811,EV_0090,INST_007,2,Организацию можно было сделать лучше.,negative,synthetic
FB_02213,VIS_00020,EV_0119,INST_010,5,Отличная организация и приятная атмосфера.,positive,synthetic
FB_02214,VIS_02137,EV_0183,INST_015,5,"Спасибо организаторам, всё прошло замечательно.",positive,synthetic
FB_02215,VIS_01544,EV_0006,INST_001,3,Некоторые части программы понравились больше других.,neutral,synthetic
FB_02216,VIS_04762,EV_0061,INST_006,4,"Очень понравилось мероприятие, хочется прийти ещё.",positive,synthetic
FB_02217,VIS_00392,EV_0073,INST_006,5,Отличная организация и приятная атмосфера.,positive,synthetic
FB_02218,VIS_04724,EV_0025,INST_002,5,"Спасибо организаторам, всё прошло замечательно.",positive,synthetic
FB_02219,VIS_03831,EV_0089,INST_007,5,"Спасибо организаторам, всё прошло замечательно.",positive,synthetic
FB_02220,VIS_03516,EV_0051,INST_005,5,"Очень понравилось мероприятие, хочется прийти ещё.",positive,synthetic
FB_02221,VIS_02660,EV_0140,INST_012,4,"Очень понравилось мероприятие, хочется прийти ещё.",positive,synthetic
FB_02222,VIS_00705,EV_0184,INST_015,5,Отличная организация и приятная атмосфера.,positive,synthetic
FB_02223,VIS_02882,EV_0028,INST_002,5,Интересная программа и хороший формат.,positive,synthetic
FB_02224,VIS_01721,EV_0057,INST_006,3,Некоторые части программы понравились больше других.,neutral,synthetic
FB_02225,VIS_04269,EV_0148,INST_012,3,"Мероприятие было интересным, но некоторые части можно улучшить.",neutral,synthetic
FB_02226,VIS_03728,EV_0170,INST_014,5,"Спасибо организаторам, всё прошло замечательно.",positive,synthetic
FB_02227,VIS_00615,EV_0182,INST_015,5,Интересная программа и хороший формат.,positive,synthetic
FB_02228,VIS_02796,EV_0147,INST_012,3,Некоторые части программы понравились больше других.,neutral,synthetic
FB_02229,VIS_02674,EV_0006,INST_001,4,Интересная программа и хороший формат.,positive,synthetic
FB_02230,VIS_01571,EV_0128,INST_011,5,"Очень понравилось мероприятие, хочется прийти ещё.",positive,synthetic
FB_02231,VIS_00550,EV_0061,INST_006,5,"Спасибо организаторам, всё прошло замечательно.",positive,synthetic
FB_02232,VIS_04809,EV_0225,INST_019,2,Не хватило интерактивности и вовлечения.,negative,synthetic
FB_02233,VIS_00780,EV_0217,INST_018,3,Некоторые части программы понравились больше других.,neutral,synthetic
FB_02234,VIS_01601,EV_0147,INST_012,5,"Спасибо организаторам, всё прошло замечательно.",positive,synthetic
FB_02235,VIS_03503,EV_0111,INST_009,4,"Очень понравилось мероприятие, хочется прийти ещё.",positive,synthetic
FB_02236,VIS_01014,EV_0002,INST_001,3,Некоторые части программы понравились больше других.,neutral,synthetic
FB_02237,VIS_02504,EV_0198,INST_017,5,"Спасибо организаторам, всё прошло замечательно.",positive,synthetic
FB_02238,VIS_03300,EV_0041,INST_003,3,"Мероприятие было интересным, но некоторые части можно улучшить.",neutral,synthetic
FB_02239,VIS_04878,EV_0110,INST_009,5,"Очень понравилось мероприятие, хочется прийти ещё.",positive,synthetic
FB_02240,VIS_01050,EV_0222,INST_018,3,"В целом всё хорошо, но хотелось бы больше интерактива.",neutral,synthetic
FB_02241,VIS_00945,EV_0075,INST_006,5,Интересная программа и хороший формат.,positive,synthetic
FB_02242,VIS_00315,EV_0218,INST_018,4,"Спасибо организаторам, всё прошло замечательно.",positive,synthetic
FB_02243,VIS_04322,EV_0073,INST_006,5,Интересная программа и хороший формат.,positive,synthetic
FB_02244,VIS_03681,EV_0050,INST_005,5,Отличная организация и приятная атмосфера.,positive,synthetic
FB_02245,VIS_03075,EV_0124,INST_011,5,"Очень понравилось мероприятие, хочется прийти ещё.",positive,synthetic
FB_02246,VIS_03616,EV_0211,INST_017,4,Отличная организация и приятная атмосфера.,positive,synthetic
FB_02247,VIS_00452,EV_0141,INST_012,4,"Спасибо организаторам, всё прошло замечательно.",positive,synthetic
FB_02248,VIS_02801,EV_0069,INST_006,4,Отличная организация и приятная атмосфера.,positive,synthetic
FB_02249,VIS_01184,EV_0071,INST_006,5,Отличная организация и приятная атмосфера.,positive,synthetic
FB_02250,VIS_00322,EV_0069,INST_006,3,Некоторые части программы понравились больше других.,neutral,synthetic
FB_02251,VIS_04919,EV_0174,INST_014,5,"Спасибо организаторам, всё прошло замечательно.",positive,synthetic
FB_02252,VIS_03594,EV_0081,INST_007,5,Интересная программа и хороший формат.,positive,synthetic
FB_02253,VIS_02692,EV_0031,INST_002,5,Интересная программа и хороший формат.,positive,synthetic
FB_02254,VIS_01172,EV_0206,INST_017,3,"В целом всё хорошо, но хотелось бы больше интерактива.",neutral,synthetic
FB_02255,VIS_01261,EV_0012,INST_001,5,"Очень понравилось мероприятие, хочется прийти ещё.",positive,synthetic
FB_02256,VIS_00753,EV_0211,INST_017,5,"Очень понравилось мероприятие, хочется прийти ещё.",positive,synthetic
FB_02257,VIS_04732,EV_0113,INST_009,3,"Мероприятие было интересным, но некоторые части можно улучшить.",neutral,synthetic
FB_02258,VIS_00257,EV_0085,INST_007,4,"Очень понравилось мероприятие, хочется прийти ещё.",positive,synthetic
FB_02259,VIS_01114,EV_0211,INST_017,5,Отличная организация и приятная атмосфера.,positive,synthetic
FB_02260,VIS_01584,EV_0203,INST_017,3,"Мероприятие было интересным, но некоторые части можно улучшить.",neutral,synthetic
FB_02261,VIS_01627,EV_0073,INST_006,5,Отличная организация и приятная атмосфера.,positive,synthetic
FB_02262,VIS_02781,EV_0204,INST_017,1,Организацию можно было сделать лучше.,negative,synthetic
FB_02263,VIS_03543,EV_0011,INST_001,3,"В целом всё хорошо, но хотелось бы больше интерактива.",neutral,synthetic
FB_02264,VIS_02137,EV_0179,INST_014,2,Не хватило интерактивности и вовлечения.,negative,synthetic
FB_02265,VIS_03741,EV_0155,INST_014,5,"Очень понравилось мероприятие, хочется прийти ещё.",positive,synthetic
FB_02266,VIS_00538,EV_0115,INST_009,4,"Очень понравилось мероприятие, хочется прийти ещё.",positive,synthetic
FB_02267,VIS_04621,EV_0165,INST_014,5,Отличная организация и приятная атмосфера.,positive,synthetic
FB_02268,VIS_03052,EV_0018,INST_001,5,Отличная организация и приятная атмосфера.,positive,synthetic
FB_02269,VIS_00273,EV_0202,INST_017,5,Интересная программа и хороший формат.,positive,synthetic
FB_02270,VIS_02492,EV_0108,INST_009,5,"Очень понравилось мероприятие, хочется прийти ещё.",positive,synthetic
FB_02271,VIS_03694,EV_0181,INST_014,5,"Спасибо организаторам, всё прошло замечательно.",positive,synthetic
FB_02272,VIS_03108,EV_0105,INST_007,5,"Очень понравилось мероприятие, хочется прийти ещё.",positive,synthetic
FB_02273,VIS_02496,EV_0085,INST_007,5,Интересная программа и хороший формат.,positive,synthetic
FB_02274,VIS_00060,EV_0109,INST_009,5,"Спасибо организаторам, всё прошло замечательно.",positive,synthetic
FB_02275,VIS_02473,EV_0009,INST_001,4,"Спасибо организаторам, всё прошло замечательно.",positive,synthetic
FB_02276,VIS_00813,EV_0175,INST_014,5,Интересная программа и хороший формат.,positive,synthetic
FB_02277,VIS_03949,EV_0175,INST_014,5,"Очень понравилось мероприятие, хочется прийти ещё.",positive,synthetic
FB_02278,VIS_04127,EV_0183,INST_015,5,Интересная программа и хороший формат.,positive,synthetic
FB_02279,VIS_03416,EV_0027,INST_002,3,"Мероприятие было интересным, но некоторые части можно улучшить.",neutral,synthetic
FB_02280,VIS_04555,EV_0140,INST_012,3,Некоторые части программы понравились больше других.,neutral,synthetic
FB_02281,VIS_04383,EV_0121,INST_010,2,Организацию можно было сделать лучше.,negative,synthetic
FB_02282,VIS_02325,EV_0186,INST_016,3,"Мероприятие было интересным, но некоторые части можно улучшить.",neutral,synthetic
FB_02283,VIS_02651,EV_0009,INST_001,5,Отличная организация и приятная атмосфера.,positive,synthetic
FB_02284,VIS_01076,EV_0098,INST_007,5,"Спасибо организаторам, всё прошло замечательно.",positive,synthetic
FB_02285,VIS_01198,EV_0021,INST_001,2,Организацию можно было сделать лучше.,negative,synthetic
FB_02286,VIS_04511,EV_0086,INST_007,4,"Очень понравилось мероприятие, хочется прийти ещё.",positive,synthetic
FB_02287,VIS_04688,EV_0151,INST_014,2,Организацию можно было сделать лучше.,negative,synthetic
FB_02288,VIS_00975,EV_0212,INST_017,5,Отличная организация и приятная атмосфера.,positive,synthetic
FB_02289,VIS_03606,EV_0145,INST_012,3,"В целом всё хорошо, но хотелось бы больше интерактива.",neutral,synthetic
FB_02290,VIS_02775,EV_0051,INST_005,1,Мероприятие показалось слишком длинным.,negative,synthetic
FB_02291,VIS_00044,EV_0148,INST_012,3,Некоторые части программы понравились больше других.,neutral,synthetic
FB_02292,VIS_00770,EV_0120,INST_010,3,Некоторые части программы понравились больше других.,neutral,synthetic
FB_02293,VIS_01847,EV_0220,INST_018,5,Отличная организация и приятная атмосфера.,positive,synthetic
FB_02294,VIS_02797,EV_0087,INST_007,4,"Очень понравилось мероприятие, хочется прийти ещё.",positive,synthetic
FB_02295,VIS_00158,EV_0079,INST_007,5,Отличная организация и приятная атмосфера.,positive,synthetic
FB_02296,VIS_03516,EV_0218,INST_018,3,"Мероприятие было интересным, но некоторые части можно улучшить.",neutral,synthetic
FB_02297,VIS_00495,EV_0041,INST_003,4,"Спасибо организаторам, всё прошло замечательно.",positive,synthetic
FB_02298,VIS_00282,EV_0191,INST_017,4,Отличная организация и приятная атмосфера.,positive,synthetic
FB_02299,VIS_00809,EV_0195,INST_017,5,Отличная организация и приятная атмосфера.,positive,synthetic
FB_02300,VIS_04082,EV_0127,INST_011,4,"Очень понравилось мероприятие, хочется прийти ещё.",positive,synthetic
FB_02301,VIS_01636,EV_0037,INST_003,5,Интересная программа и хороший формат.,positive,synthetic
FB_02302,VIS_00018,EV_0150,INST_013,5,"Очень понравилось мероприятие, хочется прийти ещё.",positive,synthetic
FB_02303,VIS_04135,EV_0077,INST_006,3,"В целом всё хорошо, но хотелось бы больше интерактива.",neutral,synthetic
FB_02304,VIS_04110,EV_0074,INST_006,3,"В целом всё хорошо, но хотелось бы больше интерактива.",neutral,synthetic
FB_02305,VIS_02205,EV_0079,INST_007,3,"Мероприятие было интересным, но некоторые части можно улучшить.",neutral,synthetic
FB_02306,VIS_03995,EV_0171,INST_014,1,Не хватило интерактивности и вовлечения.,negative,synthetic
FB_02307,VIS_00871,EV_0017,INST_001,2,Мероприятие показалось слишком длинным.,negative,synthetic
FB_02308,VIS_00187,EV_0045,INST_004,5,Отличная организация и приятная атмосфера.,positive,synthetic
FB_02309,VIS_04008,EV_0126,INST_011,5,Отличная организация и приятная атмосфера.,positive,synthetic
FB_02310,VIS_03760,EV_0121,INST_010,3,"В целом всё хорошо, но хотелось бы больше интерактива.",neutral,synthetic
FB_02311,VIS_03210,EV_0171,INST_014,5,Отличная организация и приятная атмосфера.,positive,synthetic
FB_02312,VIS_04169,EV_0220,INST_018,5,"Очень понравилось мероприятие, хочется прийти ещё.",positive,synthetic
FB_02313,VIS_00528,EV_0057,INST_006,5,"Спасибо организаторам, всё прошло замечательно.",positive,synthetic
FB_02314,VIS_00262,EV_0122,INST_010,5,Отличная организация и приятная атмосфера.,positive,synthetic
FB_02315,VIS_02466,EV_0144,INST_012,4,Отличная организация и приятная атмосфера.,positive,synthetic
FB_02316,VIS_03035,EV_0073,INST_006,5,"Спасибо организаторам, всё прошло замечательно.",positive,synthetic
FB_02317,VIS_03947,EV_0069,INST_006,5,"Спасибо организаторам, всё прошло замечательно.",positive,synthetic
FB_02318,VIS_02813,EV_0145,INST_012,4,"Спасибо организаторам, всё прошло замечательно.",positive,synthetic
FB_02319,VIS_04525,EV_0137,INST_011,4,Отличная организация и приятная атмосфера.,positive,synthetic
FB_02320,VIS_02968,EV_0163,INST_014,4,"Очень понравилось мероприятие, хочется прийти ещё.",positive,synthetic
FB_02321,VIS_02006,EV_0039,INST_003,4,"Очень понравилось мероприятие, хочется прийти ещё.",positive,synthetic
FB_02322,VIS_01604,EV_0032,INST_002,2,Организацию можно было сделать лучше.,negative,synthetic
FB_02323,VIS_02877,EV_0035,INST_002,5,Отличная организация и приятная атмосфера.,positive,synthetic
FB_02324,VIS_02094,EV_0128,INST_011,3,"В целом всё хорошо, но хотелось бы больше интерактива.",neutral,synthetic
FB_02325,VIS_04347,EV_0132,INST_011,5,Отличная организация и приятная атмосфера.,positive,synthetic
FB_02326,VIS_01132,EV_0104,INST_007,5,Отличная организация и приятная атмосфера.,positive,synthetic
FB_02327,VIS_02770,EV_0163,INST_014,4,"Спасибо организаторам, всё прошло замечательно.",positive,synthetic
FB_02328,VIS_01356,EV_0195,INST_017,5,Интересная программа и хороший формат.,positive,synthetic
FB_02329,VIS_00851,EV_0181,INST_014,3,Некоторые части программы понравились больше других.,neutral,synthetic
FB_02330,VIS_01261,EV_0212,INST_017,4,"Спасибо организаторам, всё прошло замечательно.",positive,synthetic
FB_02331,VIS_04034,EV_0102,INST_007,5,"Очень понравилось мероприятие, хочется прийти ещё.",positive,synthetic
FB_02332,VIS_00075,EV_0138,INST_012,5,Интересная программа и хороший формат.,positive,synthetic
FB_02333,VIS_03294,EV_0043,INST_004,5,Интересная программа и хороший формат.,positive,synthetic
FB_02334,VIS_00903,EV_0134,INST_011,4,Интересная программа и хороший формат.,positive,synthetic
FB_02335,VIS_03317,EV_0137,INST_011,5,Отличная организация и приятная атмосфера.,positive,synthetic
FB_02336,VIS_01951,EV_0135,INST_011,3,"В целом всё хорошо, но хотелось бы больше интерактива.",neutral,synthetic
FB_02337,VIS_02372,EV_0116,INST_009,5,"Очень понравилось мероприятие, хочется прийти ещё.",positive,synthetic
FB_02338,VIS_04467,EV_0099,INST_007,4,"Спасибо организаторам, всё прошло замечательно.",positive,synthetic
FB_02339,VIS_03104,EV_0163,INST_014,4,"Спасибо организаторам, всё прошло замечательно.",positive,synthetic
FB_02340,VIS_01182,EV_0090,INST_007,3,"Мероприятие было интересным, но некоторые части можно улучшить.",neutral,synthetic
FB_02341,VIS_01525,EV_0190,INST_017,3,"Мероприятие было интересным, но некоторые части можно улучшить.",neutral,synthetic
FB_02342,VIS_04337,EV_0220,INST_018,3,Некоторые части программы понравились больше других.,neutral,synthetic
FB_02343,VIS_00499,EV_0176,INST_014,3,"Мероприятие было интересным, но некоторые части можно улучшить.",neutral,synthetic
FB_02344,VIS_03497,EV_0121,INST_010,5,Интересная программа и хороший формат.,positive,synthetic
FB_02345,VIS_04538,EV_0069,INST_006,4,"Спасибо организаторам, всё прошло замечательно.",positive,synthetic
FB_02346,VIS_00318,EV_0119,INST_010,5,Интересная программа и хороший формат.,positive,synthetic
FB_02347,VIS_01411,EV_0205,INST_017,4,Интересная программа и хороший формат.,positive,synthetic
FB_02348,VIS_01530,EV_0045,INST_004,3,"Мероприятие было интересным, но некоторые части можно улучшить.",neutral,synthetic
FB_02349,VIS_02009,EV_0169,INST_014,3,Некоторые части программы понравились больше других.,neutral,synthetic
FB_02350,VIS_02841,EV_0106,INST_007,5,Интересная программа и хороший формат.,positive,synthetic
FB_02351,VIS_02113,EV_0008,INST_001,5,"Очень понравилось мероприятие, хочется прийти ещё.",positive,synthetic
FB_02352,VIS_02344,EV_0021,INST_001,2,Не хватило интерактивности и вовлечения.,negative,synthetic
FB_02353,VIS_03231,EV_0098,INST_007,2,Организацию можно было сделать лучше.,negative,synthetic
FB_02354,VIS_04110,EV_0058,INST_006,5,"Очень понравилось мероприятие, хочется прийти ещё.",positive,synthetic
FB_02355,VIS_03366,EV_0011,INST_001,5,"Спасибо организаторам, всё прошло замечательно.",positive,synthetic
FB_02356,VIS_02070,EV_0034,INST_002,5,"Спасибо организаторам, всё прошло замечательно.",positive,synthetic
FB_02357,VIS_04147,EV_0140,INST_012,4,Интересная программа и хороший формат.,positive,synthetic
FB_02358,VIS_04058,EV_0027,INST_002,5,"Очень понравилось мероприятие, хочется прийти ещё.",positive,synthetic
FB_02359,VIS_00180,EV_0019,INST_001,3,"Мероприятие было интересным, но некоторые части можно улучшить.",neutral,synthetic
FB_02360,VIS_00866,EV_0111,INST_009,3,"В целом всё хорошо, но хотелось бы больше интерактива.",neutral,synthetic
FB_02361,VIS_02443,EV_0182,INST_015,3,"Мероприятие было интересным, но некоторые части можно улучшить.",neutral,synthetic
FB_02362,VIS_03605,EV_0014,INST_001,5,"Спасибо организаторам, всё прошло замечательно.",positive,synthetic
FB_02363,VIS_03931,EV_0020,INST_001,2,Не хватило интерактивности и вовлечения.,negative,synthetic
FB_02364,VIS_01472,EV_0098,INST_007,5,Отличная организация и приятная атмосфера.,positive,synthetic
FB_02365,VIS_00028,EV_0161,INST_014,5,"Спасибо организаторам, всё прошло замечательно.",positive,synthetic
FB_02366,VIS_01270,EV_0199,INST_017,4,"Очень понравилось мероприятие, хочется прийти ещё.",positive,synthetic
FB_02367,VIS_01664,EV_0062,INST_006,3,"В целом всё хорошо, но хотелось бы больше интерактива.",neutral,synthetic
FB_02368,VIS_02750,EV_0148,INST_012,4,"Спасибо организаторам, всё прошло замечательно.",positive,synthetic
FB_02369,VIS_01245,EV_0080,INST_007,4,Отличная организация и приятная атмосфера.,positive,synthetic
FB_02370,VIS_04379,EV_0099,INST_007,2,Организацию можно было сделать лучше.,negative,synthetic
FB_02371,VIS_01166,EV_0182,INST_015,4,"Очень понравилось мероприятие, хочется прийти ещё.",positive,synthetic
FB_02372,VIS_01530,EV_0212,INST_017,5,"Спасибо организаторам, всё прошло замечательно.",positive,synthetic
FB_02373,VIS_02517,EV_0097,INST_007,4,Интересная программа и хороший формат.,positive,synthetic
FB_02374,VIS_01801,EV_0021,INST_001,3,Некоторые части программы понравились больше других.,neutral,synthetic
FB_02375,VIS_00043,EV_0048,INST_004,5,"Спасибо организаторам, всё прошло замечательно.",positive,synthetic
FB_02376,VIS_03671,EV_0108,INST_009,4,Интересная программа и хороший формат.,positive,synthetic
FB_02377,VIS_01720,EV_0009,INST_001,3,"Мероприятие было интересным, но некоторые части можно улучшить.",neutral,synthetic
FB_02378,VIS_04516,EV_0106,INST_007,4,"Очень понравилось мероприятие, хочется прийти ещё.",positive,synthetic
FB_02379,VIS_04610,EV_0183,INST_015,5,Отличная организация и приятная атмосфера.,positive,synthetic
FB_02380,VIS_03138,EV_0203,INST_017,2,Не хватило интерактивности и вовлечения.,negative,synthetic
FB_02381,VIS_04291,EV_0102,INST_007,3,"В целом всё хорошо, но хотелось бы больше интерактива.",neutral,synthetic
FB_02382,VIS_02801,EV_0068,INST_006,4,Отличная организация и приятная атмосфера.,positive,synthetic
FB_02383,VIS_02635,EV_0095,INST_007,5,"Спасибо организаторам, всё прошло замечательно.",positive,synthetic
FB_02384,VIS_00656,EV_0013,INST_001,3,Некоторые части программы понравились больше других.,neutral,synthetic
FB_02385,VIS_02365,EV_0157,INST_014,4,Интересная программа и хороший формат.,positive,synthetic
FB_02386,VIS_01977,EV_0095,INST_007,5,"Спасибо организаторам, всё прошло замечательно.",positive,synthetic
FB_02387,VIS_04139,EV_0104,INST_007,4,"Спасибо организаторам, всё прошло замечательно.",positive,synthetic
FB_02388,VIS_01087,EV_0070,INST_006,4,"Очень понравилось мероприятие, хочется прийти ещё.",positive,synthetic
FB_02389,VIS_04351,EV_0197,INST_017,5,Интересная программа и хороший формат.,positive,synthetic
FB_02390,VIS_03373,EV_0073,INST_006,5,Интересная программа и хороший формат.,positive,synthetic
FB_02391,VIS_02914,EV_0183,INST_015,3,"В целом всё хорошо, но хотелось бы больше интерактива.",neutral,synthetic
FB_02392,VIS_04492,EV_0074,INST_006,5,Отличная организация и приятная атмосфера.,positive,synthetic
FB_02393,VIS_04451,EV_0062,INST_006,3,"В целом всё хорошо, но хотелось бы больше интерактива.",neutral,synthetic
FB_02394,VIS_03930,EV_0129,INST_011,5,Интересная программа и хороший формат.,positive,synthetic
FB_02395,VIS_01948,EV_0219,INST_018,3,Некоторые части программы понравились больше других.,neutral,synthetic
FB_02396,VIS_04572,EV_0103,INST_007,3,"В целом всё хорошо, но хотелось бы больше интерактива.",neutral,synthetic
FB_02397,VIS_03251,EV_0171,INST_014,3,"Мероприятие было интересным, но некоторые части можно улучшить.",neutral,synthetic
FB_02398,VIS_02212,EV_0125,INST_011,5,Интересная программа и хороший формат.,positive,synthetic
FB_02399,VIS_00315,EV_0216,INST_018,5,Отличная организация и приятная атмосфера.,positive,synthetic
FB_02400,VIS_01544,EV_0209,INST_017,5,Отличная организация и приятная атмосфера.,positive,synthetic
FB_02401,VIS_04767,EV_0016,INST_001,5,Интересная программа и хороший формат.,positive,synthetic
FB_02402,VIS_01927,EV_0103,INST_007,4,Отличная организация и приятная атмосфера.,positive,synthetic
FB_02403,VIS_04230,EV_0089,INST_007,5,"Спасибо организаторам, всё прошло замечательно.",positive,synthetic
FB_02404,VIS_03028,EV_0211,INST_017,4,Интересная программа и хороший формат.,positive,synthetic
FB_02405,VIS_04258,EV_0009,INST_001,5,Отличная организация и приятная атмосфера.,positive,synthetic
FB_02406,VIS_02230,EV_0140,INST_012,3,"В целом всё хорошо, но хотелось бы больше интерактива.",neutral,synthetic
FB_02407,VIS_02171,EV_0053,INST_005,4,Интересная программа и хороший формат.,positive,synthetic
FB_02408,VIS_00600,EV_0220,INST_018,2,Организацию можно было сделать лучше.,negative,synthetic
FB_02409,VIS_02754,EV_0182,INST_015,2,Не хватило интерактивности и вовлечения.,negative,synthetic
FB_02410,VIS_00022,EV_0171,INST_014,4,Отличная организация и приятная атмосфера.,positive,synthetic
FB_02411,VIS_01021,EV_0220,INST_018,5,"Очень понравилось мероприятие, хочется прийти ещё.",positive,synthetic
FB_02412,VIS_04918,EV_0187,INST_017,3,"Мероприятие было интересным, но некоторые части можно улучшить.",neutral,synthetic
FB_02413,VIS_02513,EV_0152,INST_014,5,Интересная программа и хороший формат.,positive,synthetic
FB_02414,VIS_04808,EV_0118,INST_010,1,Мероприятие показалось слишком длинным.,negative,synthetic
FB_02415,VIS_03615,EV_0118,INST_010,2,Организацию можно было сделать лучше.,negative,synthetic
FB_02416,VIS_00236,EV_0032,INST_002,4,"Спасибо организаторам, всё прошло замечательно.",positive,synthetic
FB_02417,VIS_00804,EV_0080,INST_007,4,Отличная организация и приятная атмосфера.,positive,synthetic
FB_02418,VIS_04183,EV_0070,INST_006,5,Интересная программа и хороший формат.,positive,synthetic
FB_02419,VIS_01118,EV_0211,INST_017,2,Не хватило интерактивности и вовлечения.,negative,synthetic
FB_02420,VIS_04495,EV_0205,INST_017,5,"Очень понравилось мероприятие, хочется прийти ещё.",positive,synthetic
FB_02421,VIS_00195,EV_0033,INST_002,3,Некоторые части программы понравились больше других.,neutral,synthetic
FB_02422,VIS_03585,EV_0147,INST_012,5,"Спасибо организаторам, всё прошло замечательно.",positive,synthetic
FB_02423,VIS_01938,EV_0033,INST_002,3,"В целом всё хорошо, но хотелось бы больше интерактива.",neutral,synthetic
FB_02424,VIS_03867,EV_0193,INST_017,4,"Очень понравилось мероприятие, хочется прийти ещё.",positive,synthetic
FB_02425,VIS_00677,EV_0054,INST_005,5,"Очень понравилось мероприятие, хочется прийти ещё.",positive,synthetic
FB_02426,VIS_04283,EV_0123,INST_010,5,Интересная программа и хороший формат.,positive,synthetic
FB_02427,VIS_02703,EV_0118,INST_010,5,"Спасибо организаторам, всё прошло замечательно.",positive,synthetic
FB_02428,VIS_01270,EV_0190,INST_017,5,"Очень понравилось мероприятие, хочется прийти ещё.",positive,synthetic
FB_02429,VIS_03321,EV_0024,INST_001,4,"Спасибо организаторам, всё прошло замечательно.",positive,synthetic
FB_02430,VIS_04803,EV_0101,INST_007,5,"Спасибо организаторам, всё прошло замечательно.",positive,synthetic
FB_02431,VIS_01400,EV_0213,INST_017,5,"Очень понравилось мероприятие, хочется прийти ещё.",positive,synthetic
FB_02432,VIS_02437,EV_0086,INST_007,5,"Очень понравилось мероприятие, хочется прийти ещё.",positive,synthetic
FB_02433,VIS_02985,EV_0151,INST_014,5,Отличная организация и приятная атмосфера.,positive,synthetic
FB_02434,VIS_04153,EV_0167,INST_014,2,Организацию можно было сделать лучше.,negative,synthetic
FB_02435,VIS_01750,EV_0071,INST_006,4,"Спасибо организаторам, всё прошло замечательно.",positive,synthetic
FB_02436,VIS_01599,EV_0075,INST_006,3,"Мероприятие было интересным, но некоторые части можно улучшить.",neutral,synthetic
FB_02437,VIS_01223,EV_0108,INST_009,3,Некоторые части программы понравились больше других.,neutral,synthetic
FB_02438,VIS_02989,EV_0209,INST_017,3,"Мероприятие было интересным, но некоторые части можно улучшить.",neutral,synthetic
FB_02439,VIS_04386,EV_0109,INST_009,5,"Очень понравилось мероприятие, хочется прийти ещё.",positive,synthetic
FB_02440,VIS_03288,EV_0003,INST_001,3,"Мероприятие было интересным, но некоторые части можно улучшить.",neutral,synthetic
FB_02441,VIS_02698,EV_0189,INST_017,3,"В целом всё хорошо, но хотелось бы больше интерактива.",neutral,synthetic
FB_02442,VIS_03714,EV_0184,INST_015,4,Отличная организация и приятная атмосфера.,positive,synthetic
FB_02443,VIS_04659,EV_0167,INST_014,5,"Очень понравилось мероприятие, хочется прийти ещё.",positive,synthetic
FB_02444,VIS_03218,EV_0101,INST_007,2,Не хватило интерактивности и вовлечения.,negative,synthetic
FB_02445,VIS_01223,EV_0162,INST_014,2,Мероприятие показалось слишком длинным.,negative,synthetic
FB_02446,VIS_02319,EV_0046,INST_004,1,Не хватило интерактивности и вовлечения.,negative,synthetic
FB_02447,VIS_02777,EV_0089,INST_007,4,"Спасибо организаторам, всё прошло замечательно.",positive,synthetic
FB_02448,VIS_02953,EV_0206,INST_017,2,Организацию можно было сделать лучше.,negative,synthetic
FB_02449,VIS_00496,EV_0065,INST_006,4,"Очень понравилось мероприятие, хочется прийти ещё.",positive,synthetic
FB_02450,VIS_00048,EV_0055,INST_005,5,Интересная программа и хороший формат.,positive,synthetic
FB_02451,VIS_01961,EV_0189,INST_017,5,"Очень понравилось мероприятие, хочется прийти ещё.",positive,synthetic
FB_02452,VIS_00496,EV_0056,INST_006,5,Интересная программа и хороший формат.,positive,synthetic
FB_02453,VIS_02275,EV_0058,INST_006,5,"Спасибо организаторам, всё прошло замечательно.",positive,synthetic
FB_02454,VIS_02512,EV_0197,INST_017,4,Интересная программа и хороший формат.,positive,synthetic
FB_02455,VIS_01721,EV_0069,INST_006,4,Интересная программа и хороший формат.,positive,synthetic
FB_02456,VIS_00568,EV_0190,INST_017,5,"Очень понравилось мероприятие, хочется прийти ещё.",positive,synthetic
FB_02457,VIS_02126,EV_0175,INST_014,3,Некоторые части программы понравились больше других.,neutral,synthetic
FB_02458,VIS_04873,EV_0109,INST_009,3,Некоторые части программы понравились больше других.,neutral,synthetic
FB_02459,VIS_04378,EV_0077,INST_006,5,"Очень понравилось мероприятие, хочется прийти ещё.",positive,synthetic
FB_02460,VIS_01593,EV_0071,INST_006,3,Некоторые части программы понравились больше других.,neutral,synthetic
FB_02461,VIS_02102,EV_0070,INST_006,4,"Очень понравилось мероприятие, хочется прийти ещё.",positive,synthetic
FB_02462,VIS_01982,EV_0224,INST_019,3,Некоторые части программы понравились больше других.,neutral,synthetic
FB_02463,VIS_04621,EV_0166,INST_014,5,"Спасибо организаторам, всё прошло замечательно.",positive,synthetic
FB_02464,VIS_02780,EV_0079,INST_007,4,"Очень понравилось мероприятие, хочется прийти ещё.",positive,synthetic
FB_02465,VIS_00990,EV_0126,INST_011,3,Некоторые части программы понравились больше других.,neutral,synthetic
FB_02466,VIS_04734,EV_0182,INST_015,3,"Мероприятие было интересным, но некоторые части можно улучшить.",neutral,synthetic
FB_02467,VIS_01530,EV_0079,INST_007,5,"Очень понравилось мероприятие, хочется прийти ещё.",positive,synthetic
FB_02468,VIS_02563,EV_0133,INST_011,4,Интересная программа и хороший формат.,positive,synthetic
FB_02469,VIS_02804,EV_0091,INST_007,5,Интересная программа и хороший формат.,positive,synthetic
FB_02470,VIS_02955,EV_0102,INST_007,5,Интересная программа и хороший формат.,positive,synthetic
FB_02471,VIS_01938,EV_0091,INST_007,5,"Спасибо организаторам, всё прошло замечательно.",positive,synthetic
FB_02472,VIS_04762,EV_0202,INST_017,5,Интересная программа и хороший формат.,positive,synthetic
FB_02473,VIS_02812,EV_0091,INST_007,2,Организацию можно было сделать лучше.,negative,synthetic
FB_02474,VIS_03588,EV_0207,INST_017,5,"Спасибо организаторам, всё прошло замечательно.",positive,synthetic
FB_02475,VIS_01229,EV_0018,INST_001,5,Интересная программа и хороший формат.,positive,synthetic
FB_02476,VIS_00498,EV_0187,INST_017,3,Некоторые части программы понравились больше других.,neutral,synthetic
FB_02477,VIS_00360,EV_0053,INST_005,5,Интересная программа и хороший формат.,positive,synthetic
FB_02478,VIS_02336,EV_0137,INST_011,5,Интересная программа и хороший формат.,positive,synthetic
FB_02479,VIS_02318,EV_0161,INST_014,4,"Спасибо организаторам, всё прошло замечательно.",positive,synthetic
FB_02480,VIS_01217,EV_0188,INST_017,5,Отличная организация и приятная атмосфера.,positive,synthetic
FB_02481,VIS_00394,EV_0049,INST_005,5,Отличная организация и приятная атмосфера.,positive,synthetic
FB_02482,VIS_03441,EV_0128,INST_011,5,Интересная программа и хороший формат.,positive,synthetic
FB_02483,VIS_04900,EV_0193,INST_017,4,Отличная организация и приятная атмосфера.,positive,synthetic
FB_02484,VIS_00656,EV_0186,INST_016,4,"Очень понравилось мероприятие, хочется прийти ещё.",positive,synthetic
FB_02485,VIS_03817,EV_0016,INST_001,4,"Спасибо организаторам, всё прошло замечательно.",positive,synthetic
FB_02486,VIS_00091,EV_0162,INST_014,1,Организацию можно было сделать лучше.,negative,synthetic
FB_02487,VIS_00834,EV_0193,INST_017,5,Отличная организация и приятная атмосфера.,positive,synthetic
FB_02488,VIS_03550,EV_0182,INST_015,3,Некоторые части программы понравились больше других.,neutral,synthetic
FB_02489,VIS_01054,EV_0127,INST_011,5,"Очень понравилось мероприятие, хочется прийти ещё.",positive,synthetic
FB_02490,VIS_01138,EV_0199,INST_017,1,Мероприятие показалось слишком длинным.,negative,synthetic
FB_02491,VIS_00466,EV_0027,INST_002,3,"В целом всё хорошо, но хотелось бы больше интерактива.",neutral,synthetic
FB_02492,VIS_03409,EV_0181,INST_014,4,Отличная организация и приятная атмосфера.,positive,synthetic
FB_02493,VIS_02308,EV_0222,INST_018,4,Интересная программа и хороший формат.,positive,synthetic
FB_02494,VIS_02270,EV_0092,INST_007,5,"Спасибо организаторам, всё прошло замечательно.",positive,synthetic
FB_02495,VIS_02981,EV_0115,INST_009,5,Интересная программа и хороший формат.,positive,synthetic
FB_02496,VIS_04173,EV_0218,INST_018,5,Интересная программа и хороший формат.,positive,synthetic
FB_02497,VIS_02551,EV_0218,INST_018,2,Организацию можно было сделать лучше.,negative,synthetic
FB_02498,VIS_00299,EV_0060,INST_006,4,Интересная программа и хороший формат.,positive,synthetic
FB_02499,VIS_04022,EV_0048,INST_004,2,Организацию можно было сделать лучше.,negative,synthetic
FB_02500,VIS_04273,EV_0010,INST_001,4,Отличная организация и приятная атмосфера.,positive,synthetic
FB_02501,VIS_00826,EV_0175,INST_014,5,"Спасибо организаторам, всё прошло замечательно.",positive,synthetic
FB_02502,VIS_03997,EV_0187,INST_017,5,"Очень понравилось мероприятие, хочется прийти ещё.",positive,synthetic
FB_02503,VIS_02329,EV_0027,INST_002,5,Интересная программа и хороший формат.,positive,synthetic
FB_02504,VIS_03437,EV_0199,INST_017,5,Интересная программа и хороший формат.,positive,synthetic
FB_02505,VIS_04058,EV_0026,INST_002,4,"Спасибо организаторам, всё прошло замечательно.",positive,synthetic
FB_02506,VIS_02191,EV_0103,INST_007,3,"Мероприятие было интересным, но некоторые части можно улучшить.",neutral,synthetic
FB_02507,VIS_01420,EV_0122,INST_010,3,Некоторые части программы понравились больше других.,neutral,synthetic
FB_02508,VIS_04257,EV_0078,INST_006,5,Интересная программа и хороший формат.,positive,synthetic
FB_02509,VIS_01187,EV_0009,INST_001,5,Отличная организация и приятная атмосфера.,positive,synthetic
FB_02510,VIS_00568,EV_0189,INST_017,4,Отличная организация и приятная атмосфера.,positive,synthetic
FB_02511,VIS_04573,EV_0074,INST_006,4,Отличная организация и приятная атмосфера.,positive,synthetic
FB_02512,VIS_00912,EV_0195,INST_017,5,Интересная программа и хороший формат.,positive,synthetic
FB_02513,VIS_04977,EV_0097,INST_007,3,Некоторые части программы понравились больше других.,neutral,synthetic
FB_02514,VIS_02959,EV_0159,INST_014,3,"Мероприятие было интересным, но некоторые части можно улучшить.",neutral,synthetic
FB_02515,VIS_04222,EV_0171,INST_014,3,Некоторые части программы понравились больше других.,neutral,synthetic
FB_02516,VIS_03621,EV_0138,INST_012,5,"Очень понравилось мероприятие, хочется прийти ещё.",positive,synthetic
FB_02517,VIS_03068,EV_0113,INST_009,4,"Спасибо организаторам, всё прошло замечательно.",positive,synthetic
FB_02518,VIS_04000,EV_0209,INST_017,3,Некоторые части программы понравились больше других.,neutral,synthetic
FB_02519,VIS_02349,EV_0211,INST_017,3,"Мероприятие было интересным, но некоторые части можно улучшить.",neutral,synthetic
FB_02520,VIS_02611,EV_0024,INST_001,3,"В целом всё хорошо, но хотелось бы больше интерактива.",neutral,synthetic
FB_02521,VIS_02182,EV_0140,INST_012,4,Интересная программа и хороший формат.,positive,synthetic
FB_02522,VIS_03476,EV_0021,INST_001,3,Некоторые части программы понравились больше других.,neutral,synthetic
FB_02523,VIS_03798,EV_0006,INST_001,5,"Очень понравилось мероприятие, хочется прийти ещё.",positive,synthetic
FB_02524,VIS_00279,EV_0211,INST_017,5,"Очень понравилось мероприятие, хочется прийти ещё.",positive,synthetic
FB_02525,VIS_01081,EV_0157,INST_014,5,Отличная организация и приятная атмосфера.,positive,synthetic
FB_02526,VIS_00111,EV_0202,INST_017,3,"В целом всё хорошо, но хотелось бы больше интерактива.",neutral,synthetic
FB_02527,VIS_02546,EV_0141,INST_012,3,Некоторые части программы понравились больше других.,neutral,synthetic
FB_02528,VIS_01175,EV_0165,INST_014,5,Интересная программа и хороший формат.,positive,synthetic
FB_02529,VIS_04019,EV_0103,INST_007,3,"В целом всё хорошо, но хотелось бы больше интерактива.",neutral,synthetic
FB_02530,VIS_04246,EV_0030,INST_002,3,Некоторые части программы понравились больше других.,neutral,synthetic
FB_02531,VIS_01741,EV_0039,INST_003,5,"Очень понравилось мероприятие, хочется прийти ещё.",positive,synthetic
FB_02532,VIS_04951,EV_0201,INST_017,5,"Очень понравилось мероприятие, хочется прийти ещё.",positive,synthetic
FB_02533,VIS_02227,EV_0182,INST_015,5,"Спасибо организаторам, всё прошло замечательно.",positive,synthetic
FB_02534,VIS_02758,EV_0133,INST_011,4,"Спасибо организаторам, всё прошло замечательно.",positive,synthetic
FB_02535,VIS_01536,EV_0183,INST_015,2,Организацию можно было сделать лучше.,negative,synthetic
FB_02536,VIS_04397,EV_0069,INST_006,5,"Спасибо организаторам, всё прошло замечательно.",positive,synthetic
FB_02537,VIS_03752,EV_0070,INST_006,1,Организацию можно было сделать лучше.,negative,synthetic
FB_02538,VIS_03846,EV_0076,INST_006,5,Отличная организация и приятная атмосфера.,positive,synthetic
FB_02539,VIS_01749,EV_0211,INST_017,3,Некоторые части программы понравились больше других.,neutral,synthetic
FB_02540,VIS_02886,EV_0063,INST_006,5,"Спасибо организаторам, всё прошло замечательно.",positive,synthetic
FB_02541,VIS_03717,EV_0040,INST_003,4,"Спасибо организаторам, всё прошло замечательно.",positive,synthetic
FB_02542,VIS_03185,EV_0006,INST_001,5,Отличная организация и приятная атмосфера.,positive,synthetic
FB_02543,VIS_03632,EV_0060,INST_006,5,Интересная программа и хороший формат.,positive,synthetic
FB_02544,VIS_04105,EV_0107,INST_008,5,Интересная программа и хороший формат.,positive,synthetic
FB_02545,VIS_03464,EV_0076,INST_006,5,Интересная программа и хороший формат.,positive,synthetic
FB_02546,VIS_02075,EV_0075,INST_006,5,"Спасибо организаторам, всё прошло замечательно.",positive,synthetic
FB_02547,VIS_00035,EV_0209,INST_017,5,"Спасибо организаторам, всё прошло замечательно.",positive,synthetic
FB_02548,VIS_03624,EV_0209,INST_017,4,Отличная организация и приятная атмосфера.,positive,synthetic
FB_02549,VIS_00300,EV_0086,INST_007,2,Мероприятие показалось слишком длинным.,negative,synthetic
FB_02550,VIS_00012,EV_0055,INST_005,5,"Очень понравилось мероприятие, хочется прийти ещё.",positive,synthetic
FB_02551,VIS_00038,EV_0179,INST_014,5,"Спасибо организаторам, всё прошло замечательно.",positive,synthetic
FB_02552,VIS_03145,EV_0028,INST_002,5,Интересная программа и хороший формат.,positive,synthetic
FB_02553,VIS_00930,EV_0209,INST_017,4,"Спасибо организаторам, всё прошло замечательно.",positive,synthetic
FB_02554,VIS_00165,EV_0019,INST_001,2,Не хватило интерактивности и вовлечения.,negative,synthetic
FB_02555,VIS_04918,EV_0082,INST_007,5,"Спасибо организаторам, всё прошло замечательно.",positive,synthetic
FB_02556,VIS_03893,EV_0032,INST_002,4,"Спасибо организаторам, всё прошло замечательно.",positive,synthetic
FB_02557,VIS_02710,EV_0140,INST_012,5,"Очень понравилось мероприятие, хочется прийти ещё.",positive,synthetic
FB_02558,VIS_01398,EV_0101,INST_007,5,"Спасибо организаторам, всё прошло замечательно.",positive,synthetic
FB_02559,VIS_01379,EV_0176,INST_014,1,Организацию можно было сделать лучше.,negative,synthetic
FB_02560,VIS_04296,EV_0019,INST_001,5,"Очень понравилось мероприятие, хочется прийти ещё.",positive,synthetic
FB_02561,VIS_00605,EV_0124,INST_011,1,Организацию можно было сделать лучше.,negative,synthetic
FB_02562,VIS_00445,EV_0024,INST_001,4,Интересная программа и хороший формат.,positive,synthetic
FB_02563,VIS_03771,EV_0202,INST_017,3,"Мероприятие было интересным, но некоторые части можно улучшить.",neutral,synthetic
FB_02564,VIS_00121,EV_0048,INST_004,5,"Очень понравилось мероприятие, хочется прийти ещё.",positive,synthetic
FB_02565,VIS_02769,EV_0186,INST_016,5,"Спасибо организаторам, всё прошло замечательно.",positive,synthetic
FB_02566,VIS_03479,EV_0199,INST_017,4,"Очень понравилось мероприятие, хочется прийти ещё.",positive,synthetic
FB_02567,VIS_04983,EV_0089,INST_007,3,Некоторые части программы понравились больше других.,neutral,synthetic
FB_02568,VIS_00264,EV_0133,INST_011,3,"В целом всё хорошо, но хотелось бы больше интерактива.",neutral,synthetic
FB_02569,VIS_03561,EV_0105,INST_007,4,Отличная организация и приятная атмосфера.,positive,synthetic
FB_02570,VIS_00733,EV_0108,INST_009,3,"Мероприятие было интересным, но некоторые части можно улучшить.",neutral,synthetic
FB_02571,VIS_04326,EV_0098,INST_007,2,Не хватило интерактивности и вовлечения.,negative,synthetic
FB_02572,VIS_02503,EV_0189,INST_017,5,Интересная программа и хороший формат.,positive,synthetic
FB_02573,VIS_03116,EV_0145,INST_012,3,Некоторые части программы понравились больше других.,neutral,synthetic
FB_02574,VIS_01892,EV_0115,INST_009,1,Организацию можно было сделать лучше.,negative,synthetic
FB_02575,VIS_03377,EV_0167,INST_014,4,Отличная организация и приятная атмосфера.,positive,synthetic
FB_02576,VIS_00749,EV_0127,INST_011,5,Интересная программа и хороший формат.,positive,synthetic
FB_02577,VIS_01127,EV_0117,INST_009,4,"Очень понравилось мероприятие, хочется прийти ещё.",positive,synthetic
FB_02578,VIS_03771,EV_0211,INST_017,5,Отличная организация и приятная атмосфера.,positive,synthetic
FB_02579,VIS_04435,EV_0136,INST_011,3,"Мероприятие было интересным, но некоторые части можно улучшить.",neutral,synthetic
FB_02580,VIS_03855,EV_0171,INST_014,4,Отличная организация и приятная атмосфера.,positive,synthetic
FB_02581,VIS_04762,EV_0209,INST_017,5,Отличная организация и приятная атмосфера.,positive,synthetic
FB_02582,VIS_03687,EV_0082,INST_007,4,Отличная организация и приятная атмосфера.,positive,synthetic
FB_02583,VIS_02046,EV_0096,INST_007,5,Отличная организация и приятная атмосфера.,positive,synthetic
FB_02584,VIS_02471,EV_0176,INST_014,4,"Очень понравилось мероприятие, хочется прийти ещё.",positive,synthetic
FB_02585,VIS_03957,EV_0093,INST_007,2,Мероприятие показалось слишком длинным.,negative,synthetic
FB_02586,VIS_02027,EV_0026,INST_002,4,"Спасибо организаторам, всё прошло замечательно.",positive,synthetic
FB_02587,VIS_00812,EV_0050,INST_005,4,Отличная организация и приятная атмосфера.,positive,synthetic
FB_02588,VIS_04191,EV_0127,INST_011,4,Отличная организация и приятная атмосфера.,positive,synthetic
FB_02589,VIS_02031,EV_0025,INST_002,5,Отличная организация и приятная атмосфера.,positive,synthetic
FB_02590,VIS_03676,EV_0183,INST_015,5,"Очень понравилось мероприятие, хочется прийти ещё.",positive,synthetic
FB_02591,VIS_03582,EV_0037,INST_003,5,"Спасибо организаторам, всё прошло замечательно.",positive,synthetic
FB_02592,VIS_04854,EV_0023,INST_001,2,Не хватило интерактивности и вовлечения.,negative,synthetic
FB_02593,VIS_02191,EV_0209,INST_017,4,Интересная программа и хороший формат.,positive,synthetic
FB_02594,VIS_01894,EV_0067,INST_006,4,Отличная организация и приятная атмосфера.,positive,synthetic
FB_02595,VIS_04470,EV_0216,INST_018,5,"Очень понравилось мероприятие, хочется прийти ещё.",positive,synthetic
FB_02596,VIS_03627,EV_0122,INST_010,3,"В целом всё хорошо, но хотелось бы больше интерактива.",neutral,synthetic
FB_02597,VIS_02712,EV_0184,INST_015,1,Мероприятие показалось слишком длинным.,negative,synthetic
FB_02598,VIS_01144,EV_0022,INST_001,4,Отличная организация и приятная атмосфера.,positive,synthetic
FB_02599,VIS_04954,EV_0110,INST_009,5,"Спасибо организаторам, всё прошло замечательно.",positive,synthetic
FB_02600,VIS_00010,EV_0052,INST_005,2,Мероприятие показалось слишком длинным.,negative,synthetic
FB_02601,VIS_02595,EV_0089,INST_007,5,"Очень понравилось мероприятие, хочется прийти ещё.",positive,synthetic
FB_02602,VIS_00130,EV_0182,INST_015,4,"Спасибо организаторам, всё прошло замечательно.",positive,synthetic
FB_02603,VIS_01163,EV_0007,INST_001,2,Не хватило интерактивности и вовлечения.,negative,synthetic
FB_02604,VIS_02022,EV_0130,INST_011,2,Не хватило интерактивности и вовлечения.,negative,synthetic
FB_02605,VIS_02949,EV_0128,INST_011,5,Интересная программа и хороший формат.,positive,synthetic
FB_02606,VIS_03344,EV_0153,INST_014,5,"Спасибо организаторам, всё прошло замечательно.",positive,synthetic
FB_02607,VIS_03653,EV_0049,INST_005,3,"В целом всё хорошо, но хотелось бы больше интерактива.",neutral,synthetic
FB_02608,VIS_02233,EV_0040,INST_003,4,Интересная программа и хороший формат.,positive,synthetic
FB_02609,VIS_04393,EV_0205,INST_017,3,Некоторые части программы понравились больше других.,neutral,synthetic
FB_02610,VIS_01825,EV_0216,INST_018,5,Интересная программа и хороший формат.,positive,synthetic
FB_02611,VIS_02368,EV_0149,INST_012,5,Отличная организация и приятная атмосфера.,positive,synthetic
FB_02612,VIS_00693,EV_0045,INST_004,5,"Очень понравилось мероприятие, хочется прийти ещё.",positive,synthetic
FB_02613,VIS_03735,EV_0073,INST_006,5,"Очень понравилось мероприятие, хочется прийти ещё.",positive,synthetic
FB_02614,VIS_04611,EV_0224,INST_019,2,Организацию можно было сделать лучше.,negative,synthetic
FB_02615,VIS_01857,EV_0153,INST_014,5,Интересная программа и хороший формат.,positive,synthetic
FB_02616,VIS_00753,EV_0046,INST_004,5,"Очень понравилось мероприятие, хочется прийти ещё.",positive,synthetic
FB_02617,VIS_03776,EV_0097,INST_007,4,"Спасибо организаторам, всё прошло замечательно.",positive,synthetic
FB_02618,VIS_02750,EV_0140,INST_012,5,"Очень понравилось мероприятие, хочется прийти ещё.",positive,synthetic
FB_02619,VIS_01783,EV_0047,INST_004,3,"Мероприятие было интересным, но некоторые части можно улучшить.",neutral,synthetic
FB_02620,VIS_01815,EV_0123,INST_010,2,Не хватило интерактивности и вовлечения.,negative,synthetic
FB_02621,VIS_01490,EV_0099,INST_007,5,"Очень понравилось мероприятие, хочется прийти ещё.",positive,synthetic
FB_02622,VIS_04313,EV_0133,INST_011,4,"Очень понравилось мероприятие, хочется прийти ещё.",positive,synthetic
FB_02623,VIS_02766,EV_0075,INST_006,5,Интересная программа и хороший формат.,positive,synthetic
FB_02624,VIS_04752,EV_0143,INST_012,5,"Спасибо организаторам, всё прошло замечательно.",positive,synthetic
FB_02625,VIS_03534,EV_0011,INST_001,5,Интересная программа и хороший формат.,positive,synthetic
FB_02626,VIS_01661,EV_0147,INST_012,5,"Очень понравилось мероприятие, хочется прийти ещё.",positive,synthetic
FB_02627,VIS_02432,EV_0199,INST_017,5,Интересная программа и хороший формат.,positive,synthetic
FB_02628,VIS_00991,EV_0007,INST_001,5,"Спасибо организаторам, всё прошло замечательно.",positive,synthetic
FB_02629,VIS_02268,EV_0035,INST_002,5,Отличная организация и приятная атмосфера.,positive,synthetic
FB_02630,VIS_03465,EV_0047,INST_004,2,Не хватило интерактивности и вовлечения.,negative,synthetic
FB_02631,VIS_01120,EV_0150,INST_013,5,"Спасибо организаторам, всё прошло замечательно.",positive,synthetic
FB_02632,VIS_00365,EV_0060,INST_006,4,"Спасибо организаторам, всё прошло замечательно.",positive,synthetic
FB_02633,VIS_02123,EV_0225,INST_019,5,"Очень понравилось мероприятие, хочется прийти ещё.",positive,synthetic
FB_02634,VIS_00500,EV_0054,INST_005,4,Отличная организация и приятная атмосфера.,positive,synthetic
FB_02635,VIS_00875,EV_0098,INST_007,5,"Очень понравилось мероприятие, хочется прийти ещё.",positive,synthetic
FB_02636,VIS_02507,EV_0108,INST_009,4,"Спасибо организаторам, всё прошло замечательно.",positive,synthetic
FB_02637,VIS_03721,EV_0197,INST_017,5,"Спасибо организаторам, всё прошло замечательно.",positive,synthetic
FB_02638,VIS_01280,EV_0152,INST_014,5,Отличная организация и приятная атмосфера.,positive,synthetic
FB_02639,VIS_03227,EV_0174,INST_014,3,Некоторые части программы понравились больше других.,neutral,synthetic
FB_02640,VIS_02037,EV_0030,INST_002,5,Интересная программа и хороший формат.,positive,synthetic
FB_02641,VIS_01212,EV_0214,INST_017,5,"Спасибо организаторам, всё прошло замечательно.",positive,synthetic
FB_02642,VIS_02236,EV_0001,INST_001,5,"Спасибо организаторам, всё прошло замечательно.",positive,synthetic
FB_02643,VIS_04950,EV_0200,INST_017,4,"Очень понравилось мероприятие, хочется прийти ещё.",positive,synthetic
FB_02644,VIS_03478,EV_0038,INST_003,5,Интересная программа и хороший формат.,positive,synthetic
FB_02645,VIS_01131,EV_0106,INST_007,3,"В целом всё хорошо, но хотелось бы больше интерактива.",neutral,synthetic
FB_02646,VIS_02523,EV_0187,INST_017,5,"Спасибо организаторам, всё прошло замечательно.",positive,synthetic
FB_02647,VIS_02016,EV_0196,INST_017,3,Некоторые части программы понравились больше других.,neutral,synthetic
FB_02648,VIS_00993,EV_0019,INST_001,4,Интересная программа и хороший формат.,positive,synthetic
FB_02649,VIS_01309,EV_0069,INST_006,4,Отличная организация и приятная атмосфера.,positive,synthetic
FB_02650,VIS_03261,EV_0043,INST_004,5,Интересная программа и хороший формат.,positive,synthetic
FB_02651,VIS_04592,EV_0168,INST_014,5,"Спасибо организаторам, всё прошло замечательно.",positive,synthetic
FB_02652,VIS_04183,EV_0189,INST_017,3,"В целом всё хорошо, но хотелось бы больше интерактива.",neutral,synthetic
FB_02653,VIS_02395,EV_0097,INST_007,3,"Мероприятие было интересным, но некоторые части можно улучшить.",neutral,synthetic
FB_02654,VIS_03327,EV_0029,INST_002,5,Отличная организация и приятная атмосфера.,positive,synthetic
FB_02655,VIS_00441,EV_0161,INST_014,4,Отличная организация и приятная атмосфера.,positive,synthetic
FB_02656,VIS_04360,EV_0142,INST_012,4,Отличная организация и приятная атмосфера.,positive,synthetic
FB_02657,VIS_00388,EV_0127,INST_011,3,"Мероприятие было интересным, но некоторые части можно улучшить.",neutral,synthetic
FB_02658,VIS_04476,EV_0196,INST_017,5,Интересная программа и хороший формат.,positive,synthetic
FB_02659,VIS_04903,EV_0200,INST_017,3,"Мероприятие было интересным, но некоторые части можно улучшить.",neutral,synthetic
FB_02660,VIS_02228,EV_0004,INST_001,4,Отличная организация и приятная атмосфера.,positive,synthetic
FB_02661,VIS_02682,EV_0043,INST_004,3,Некоторые части программы понравились больше других.,neutral,synthetic
FB_02662,VIS_01856,EV_0148,INST_012,3,"Мероприятие было интересным, но некоторые части можно улучшить.",neutral,synthetic
FB_02663,VIS_02124,EV_0118,INST_010,3,"Мероприятие было интересным, но некоторые части можно улучшить.",neutral,synthetic
FB_02664,VIS_00169,EV_0216,INST_018,5,"Очень понравилось мероприятие, хочется прийти ещё.",positive,synthetic
FB_02665,VIS_00095,EV_0026,INST_002,2,Не хватило интерактивности и вовлечения.,negative,synthetic
FB_02666,VIS_04517,EV_0173,INST_014,3,"Мероприятие было интересным, но некоторые части можно улучшить.",neutral,synthetic
FB_02667,VIS_04336,EV_0060,INST_006,5,Отличная организация и приятная атмосфера.,positive,synthetic
FB_02668,VIS_03930,EV_0149,INST_012,4,Отличная организация и приятная атмосфера.,positive,synthetic
FB_02669,VIS_03036,EV_0012,INST_001,5,"Очень понравилось мероприятие, хочется прийти ещё.",positive,synthetic
FB_02670,VIS_02747,EV_0178,INST_014,3,"В целом всё хорошо, но хотелось бы больше интерактива.",neutral,synthetic
FB_02671,VIS_02693,EV_0032,INST_002,4,"Спасибо организаторам, всё прошло замечательно.",positive,synthetic
FB_02672,VIS_03647,EV_0162,INST_014,4,Отличная организация и приятная атмосфера.,positive,synthetic
FB_02673,VIS_00095,EV_0175,INST_014,3,"В целом всё хорошо, но хотелось бы больше интерактива.",neutral,synthetic
FB_02674,VIS_03589,EV_0058,INST_006,4,Отличная организация и приятная атмосфера.,positive,synthetic
FB_02675,VIS_02075,EV_0123,INST_010,2,Организацию можно было сделать лучше.,negative,synthetic
FB_02676,VIS_00172,EV_0170,INST_014,5,"Очень понравилось мероприятие, хочется прийти ещё.",positive,synthetic
FB_02677,VIS_04795,EV_0073,INST_006,3,"Мероприятие было интересным, но некоторые части можно улучшить.",neutral,synthetic
FB_02678,VIS_00290,EV_0040,INST_003,5,Интересная программа и хороший формат.,positive,synthetic
FB_02679,VIS_02249,EV_0174,INST_014,5,Интересная программа и хороший формат.,positive,synthetic
FB_02680,VIS_00083,EV_0209,INST_017,3,"В целом всё хорошо, но хотелось бы больше интерактива.",neutral,synthetic
FB_02681,VIS_01055,EV_0140,INST_012,4,"Очень понравилось мероприятие, хочется прийти ещё.",positive,synthetic
FB_02682,VIS_02105,EV_0197,INST_017,2,Не хватило интерактивности и вовлечения.,negative,synthetic
FB_02683,VIS_03836,EV_0077,INST_006,5,Интересная программа и хороший формат.,positive,synthetic
FB_02684,VIS_01169,EV_0080,INST_007,5,"Очень понравилось мероприятие, хочется прийти ещё.",positive,synthetic
FB_02685,VIS_03430,EV_0043,INST_004,5,"Спасибо организаторам, всё прошло замечательно.",positive,synthetic
FB_02686,VIS_02801,EV_0147,INST_012,2,Не хватило интерактивности и вовлечения.,negative,synthetic
FB_02687,VIS_01207,EV_0088,INST_007,3,"В целом всё хорошо, но хотелось бы больше интерактива.",neutral,synthetic
FB_02688,VIS_02144,EV_0038,INST_003,3,Некоторые части программы понравились больше других.,neutral,synthetic
FB_02689,VIS_02474,EV_0162,INST_014,5,"Спасибо организаторам, всё прошло замечательно.",positive,synthetic
FB_02690,VIS_03641,EV_0051,INST_005,3,"В целом всё хорошо, но хотелось бы больше интерактива.",neutral,synthetic
FB_02691,VIS_02428,EV_0123,INST_010,5,"Очень понравилось мероприятие, хочется прийти ещё.",positive,synthetic
FB_02692,VIS_03072,EV_0161,INST_014,3,"Мероприятие было интересным, но некоторые части можно улучшить.",neutral,synthetic
FB_02693,VIS_04300,EV_0034,INST_002,3,"Мероприятие было интересным, но некоторые части можно улучшить.",neutral,synthetic
FB_02694,VIS_00290,EV_0085,INST_007,5,"Очень понравилось мероприятие, хочется прийти ещё.",positive,synthetic
FB_02695,VIS_03702,EV_0147,INST_012,5,Интересная программа и хороший формат.,positive,synthetic
FB_02696,VIS_04571,EV_0069,INST_006,5,Отличная организация и приятная атмосфера.,positive,synthetic
FB_02697,VIS_00431,EV_0097,INST_007,4,"Очень понравилось мероприятие, хочется прийти ещё.",positive,synthetic
FB_02698,VIS_04714,EV_0209,INST_017,4,"Очень понравилось мероприятие, хочется прийти ещё.",positive,synthetic
FB_02699,VIS_04610,EV_0182,INST_015,2,Мероприятие показалось слишком длинным.,negative,synthetic
