visitor_id,event_id,institution_id,date,event_type
VIS_03373,EV_0001,INST_001,2026-01-10,Выставка
VIS_03133,EV_0001,INST_001,2026-01-10,Выставка
VIS_00827,EV_0001,INST_001,2026-01-10,Выставка
VIS_00075,EV_0001,INST_001,2026-01-10,Выставка
VIS_01217,EV_0001,INST_001,2026-01-10,Выставка
VIS_04592,EV_0001,INST_001,2026-01-10,Выставка
VIS_03128,EV_0001,INST_001,2026-01-10,Выставка
VIS_01062,EV_0001,INST_001,2026-01-10,Выставка
VIS_00267,EV_0001,INST_001,2026-01-10,Выставка
VIS_02182,EV_0001,INST_001,2026-01-10,Выставка
VIS_02075,EV_0001,INST_001,2026-01-10,Выставка
VIS_00913,EV_0001,INST_001,2026-01-10,Выставка
VIS_02907,EV_0001,INST_001,2026-01-10,Выставка
VIS_01371,EV_0001,INST_001,2026-01-10,Выставка
VIS_01198,EV_0001,INST_001,2026-01-10,Выставка
VIS_01262,EV_0001,INST_001,2026-01-10,Выставка
VIS_04065,EV_0001,INST_001,2026-01-10,Выставка
VIS_04496,EV_0001,INST_001,2026-01-10,Выставка
VIS_00038,EV_0001,INST_001,2026-01-10,Выставка
VIS_03910,EV_0001,INST_001,2026-01-10,Выставка
VIS_02036,EV_0001,INST_001,2026-01-10,Выставка
VIS_00081,EV_0001,INST_001,2026-01-10,Выставка
VIS_00849,EV_0001,INST_001,2026-01-10,Выставка
VIS_03678,EV_0001,INST_001,2026-01-10,Выставка
VIS_01284,EV_0001,INST_001,2026-01-10,Выставка
VIS_04275,EV_0001,INST_001,2026-01-10,Выставка
VIS_00077,EV_0001,INST_001,2026-01-10,Выставка
VIS_01220,EV_0001,INST_001,2026-01-10,Выставка
VIS_00871,EV_0001,INST_001,2026-01-10,Выставка
VIS_00717,EV_0001,INST_001,2026-01-10,Выставка
VIS_01090,EV_0001,INST_001,2026-01-10,Выставка
VIS_03686,EV_0001,INST_001,2026-01-10,Выставка
VIS_03639,EV_0001,INST_001,2026-01-10,Выставка
VIS_04157,EV_0001,INST_001,2026-01-10,Выставка
VIS_01652,EV_0001,INST_001,2026-01-10,Выставка
VIS_04613,EV_0001,INST_001,2026-01-10,Выставка
VIS_02581,EV_0001,INST_001,2026-01-10,Выставка
VIS_02228,EV_0001,INST_001,2026-01-10,Выставка
VIS_02931,EV_0001,INST_001,2026-01-10,Выставка
VIS_03956,EV_0001,INST_001,2026-01-10,Выставка
VIS_02546,EV_0001,INST_001,2026-01-10,Выставка
VIS_01331,EV_0001,INST_001,2026-01-10,Выставка
VIS_02236,EV_0001,INST_001,2026-01-10,Выставка
VIS_04982,EV_0001,INST_001,2026-01-10,Выставка
VIS_01061,EV_0001,INST_001,2026-01-10,Выставка
VIS_00125,EV_0001,INST_001,2026-01-10,Выставка
VIS_01806,EV_0001,INST_001,2026-01-10,Выставка
VIS_04414,EV_0001,INST_001,2026-01-10,Выставка
VIS_04575,EV_0001,INST_001,2026-01-10,Выставка
VIS_03935,EV_0001,INST_001,2026-01-10,Выставка
VIS_03979,EV_0001,INST_001,2026-01-10,Выставка
VIS_02353,EV_0001,INST_001,2026-01-10,Выставка
VIS_02482,EV_0001,INST_001,2026-01-10,Выставка
VIS_01722,EV_0001,INST_001,2026-01-10,Выставка
VIS_04022,EV_0001,INST_001,2026-01-10,Выставка
VIS_04094,EV_0001,INST_001,2026-01-10,Выставка
VIS_00920,EV_0001,INST_001,2026-01-10,Выставка
VIS_01154,EV_0001,INST_001,2026-01-10,Выставка
VIS_00387,EV_0001,INST_001,2026-01-10,Выставка
VIS_00737,EV_0001,INST_001,2026-01-10,Выставка
VIS_02072,EV_0025,INST_002,2026-01-10,Выставка
VIS_03779,EV_0025,INST_002,2026-01-10,Выставка
VIS_00111,EV_0025,INST_002,2026-01-10,Выставка
VIS_02342,EV_0025,INST_002,2026-01-10,Выставка
VIS_02735,EV_0025,INST_002,2026-01-10,Выставка
VIS_02175,EV_0025,INST_002,2026-01-10,Выставка
VIS_02180,EV_0025,INST_002,2026-01-10,Выставка
VIS_01251,EV_0025,INST_002,2026-01-10,Выставка
VIS_04724,EV_0025,INST_002,2026-01-10,Выставка
VIS_04035,EV_0025,INST_002,2026-01-10,Выставка
VIS_01971,EV_0025,INST_002,2026-01-10,Выставка
VIS_02882,EV_0025,INST_002,2026-01-10,Выставка
VIS_02486,EV_0025,INST_002,2026-01-10,Выставка
VIS_02820,EV_0025,INST_002,2026-01-10,Выставка
VIS_03113,EV_0025,INST_002,2026-01-10,Выставка
VIS_02160,EV_0025,INST_002,2026-01-10,Выставка
VIS_04058,EV_0025,INST_002,2026-01-10,Выставка
VIS_02534,EV_0025,INST_002,2026-01-10,Выставка
VIS_04180,EV_0025,INST_002,2026-01-10,Выставка
VIS_04675,EV_0025,INST_002,2026-01-10,Выставка
VIS_02031,EV_0025,INST_002,2026-01-10,Выставка
VIS_01676,EV_0025,INST_002,2026-01-10,Выставка
VIS_02427,EV_0025,INST_002,2026-01-10,Выставка
VIS_02596,EV_0025,INST_002,2026-01-10,Выставка
VIS_02660,EV_0025,INST_002,2026-01-10,Выставка
VIS_01975,EV_0025,INST_002,2026-01-10,Выставка
VIS_00757,EV_0036,INST_003,2026-01-10,Мастер-класс
VIS_04177,EV_0036,INST_003,2026-01-10,Мастер-класс
VIS_01680,EV_0036,INST_003,2026-01-10,Мастер-класс
VIS_01488,EV_0036,INST_003,2026-01-10,Мастер-класс
VIS_01470,EV_0036,INST_003,2026-01-10,Мастер-класс
VIS_04086,EV_0036,INST_003,2026-01-10,Мастер-класс
VIS_01699,EV_0036,INST_003,2026-01-10,Мастер-класс
VIS_02117,EV_0036,INST_003,2026-01-10,Мастер-класс
VIS_01409,EV_0036,INST_003,2026-01-10,Мастер-класс
VIS_00152,EV_0036,INST_003,2026-01-10,Мастер-класс
VIS_00687,EV_0036,INST_003,2026-01-10,Мастер-класс
VIS_04465,EV_0036,INST_003,2026-01-10,Мастер-класс
VIS_02144,EV_0036,INST_003,2026-01-10,Мастер-класс
VIS_01140,EV_0036,INST_003,2026-01-10,Мастер-класс
VIS_00289,EV_0036,INST_003,2026-01-10,Мастер-класс
VIS_00137,EV_0036,INST_003,2026-01-10,Мастер-класс
VIS_00945,EV_0036,INST_003,2026-01-10,Мастер-класс
VIS_01242,EV_0036,INST_003,2026-01-10,Мастер-класс
VIS_04065,EV_0036,INST_003,2026-01-10,Мастер-класс
VIS_03704,EV_0036,INST_003,2026-01-10,Мастер-класс
VIS_04723,EV_0036,INST_003,2026-01-10,Мастер-класс
VIS_02336,EV_0036,INST_003,2026-01-10,Мастер-класс
VIS_00895,EV_0036,INST_003,2026-01-10,Мастер-класс
VIS_02795,EV_0036,INST_003,2026-01-10,Мастер-класс
VIS_01612,EV_0036,INST_003,2026-01-10,Мастер-класс
VIS_02626,EV_0036,INST_003,2026-01-10,Мастер-класс
VIS_04359,EV_0036,INST_003,2026-01-10,Мастер-класс
VIS_03264,EV_0036,INST_003,2026-01-10,Мастер-класс
VIS_02803,EV_0036,INST_003,2026-01-10,Мастер-класс
VIS_03978,EV_0036,INST_003,2026-01-10,Мастер-класс
VIS_04042,EV_0036,INST_003,2026-01-10,Мастер-класс
VIS_04337,EV_0036,INST_003,2026-01-10,Мастер-класс
VIS_01586,EV_0036,INST_003,2026-01-10,Мастер-класс
VIS_00008,EV_0036,INST_003,2026-01-10,Мастер-класс
VIS_02936,EV_0036,INST_003,2026-01-10,Мастер-класс
VIS_01134,EV_0042,INST_004,2026-01-10,Творческая встреча
VIS_02032,EV_0042,INST_004,2026-01-10,Творческая встреча
VIS_00551,EV_0042,INST_004,2026-01-10,Творческая встреча
VIS_01128,EV_0042,INST_004,2026-01-10,Творческая встреча
VIS_00898,EV_0042,INST_004,2026-01-10,Творческая встреча
VIS_04713,EV_0042,INST_004,2026-01-10,Творческая встреча
VIS_01390,EV_0042,INST_004,2026-01-10,Творческая встреча
VIS_04738,EV_0042,INST_004,2026-01-10,Творческая встреча
VIS_04463,EV_0042,INST_004,2026-01-10,Творческая встреча
VIS_02298,EV_0042,INST_004,2026-01-10,Творческая встреча
VIS_02496,EV_0042,INST_004,2026-01-10,Творческая встреча
VIS_04737,EV_0042,INST_004,2026-01-10,Творческая встреча
VIS_02986,EV_0042,INST_004,2026-01-10,Творческая встреча
VIS_03341,EV_0042,INST_004,2026-01-10,Творческая встреча
VIS_04448,EV_0042,INST_004,2026-01-10,Творческая встреча
VIS_01308,EV_0042,INST_004,2026-01-10,Творческая встреча
VIS_00717,EV_0042,INST_004,2026-01-10,Творческая встреча
VIS_00629,EV_0042,INST_004,2026-01-10,Творческая встреча
VIS_00721,EV_0042,INST_004,2026-01-10,Творческая встреча
VIS_02636,EV_0042,INST_004,2026-01-10,Творческая встреча
VIS_04875,EV_0042,INST_004,2026-01-10,Творческая встреча
VIS_01265,EV_0042,INST_004,2026-01-10,Творческая встреча
VIS_00020,EV_0042,INST_004,2026-01-10,Творческая встреча
VIS_02285,EV_0042,INST_004,2026-01-10,Творческая встреча
VIS_03294,EV_0042,INST_004,2026-01-10,Творческая встреча
VIS_01574,EV_0042,INST_004,2026-01-10,Творческая встреча
VIS_01317,EV_0042,INST_004,2026-01-10,Творческая встреча
VIS_02224,EV_0042,INST_004,2026-01-10,Творческая встреча
VIS_03597,EV_0042,INST_004,2026-01-10,Творческая встреча
VIS_01582,EV_0042,INST_004,2026-01-10,Творческая встреча
VIS_02399,EV_0042,INST_004,2026-01-10,Творческая встреча
VIS_01304,EV_0042,INST_004,2026-01-10,Творческая встреча
VIS_00892,EV_0042,INST_004,2026-01-10,Творческая встреча
VIS_00224,EV_0042,INST_004,2026-01-10,Творческая встреча
VIS_02435,EV_0042,INST_004,2026-01-10,Творческая встреча
VIS_03117,EV_0042,INST_004,2026-01-10,Творческая встреча
VIS_03464,EV_0042,INST_004,2026-01-10,Творческая встреча
VIS_03268,EV_0042,INST_004,2026-01-10,Творческая встреча
VIS_01083,EV_0042,INST_004,2026-01-10,Творческая встреча
VIS_02624,EV_0042,INST_004,2026-01-10,Творческая встреча
VIS_04254,EV_0042,INST_004,2026-01-10,Творческая встреча
VIS_04333,EV_0042,INST_004,2026-01-10,Творческая встреча
VIS_00171,EV_0042,INST_004,2026-01-10,Творческая встреча
VIS_00753,EV_0042,INST_004,2026-01-10,Творческая встреча
VIS_01883,EV_0042,INST_004,2026-01-10,Творческая встреча
VIS_01326,EV_0042,INST_004,2026-01-10,Творческая встреча
VIS_00710,EV_0042,INST_004,2026-01-10,Творческая встреча
VIS_02682,EV_0042,INST_004,2026-01-10,Творческая встреча
VIS_01455,EV_0042,INST_004,2026-01-10,Творческая встреча
VIS_01814,EV_0042,INST_004,2026-01-10,Творческая встреча
VIS_02080,EV_0042,INST_004,2026-01-10,Творческая встреча
VIS_01000,EV_0042,INST_004,2026-01-10,Творческая встреча
VIS_04279,EV_0042,INST_004,2026-01-10,Творческая встреча
VIS_03354,EV_0042,INST_004,2026-01-10,Творческая встреча
VIS_04561,EV_0042,INST_004,2026-01-10,Творческая встреча
VIS_02582,EV_0042,INST_004,2026-01-10,Творческая встреча
VIS_02201,EV_0042,INST_004,2026-01-10,Творческая встреча
VIS_03910,EV_0042,INST_004,2026-01-10,Творческая встреча
VIS_00077,EV_0042,INST_004,2026-01-10,Творческая встреча
VIS_03399,EV_0042,INST_004,2026-01-10,Творческая встреча
VIS_00043,EV_0042,INST_004,2026-01-10,Творческая встреча
VIS_00192,EV_0042,INST_004,2026-01-10,Творческая встреча
VIS_00400,EV_0042,INST_004,2026-01-10,Творческая встреча
VIS_04339,EV_0042,INST_004,2026-01-10,Творческая встреча
VIS_01347,EV_0042,INST_004,2026-01-10,Творческая встреча
VIS_03261,EV_0042,INST_004,2026-01-10,Творческая встреча
VIS_00893,EV_0042,INST_004,2026-01-10,Творческая встреча
VIS_01672,EV_0042,INST_004,2026-01-10,Творческая встреча
VIS_00247,EV_0042,INST_004,2026-01-10,Творческая встреча
VIS_01744,EV_0042,INST_004,2026-01-10,Творческая встреча
VIS_00112,EV_0042,INST_004,2026-01-10,Творческая встреча
VIS_00721,EV_0049,INST_005,2026-01-10,Лекция
VIS_03153,EV_0049,INST_005,2026-01-10,Лекция
VIS_03707,EV_0049,INST_005,2026-01-10,Лекция
VIS_02688,EV_0049,INST_005,2026-01-10,Лекция
VIS_02186,EV_0049,INST_005,2026-01-10,Лекция
VIS_04002,EV_0049,INST_005,2026-01-10,Лекция
VIS_02266,EV_0049,INST_005,2026-01-10,Лекция
VIS_01814,EV_0049,INST_005,2026-01-10,Лекция
VIS_01706,EV_0049,INST_005,2026-01-10,Лекция
VIS_03744,EV_0049,INST_005,2026-01-10,Лекция
VIS_01048,EV_0049,INST_005,2026-01-10,Лекция
VIS_01530,EV_0049,INST_005,2026-01-10,Лекция
VIS_04561,EV_0049,INST_005,2026-01-10,Лекция
VIS_01063,EV_0049,INST_005,2026-01-10,Лекция
VIS_04450,EV_0049,INST_005,2026-01-10,Лекция
VIS_00612,EV_0049,INST_005,2026-01-10,Лекция
VIS_04044,EV_0049,INST_005,2026-01-10,Лекция
VIS_02193,EV_0049,INST_005,2026-01-10,Лекция
VIS_04195,EV_0049,INST_005,2026-01-10,Лекция
VIS_04106,EV_0049,INST_005,2026-01-10,Лекция
VIS_03313,EV_0049,INST_005,2026-01-10,Лекция
VIS_01324,EV_0049,INST_005,2026-01-10,Лекция
VIS_01890,EV_0049,INST_005,2026-01-10,Лекция
VIS_03072,EV_0049,INST_005,2026-01-10,Лекция
VIS_01328,EV_0049,INST_005,2026-01-10,Лекция
VIS_00085,EV_0049,INST_005,2026-01-10,Лекция
VIS_02222,EV_0049,INST_005,2026-01-10,Лекция
VIS_02308,EV_0049,INST_005,2026-01-10,Лекция
VIS_02085,EV_0049,INST_005,2026-01-10,Лекция
VIS_00382,EV_0049,INST_005,2026-01-10,Лекция
VIS_04915,EV_0049,INST_005,2026-01-10,Лекция
VIS_03840,EV_0049,INST_005,2026-01-10,Лекция
VIS_04926,EV_0049,INST_005,2026-01-10,Лекция
VIS_00048,EV_0049,INST_005,2026-01-10,Лекция
VIS_02504,EV_0049,INST_005,2026-01-10,Лекция
VIS_03430,EV_0049,INST_005,2026-01-10,Лекция
VIS_01330,EV_0049,INST_005,2026-01-10,Лекция
VIS_04040,EV_0049,INST_005,2026-01-10,Лекция
VIS_02558,EV_0049,INST_005,2026-01-10,Лекция
VIS_04222,EV_0049,INST_005,2026-01-10,Лекция
VIS_02245,EV_0049,INST_005,2026-01-10,Лекция
VIS_01135,EV_0049,INST_005,2026-01-10,Лекция
VIS_00512,EV_0049,INST_005,2026-01-10,Лекция
VIS_00188,EV_0049,INST_005,2026-01-10,Лекция
VIS_02326,EV_0049,INST_005,2026-01-10,Лекция
VIS_03619,EV_0049,INST_005,2026-01-10,Лекция
VIS_02566,EV_0049,INST_005,2026-01-10,Лекция
VIS_03412,EV_0049,INST_005,2026-01-10,Лекция
VIS_00139,EV_0049,INST_005,2026-01-10,Лекция
VIS_00623,EV_0049,INST_005,2026-01-10,Лекция
VIS_04497,EV_0049,INST_005,2026-01-10,Лекция
VIS_03425,EV_0049,INST_005,2026-01-10,Лекция
VIS_01780,EV_0049,INST_005,2026-01-10,Лекция
VIS_01614,EV_0049,INST_005,2026-01-10,Лекция
VIS_00877,EV_0049,INST_005,2026-01-10,Лекция
VIS_01083,EV_0049,INST_005,2026-01-10,Лекция
VIS_01003,EV_0049,INST_005,2026-01-10,Лекция
VIS_04667,EV_0049,INST_005,2026-01-10,Лекция
VIS_04842,EV_0049,INST_005,2026-01-10,Лекция
VIS_01662,EV_0049,INST_005,2026-01-10,Лекция
VIS_02171,EV_0049,INST_005,2026-01-10,Лекция
VIS_01533,EV_0049,INST_005,2026-01-10,Лекция
VIS_02039,EV_0049,INST_005,2026-01-10,Лекция
VIS_00324,EV_0049,INST_005,2026-01-10,Лекция
VIS_03653,EV_0049,INST_005,2026-01-10,Лекция
VIS_00383,EV_0049,INST_005,2026-01-10,Лекция
VIS_04753,EV_0049,INST_005,2026-01-10,Лекция
VIS_02029,EV_0049,INST_005,2026-01-10,Лекция
VIS_03771,EV_0049,INST_005,2026-01-10,Лекция
VIS_01131,EV_0049,INST_005,2026-01-10,Лекция
VIS_01838,EV_0049,INST_005,2026-01-10,Лекция
VIS_01576,EV_0049,INST_005,2026-01-10,Лекция
VIS_04233,EV_0049,INST_005,2026-01-10,Лекция
VIS_03890,EV_0049,INST_005,2026-01-10,Лекция
VIS_02048,EV_0049,INST_005,2026-01-10,Лекция
VIS_00394,EV_0049,INST_005,2026-01-10,Лекция
VIS_03446,EV_0049,INST_005,2026-01-10,Лекция
VIS_00677,EV_0049,INST_005,2026-01-10,Лекция
VIS_03519,EV_0049,INST_005,2026-01-10,Лекция
VIS_00812,EV_0049,INST_005,2026-01-10,Лекция
VIS_02290,EV_0049,INST_005,2026-01-10,Лекция
VIS_04531,EV_0049,INST_005,2026-01-10,Лекция
VIS_00817,EV_0049,INST_005,2026-01-10,Лекция
VIS_04499,EV_0056,INST_006,2026-01-10,Выставка
VIS_00040,EV_0056,INST_006,2026-01-10,Выставка
VIS_03144,EV_0056,INST_006,2026-01-10,Выставка
VIS_04089,EV_0056,INST_006,2026-01-10,Выставка
VIS_04479,EV_0056,INST_006,2026-01-10,Выставка
VIS_02102,EV_0056,INST_006,2026-01-10,Выставка
VIS_00812,EV_0056,INST_006,2026-01-10,Выставка
VIS_02114,EV_0056,INST_006,2026-01-10,Выставка
VIS_03501,EV_0056,INST_006,2026-01-10,Выставка
VIS_02367,EV_0056,INST_006,2026-01-10,Выставка
VIS_01648,EV_0056,INST_006,2026-01-10,Выставка
VIS_03632,EV_0056,INST_006,2026-01-10,Выставка
VIS_04388,EV_0056,INST_006,2026-01-10,Выставка
VIS_00377,EV_0056,INST_006,2026-01-10,Выставка
VIS_00814,EV_0056,INST_006,2026-01-10,Выставка
VIS_03363,EV_0056,INST_006,2026-01-10,Выставка
VIS_04492,EV_0056,INST_006,2026-01-10,Выставка
VIS_04821,EV_0056,INST_006,2026-01-10,Выставка
VIS_01918,EV_0056,INST_006,2026-01-10,Выставка
VIS_01363,EV_0056,INST_006,2026-01-10,Выставка
VIS_00905,EV_0056,INST_006,2026-01-10,Выставка
VIS_00437,EV_0056,INST_006,2026-01-10,Выставка
VIS_02606,EV_0056,INST_006,2026-01-10,Выставка
VIS_02119,EV_0056,INST_006,2026-01-10,Выставка
VIS_03477,EV_0056,INST_006,2026-01-10,Выставка
VIS_03059,EV_0056,INST_006,2026-01-10,Выставка
VIS_00389,EV_0056,INST_006,2026-01-10,Выставка
VIS_03821,EV_0056,INST_006,2026-01-10,Выставка
VIS_00640,EV_0056,INST_006,2026-01-10,Выставка
VIS_00295,EV_0056,INST_006,2026-01-10,Выставка
VIS_04762,EV_0056,INST_006,2026-01-10,Выставка
VIS_01350,EV_0056,INST_006,2026-01-10,Выставка
VIS_00496,EV_0056,INST_006,2026-01-10,Выставка
VIS_00528,EV_0056,INST_006,2026-01-10,Выставка
VIS_02452,EV_0056,INST_006,2026-01-10,Выставка
VIS_01309,EV_0056,INST_006,2026-01-10,Выставка
VIS_02219,EV_0056,INST_006,2026-01-10,Выставка
VIS_02645,EV_0056,INST_006,2026-01-10,Выставка
VIS_00337,EV_0056,INST_006,2026-01-10,Выставка
VIS_02898,EV_0056,INST_006,2026-01-10,Выставка
VIS_01899,EV_0056,INST_006,2026-01-10,Выставка
VIS_02496,EV_0079,INST_007,2026-01-10,Лекция
VIS_03890,EV_0079,INST_007,2026-01-10,Лекция
VIS_03910,EV_0079,INST_007,2026-01-10,Лекция
VIS_03386,EV_0079,INST_007,2026-01-10,Лекция
VIS_02925,EV_0079,INST_007,2026-01-10,Лекция
VIS_01225,EV_0079,INST_007,2026-01-10,Лекция
VIS_00078,EV_0079,INST_007,2026-01-10,Лекция
VIS_00697,EV_0079,INST_007,2026-01-10,Лекция
VIS_00201,EV_0079,INST_007,2026-01-10,Лекция
VIS_00445,EV_0079,INST_007,2026-01-10,Лекция
VIS_04837,EV_0079,INST_007,2026-01-10,Лекция
VIS_04077,EV_0079,INST_007,2026-01-10,Лекция
VIS_02568,EV_0079,INST_007,2026-01-10,Лекция
VIS_02708,EV_0079,INST_007,2026-01-10,Лекция
VIS_00014,EV_0079,INST_007,2026-01-10,Лекция
VIS_04437,EV_0079,INST_007,2026-01-10,Лекция
VIS_02436,EV_0079,INST_007,2026-01-10,Лекция
VIS_01530,EV_0079,INST_007,2026-01-10,Лекция
VIS_04616,EV_0079,INST_007,2026-01-10,Лекция
VIS_03227,EV_0079,INST_007,2026-01-10,Лекция
VIS_04864,EV_0079,INST_007,2026-01-10,Лекция
VIS_02454,EV_0079,INST_007,2026-01-10,Лекция
VIS_00804,EV_0079,INST_007,2026-01-10,Лекция
VIS_02205,EV_0079,INST_007,2026-01-10,Лекция
VIS_04001,EV_0079,INST_007,2026-01-10,Лекция
VIS_02481,EV_0079,INST_007,2026-01-10,Лекция
VIS_00354,EV_0079,INST_007,2026-01-10,Лекция
VIS_00257,EV_0079,INST_007,2026-01-10,Лекция
VIS_04070,EV_0079,INST_007,2026-01-10,Лекция
VIS_03252,EV_0079,INST_007,2026-01-10,Лекция
VIS_00541,EV_0079,INST_007,2026-01-10,Лекция
VIS_02902,EV_0079,INST_007,2026-01-10,Лекция
VIS_02952,EV_0079,INST_007,2026-01-10,Лекция
VIS_00232,EV_0079,INST_007,2026-01-10,Лекция
VIS_01581,EV_0079,INST_007,2026-01-10,Лекция
VIS_04795,EV_0079,INST_007,2026-01-10,Лекция
VIS_00378,EV_0079,INST_007,2026-01-10,Лекция
VIS_00158,EV_0079,INST_007,2026-01-10,Лекция
VIS_04145,EV_0079,INST_007,2026-01-10,Лекция
VIS_03351,EV_0079,INST_007,2026-01-10,Лекция
VIS_04401,EV_0079,INST_007,2026-01-10,Лекция
VIS_00486,EV_0079,INST_007,2026-01-10,Лекция
VIS_00787,EV_0079,INST_007,2026-01-10,Лекция
VIS_04934,EV_0079,INST_007,2026-01-10,Лекция
VIS_03694,EV_0079,INST_007,2026-01-10,Лекция
VIS_03812,EV_0079,INST_007,2026-01-10,Лекция
VIS_03568,EV_0079,INST_007,2026-01-10,Лекция
VIS_04779,EV_0079,INST_007,2026-01-10,Лекция
VIS_04665,EV_0079,INST_007,2026-01-10,Лекция
VIS_02581,EV_0079,INST_007,2026-01-10,Лекция
VIS_02960,EV_0079,INST_007,2026-01-10,Лекция
VIS_00881,EV_0079,INST_007,2026-01-10,Лекция
VIS_01878,EV_0079,INST_007,2026-01-10,Лекция
VIS_01568,EV_0079,INST_007,2026-01-10,Лекция
VIS_03073,EV_0079,INST_007,2026-01-10,Лекция
VIS_01462,EV_0079,INST_007,2026-01-10,Лекция
VIS_00493,EV_0079,INST_007,2026-01-10,Лекция
VIS_04382,EV_0079,INST_007,2026-01-10,Лекция
VIS_01670,EV_0079,INST_007,2026-01-10,Лекция
VIS_04838,EV_0079,INST_007,2026-01-10,Лекция
VIS_02315,EV_0079,INST_007,2026-01-10,Лекция
VIS_02511,EV_0079,INST_007,2026-01-10,Лекция
VIS_00096,EV_0079,INST_007,2026-01-10,Лекция
VIS_02028,EV_0079,INST_007,2026-01-10,Лекция
VIS_01728,EV_0079,INST_007,2026-01-10,Лекция
VIS_04698,EV_0079,INST_007,2026-01-10,Лекция
VIS_03591,EV_0079,INST_007,2026-01-10,Лекция
VIS_04589,EV_0079,INST_007,2026-01-10,Лекция
VIS_01646,EV_0079,INST_007,2026-01-10,Лекция
VIS_01214,EV_0079,INST_007,2026-01-10,Лекция
VIS_04909,EV_0079,INST_007,2026-01-10,Лекция
VIS_00287,EV_0079,INST_007,2026-01-10,Лекция
VIS_01249,EV_0079,INST_007,2026-01-10,Лекция
VIS_02294,EV_0079,INST_007,2026-01-10,Лекция
VIS_03914,EV_0079,INST_007,2026-01-10,Лекция
VIS_02014,EV_0079,INST_007,2026-01-10,Лекция
VIS_02099,EV_0079,INST_007,2026-01-10,Лекция
VIS_01769,EV_0079,INST_007,2026-01-10,Лекция
VIS_01302,EV_0079,INST_007,2026-01-10,Лекция
VIS_01906,EV_0079,INST_007,2026-01-10,Лекция
VIS_01654,EV_0079,INST_007,2026-01-10,Лекция
VIS_02033,EV_0079,INST_007,2026-01-10,Лекция
VIS_03898,EV_0079,INST_007,2026-01-10,Лекция
VIS_04637,EV_0079,INST_007,2026-01-10,Лекция
VIS_02788,EV_0079,INST_007,2026-01-10,Лекция
VIS_00612,EV_0079,INST_007,2026-01-10,Лекция
VIS_01292,EV_0079,INST_007,2026-01-10,Лекция
VIS_00005,EV_0079,INST_007,2026-01-10,Лекция
VIS_01597,EV_0079,INST_007,2026-01-10,Лекция
VIS_04859,EV_0079,INST_007,2026-01-10,Лекция
VIS_04977,EV_0079,INST_007,2026-01-10,Лекция
VIS_00949,EV_0079,INST_007,2026-01-10,Лекция
VIS_01527,EV_0079,INST_007,2026-01-10,Лекция
VIS_04633,EV_0079,INST_007,2026-01-10,Лекция
VIS_02780,EV_0079,INST_007,2026-01-10,Лекция
VIS_02504,EV_0079,INST_007,2026-01-10,Лекция
VIS_04542,EV_0079,INST_007,2026-01-10,Лекция
VIS_00948,EV_0079,INST_007,2026-01-10,Лекция
VIS_01887,EV_0079,INST_007,2026-01-10,Лекция
VIS_00250,EV_0079,INST_007,2026-01-10,Лекция
VIS_00431,EV_0079,INST_007,2026-01-10,Лекция
VIS_00409,EV_0079,INST_007,2026-01-10,Лекция
VIS_03502,EV_0079,INST_007,2026-01-10,Лекция
VIS_04564,EV_0079,INST_007,2026-01-10,Лекция
VIS_01665,EV_0079,INST_007,2026-01-10,Лекция
VIS_03342,EV_0079,INST_007,2026-01-10,Лекция
VIS_03887,EV_0079,INST_007,2026-01-10,Лекция
VIS_01087,EV_0079,INST_007,2026-01-10,Лекция
VIS_03657,EV_0079,INST_007,2026-01-10,Лекция
VIS_02777,EV_0079,INST_007,2026-01-10,Лекция
VIS_03710,EV_0079,INST_007,2026-01-10,Лекция
VIS_00164,EV_0079,INST_007,2026-01-10,Лекция
VIS_01424,EV_0079,INST_007,2026-01-10,Лекция
VIS_03137,EV_0079,INST_007,2026-01-10,Лекция
VIS_01440,EV_0079,INST_007,2026-01-10,Лекция
VIS_00306,EV_0079,INST_007,2026-01-10,Лекция
VIS_04080,EV_0079,INST_007,2026-01-10,Лекция
VIS_04045,EV_0079,INST_007,2026-01-10,Лекция
VIS_02517,EV_0079,INST_007,2026-01-10,Лекция
VIS_00116,EV_0079,INST_007,2026-01-10,Лекция
VIS_03525,EV_0107,INST_008,2026-01-10,Мастер-класс
VIS_01031,EV_0107,INST_008,2026-01-10,Мастер-класс
VIS_04398,EV_0107,INST_008,2026-01-10,Мастер-класс
VIS_00663,EV_0107,INST_008,2026-01-10,Мастер-класс
VIS_00057,EV_0107,INST_008,2026-01-10,Мастер-класс
VIS_03532,EV_0107,INST_008,2026-01-10,Мастер-класс
VIS_04255,EV_0107,INST_008,2026-01-10,Мастер-класс
VIS_04320,EV_0107,INST_008,2026-01-10,Мастер-класс
VIS_03196,EV_0107,INST_008,2026-01-10,Мастер-класс
VIS_02099,EV_0107,INST_008,2026-01-10,Мастер-класс
VIS_02641,EV_0107,INST_008,2026-01-10,Мастер-класс
VIS_02860,EV_0107,INST_008,2026-01-10,Мастер-класс
VIS_04518,EV_0107,INST_008,2026-01-10,Мастер-класс
VIS_04105,EV_0107,INST_008,2026-01-10,Мастер-класс
VIS_00321,EV_0107,INST_008,2026-01-10,Мастер-класс
VIS_03462,EV_0107,INST_008,2026-01-10,Мастер-класс
VIS_02595,EV_0107,INST_008,2026-01-10,Мастер-класс
VIS_03961,EV_0107,INST_008,2026-01-10,Мастер-класс
VIS_04271,EV_0107,INST_008,2026-01-10,Мастер-класс
VIS_00301,EV_0107,INST_008,2026-01-10,Мастер-класс
VIS_03610,EV_0107,INST_008,2026-01-10,Мастер-класс
VIS_00800,EV_0107,INST_008,2026-01-10,Мастер-класс
VIS_02304,EV_0107,INST_008,2026-01-10,Мастер-класс
VIS_04896,EV_0107,INST_008,2026-01-10,Мастер-класс
VIS_01370,EV_0107,INST_008,2026-01-10,Мастер-класс
VIS_00134,EV_0107,INST_008,2026-01-10,Мастер-класс
VIS_00387,EV_0107,INST_008,2026-01-10,Мастер-класс
VIS_04261,EV_0107,INST_008,2026-01-10,Мастер-класс
VIS_02145,EV_0107,INST_008,2026-01-10,Мастер-класс
VIS_02066,EV_0107,INST_008,2026-01-10,Мастер-класс
VIS_00675,EV_0107,INST_008,2026-01-10,Мастер-класс
VIS_03432,EV_0107,INST_008,2026-01-10,Мастер-класс
VIS_00895,EV_0107,INST_008,2026-01-10,Мастер-класс
VIS_03194,EV_0107,INST_008,2026-01-10,Мастер-класс
VIS_02796,EV_0107,INST_008,2026-01-10,Мастер-класс
VIS_01011,EV_0108,INST_009,2026-01-10,Творческая встреча
VIS_04873,EV_0108,INST_009,2026-01-10,Творческая встреча
VIS_04270,EV_0108,INST_009,2026-01-10,Творческая встреча
VIS_03671,EV_0108,INST_009,2026-01-10,Творческая встреча
VIS_00448,EV_0108,INST_009,2026-01-10,Творческая встреча
VIS_01223,EV_0108,INST_009,2026-01-10,Творческая встреча
VIS_04800,EV_0108,INST_009,2026-01-10,Творческая встреча
VIS_03454,EV_0108,INST_009,2026-01-10,Творческая встреча
VIS_03578,EV_0108,INST_009,2026-01-10,Творческая встреча
VIS_02764,EV_0108,INST_009,2026-01-10,Творческая встреча
VIS_00606,EV_0108,INST_009,2026-01-10,Творческая встреча
VIS_02188,EV_0108,INST_009,2026-01-10,Творческая встреча
VIS_01774,EV_0108,INST_009,2026-01-10,Творческая встреча
VIS_02360,EV_0108,INST_009,2026-01-10,Творческая встреча
VIS_01865,EV_0108,INST_009,2026-01-10,Творческая встреча
VIS_02883,EV_0108,INST_009,2026-01-10,Творческая встреча
VIS_03126,EV_0108,INST_009,2026-01-10,Творческая встреча
VIS_02790,EV_0108,INST_009,2026-01-10,Творческая встреча
VIS_02492,EV_0108,INST_009,2026-01-10,Творческая встреча
VIS_02291,EV_0108,INST_009,2026-01-10,Творческая встреча
VIS_04659,EV_0108,INST_009,2026-01-10,Творческая встреча
VIS_02230,EV_0108,INST_009,2026-01-10,Творческая встреча
VIS_04256,EV_0108,INST_009,2026-01-10,Творческая встреча
VIS_00792,EV_0108,INST_009,2026-01-10,Творческая встреча
VIS_02098,EV_0108,INST_009,2026-01-10,Творческая встреча
VIS_03122,EV_0108,INST_009,2026-01-10,Творческая встреча
VIS_04511,EV_0108,INST_009,2026-01-10,Творческая встреча
VIS_02416,EV_0108,INST_009,2026-01-10,Творческая встреча
VIS_04616,EV_0108,INST_009,2026-01-10,Творческая встреча
VIS_04115,EV_0108,INST_009,2026-01-10,Творческая встреча
VIS_03407,EV_0108,INST_009,2026-01-10,Творческая встреча
VIS_00060,EV_0108,INST_009,2026-01-10,Творческая встреча
VIS_02885,EV_0108,INST_009,2026-01-10,Творческая встреча
VIS_02539,EV_0108,INST_009,2026-01-10,Творческая встреча
VIS_01858,EV_0108,INST_009,2026-01-10,Творческая встреча
VIS_01152,EV_0108,INST_009,2026-01-10,Творческая встреча
VIS_01848,EV_0108,INST_009,2026-01-10,Творческая встреча
VIS_00285,EV_0108,INST_009,2026-01-10,Творческая встреча
VIS_00866,EV_0108,INST_009,2026-01-10,Творческая встреча
VIS_01172,EV_0108,INST_009,2026-01-10,Творческая встреча
VIS_02507,EV_0108,INST_009,2026-01-10,Творческая встреча
VIS_01368,EV_0108,INST_009,2026-01-10,Творческая встреча
VIS_04911,EV_0108,INST_009,2026-01-10,Творческая встреча
VIS_00502,EV_0108,INST_009,2026-01-10,Творческая встреча
VIS_01955,EV_0108,INST_009,2026-01-10,Творческая встреча
VIS_04426,EV_0108,INST_009,2026-01-10,Творческая встреча
VIS_04317,EV_0108,INST_009,2026-01-10,Творческая встреча
VIS_03254,EV_0108,INST_009,2026-01-10,Творческая встреча
VIS_04637,EV_0108,INST_009,2026-01-10,Творческая встреча
VIS_04893,EV_0108,INST_009,2026-01-10,Творческая встреча
VIS_04425,EV_0108,INST_009,2026-01-10,Творческая встреча
VIS_01166,EV_0108,INST_009,2026-01-10,Творческая встреча
VIS_03996,EV_0108,INST_009,2026-01-10,Творческая встреча
VIS_04339,EV_0108,INST_009,2026-01-10,Творческая встреча
VIS_04979,EV_0108,INST_009,2026-01-10,Творческая встреча
VIS_00880,EV_0108,INST_009,2026-01-10,Творческая встреча
VIS_01559,EV_0108,INST_009,2026-01-10,Творческая встреча
VIS_04019,EV_0108,INST_009,2026-01-10,Творческая встреча
VIS_00996,EV_0108,INST_009,2026-01-10,Творческая встреча
VIS_04954,EV_0108,INST_009,2026-01-10,Творческая встреча
VIS_01693,EV_0108,INST_009,2026-01-10,Творческая встреча
VIS_01470,EV_0108,INST_009,2026-01-10,Творческая встреча
VIS_02589,EV_0108,INST_009,2026-01-10,Творческая встреча
VIS_04932,EV_0108,INST_009,2026-01-10,Творческая встреча
VIS_04140,EV_0108,INST_009,2026-01-10,Творческая встреча
VIS_03992,EV_0108,INST_009,2026-01-10,Творческая встреча
VIS_04814,EV_0108,INST_009,2026-01-10,Творческая встреча
VIS_00557,EV_0108,INST_009,2026-01-10,Творческая встреча
VIS_04386,EV_0108,INST_009,2026-01-10,Творческая встреча
VIS_04878,EV_0108,INST_009,2026-01-10,Творческая встреча
VIS_01242,EV_0108,INST_009,2026-01-10,Творческая встреча
VIS_00827,EV_0108,INST_009,2026-01-10,Творческая встреча
VIS_04163,EV_0108,INST_009,2026-01-10,Творческая встреча
VIS_04943,EV_0108,INST_009,2026-01-10,Творческая встреча
VIS_02033,EV_0108,INST_009,2026-01-10,Творческая встреча
VIS_02313,EV_0108,INST_009,2026-01-10,Творческая встреча
VIS_04057,EV_0108,INST_009,2026-01-10,Творческая встреча
VIS_04727,EV_0108,INST_009,2026-01-10,Творческая встреча
VIS_00733,EV_0108,INST_009,2026-01-10,Творческая встреча
VIS_03661,EV_0108,INST_009,2026-01-10,Творческая встреча
VIS_02333,EV_0108,INST_009,2026-01-10,Творческая встреча
VIS_03812,EV_0108,INST_009,2026-01-10,Творческая встреча
VIS_00454,EV_0108,INST_009,2026-01-10,Творческая встреча
VIS_04400,EV_0108,INST_009,2026-01-10,Творческая встреча
VIS_03219,EV_0108,INST_009,2026-01-10,Творческая встреча
VIS_00211,EV_0118,INST_010,2026-01-10,Творческая встреча
VIS_00805,EV_0118,INST_010,2026-01-10,Творческая встреча
VIS_03371,EV_0118,INST_010,2026-01-10,Творческая встреча
VIS_03569,EV_0118,INST_010,2026-01-10,Творческая встреча
VIS_03951,EV_0118,INST_010,2026-01-10,Творческая встреча
VIS_04059,EV_0118,INST_010,2026-01-10,Творческая встреча
VIS_00115,EV_0118,INST_010,2026-01-10,Творческая встреча
VIS_03945,EV_0118,INST_010,2026-01-10,Творческая встреча
VIS_02788,EV_0118,INST_010,2026-01-10,Творческая встреча
VIS_03850,EV_0118,INST_010,2026-01-10,Творческая встреча
VIS_02702,EV_0118,INST_010,2026-01-10,Творческая встреча
VIS_02079,EV_0118,INST_010,2026-01-10,Творческая встреча
VIS_01269,EV_0118,INST_010,2026-01-10,Творческая встреча
VIS_00111,EV_0118,INST_010,2026-01-10,Творческая встреча
VIS_02974,EV_0118,INST_010,2026-01-10,Творческая встреча
VIS_04145,EV_0118,INST_010,2026-01-10,Творческая встреча
VIS_04785,EV_0118,INST_010,2026-01-10,Творческая встреча
VIS_03615,EV_0118,INST_010,2026-01-10,Творческая встреча
VIS_00184,EV_0118,INST_010,2026-01-10,Творческая встреча
VIS_02786,EV_0118,INST_010,2026-01-10,Творческая встреча
VIS_03492,EV_0118,INST_010,2026-01-10,Творческая встреча
VIS_00054,EV_0118,INST_010,2026-01-10,Творческая встреча
VIS_01138,EV_0118,INST_010,2026-01-10,Творческая встреча
VIS_01685,EV_0118,INST_010,2026-01-10,Творческая встреча
VIS_03004,EV_0118,INST_010,2026-01-10,Творческая встреча
VIS_04995,EV_0118,INST_010,2026-01-10,Творческая встреча
VIS_00832,EV_0118,INST_010,2026-01-10,Творческая встреча
VIS_00177,EV_0118,INST_010,2026-01-10,Творческая встреча
VIS_00297,EV_0118,INST_010,2026-01-10,Творческая встреча
VIS_04076,EV_0118,INST_010,2026-01-10,Творческая встреча
VIS_02465,EV_0118,INST_010,2026-01-10,Творческая встреча
VIS_00491,EV_0118,INST_010,2026-01-10,Творческая встреча
VIS_00020,EV_0118,INST_010,2026-01-10,Творческая встреча
VIS_04512,EV_0118,INST_010,2026-01-10,Творческая встреча
VIS_02184,EV_0118,INST_010,2026-01-10,Творческая встреча
VIS_03934,EV_0118,INST_010,2026-01-10,Творческая встреча
VIS_00165,EV_0118,INST_010,2026-01-10,Творческая встреча
VIS_01738,EV_0118,INST_010,2026-01-10,Творческая встреча
VIS_03701,EV_0118,INST_010,2026-01-10,Творческая встреча
VIS_04383,EV_0118,INST_010,2026-01-10,Творческая встреча
VIS_00532,EV_0118,INST_010,2026-01-10,Творческая встреча
VIS_00520,EV_0118,INST_010,2026-01-10,Творческая встреча
VIS_01155,EV_0118,INST_010,2026-01-10,Творческая встреча
VIS_00506,EV_0118,INST_010,2026-01-10,Творческая встреча
VIS_01130,EV_0118,INST_010,2026-01-10,Творческая встреча
VIS_01100,EV_0118,INST_010,2026-01-10,Творческая встреча
VIS_03960,EV_0118,INST_010,2026-01-10,Творческая встреча
VIS_04410,EV_0118,INST_010,2026-01-10,Творческая встреча
VIS_00328,EV_0118,INST_010,2026-01-10,Творческая встреча
VIS_00536,EV_0118,INST_010,2026-01-10,Творческая встреча
VIS_01773,EV_0118,INST_010,2026-01-10,Творческая встреча
VIS_00318,EV_0118,INST_010,2026-01-10,Творческая встреча
VIS_01621,EV_0118,INST_010,2026-01-10,Творческая встреча
VIS_02876,EV_0118,INST_010,2026-01-10,Творческая встреча
VIS_02366,EV_0118,INST_010,2026-01-10,Творческая встреча
VIS_03838,EV_0118,INST_010,2026-01-10,Творческая встреча
VIS_04204,EV_0118,INST_010,2026-01-10,Творческая встреча
VIS_03488,EV_0118,INST_010,2026-01-10,Творческая встреча
VIS_03610,EV_0118,INST_010,2026-01-10,Творческая встреча
VIS_01546,EV_0118,INST_010,2026-01-10,Творческая встреча
VIS_04359,EV_0118,INST_010,2026-01-10,Творческая встреча
VIS_01420,EV_0118,INST_010,2026-01-10,Творческая встреча
VIS_02124,EV_0118,INST_010,2026-01-10,Творческая встреча
VIS_01213,EV_0118,INST_010,2026-01-10,Творческая встреча
VIS_01069,EV_0118,INST_010,2026-01-10,Творческая встреча
VIS_00124,EV_0118,INST_010,2026-01-10,Творческая встреча
VIS_00387,EV_0118,INST_010,2026-01-10,Творческая встреча
VIS_03236,EV_0118,INST_010,2026-01-10,Творческая встреча
VIS_03560,EV_0118,INST_010,2026-01-10,Творческая встреча
VIS_03087,EV_0118,INST_010,2026-01-10,Творческая встреча
VIS_00876,EV_0118,INST_010,2026-01-10,Творческая встреча
VIS_02703,EV_0118,INST_010,2026-01-10,Творческая встреча
VIS_02294,EV_0118,INST_010,2026-01-10,Творческая встреча
VIS_02565,EV_0118,INST_010,2026-01-10,Творческая встреча
VIS_00839,EV_0118,INST_010,2026-01-10,Творческая встреча
VIS_03979,EV_0118,INST_010,2026-01-10,Творческая встреча
VIS_01695,EV_0118,INST_010,2026-01-10,Творческая встреча
VIS_01060,EV_0118,INST_010,2026-01-10,Творческая встреча
VIS_02875,EV_0118,INST_010,2026-01-10,Творческая встреча
VIS_03700,EV_0118,INST_010,2026-01-10,Творческая встреча
VIS_03020,EV_0118,INST_010,2026-01-10,Творческая встреча
VIS_00477,EV_0118,INST_010,2026-01-10,Творческая встреча
VIS_01902,EV_0118,INST_010,2026-01-10,Творческая встреча
VIS_03897,EV_0118,INST_010,2026-01-10,Творческая встреча
VIS_00770,EV_0118,INST_010,2026-01-10,Творческая встреча
VIS_04178,EV_0118,INST_010,2026-01-10,Творческая встреча
VIS_03137,EV_0118,INST_010,2026-01-10,Творческая встреча
VIS_02848,EV_0118,INST_010,2026-01-10,Творческая встреча
VIS_03472,EV_0118,INST_010,2026-01-10,Творческая встреча
VIS_00442,EV_0118,INST_010,2026-01-10,Творческая встреча
VIS_02094,EV_0118,INST_010,2026-01-10,Творческая встреча
VIS_00656,EV_0118,INST_010,2026-01-10,Творческая встреча
VIS_00526,EV_0118,INST_010,2026-01-10,Творческая встреча
VIS_00580,EV_0118,INST_010,2026-01-10,Творческая встреча
VIS_04740,EV_0118,INST_010,2026-01-10,Творческая встреча
VIS_01547,EV_0118,INST_010,2026-01-10,Творческая встреча
VIS_04530,EV_0118,INST_010,2026-01-10,Творческая встреча
VIS_02617,EV_0118,INST_010,2026-01-10,Творческая встреча
VIS_01543,EV_0118,INST_010,2026-01-10,Творческая встреча
VIS_03377,EV_0118,INST_010,2026-01-10,Творческая встреча
VIS_03389,EV_0118,INST_010,2026-01-10,Творческая встреча
VIS_02371,EV_0118,INST_010,2026-01-10,Творческая встреча
VIS_04526,EV_0118,INST_010,2026-01-10,Творческая встреча
VIS_03627,EV_0118,INST_010,2026-01-10,Творческая встреча
VIS_05000,EV_0118,INST_010,2026-01-10,Творческая встреча
VIS_02411,EV_0118,INST_010,2026-01-10,Творческая встреча
VIS_03493,EV_0118,INST_010,2026-01-10,Творческая встреча
VIS_02553,EV_0118,INST_010,2026-01-10,Творческая встреча
VIS_04808,EV_0118,INST_010,2026-01-10,Творческая встреча
VIS_03465,EV_0118,INST_010,2026-01-10,Творческая встреча
VIS_00232,EV_0118,INST_010,2026-01-10,Творческая встреча
VIS_04259,EV_0118,INST_010,2026-01-10,Творческая встреча
VIS_01745,EV_0118,INST_010,2026-01-10,Творческая встреча
VIS_01954,EV_0118,INST_010,2026-01-10,Творческая встреча
VIS_03967,EV_0118,INST_010,2026-01-10,Творческая встреча
VIS_01716,EV_0118,INST_010,2026-01-10,Творческая встреча
VIS_04851,EV_0118,INST_010,2026-01-10,Творческая встреча
VIS_00684,EV_0118,INST_010,2026-01-10,Творческая встреча
VIS_01101,EV_0118,INST_010,2026-01-10,Творческая встреча
VIS_04613,EV_0118,INST_010,2026-01-10,Творческая встреча
VIS_03930,EV_0124,INST_011,2026-01-10,Мастер-класс
VIS_00907,EV_0124,INST_011,2026-01-10,Мастер-класс
VIS_03031,EV_0124,INST_011,2026-01-10,Мастер-класс
VIS_03662,EV_0124,INST_011,2026-01-10,Мастер-класс
VIS_00418,EV_0124,INST_011,2026-01-10,Мастер-класс
VIS_02330,EV_0124,INST_011,2026-01-10,Мастер-класс
VIS_02699,EV_0124,INST_011,2026-01-10,Мастер-класс
VIS_04932,EV_0124,INST_011,2026-01-10,Мастер-класс
VIS_03079,EV_0124,INST_011,2026-01-10,Мастер-класс
VIS_02378,EV_0124,INST_011,2026-01-10,Мастер-класс
VIS_01838,EV_0124,INST_011,2026-01-10,Мастер-класс
VIS_01548,EV_0124,INST_011,2026-01-10,Мастер-класс
VIS_04405,EV_0124,INST_011,2026-01-10,Мастер-класс
VIS_00791,EV_0124,INST_011,2026-01-10,Мастер-класс
VIS_04978,EV_0124,INST_011,2026-01-10,Мастер-класс
VIS_02012,EV_0124,INST_011,2026-01-10,Мастер-класс
VIS_02328,EV_0124,INST_011,2026-01-10,Мастер-класс
VIS_01677,EV_0124,INST_011,2026-01-10,Мастер-класс
VIS_01277,EV_0124,INST_011,2026-01-10,Мастер-класс
VIS_00291,EV_0124,INST_011,2026-01-10,Мастер-класс
VIS_00106,EV_0124,INST_011,2026-01-10,Мастер-класс
VIS_00990,EV_0124,INST_011,2026-01-10,Мастер-класс
VIS_00605,EV_0124,INST_011,2026-01-10,Мастер-класс
VIS_02925,EV_0124,INST_011,2026-01-10,Мастер-класс
VIS_02324,EV_0124,INST_011,2026-01-10,Мастер-класс
VIS_00694,EV_0124,INST_011,2026-01-10,Мастер-класс
VIS_00579,EV_0124,INST_011,2026-01-10,Мастер-класс
VIS_01173,EV_0124,INST_011,2026-01-10,Мастер-класс
VIS_01270,EV_0124,INST_011,2026-01-10,Мастер-класс
VIS_01688,EV_0124,INST_011,2026-01-10,Мастер-класс
VIS_02939,EV_0124,INST_011,2026-01-10,Мастер-класс
VIS_03076,EV_0124,INST_011,2026-01-10,Мастер-класс
VIS_01606,EV_0124,INST_011,2026-01-10,Мастер-класс
VIS_01670,EV_0124,INST_011,2026-01-10,Мастер-класс
VIS_03075,EV_0124,INST_011,2026-01-10,Мастер-класс
VIS_03935,EV_0124,INST_011,2026-01-10,Мастер-класс
VIS_03444,EV_0124,INST_011,2026-01-10,Мастер-класс
VIS_01147,EV_0124,INST_011,2026-01-10,Мастер-класс
VIS_04280,EV_0124,INST_011,2026-01-10,Мастер-класс
VIS_02343,EV_0124,INST_011,2026-01-10,Мастер-класс
VIS_01543,EV_0124,INST_011,2026-01-10,Мастер-класс
VIS_04334,EV_0138,INST_012,2026-01-10,Мастер-класс
VIS_04818,EV_0138,INST_012,2026-01-10,Мастер-класс
VIS_04096,EV_0138,INST_012,2026-01-10,Мастер-класс
VIS_00296,EV_0138,INST_012,2026-01-10,Мастер-класс
VIS_01096,EV_0138,INST_012,2026-01-10,Мастер-класс
VIS_03763,EV_0138,INST_012,2026-01-10,Мастер-класс
VIS_00973,EV_0138,INST_012,2026-01-10,Мастер-класс
VIS_01758,EV_0138,INST_012,2026-01-10,Мастер-класс
VIS_03971,EV_0138,INST_012,2026-01-10,Мастер-класс
VIS_04898,EV_0138,INST_012,2026-01-10,Мастер-класс
VIS_02621,EV_0138,INST_012,2026-01-10,Мастер-класс
VIS_04357,EV_0138,INST_012,2026-01-10,Мастер-класс
VIS_00075,EV_0138,INST_012,2026-01-10,Мастер-класс
VIS_00866,EV_0138,INST_012,2026-01-10,Мастер-класс
VIS_02610,EV_0138,INST_012,2026-01-10,Мастер-класс
VIS_00119,EV_0138,INST_012,2026-01-10,Мастер-класс
VIS_02750,EV_0138,INST_012,2026-01-10,Мастер-класс
VIS_01408,EV_0138,INST_012,2026-01-10,Мастер-класс
VIS_00627,EV_0138,INST_012,2026-01-10,Мастер-класс
VIS_02075,EV_0138,INST_012,2026-01-10,Мастер-класс
VIS_02546,EV_0138,INST_012,2026-01-10,Мастер-класс
VIS_04576,EV_0138,INST_012,2026-01-10,Мастер-класс
VIS_00996,EV_0138,INST_012,2026-01-10,Мастер-класс
VIS_01785,EV_0138,INST_012,2026-01-10,Мастер-класс
VIS_03621,EV_0138,INST_012,2026-01-10,Мастер-класс
VIS_02565,EV_0138,INST_012,2026-01-10,Мастер-класс
VIS_04239,EV_0138,INST_012,2026-01-10,Мастер-класс
VIS_01238,EV_0138,INST_012,2026-01-10,Мастер-класс
VIS_01167,EV_0138,INST_012,2026-01-10,Мастер-класс
VIS_03288,EV_0138,INST_012,2026-01-10,Мастер-класс
VIS_03634,EV_0138,INST_012,2026-01-10,Мастер-класс
VIS_02898,EV_0138,INST_012,2026-01-10,Мастер-класс
VIS_01842,EV_0138,INST_012,2026-01-10,Мастер-класс
VIS_00467,EV_0138,INST_012,2026-01-10,Мастер-класс
VIS_01447,EV_0138,INST_012,2026-01-10,Мастер-класс
VIS_04774,EV_0138,INST_012,2026-01-10,Мастер-класс
VIS_00781,EV_0138,INST_012,2026-01-10,Мастер-класс
VIS_00148,EV_0138,INST_012,2026-01-10,Мастер-класс
VIS_03656,EV_0138,INST_012,2026-01-10,Мастер-класс
VIS_03729,EV_0138,INST_012,2026-01-10,Мастер-класс
VIS_02254,EV_0138,INST_012,2026-01-10,Мастер-класс
VIS_03397,EV_0138,INST_012,2026-01-10,Мастер-класс
VIS_01134,EV_0138,INST_012,2026-01-10,Мастер-класс
VIS_02924,EV_0138,INST_012,2026-01-10,Мастер-класс
VIS_02789,EV_0138,INST_012,2026-01-10,Мастер-класс
VIS_01954,EV_0138,INST_012,2026-01-10,Мастер-класс
VIS_01592,EV_0138,INST_012,2026-01-10,Мастер-класс
VIS_02663,EV_0138,INST_012,2026-01-10,Мастер-класс
VIS_03977,EV_0138,INST_012,2026-01-10,Мастер-класс
VIS_03184,EV_0138,INST_012,2026-01-10,Мастер-класс
VIS_02130,EV_0138,INST_012,2026-01-10,Мастер-класс
VIS_01548,EV_0138,INST_012,2026-01-10,Мастер-класс
VIS_02834,EV_0138,INST_012,2026-01-10,Мастер-класс
VIS_02005,EV_0138,INST_012,2026-01-10,Мастер-класс
VIS_00968,EV_0138,INST_012,2026-01-10,Мастер-класс
VIS_02798,EV_0138,INST_012,2026-01-10,Мастер-класс
VIS_04354,EV_0138,INST_012,2026-01-10,Мастер-класс
VIS_03137,EV_0138,INST_012,2026-01-10,Мастер-класс
VIS_01436,EV_0138,INST_012,2026-01-10,Мастер-класс
VIS_01375,EV_0138,INST_012,2026-01-10,Мастер-класс
VIS_01313,EV_0150,INST_013,2026-01-10,Мастер-класс
VIS_03008,EV_0150,INST_013,2026-01-10,Мастер-класс
VIS_00409,EV_0150,INST_013,2026-01-10,Мастер-класс
VIS_02534,EV_0150,INST_013,2026-01-10,Мастер-класс
VIS_03908,EV_0150,INST_013,2026-01-10,Мастер-класс
VIS_00731,EV_0150,INST_013,2026-01-10,Мастер-класс
VIS_04143,EV_0150,INST_013,2026-01-10,Мастер-класс
VIS_04962,EV_0150,INST_013,2026-01-10,Мастер-класс
VIS_02435,EV_0150,INST_013,2026-01-10,Мастер-класс
VIS_00121,EV_0150,INST_013,2026-01-10,Мастер-класс
VIS_03943,EV_0150,INST_013,2026-01-10,Мастер-класс
VIS_02150,EV_0150,INST_013,2026-01-10,Мастер-класс
VIS_03134,EV_0150,INST_013,2026-01-10,Мастер-класс
VIS_00643,EV_0150,INST_013,2026-01-10,Мастер-класс
VIS_03870,EV_0150,INST_013,2026-01-10,Мастер-класс
VIS_00030,EV_0150,INST_013,2026-01-10,Мастер-класс
VIS_01120,EV_0150,INST_013,2026-01-10,Мастер-класс
VIS_01691,EV_0150,INST_013,2026-01-10,Мастер-класс
VIS_04448,EV_0150,INST_013,2026-01-10,Мастер-класс
VIS_04359,EV_0150,INST_013,2026-01-10,Мастер-класс
VIS_00122,EV_0150,INST_013,2026-01-10,Мастер-класс
VIS_01767,EV_0150,INST_013,2026-01-10,Мастер-класс
VIS_02349,EV_0150,INST_013,2026-01-10,Мастер-класс
VIS_04014,EV_0150,INST_013,2026-01-10,Мастер-класс
VIS_01761,EV_0150,INST_013,2026-01-10,Мастер-класс
VIS_03130,EV_0150,INST_013,2026-01-10,Мастер-класс
VIS_04339,EV_0150,INST_013,2026-01-10,Мастер-класс
VIS_00284,EV_0150,INST_013,2026-01-10,Мастер-класс
VIS_01896,EV_0150,INST_013,2026-01-10,Мастер-класс
VIS_04191,EV_0150,INST_013,2026-01-10,Мастер-класс
VIS_04917,EV_0150,INST_013,2026-01-10,Мастер-класс
VIS_00018,EV_0150,INST_013,2026-01-10,Мастер-класс
VIS_04979,EV_0150,INST_013,2026-01-10,Мастер-класс
VIS_00229,EV_0150,INST_013,2026-01-10,Мастер-класс
VIS_01857,EV_0151,INST_014,2026-01-10,Творческая встреча
VIS_02372,EV_0151,INST_014,2026-01-10,Творческая встреча
VIS_03094,EV_0151,INST_014,2026-01-10,Творческая встреча
VIS_03358,EV_0151,INST_014,2026-01-10,Творческая встреча
VIS_03641,EV_0151,INST_014,2026-01-10,Творческая встреча
VIS_03628,EV_0151,INST_014,2026-01-10,Творческая встреча
VIS_00631,EV_0151,INST_014,2026-01-10,Творческая встреча
VIS_01088,EV_0151,INST_014,2026-01-10,Творческая встреча
VIS_01803,EV_0151,INST_014,2026-01-10,Творческая встреча
VIS_03667,EV_0151,INST_014,2026-01-10,Творческая встреча
VIS_02397,EV_0151,INST_014,2026-01-10,Творческая встреча
VIS_00891,EV_0151,INST_014,2026-01-10,Творческая встреча
VIS_01156,EV_0151,INST_014,2026-01-10,Творческая встреча
VIS_01207,EV_0151,INST_014,2026-01-10,Творческая встреча
VIS_04719,EV_0151,INST_014,2026-01-10,Творческая встреча
VIS_00981,EV_0151,INST_014,2026-01-10,Творческая встреча
VIS_01910,EV_0151,INST_014,2026-01-10,Творческая встреча
VIS_00941,EV_0151,INST_014,2026-01-10,Творческая встреча
VIS_01079,EV_0151,INST_014,2026-01-10,Творческая встреча
VIS_00170,EV_0151,INST_014,2026-01-10,Творческая встреча
VIS_02716,EV_0151,INST_014,2026-01-10,Творческая встреча
VIS_02035,EV_0151,INST_014,2026-01-10,Творческая встреча
VIS_01987,EV_0151,INST_014,2026-01-10,Творческая встреча
VIS_04517,EV_0151,INST_014,2026-01-10,Творческая встреча
VIS_02513,EV_0151,INST_014,2026-01-10,Творческая встреча
VIS_00156,EV_0151,INST_014,2026-01-10,Творческая встреча
VIS_04080,EV_0151,INST_014,2026-01-10,Творческая встреча
VIS_03039,EV_0151,INST_014,2026-01-10,Творческая встреча
VIS_03829,EV_0151,INST_014,2026-01-10,Творческая встреча
VIS_00042,EV_0151,INST_014,2026-01-10,Творческая встреча
VIS_03615,EV_0151,INST_014,2026-01-10,Творческая встреча
VIS_04420,EV_0151,INST_014,2026-01-10,Творческая встреча
VIS_03055,EV_0151,INST_014,2026-01-10,Творческая встреча
VIS_01393,EV_0151,INST_014,2026-01-10,Творческая встреча
VIS_04034,EV_0151,INST_014,2026-01-10,Творческая встреча
VIS_01208,EV_0151,INST_014,2026-01-10,Творческая встреча
VIS_00223,EV_0151,INST_014,2026-01-10,Творческая встреча
VIS_02998,EV_0151,INST_014,2026-01-10,Творческая встреча
VIS_03436,EV_0151,INST_014,2026-01-10,Творческая встреча
VIS_03344,EV_0151,INST_014,2026-01-10,Творческая встреча
VIS_03175,EV_0151,INST_014,2026-01-10,Творческая встреча
VIS_02874,EV_0151,INST_014,2026-01-10,Творческая встреча
VIS_03790,EV_0151,INST_014,2026-01-10,Творческая встреча
VIS_02424,EV_0151,INST_014,2026-01-10,Творческая встреча
VIS_02510,EV_0151,INST_014,2026-01-10,Творческая встреча
VIS_00406,EV_0151,INST_014,2026-01-10,Творческая встреча
VIS_00890,EV_0151,INST_014,2026-01-10,Творческая встреча
VIS_01081,EV_0151,INST_014,2026-01-10,Творческая встреча
VIS_02910,EV_0151,INST_014,2026-01-10,Творческая встреча
VIS_00619,EV_0151,INST_014,2026-01-10,Творческая встреча
VIS_02859,EV_0151,INST_014,2026-01-10,Творческая встреча
VIS_04787,EV_0151,INST_014,2026-01-10,Творческая встреча
VIS_04513,EV_0151,INST_014,2026-01-10,Творческая встреча
VIS_02766,EV_0151,INST_014,2026-01-10,Творческая встреча
VIS_03021,EV_0151,INST_014,2026-01-10,Творческая встреча
VIS_02713,EV_0151,INST_014,2026-01-10,Творческая встреча
VIS_00714,EV_0151,INST_014,2026-01-10,Творческая встреча
VIS_02985,EV_0151,INST_014,2026-01-10,Творческая встреча
VIS_00360,EV_0151,INST_014,2026-01-10,Творческая встреча
VIS_02487,EV_0151,INST_014,2026-01-10,Творческая встреча
VIS_04848,EV_0151,INST_014,2026-01-10,Творческая встреча
VIS_02843,EV_0151,INST_014,2026-01-10,Творческая встреча
VIS_00580,EV_0151,INST_014,2026-01-10,Творческая встреча
VIS_02535,EV_0151,INST_014,2026-01-10,Творческая встреча
VIS_03599,EV_0151,INST_014,2026-01-10,Творческая встреча
VIS_02892,EV_0151,INST_014,2026-01-10,Творческая встреча
VIS_01944,EV_0151,INST_014,2026-01-10,Творческая встреча
VIS_04238,EV_0151,INST_014,2026-01-10,Творческая встреча
VIS_02570,EV_0151,INST_014,2026-01-10,Творческая встреча
VIS_03618,EV_0151,INST_014,2026-01-10,Творческая встреча
VIS_04688,EV_0151,INST_014,2026-01-10,Творческая встреча
VIS_04440,EV_0151,INST_014,2026-01-10,Творческая встреча
VIS_03194,EV_0151,INST_014,2026-01-10,Творческая встреча
VIS_01420,EV_0151,INST_014,2026-01-10,Творческая встреча
VIS_00908,EV_0151,INST_014,2026-01-10,Творческая встреча
VIS_02391,EV_0151,INST_014,2026-01-10,Творческая встреча
VIS_03154,EV_0182,INST_015,2026-01-10,Концерт
VIS_00520,EV_0182,INST_015,2026-01-10,Концерт
VIS_03198,EV_0182,INST_015,2026-01-10,Концерт
VIS_01912,EV_0182,INST_015,2026-01-10,Концерт
VIS_00197,EV_0182,INST_015,2026-01-10,Концерт
VIS_03714,EV_0182,INST_015,2026-01-10,Концерт
VIS_03809,EV_0182,INST_015,2026-01-10,Концерт
VIS_01836,EV_0182,INST_015,2026-01-10,Концерт
VIS_02499,EV_0182,INST_015,2026-01-10,Концерт
VIS_02249,EV_0182,INST_015,2026-01-10,Концерт
VIS_02088,EV_0182,INST_015,2026-01-10,Концерт
VIS_04610,EV_0182,INST_015,2026-01-10,Концерт
VIS_03140,EV_0182,INST_015,2026-01-10,Концерт
VIS_03784,EV_0182,INST_015,2026-01-10,Концерт
VIS_04396,EV_0182,INST_015,2026-01-10,Концерт
VIS_02536,EV_0182,INST_015,2026-01-10,Концерт
VIS_00302,EV_0182,INST_015,2026-01-10,Концерт
VIS_04861,EV_0182,INST_015,2026-01-10,Концерт
VIS_03137,EV_0182,INST_015,2026-01-10,Концерт
VIS_01653,EV_0182,INST_015,2026-01-10,Концерт
VIS_04393,EV_0182,INST_015,2026-01-10,Концерт
VIS_00692,EV_0182,INST_015,2026-01-10,Концерт
VIS_04099,EV_0182,INST_015,2026-01-10,Концерт
VIS_00720,EV_0182,INST_015,2026-01-10,Концерт
VIS_02227,EV_0182,INST_015,2026-01-10,Концерт
VIS_04302,EV_0182,INST_015,2026-01-10,Концерт
VIS_04792,EV_0182,INST_015,2026-01-10,Концерт
VIS_00769,EV_0182,INST_015,2026-01-10,Концерт
VIS_03088,EV_0182,INST_015,2026-01-10,Концерт
VIS_00521,EV_0182,INST_015,2026-01-10,Концерт
VIS_02179,EV_0182,INST_015,2026-01-10,Концерт
VIS_02479,EV_0182,INST_015,2026-01-10,Концерт
VIS_00655,EV_0182,INST_015,2026-01-10,Концерт
VIS_04827,EV_0182,INST_015,2026-01-10,Концерт
VIS_01502,EV_0182,INST_015,2026-01-10,Концерт
VIS_02754,EV_0182,INST_015,2026-01-10,Концерт
VIS_04863,EV_0182,INST_015,2026-01-10,Концерт
VIS_02443,EV_0182,INST_015,2026-01-10,Концерт
VIS_04868,EV_0182,INST_015,2026-01-10,Концерт
VIS_00394,EV_0182,INST_015,2026-01-10,Концерт
VIS_04648,EV_0182,INST_015,2026-01-10,Концерт
VIS_02807,EV_0182,INST_015,2026-01-10,Концерт
VIS_03332,EV_0182,INST_015,2026-01-10,Концерт
VIS_04065,EV_0182,INST_015,2026-01-10,Концерт
VIS_00985,EV_0182,INST_015,2026-01-10,Концерт
VIS_00236,EV_0182,INST_015,2026-01-10,Концерт
VIS_04970,EV_0182,INST_015,2026-01-10,Концерт
VIS_04447,EV_0182,INST_015,2026-01-10,Концерт
VIS_04282,EV_0182,INST_015,2026-01-10,Концерт
VIS_04935,EV_0182,INST_015,2026-01-10,Концерт
VIS_01981,EV_0182,INST_015,2026-01-10,Концерт
VIS_01283,EV_0182,INST_015,2026-01-10,Концерт
VIS_01826,EV_0182,INST_015,2026-01-10,Концерт
VIS_04312,EV_0182,INST_015,2026-01-10,Концерт
VIS_00125,EV_0182,INST_015,2026-01-10,Концерт
VIS_00242,EV_0182,INST_015,2026-01-10,Концерт
VIS_03125,EV_0182,INST_015,2026-01-10,Концерт
VIS_01520,EV_0182,INST_015,2026-01-10,Концерт
VIS_04304,EV_0182,INST_015,2026-01-10,Концерт
VIS_00184,EV_0182,INST_015,2026-01-10,Концерт
VIS_01566,EV_0182,INST_015,2026-01-10,Концерт
VIS_02931,EV_0182,INST_015,2026-01-10,Концерт
VIS_02576,EV_0182,INST_015,2026-01-10,Концерт
VIS_04747,EV_0182,INST_015,2026-01-10,Концерт
VIS_03224,EV_0182,INST_015,2026-01-10,Концерт
VIS_04859,EV_0182,INST_015,2026-01-10,Концерт
VIS_03235,EV_0182,INST_015,2026-01-10,Концерт
VIS_04038,EV_0182,INST_015,2026-01-10,Концерт
VIS_02528,EV_0182,INST_015,2026-01-10,Концерт
VIS_04005,EV_0182,INST_015,2026-01-10,Концерт
VIS_04734,EV_0182,INST_015,2026-01-10,Концерт
VIS_03585,EV_0182,INST_015,2026-01-10,Концерт
VIS_03921,EV_0182,INST_015,2026-01-10,Концерт
VIS_04876,EV_0182,INST_015,2026-01-10,Концерт
VIS_00892,EV_0182,INST_015,2026-01-10,Концерт
VIS_02000,EV_0182,INST_015,2026-01-10,Концерт
VIS_02137,EV_0182,INST_015,2026-01-10,Концерт
VIS_01712,EV_0182,INST_015,2026-01-10,Концерт
VIS_04620,EV_0182,INST_015,2026-01-10,Концерт
VIS_02959,EV_0182,INST_015,2026-01-10,Концерт
VIS_02792,EV_0182,INST_015,2026-01-10,Концерт
VIS_00745,EV_0182,INST_015,2026-01-10,Концерт
VIS_04381,EV_0182,INST_015,2026-01-10,Концерт
VIS_02713,EV_0182,INST_015,2026-01-10,Концерт
VIS_03135,EV_0182,INST_015,2026-01-10,Концерт
VIS_03550,EV_0182,INST_015,2026-01-10,Концерт
VIS_02712,EV_0182,INST_015,2026-01-10,Концерт
VIS_00573,EV_0182,INST_015,2026-01-10,Концерт
VIS_01698,EV_0182,INST_015,2026-01-10,Концерт
VIS_00804,EV_0182,INST_015,2026-01-10,Концерт
VIS_03095,EV_0182,INST_015,2026-01-10,Концерт
VIS_04669,EV_0182,INST_015,2026-01-10,Концерт
VIS_04824,EV_0182,INST_015,2026-01-10,Концерт
VIS_02831,EV_0182,INST_015,2026-01-10,Концерт
VIS_04858,EV_0182,INST_015,2026-01-10,Концерт
VIS_01276,EV_0182,INST_015,2026-01-10,Концерт
VIS_01935,EV_0182,INST_015,2026-01-10,Концерт
VIS_00469,EV_0182,INST_015,2026-01-10,Концерт
VIS_00020,EV_0182,INST_015,2026-01-10,Концерт
VIS_04192,EV_0182,INST_015,2026-01-10,Концерт
VIS_02901,EV_0182,INST_015,2026-01-10,Концерт
VIS_00392,EV_0182,INST_015,2026-01-10,Концерт
VIS_04995,EV_0182,INST_015,2026-01-10,Концерт
VIS_03545,EV_0182,INST_015,2026-01-10,Концерт
VIS_03984,EV_0182,INST_015,2026-01-10,Концерт
VIS_00959,EV_0182,INST_015,2026-01-10,Концерт
VIS_01568,EV_0182,INST_015,2026-01-10,Концерт
VIS_04326,EV_0182,INST_015,2026-01-10,Концерт
VIS_04573,EV_0182,INST_015,2026-01-10,Концерт
VIS_01670,EV_0182,INST_015,2026-01-10,Концерт
VIS_02935,EV_0182,INST_015,2026-01-10,Концерт
VIS_00440,EV_0182,INST_015,2026-01-10,Концерт
VIS_02647,EV_0182,INST_015,2026-01-10,Концерт
VIS_04865,EV_0182,INST_015,2026-01-10,Концерт
VIS_02751,EV_0182,INST_015,2026-01-10,Концерт
VIS_03945,EV_0182,INST_015,2026-01-10,Концерт
VIS_03388,EV_0182,INST_015,2026-01-10,Концерт
VIS_03456,EV_0182,INST_015,2026-01-10,Концерт
VIS_04923,EV_0182,INST_015,2026-01-10,Концерт
VIS_00265,EV_0182,INST_015,2026-01-10,Концерт
VIS_01775,EV_0182,INST_015,2026-01-10,Концерт
VIS_04036,EV_0182,INST_015,2026-01-10,Концерт
VIS_03337,EV_0182,INST_015,2026-01-10,Концерт
VIS_01006,EV_0182,INST_015,2026-01-10,Концерт
VIS_03382,EV_0182,INST_015,2026-01-10,Концерт
VIS_01106,EV_0182,INST_015,2026-01-10,Концерт
VIS_03189,EV_0182,INST_015,2026-01-10,Концерт
VIS_02859,EV_0182,INST_015,2026-01-10,Концерт
VIS_04137,EV_0182,INST_015,2026-01-10,Концерт
VIS_02045,EV_0182,INST_015,2026-01-10,Концерт
VIS_03790,EV_0182,INST_015,2026-01-10,Концерт
VIS_02818,EV_0182,INST_015,2026-01-10,Концерт
VIS_02342,EV_0182,INST_015,2026-01-10,Концерт
VIS_00775,EV_0182,INST_015,2026-01-10,Концерт
VIS_03920,EV_0182,INST_015,2026-01-10,Концерт
VIS_00034,EV_0182,INST_015,2026-01-10,Концерт
VIS_04260,EV_0182,INST_015,2026-01-10,Концерт
VIS_01238,EV_0182,INST_015,2026-01-10,Концерт
VIS_04472,EV_0182,INST_015,2026-01-10,Концерт
VIS_04165,EV_0182,INST_015,2026-01-10,Концерт
VIS_01892,EV_0182,INST_015,2026-01-10,Концерт
VIS_00615,EV_0182,INST_015,2026-01-10,Концерт
VIS_01468,EV_0182,INST_015,2026-01-10,Концерт
VIS_04075,EV_0182,INST_015,2026-01-10,Концерт
VIS_04597,EV_0182,INST_015,2026-01-10,Концерт
VIS_02909,EV_0182,INST_015,2026-01-10,Концерт
VIS_01877,EV_0182,INST_015,2026-01-10,Концерт
VIS_04382,EV_0182,INST_015,2026-01-10,Концерт
VIS_02849,EV_0182,INST_015,2026-01-10,Концерт
VIS_03560,EV_0182,INST_015,2026-01-10,Концерт
VIS_01314,EV_0182,INST_015,2026-01-10,Концерт
VIS_03398,EV_0182,INST_015,2026-01-10,Концерт
VIS_01797,EV_0182,INST_015,2026-01-10,Концерт
VIS_01166,EV_0182,INST_015,2026-01-10,Концерт
VIS_00986,EV_0182,INST_015,2026-01-10,Концерт
VIS_04574,EV_0182,INST_015,2026-01-10,Концерт
VIS_02853,EV_0182,INST_015,2026-01-10,Концерт
VIS_03929,EV_0182,INST_015,2026-01-10,Концерт
VIS_01188,EV_0182,INST_015,2026-01-10,Концерт
VIS_04299,EV_0182,INST_015,2026-01-10,Концерт
VIS_01250,EV_0182,INST_015,2026-01-10,Концерт
VIS_04749,EV_0182,INST_015,2026-01-10,Концерт
VIS_01386,EV_0182,INST_015,2026-01-10,Концерт
VIS_02992,EV_0182,INST_015,2026-01-10,Концерт
VIS_03426,EV_0182,INST_015,2026-01-10,Концерт
VIS_04424,EV_0182,INST_015,2026-01-10,Концерт
VIS_00305,EV_0182,INST_015,2026-01-10,Концерт
VIS_00963,EV_0182,INST_015,2026-01-10,Концерт
VIS_02705,EV_0182,INST_015,2026-01-10,Концерт
VIS_00194,EV_0182,INST_015,2026-01-10,Концерт
VIS_00355,EV_0182,INST_015,2026-01-10,Концерт
VIS_02456,EV_0182,INST_015,2026-01-10,Концерт
VIS_01779,EV_0182,INST_015,2026-01-10,Концерт
VIS_00130,EV_0182,INST_015,2026-01-10,Концерт
VIS_04912,EV_0182,INST_015,2026-01-10,Концерт
VIS_00705,EV_0182,INST_015,2026-01-10,Концерт
VIS_04530,EV_0182,INST_015,2026-01-10,Концерт
VIS_00740,EV_0182,INST_015,2026-01-10,Концерт
VIS_03076,EV_0182,INST_015,2026-01-10,Концерт
VIS_03879,EV_0182,INST_015,2026-01-10,Концерт
VIS_01099,EV_0182,INST_015,2026-01-10,Концерт
VIS_04742,EV_0182,INST_015,2026-01-10,Концерт
VIS_04871,EV_0182,INST_015,2026-01-10,Концерт
VIS_01452,EV_0182,INST_015,2026-01-10,Концерт
VIS_01449,EV_0182,INST_015,2026-01-10,Концерт
VIS_04159,EV_0182,INST_015,2026-01-10,Концерт
VIS_04680,EV_0182,INST_015,2026-01-10,Концерт
VIS_00904,EV_0182,INST_015,2026-01-10,Концерт
VIS_01677,EV_0182,INST_015,2026-01-10,Концерт
VIS_00529,EV_0182,INST_015,2026-01-10,Концерт
VIS_03169,EV_0182,INST_015,2026-01-10,Концерт
VIS_02986,EV_0185,INST_016,2026-01-10,Выставка
VIS_02527,EV_0185,INST_016,2026-01-10,Выставка
VIS_04157,EV_0185,INST_016,2026-01-10,Выставка
VIS_04365,EV_0185,INST_016,2026-01-10,Выставка
VIS_03288,EV_0185,INST_016,2026-01-10,Выставка
VIS_01545,EV_0185,INST_016,2026-01-10,Выставка
VIS_01056,EV_0185,INST_016,2026-01-10,Выставка
VIS_01375,EV_0185,INST_016,2026-01-10,Выставка
VIS_02159,EV_0185,INST_016,2026-01-10,Выставка
VIS_03717,EV_0185,INST_016,2026-01-10,Выставка
VIS_04839,EV_0185,INST_016,2026-01-10,Выставка
VIS_04701,EV_0185,INST_016,2026-01-10,Выставка
VIS_04530,EV_0185,INST_016,2026-01-10,Выставка
VIS_02386,EV_0185,INST_016,2026-01-10,Выставка
VIS_01166,EV_0185,INST_016,2026-01-10,Выставка
VIS_03527,EV_0185,INST_016,2026-01-10,Выставка
VIS_03442,EV_0185,INST_016,2026-01-10,Выставка
VIS_01444,EV_0185,INST_016,2026-01-10,Выставка
VIS_04224,EV_0185,INST_016,2026-01-10,Выставка
VIS_01210,EV_0185,INST_016,2026-01-10,Выставка
VIS_03176,EV_0185,INST_016,2026-01-10,Выставка
VIS_01698,EV_0185,INST_016,2026-01-10,Выставка
VIS_00109,EV_0185,INST_016,2026-01-10,Выставка
VIS_04867,EV_0185,INST_016,2026-01-10,Выставка
VIS_02717,EV_0185,INST_016,2026-01-10,Выставка
VIS_01486,EV_0185,INST_016,2026-01-10,Выставка
VIS_00621,EV_0185,INST_016,2026-01-10,Выставка
VIS_02230,EV_0185,INST_016,2026-01-10,Выставка
VIS_04273,EV_0185,INST_016,2026-01-10,Выставка
VIS_00672,EV_0185,INST_016,2026-01-10,Выставка
VIS_04568,EV_0185,INST_016,2026-01-10,Выставка
VIS_02616,EV_0185,INST_016,2026-01-10,Выставка
VIS_01250,EV_0185,INST_016,2026-01-10,Выставка
VIS_04532,EV_0185,INST_016,2026-01-10,Выставка
VIS_03182,EV_0185,INST_016,2026-01-10,Выставка
VIS_03664,EV_0185,INST_016,2026-01-10,Выставка
VIS_03338,EV_0185,INST_016,2026-01-10,Выставка
VIS_02209,EV_0185,INST_016,2026-01-10,Выставка
VIS_02892,EV_0185,INST_016,2026-01-10,Выставка
VIS_03235,EV_0185,INST_016,2026-01-10,Выставка
VIS_04804,EV_0185,INST_016,2026-01-10,Выставка
VIS_00818,EV_0185,INST_016,2026-01-10,Выставка
VIS_00801,EV_0185,INST_016,2026-01-10,Выставка
VIS_02515,EV_0185,INST_016,2026-01-10,Выставка
VIS_02325,EV_0185,INST_016,2026-01-10,Выставка
VIS_04775,EV_0185,INST_016,2026-01-10,Выставка
VIS_04427,EV_0185,INST_016,2026-01-10,Выставка
VIS_00816,EV_0187,INST_017,2026-01-10,Лекция
VIS_02796,EV_0187,INST_017,2026-01-10,Лекция
VIS_02469,EV_0187,INST_017,2026-01-10,Лекция
VIS_02817,EV_0187,INST_017,2026-01-10,Лекция
VIS_03219,EV_0187,INST_017,2026-01-10,Лекция
VIS_03303,EV_0187,INST_017,2026-01-10,Лекция
VIS_01139,EV_0187,INST_017,2026-01-10,Лекция
VIS_00119,EV_0187,INST_017,2026-01-10,Лекция
VIS_04154,EV_0187,INST_017,2026-01-10,Лекция
VIS_01506,EV_0187,INST_017,2026-01-10,Лекция
VIS_02523,EV_0187,INST_017,2026-01-10,Лекция
VIS_00166,EV_0187,INST_017,2026-01-10,Лекция
VIS_01273,EV_0187,INST_017,2026-01-10,Лекция
VIS_04659,EV_0187,INST_017,2026-01-10,Лекция
VIS_00552,EV_0187,INST_017,2026-01-10,Лекция
VIS_03372,EV_0187,INST_017,2026-01-10,Лекция
VIS_00028,EV_0187,INST_017,2026-01-10,Лекция
VIS_03018,EV_0187,INST_017,2026-01-10,Лекция
VIS_04903,EV_0187,INST_017,2026-01-10,Лекция
VIS_01620,EV_0187,INST_017,2026-01-10,Лекция
VIS_00873,EV_0187,INST_017,2026-01-10,Лекция
VIS_03997,EV_0187,INST_017,2026-01-10,Лекция
VIS_02767,EV_0187,INST_017,2026-01-10,Лекция
VIS_04918,EV_0187,INST_017,2026-01-10,Лекция
VIS_03626,EV_0187,INST_017,2026-01-10,Лекция
VIS_00498,EV_0187,INST_017,2026-01-10,Лекция
VIS_02459,EV_0187,INST_017,2026-01-10,Лекция
VIS_00752,EV_0187,INST_017,2026-01-10,Лекция
VIS_03451,EV_0187,INST_017,2026-01-10,Лекция
VIS_01953,EV_0187,INST_017,2026-01-10,Лекция
VIS_00016,EV_0187,INST_017,2026-01-10,Лекция
VIS_00149,EV_0187,INST_017,2026-01-10,Лекция
VIS_04271,EV_0187,INST_017,2026-01-10,Лекция
VIS_04877,EV_0187,INST_017,2026-01-10,Лекция
VIS_04199,EV_0187,INST_017,2026-01-10,Лекция
VIS_02058,EV_0187,INST_017,2026-01-10,Лекция
VIS_04319,EV_0187,INST_017,2026-01-10,Лекция
VIS_03603,EV_0187,INST_017,2026-01-10,Лекция
VIS_00880,EV_0187,INST_017,2026-01-10,Лекция
VIS_03915,EV_0187,INST_017,2026-01-10,Лекция
VIS_04981,EV_0187,INST_017,2026-01-10,Лекция
VIS_04424,EV_0187,INST_017,2026-01-10,Лекция
VIS_01393,EV_0187,INST_017,2026-01-10,Лекция
VIS_04540,EV_0187,INST_017,2026-01-10,Лекция
VIS_04749,EV_0187,INST_017,2026-01-10,Лекция
VIS_01308,EV_0187,INST_017,2026-01-10,Лекция
VIS_02519,EV_0187,INST_017,2026-01-10,Лекция
VIS_00285,EV_0187,INST_017,2026-01-10,Лекция
VIS_04532,EV_0187,INST_017,2026-01-10,Лекция
VIS_00988,EV_0187,INST_017,2026-01-10,Лекция
VIS_03465,EV_0187,INST_017,2026-01-10,Лекция
VIS_01012,EV_0187,INST_017,2026-01-10,Лекция
VIS_01236,EV_0187,INST_017,2026-01-10,Лекция
VIS_00815,EV_0187,INST_017,2026-01-10,Лекция
VIS_02714,EV_0187,INST_017,2026-01-10,Лекция
VIS_04379,EV_0187,INST_017,2026-01-10,Лекция
VIS_01727,EV_0187,INST_017,2026-01-10,Лекция
VIS_00237,EV_0187,INST_017,2026-01-10,Лекция
VIS_03803,EV_0187,INST_017,2026-01-10,Лекция
VIS_02191,EV_0187,INST_017,2026-01-10,Лекция
VIS_02692,EV_0187,INST_017,2026-01-10,Лекция
VIS_04698,EV_0187,INST_017,2026-01-10,Лекция
VIS_03790,EV_0215,INST_018,2026-01-10,Выставка
VIS_01645,EV_0215,INST_018,2026-01-10,Выставка
VIS_01654,EV_0215,INST_018,2026-01-10,Выставка
VIS_00407,EV_0215,INST_018,2026-01-10,Выставка
VIS_01145,EV_0215,INST_018,2026-01-10,Выставка
VIS_02582,EV_0215,INST_018,2026-01-10,Выставка
VIS_00354,EV_0215,INST_018,2026-01-10,Выставка
VIS_01300,EV_0215,INST_018,2026-01-10,Выставка
VIS_00780,EV_0215,INST_018,2026-01-10,Выставка
VIS_02197,EV_0215,INST_018,2026-01-10,Выставка
VIS_00186,EV_0215,INST_018,2026-01-10,Выставка
VIS_03860,EV_0215,INST_018,2026-01-10,Выставка
VIS_00790,EV_0215,INST_018,2026-01-10,Выставка
VIS_01164,EV_0215,INST_018,2026-01-10,Выставка
VIS_01570,EV_0215,INST_018,2026-01-10,Выставка
VIS_04335,EV_0215,INST_018,2026-01-10,Выставка
VIS_02533,EV_0215,INST_018,2026-01-10,Выставка
VIS_02308,EV_0215,INST_018,2026-01-10,Выставка
VIS_04827,EV_0215,INST_018,2026-01-10,Выставка
VIS_00895,EV_0215,INST_018,2026-01-10,Выставка
VIS_00534,EV_0215,INST_018,2026-01-10,Выставка
VIS_00689,EV_0215,INST_018,2026-01-10,Выставка
VIS_03085,EV_0215,INST_018,2026-01-10,Выставка
VIS_00581,EV_0215,INST_018,2026-01-10,Выставка
VIS_01415,EV_0215,INST_018,2026-01-10,Выставка
VIS_03590,EV_0215,INST_018,2026-01-10,Выставка
VIS_02742,EV_0215,INST_018,2026-01-10,Выставка
VIS_02325,EV_0215,INST_018,2026-01-10,Выставка
VIS_03386,EV_0215,INST_018,2026-01-10,Выставка
VIS_00594,EV_0215,INST_018,2026-01-10,Выставка
VIS_01194,EV_0224,INST_019,2026-01-10,Лекция
VIS_02557,EV_0224,INST_019,2026-01-10,Лекция
VIS_03379,EV_0224,INST_019,2026-01-10,Лекция
VIS_00173,EV_0224,INST_019,2026-01-10,Лекция
VIS_00917,EV_0224,INST_019,2026-01-10,Лекция
VIS_01788,EV_0224,INST_019,2026-01-10,Лекция
VIS_01468,EV_0224,INST_019,2026-01-10,Лекция
VIS_04044,EV_0224,INST_019,2026-01-10,Лекция
VIS_01524,EV_0224,INST_019,2026-01-10,Лекция
VIS_00776,EV_0224,INST_019,2026-01-10,Лекция
VIS_02956,EV_0224,INST_019,2026-01-10,Лекция
VIS_01146,EV_0224,INST_019,2026-01-10,Лекция
VIS_02339,EV_0224,INST_019,2026-01-10,Лекция
VIS_01112,EV_0224,INST_019,2026-01-10,Лекция
VIS_04282,EV_0224,INST_019,2026-01-10,Лекция
VIS_04972,EV_0224,INST_019,2026-01-10,Лекция
VIS_00603,EV_0224,INST_019,2026-01-10,Лекция
VIS_04607,EV_0224,INST_019,2026-01-10,Лекция
VIS_01647,EV_0224,INST_019,2026-01-10,Лекция
VIS_04828,EV_0224,INST_019,2026-01-10,Лекция
VIS_03712,EV_0224,INST_019,2026-01-10,Лекция
VIS_00045,EV_0224,INST_019,2026-01-10,Лекция
VIS_01336,EV_0224,INST_019,2026-01-10,Лекция
VIS_00314,EV_0224,INST_019,2026-01-10,Лекция
VIS_04611,EV_0224,INST_019,2026-01-10,Лекция
VIS_01419,EV_0224,INST_019,2026-01-10,Лекция
VIS_02897,EV_0224,INST_019,2026-01-10,Лекция
VIS_04902,EV_0224,INST_019,2026-01-10,Лекция
VIS_01094,EV_0224,INST_019,2026-01-10,Лекция
VIS_01441,EV_0224,INST_019,2026-01-10,Лекция
VIS_04548,EV_0224,INST_019,2026-01-10,Лекция
VIS_01279,EV_0224,INST_019,2026-01-10,Лекция
VIS_04534,EV_0224,INST_019,2026-01-10,Лекция
VIS_02580,EV_0224,INST_019,2026-01-10,Лекция
VIS_01208,EV_0224,INST_019,2026-01-10,Лекция
VIS_04889,EV_0224,INST_019,2026-01-10,Лекция
VIS_03753,EV_0224,INST_019,2026-01-10,Лекция
VIS_04858,EV_0224,INST_019,2026-01-10,Лекция
VIS_03307,EV_0224,INST_019,2026-01-10,Лекция
VIS_04339,EV_0224,INST_019,2026-01-10,Лекция
VIS_00908,EV_0224,INST_019,2026-01-10,Лекция
VIS_01515,EV_0224,INST_019,2026-01-10,Лекция
VIS_03968,EV_0224,INST_019,2026-01-10,Лекция
VIS_01054,EV_0224,INST_019,2026-01-10,Лекция
VIS_04387,EV_0224,INST_019,2026-01-10,Лекция
VIS_04051,EV_0224,INST_019,2026-01-10,Лекция
VIS_03556,EV_0224,INST_019,2026-01-10,Лекция
VIS_04481,EV_0224,INST_019,2026-01-10,Лекция
VIS_03561,EV_0224,INST_019,2026-01-10,Лекция
VIS_00601,EV_0224,INST_019,2026-01-10,Лекция
VIS_03573,EV_0224,INST_019,2026-01-10,Лекция
VIS_02723,EV_0224,INST_019,2026-01-10,Лекция
VIS_02724,EV_0224,INST_019,2026-01-10,Лекция
VIS_00627,EV_0224,INST_019,2026-01-10,Лекция
VIS_04978,EV_0224,INST_019,2026-01-10,Лекция
VIS_02422,EV_0224,INST_019,2026-01-10,Лекция
VIS_03112,EV_0224,INST_019,2026-01-10,Лекция
VIS_02842,EV_0224,INST_019,2026-01-10,Лекция
VIS_01240,EV_0224,INST_019,2026-01-10,Лекция
VIS_03476,EV_0224,INST_019,2026-01-10,Лекция
VIS_02124,EV_0224,INST_019,2026-01-10,Лекция
VIS_03293,EV_0224,INST_019,2026-01-10,Лекция
VIS_00273,EV_0224,INST_019,2026-01-10,Лекция
VIS_02484,EV_0224,INST_019,2026-01-10,Лекция
VIS_01378,EV_0224,INST_019,2026-01-10,Лекция
VIS_01982,EV_0224,INST_019,2026-01-10,Лекция
VIS_00238,EV_0224,INST_019,2026-01-10,Лекция
VIS_02716,EV_0152,INST_014,2026-01-21,Выставка
VIS_00890,EV_0152,INST_014,2026-01-21,Выставка
VIS_04420,EV_0152,INST_014,2026-01-21,Выставка
VIS_03039,EV_0152,INST_014,2026-01-21,Выставка
VIS_04688,EV_0152,INST_014,2026-01-21,Выставка
VIS_00170,EV_0152,INST_014,2026-01-21,Выставка
VIS_04848,EV_0152,INST_014,2026-01-21,Выставка
VIS_00360,EV_0152,INST_014,2026-01-21,Выставка
VIS_02535,EV_0152,INST_014,2026-01-21,Выставка
VIS_03641,EV_0152,INST_014,2026-01-21,Выставка
VIS_03094,EV_0152,INST_014,2026-01-21,Выставка
VIS_03344,EV_0152,INST_014,2026-01-21,Выставка
VIS_00714,EV_0152,INST_014,2026-01-21,Выставка
VIS_02513,EV_0152,INST_014,2026-01-21,Выставка
VIS_01485,EV_0152,INST_014,2026-01-21,Выставка
VIS_01280,EV_0152,INST_014,2026-01-21,Выставка
VIS_02632,EV_0152,INST_014,2026-01-21,Выставка
VIS_03228,EV_0152,INST_014,2026-01-21,Выставка
VIS_04394,EV_0152,INST_014,2026-01-21,Выставка
VIS_02365,EV_0152,INST_014,2026-01-21,Выставка
VIS_04028,EV_0152,INST_014,2026-01-21,Выставка
VIS_00441,EV_0152,INST_014,2026-01-21,Выставка
VIS_02271,EV_0152,INST_014,2026-01-21,Выставка
VIS_02931,EV_0152,INST_014,2026-01-21,Выставка
VIS_03065,EV_0152,INST_014,2026-01-21,Выставка
VIS_04054,EV_0152,INST_014,2026-01-21,Выставка
VIS_02907,EV_0152,INST_014,2026-01-21,Выставка
VIS_00713,EV_0152,INST_014,2026-01-21,Выставка
VIS_02052,EV_0152,INST_014,2026-01-21,Выставка
VIS_04325,EV_0152,INST_014,2026-01-21,Выставка
VIS_03351,EV_0080,INST_007,2026-01-22,Лекция
VIS_02777,EV_0080,INST_007,2026-01-22,Лекция
VIS_01769,EV_0080,INST_007,2026-01-22,Лекция
VIS_03710,EV_0080,INST_007,2026-01-22,Лекция
VIS_04145,EV_0080,INST_007,2026-01-22,Лекция
VIS_04859,EV_0080,INST_007,2026-01-22,Лекция
VIS_02436,EV_0080,INST_007,2026-01-22,Лекция
VIS_04934,EV_0080,INST_007,2026-01-22,Лекция
VIS_02099,EV_0080,INST_007,2026-01-22,Лекция
VIS_01087,EV_0080,INST_007,2026-01-22,Лекция
VIS_04665,EV_0080,INST_007,2026-01-22,Лекция
VIS_00804,EV_0080,INST_007,2026-01-22,Лекция
VIS_01804,EV_0080,INST_007,2026-01-22,Лекция
VIS_02294,EV_0080,INST_007,2026-01-22,Лекция
VIS_04310,EV_0080,INST_007,2026-01-22,Лекция
VIS_01568,EV_0080,INST_007,2026-01-22,Лекция
VIS_00445,EV_0080,INST_007,2026-01-22,Лекция
VIS_00116,EV_0080,INST_007,2026-01-22,Лекция
VIS_01670,EV_0080,INST_007,2026-01-22,Лекция
VIS_03914,EV_0080,INST_007,2026-01-22,Лекция
VIS_04542,EV_0080,INST_007,2026-01-22,Лекция
VIS_01906,EV_0080,INST_007,2026-01-22,Лекция
VIS_02014,EV_0080,INST_007,2026-01-22,Лекция
VIS_04698,EV_0080,INST_007,2026-01-22,Лекция
VIS_00287,EV_0080,INST_007,2026-01-22,Лекция
VIS_00881,EV_0080,INST_007,2026-01-22,Лекция
VIS_00787,EV_0080,INST_007,2026-01-22,Лекция
VIS_00354,EV_0080,INST_007,2026-01-22,Лекция
VIS_04401,EV_0080,INST_007,2026-01-22,Лекция
VIS_01339,EV_0080,INST_007,2026-01-22,Лекция
VIS_01440,EV_0080,INST_007,2026-01-22,Лекция
VIS_00409,EV_0080,INST_007,2026-01-22,Лекция
VIS_02454,EV_0080,INST_007,2026-01-22,Лекция
VIS_01245,EV_0080,INST_007,2026-01-22,Лекция
VIS_00865,EV_0080,INST_007,2026-01-22,Лекция
VIS_01664,EV_0080,INST_007,2026-01-22,Лекция
VIS_00816,EV_0080,INST_007,2026-01-22,Лекция
VIS_01185,EV_0080,INST_007,2026-01-22,Лекция
VIS_04432,EV_0080,INST_007,2026-01-22,Лекция
VIS_03822,EV_0080,INST_007,2026-01-22,Лекция
VIS_00997,EV_0080,INST_007,2026-01-22,Лекция
VIS_03960,EV_0080,INST_007,2026-01-22,Лекция
VIS_02494,EV_0080,INST_007,2026-01-22,Лекция
VIS_02227,EV_0080,INST_007,2026-01-22,Лекция
VIS_04737,EV_0080,INST_007,2026-01-22,Лекция
VIS_02761,EV_0080,INST_007,2026-01-22,Лекция
VIS_00947,EV_0080,INST_007,2026-01-22,Лекция
VIS_00367,EV_0080,INST_007,2026-01-22,Лекция
VIS_01169,EV_0080,INST_007,2026-01-22,Лекция
VIS_01939,EV_0080,INST_007,2026-01-22,Лекция
VIS_03174,EV_0080,INST_007,2026-01-22,Лекция
VIS_03276,EV_0080,INST_007,2026-01-22,Лекция
VIS_01914,EV_0080,INST_007,2026-01-22,Лекция
VIS_02890,EV_0080,INST_007,2026-01-22,Лекция
VIS_01471,EV_0080,INST_007,2026-01-22,Лекция
VIS_04715,EV_0080,INST_007,2026-01-22,Лекция
VIS_01981,EV_0080,INST_007,2026-01-22,Лекция
VIS_04618,EV_0080,INST_007,2026-01-22,Лекция
VIS_00889,EV_0080,INST_007,2026-01-22,Лекция
VIS_04814,EV_0080,INST_007,2026-01-22,Лекция
VIS_00790,EV_0080,INST_007,2026-01-22,Лекция
VIS_02302,EV_0080,INST_007,2026-01-22,Лекция
VIS_02667,EV_0080,INST_007,2026-01-22,Лекция
VIS_00068,EV_0080,INST_007,2026-01-22,Лекция
VIS_02270,EV_0080,INST_007,2026-01-22,Лекция
VIS_04894,EV_0080,INST_007,2026-01-22,Лекция
VIS_04927,EV_0080,INST_007,2026-01-22,Лекция
VIS_00833,EV_0080,INST_007,2026-01-22,Лекция
VIS_02749,EV_0080,INST_007,2026-01-22,Лекция
VIS_01850,EV_0080,INST_007,2026-01-22,Лекция
VIS_03150,EV_0080,INST_007,2026-01-22,Лекция
VIS_00650,EV_0080,INST_007,2026-01-22,Лекция
VIS_01548,EV_0080,INST_007,2026-01-22,Лекция
VIS_04847,EV_0080,INST_007,2026-01-22,Лекция
VIS_04698,EV_0188,INST_017,2026-01-22,Лекция
VIS_02767,EV_0188,INST_017,2026-01-22,Лекция
VIS_04319,EV_0188,INST_017,2026-01-22,Лекция
VIS_01273,EV_0188,INST_017,2026-01-22,Лекция
VIS_01393,EV_0188,INST_017,2026-01-22,Лекция
VIS_02058,EV_0188,INST_017,2026-01-22,Лекция
VIS_00285,EV_0188,INST_017,2026-01-22,Лекция
VIS_00873,EV_0188,INST_017,2026-01-22,Лекция
VIS_00028,EV_0188,INST_017,2026-01-22,Лекция
VIS_04659,EV_0188,INST_017,2026-01-22,Лекция
VIS_01012,EV_0188,INST_017,2026-01-22,Лекция
VIS_01506,EV_0188,INST_017,2026-01-22,Лекция
VIS_02523,EV_0188,INST_017,2026-01-22,Лекция
VIS_03915,EV_0188,INST_017,2026-01-22,Лекция
VIS_04424,EV_0188,INST_017,2026-01-22,Лекция
VIS_04271,EV_0188,INST_017,2026-01-22,Лекция
VIS_01308,EV_0188,INST_017,2026-01-22,Лекция
VIS_00016,EV_0188,INST_017,2026-01-22,Лекция
VIS_04903,EV_0188,INST_017,2026-01-22,Лекция
VIS_04154,EV_0188,INST_017,2026-01-22,Лекция
VIS_00880,EV_0188,INST_017,2026-01-22,Лекция
VIS_02267,EV_0188,INST_017,2026-01-22,Лекция
VIS_04183,EV_0188,INST_017,2026-01-22,Лекция
VIS_02419,EV_0188,INST_017,2026-01-22,Лекция
VIS_04528,EV_0188,INST_017,2026-01-22,Лекция
VIS_04402,EV_0188,INST_017,2026-01-22,Лекция
VIS_01004,EV_0188,INST_017,2026-01-22,Лекция
VIS_01357,EV_0188,INST_017,2026-01-22,Лекция
VIS_02503,EV_0188,INST_017,2026-01-22,Лекция
VIS_00956,EV_0188,INST_017,2026-01-22,Лекция
VIS_03905,EV_0188,INST_017,2026-01-22,Лекция
VIS_02470,EV_0188,INST_017,2026-01-22,Лекция
VIS_01917,EV_0188,INST_017,2026-01-22,Лекция
VIS_01891,EV_0188,INST_017,2026-01-22,Лекция
VIS_04977,EV_0188,INST_017,2026-01-22,Лекция
VIS_00887,EV_0188,INST_017,2026-01-22,Лекция
VIS_02284,EV_0188,INST_017,2026-01-22,Лекция
VIS_03437,EV_0188,INST_017,2026-01-22,Лекция
VIS_04900,EV_0188,INST_017,2026-01-22,Лекция
VIS_03487,EV_0188,INST_017,2026-01-22,Лекция
VIS_04932,EV_0188,INST_017,2026-01-22,Лекция
VIS_02715,EV_0188,INST_017,2026-01-22,Лекция
VIS_03624,EV_0188,INST_017,2026-01-22,Лекция
VIS_01874,EV_0188,INST_017,2026-01-22,Лекция
VIS_02040,EV_0188,INST_017,2026-01-22,Лекция
VIS_01217,EV_0188,INST_017,2026-01-22,Лекция
VIS_03935,EV_0002,INST_001,2026-01-24,Лекция
VIS_01220,EV_0002,INST_001,2026-01-24,Лекция
VIS_00075,EV_0002,INST_001,2026-01-24,Лекция
VIS_04065,EV_0002,INST_001,2026-01-24,Лекция
VIS_04184,EV_0002,INST_001,2026-01-24,Лекция
VIS_02036,EV_0002,INST_001,2026-01-24,Лекция
VIS_02546,EV_0002,INST_001,2026-01-24,Лекция
VIS_01061,EV_0002,INST_001,2026-01-24,Лекция
VIS_04094,EV_0002,INST_001,2026-01-24,Лекция
VIS_01062,EV_0002,INST_001,2026-01-24,Лекция
VIS_00717,EV_0002,INST_001,2026-01-24,Лекция
VIS_04022,EV_0002,INST_001,2026-01-24,Лекция
VIS_04157,EV_0002,INST_001,2026-01-24,Лекция
VIS_00920,EV_0002,INST_001,2026-01-24,Лекция
VIS_03678,EV_0002,INST_001,2026-01-24,Лекция
VIS_00913,EV_0002,INST_001,2026-01-24,Лекция
VIS_03128,EV_0002,INST_001,2026-01-24,Лекция
VIS_00267,EV_0002,INST_001,2026-01-24,Лекция
VIS_03910,EV_0002,INST_001,2026-01-24,Лекция
VIS_00425,EV_0002,INST_001,2026-01-24,Лекция
VIS_01331,EV_0002,INST_001,2026-01-24,Лекция
VIS_01806,EV_0002,INST_001,2026-01-24,Лекция
VIS_02482,EV_0002,INST_001,2026-01-24,Лекция
VIS_02182,EV_0002,INST_001,2026-01-24,Лекция
VIS_02353,EV_0002,INST_001,2026-01-24,Лекция
VIS_00038,EV_0002,INST_001,2026-01-24,Лекция
VIS_04592,EV_0002,INST_001,2026-01-24,Лекция
VIS_04275,EV_0002,INST_001,2026-01-24,Лекция
VIS_01722,EV_0002,INST_001,2026-01-24,Лекция
VIS_03133,EV_0002,INST_001,2026-01-24,Лекция
VIS_01154,EV_0002,INST_001,2026-01-24,Лекция
VIS_00077,EV_0002,INST_001,2026-01-24,Лекция
VIS_02236,EV_0002,INST_001,2026-01-24,Лекция
VIS_00387,EV_0002,INST_001,2026-01-24,Лекция
VIS_04414,EV_0002,INST_001,2026-01-24,Лекция
VIS_00125,EV_0002,INST_001,2026-01-24,Лекция
VIS_03956,EV_0002,INST_001,2026-01-24,Лекция
VIS_04360,EV_0002,INST_001,2026-01-24,Лекция
VIS_01679,EV_0002,INST_001,2026-01-24,Лекция
VIS_01795,EV_0002,INST_001,2026-01-24,Лекция
VIS_03397,EV_0002,INST_001,2026-01-24,Лекция
VIS_01014,EV_0002,INST_001,2026-01-24,Лекция
VIS_04772,EV_0002,INST_001,2026-01-24,Лекция
VIS_01268,EV_0002,INST_001,2026-01-24,Лекция
VIS_01410,EV_0002,INST_001,2026-01-24,Лекция
VIS_01256,EV_0002,INST_001,2026-01-24,Лекция
VIS_00207,EV_0002,INST_001,2026-01-24,Лекция
VIS_02776,EV_0002,INST_001,2026-01-24,Лекция
VIS_00455,EV_0002,INST_001,2026-01-24,Лекция
VIS_00391,EV_0002,INST_001,2026-01-24,Лекция
VIS_01075,EV_0002,INST_001,2026-01-24,Лекция
VIS_00414,EV_0002,INST_001,2026-01-24,Лекция
VIS_03288,EV_0002,INST_001,2026-01-24,Лекция
VIS_04171,EV_0002,INST_001,2026-01-24,Лекция
VIS_02146,EV_0002,INST_001,2026-01-24,Лекция
VIS_00836,EV_0002,INST_001,2026-01-24,Лекция
VIS_02990,EV_0002,INST_001,2026-01-24,Лекция
VIS_02611,EV_0002,INST_001,2026-01-24,Лекция
VIS_03875,EV_0002,INST_001,2026-01-24,Лекция
VIS_01473,EV_0002,INST_001,2026-01-24,Лекция
VIS_01366,EV_0002,INST_001,2026-01-24,Лекция
VIS_00487,EV_0002,INST_001,2026-01-24,Лекция
VIS_02545,EV_0002,INST_001,2026-01-24,Лекция
VIS_04485,EV_0002,INST_001,2026-01-24,Лекция
VIS_04516,EV_0002,INST_001,2026-01-24,Лекция
VIS_04831,EV_0002,INST_001,2026-01-24,Лекция
VIS_01163,EV_0002,INST_001,2026-01-24,Лекция
VIS_01440,EV_0002,INST_001,2026-01-24,Лекция
VIS_00910,EV_0002,INST_001,2026-01-24,Лекция
VIS_00991,EV_0002,INST_001,2026-01-24,Лекция
VIS_00557,EV_0002,INST_001,2026-01-24,Лекция
VIS_04081,EV_0002,INST_001,2026-01-24,Лекция
VIS_03476,EV_0002,INST_001,2026-01-24,Лекция
VIS_03065,EV_0002,INST_001,2026-01-24,Лекция
VIS_04269,EV_0002,INST_001,2026-01-24,Лекция
VIS_02012,EV_0002,INST_001,2026-01-24,Лекция
VIS_01018,EV_0002,INST_001,2026-01-24,Лекция
VIS_03922,EV_0002,INST_001,2026-01-24,Лекция
VIS_04642,EV_0002,INST_001,2026-01-24,Лекция
VIS_01415,EV_0002,INST_001,2026-01-24,Лекция
VIS_04954,EV_0002,INST_001,2026-01-24,Лекция
VIS_00283,EV_0002,INST_001,2026-01-24,Лекция
VIS_01310,EV_0002,INST_001,2026-01-24,Лекция
VIS_00559,EV_0057,INST_006,2026-01-25,Лекция
VIS_00295,EV_0057,INST_006,2026-01-25,Лекция
VIS_01899,EV_0057,INST_006,2026-01-25,Лекция
VIS_02114,EV_0057,INST_006,2026-01-25,Лекция
VIS_03059,EV_0057,INST_006,2026-01-25,Лекция
VIS_03501,EV_0057,INST_006,2026-01-25,Лекция
VIS_00377,EV_0057,INST_006,2026-01-25,Лекция
VIS_04762,EV_0057,INST_006,2026-01-25,Лекция
VIS_02606,EV_0057,INST_006,2026-01-25,Лекция
VIS_04499,EV_0057,INST_006,2026-01-25,Лекция
VIS_00528,EV_0057,INST_006,2026-01-25,Лекция
VIS_04821,EV_0057,INST_006,2026-01-25,Лекция
VIS_00812,EV_0057,INST_006,2026-01-25,Лекция
VIS_02219,EV_0057,INST_006,2026-01-25,Лекция
VIS_00496,EV_0057,INST_006,2026-01-25,Лекция
VIS_00437,EV_0057,INST_006,2026-01-25,Лекция
VIS_00814,EV_0057,INST_006,2026-01-25,Лекция
VIS_00389,EV_0057,INST_006,2026-01-25,Лекция
VIS_02119,EV_0057,INST_006,2026-01-25,Лекция
VIS_04479,EV_0057,INST_006,2026-01-25,Лекция
VIS_02367,EV_0057,INST_006,2026-01-25,Лекция
VIS_01350,EV_0057,INST_006,2026-01-25,Лекция
VIS_01648,EV_0057,INST_006,2026-01-25,Лекция
VIS_02898,EV_0057,INST_006,2026-01-25,Лекция
VIS_00040,EV_0057,INST_006,2026-01-25,Лекция
VIS_02289,EV_0057,INST_006,2026-01-25,Лекция
VIS_03363,EV_0057,INST_006,2026-01-25,Лекция
VIS_01363,EV_0057,INST_006,2026-01-25,Лекция
VIS_02645,EV_0057,INST_006,2026-01-25,Лекция
VIS_01721,EV_0057,INST_006,2026-01-25,Лекция
VIS_04066,EV_0057,INST_006,2026-01-25,Лекция
VIS_01131,EV_0057,INST_006,2026-01-25,Лекция
VIS_03275,EV_0057,INST_006,2026-01-25,Лекция
VIS_01120,EV_0057,INST_006,2026-01-25,Лекция
VIS_03411,EV_0057,INST_006,2026-01-25,Лекция
VIS_00427,EV_0057,INST_006,2026-01-25,Лекция
VIS_02999,EV_0057,INST_006,2026-01-25,Лекция
VIS_00548,EV_0057,INST_006,2026-01-25,Лекция
VIS_03099,EV_0057,INST_006,2026-01-25,Лекция
VIS_01375,EV_0057,INST_006,2026-01-25,Лекция
VIS_02918,EV_0057,INST_006,2026-01-25,Лекция
VIS_01497,EV_0057,INST_006,2026-01-25,Лекция
VIS_04832,EV_0057,INST_006,2026-01-25,Лекция
VIS_03669,EV_0057,INST_006,2026-01-25,Лекция
VIS_01938,EV_0057,INST_006,2026-01-25,Лекция
VIS_00523,EV_0057,INST_006,2026-01-25,Лекция
VIS_01580,EV_0057,INST_006,2026-01-25,Лекция
VIS_03757,EV_0057,INST_006,2026-01-25,Лекция
VIS_03186,EV_0057,INST_006,2026-01-25,Лекция
VIS_02385,EV_0057,INST_006,2026-01-25,Лекция
VIS_04060,EV_0057,INST_006,2026-01-25,Лекция
VIS_00221,EV_0057,INST_006,2026-01-25,Лекция
VIS_01072,EV_0057,INST_006,2026-01-25,Лекция
VIS_02784,EV_0057,INST_006,2026-01-25,Лекция
VIS_04627,EV_0057,INST_006,2026-01-25,Лекция
VIS_03520,EV_0057,INST_006,2026-01-25,Лекция
VIS_00151,EV_0057,INST_006,2026-01-25,Лекция
VIS_03848,EV_0057,INST_006,2026-01-25,Лекция
VIS_02391,EV_0057,INST_006,2026-01-25,Лекция
VIS_01258,EV_0057,INST_006,2026-01-25,Лекция
VIS_01426,EV_0057,INST_006,2026-01-25,Лекция
VIS_01569,EV_0057,INST_006,2026-01-25,Лекция
VIS_02833,EV_0057,INST_006,2026-01-25,Лекция
VIS_00400,EV_0057,INST_006,2026-01-25,Лекция
VIS_04054,EV_0153,INST_014,2026-02-01,Мастер-класс
VIS_00360,EV_0153,INST_014,2026-02-01,Мастер-класс
VIS_04394,EV_0153,INST_014,2026-02-01,Мастер-класс
VIS_02052,EV_0153,INST_014,2026-02-01,Мастер-класс
VIS_03615,EV_0153,INST_014,2026-02-01,Мастер-класс
VIS_02766,EV_0153,INST_014,2026-02-01,Мастер-класс
VIS_03358,EV_0153,INST_014,2026-02-01,Мастер-класс
VIS_00981,EV_0153,INST_014,2026-02-01,Мастер-класс
VIS_03175,EV_0153,INST_014,2026-02-01,Мастер-класс
VIS_03021,EV_0153,INST_014,2026-02-01,Мастер-класс
VIS_02892,EV_0153,INST_014,2026-02-01,Мастер-класс
VIS_03055,EV_0153,INST_014,2026-02-01,Мастер-класс
VIS_03618,EV_0153,INST_014,2026-02-01,Мастер-класс
VIS_04440,EV_0153,INST_014,2026-02-01,Мастер-класс
VIS_02931,EV_0153,INST_014,2026-02-01,Мастер-класс
VIS_03829,EV_0153,INST_014,2026-02-01,Мастер-класс
VIS_01857,EV_0153,INST_014,2026-02-01,Мастер-класс
VIS_03344,EV_0153,INST_014,2026-02-01,Мастер-класс
VIS_04420,EV_0153,INST_014,2026-02-01,Мастер-класс
VIS_02843,EV_0153,INST_014,2026-02-01,Мастер-класс
VIS_02397,EV_0153,INST_014,2026-02-01,Мастер-класс
VIS_00223,EV_0153,INST_014,2026-02-01,Мастер-класс
VIS_00649,EV_0153,INST_014,2026-02-01,Мастер-класс
VIS_00714,EV_0153,INST_014,2026-02-01,Мастер-класс
VIS_02851,EV_0153,INST_014,2026-02-01,Мастер-класс
VIS_00689,EV_0153,INST_014,2026-02-01,Мастер-класс
VIS_04880,EV_0153,INST_014,2026-02-01,Мастер-класс
VIS_02339,EV_0153,INST_014,2026-02-01,Мастер-класс
VIS_00561,EV_0153,INST_014,2026-02-01,Мастер-класс
VIS_00704,EV_0153,INST_014,2026-02-01,Мастер-класс
VIS_04316,EV_0153,INST_014,2026-02-01,Мастер-класс
VIS_02237,EV_0153,INST_014,2026-02-01,Мастер-класс
VIS_01233,EV_0153,INST_014,2026-02-01,Мастер-класс
VIS_03845,EV_0153,INST_014,2026-02-01,Мастер-класс
VIS_03185,EV_0153,INST_014,2026-02-01,Мастер-класс
VIS_04773,EV_0153,INST_014,2026-02-01,Мастер-класс
VIS_03523,EV_0153,INST_014,2026-02-01,Мастер-класс
VIS_02480,EV_0153,INST_014,2026-02-01,Мастер-класс
VIS_00415,EV_0153,INST_014,2026-02-01,Мастер-класс
VIS_01329,EV_0153,INST_014,2026-02-01,Мастер-класс
VIS_02763,EV_0153,INST_014,2026-02-01,Мастер-класс
VIS_03867,EV_0153,INST_014,2026-02-01,Мастер-класс
VIS_01196,EV_0153,INST_014,2026-02-01,Мастер-класс
VIS_01363,EV_0153,INST_014,2026-02-01,Мастер-класс
VIS_03821,EV_0153,INST_014,2026-02-01,Мастер-класс
VIS_01945,EV_0153,INST_014,2026-02-01,Мастер-класс
VIS_04485,EV_0153,INST_014,2026-02-01,Мастер-класс
VIS_03016,EV_0153,INST_014,2026-02-01,Мастер-класс
VIS_04257,EV_0153,INST_014,2026-02-01,Мастер-класс
VIS_03562,EV_0153,INST_014,2026-02-01,Мастер-класс
VIS_03871,EV_0153,INST_014,2026-02-01,Мастер-класс
VIS_00222,EV_0153,INST_014,2026-02-01,Мастер-класс
VIS_04767,EV_0153,INST_014,2026-02-01,Мастер-класс
VIS_00164,EV_0081,INST_007,2026-02-04,Творческая встреча
VIS_04542,EV_0081,INST_007,2026-02-04,Творческая встреча
VIS_04564,EV_0081,INST_007,2026-02-04,Творческая встреча
VIS_04894,EV_0081,INST_007,2026-02-04,Творческая встреча
VIS_03898,EV_0081,INST_007,2026-02-04,Творческая встреча
VIS_01664,EV_0081,INST_007,2026-02-04,Творческая встреча
VIS_03276,EV_0081,INST_007,2026-02-04,Творческая встреча
VIS_00697,EV_0081,INST_007,2026-02-04,Творческая встреча
VIS_00612,EV_0081,INST_007,2026-02-04,Творческая встреча
VIS_01568,EV_0081,INST_007,2026-02-04,Творческая встреча
VIS_00068,EV_0081,INST_007,2026-02-04,Творческая встреча
VIS_01665,EV_0081,INST_007,2026-02-04,Творческая встреча
VIS_01878,EV_0081,INST_007,2026-02-04,Творческая встреча
VIS_00865,EV_0081,INST_007,2026-02-04,Творческая встреча
VIS_03174,EV_0081,INST_007,2026-02-04,Творческая встреча
VIS_01245,EV_0081,INST_007,2026-02-04,Творческая встреча
VIS_04070,EV_0081,INST_007,2026-02-04,Творческая встреча
VIS_03960,EV_0081,INST_007,2026-02-04,Творческая встреча
VIS_00250,EV_0081,INST_007,2026-02-04,Творческая встреча
VIS_00790,EV_0081,INST_007,2026-02-04,Творческая встреча
VIS_02033,EV_0081,INST_007,2026-02-04,Творческая встреча
VIS_02494,EV_0081,INST_007,2026-02-04,Творческая встреча
VIS_00997,EV_0081,INST_007,2026-02-04,Творческая встреча
VIS_01981,EV_0081,INST_007,2026-02-04,Творческая встреча
VIS_04698,EV_0081,INST_007,2026-02-04,Творческая встреча
VIS_03890,EV_0081,INST_007,2026-02-04,Творческая встреча
VIS_00078,EV_0081,INST_007,2026-02-04,Творческая встреча
VIS_04934,EV_0081,INST_007,2026-02-04,Творческая встреча
VIS_04665,EV_0081,INST_007,2026-02-04,Творческая встреча
VIS_00881,EV_0081,INST_007,2026-02-04,Творческая встреча
VIS_02438,EV_0081,INST_007,2026-02-04,Творческая встреча
VIS_04847,EV_0081,INST_007,2026-02-04,Творческая встреча
VIS_03657,EV_0081,INST_007,2026-02-04,Творческая встреча
VIS_04637,EV_0081,INST_007,2026-02-04,Творческая встреча
VIS_00889,EV_0081,INST_007,2026-02-04,Творческая встреча
VIS_00378,EV_0081,INST_007,2026-02-04,Творческая встреча
VIS_00257,EV_0081,INST_007,2026-02-04,Творческая встреча
VIS_00232,EV_0081,INST_007,2026-02-04,Творческая встреча
VIS_00799,EV_0081,INST_007,2026-02-04,Творческая встреча
VIS_01654,EV_0081,INST_007,2026-02-04,Творческая встреча
VIS_03537,EV_0081,INST_007,2026-02-04,Творческая встреча
VIS_04795,EV_0081,INST_007,2026-02-04,Творческая встреча
VIS_02952,EV_0081,INST_007,2026-02-04,Творческая встреча
VIS_01446,EV_0081,INST_007,2026-02-04,Творческая встреча
VIS_03914,EV_0081,INST_007,2026-02-04,Творческая встреча
VIS_01211,EV_0081,INST_007,2026-02-04,Творческая встреча
VIS_00900,EV_0081,INST_007,2026-02-04,Творческая встреча
VIS_00671,EV_0081,INST_007,2026-02-04,Творческая встреча
VIS_04594,EV_0081,INST_007,2026-02-04,Творческая встреча
VIS_00945,EV_0081,INST_007,2026-02-04,Творческая встреча
VIS_03784,EV_0081,INST_007,2026-02-04,Творческая встреча
VIS_02383,EV_0081,INST_007,2026-02-04,Творческая встреча
VIS_03290,EV_0081,INST_007,2026-02-04,Творческая встреча
VIS_01213,EV_0081,INST_007,2026-02-04,Творческая встреча
VIS_03670,EV_0081,INST_007,2026-02-04,Творческая встреча
VIS_02708,EV_0081,INST_007,2026-02-04,Творческая встреча
VIS_04373,EV_0081,INST_007,2026-02-04,Творческая встреча
VIS_01469,EV_0081,INST_007,2026-02-04,Творческая встреча
VIS_00820,EV_0081,INST_007,2026-02-04,Творческая встреча
VIS_02370,EV_0081,INST_007,2026-02-04,Творческая встреча
VIS_00319,EV_0081,INST_007,2026-02-04,Творческая встреча
VIS_01833,EV_0081,INST_007,2026-02-04,Творческая встреча
VIS_00106,EV_0081,INST_007,2026-02-04,Творческая встреча
VIS_04202,EV_0081,INST_007,2026-02-04,Творческая встреча
VIS_04549,EV_0081,INST_007,2026-02-04,Творческая встреча
VIS_04057,EV_0081,INST_007,2026-02-04,Творческая встреча
VIS_03861,EV_0081,INST_007,2026-02-04,Творческая встреча
VIS_04752,EV_0081,INST_007,2026-02-04,Творческая встреча
VIS_04869,EV_0081,INST_007,2026-02-04,Творческая встреча
VIS_01419,EV_0081,INST_007,2026-02-04,Творческая встреча
VIS_02757,EV_0081,INST_007,2026-02-04,Творческая встреча
VIS_03610,EV_0081,INST_007,2026-02-04,Творческая встреча
VIS_04131,EV_0081,INST_007,2026-02-04,Творческая встреча
VIS_02684,EV_0081,INST_007,2026-02-04,Творческая встреча
VIS_02271,EV_0081,INST_007,2026-02-04,Творческая встреча
VIS_02635,EV_0081,INST_007,2026-02-04,Творческая встреча
VIS_03771,EV_0081,INST_007,2026-02-04,Творческая встреча
VIS_03594,EV_0081,INST_007,2026-02-04,Творческая встреча
VIS_03227,EV_0081,INST_007,2026-02-04,Творческая встреча
VIS_03818,EV_0081,INST_007,2026-02-04,Творческая встреча
VIS_04431,EV_0081,INST_007,2026-02-04,Творческая встреча
VIS_00501,EV_0081,INST_007,2026-02-04,Творческая встреча
VIS_02880,EV_0081,INST_007,2026-02-04,Творческая встреча
VIS_01375,EV_0081,INST_007,2026-02-04,Творческая встреча
VIS_01381,EV_0081,INST_007,2026-02-04,Творческая встреча
VIS_02124,EV_0081,INST_007,2026-02-04,Творческая встреча
VIS_00192,EV_0081,INST_007,2026-02-04,Творческая встреча
VIS_01015,EV_0081,INST_007,2026-02-04,Творческая встреча
VIS_00365,EV_0081,INST_007,2026-02-04,Творческая встреча
VIS_04326,EV_0081,INST_007,2026-02-04,Творческая встреча
VIS_00680,EV_0081,INST_007,2026-02-04,Творческая встреча
VIS_02305,EV_0081,INST_007,2026-02-04,Творческая встреча
VIS_01957,EV_0081,INST_007,2026-02-04,Творческая встреча
VIS_01107,EV_0081,INST_007,2026-02-04,Творческая встреча
VIS_03893,EV_0081,INST_007,2026-02-04,Творческая встреча
VIS_04543,EV_0081,INST_007,2026-02-04,Творческая встреча
VIS_02232,EV_0081,INST_007,2026-02-04,Творческая встреча
VIS_03299,EV_0081,INST_007,2026-02-04,Творческая встреча
VIS_03376,EV_0081,INST_007,2026-02-04,Творческая встреча
VIS_00756,EV_0081,INST_007,2026-02-04,Творческая встреча
VIS_01684,EV_0081,INST_007,2026-02-04,Творческая встреча
VIS_02419,EV_0189,INST_017,2026-02-04,Творческая встреча
VIS_04183,EV_0189,INST_017,2026-02-04,Творческая встреча
VIS_01012,EV_0189,INST_017,2026-02-04,Творческая встреча
VIS_04271,EV_0189,INST_017,2026-02-04,Творческая встреча
VIS_04319,EV_0189,INST_017,2026-02-04,Творческая встреча
VIS_00016,EV_0189,INST_017,2026-02-04,Творческая встреча
VIS_04402,EV_0189,INST_017,2026-02-04,Творческая встреча
VIS_01620,EV_0189,INST_017,2026-02-04,Творческая встреча
VIS_03219,EV_0189,INST_017,2026-02-04,Творческая встреча
VIS_02519,EV_0189,INST_017,2026-02-04,Творческая встреча
VIS_02503,EV_0189,INST_017,2026-02-04,Творческая встреча
VIS_01393,EV_0189,INST_017,2026-02-04,Творческая встреча
VIS_02267,EV_0189,INST_017,2026-02-04,Творческая встреча
VIS_00880,EV_0189,INST_017,2026-02-04,Творческая встреча
VIS_04981,EV_0189,INST_017,2026-02-04,Творческая встреча
VIS_03603,EV_0189,INST_017,2026-02-04,Творческая встреча
VIS_00552,EV_0189,INST_017,2026-02-04,Творческая встреча
VIS_00498,EV_0189,INST_017,2026-02-04,Творческая встреча
VIS_03626,EV_0189,INST_017,2026-02-04,Творческая встреча
VIS_00816,EV_0189,INST_017,2026-02-04,Творческая встреча
VIS_03372,EV_0189,INST_017,2026-02-04,Творческая встреча
VIS_04749,EV_0189,INST_017,2026-02-04,Творческая встреча
VIS_02040,EV_0189,INST_017,2026-02-04,Творческая встреча
VIS_04424,EV_0189,INST_017,2026-02-04,Творческая встреча
VIS_03451,EV_0189,INST_017,2026-02-04,Творческая встреча
VIS_00149,EV_0189,INST_017,2026-02-04,Творческая встреча
VIS_04877,EV_0189,INST_017,2026-02-04,Творческая встреча
VIS_04659,EV_0189,INST_017,2026-02-04,Творческая встреча
VIS_02817,EV_0189,INST_017,2026-02-04,Творческая встреча
VIS_03915,EV_0189,INST_017,2026-02-04,Творческая встреча
VIS_00166,EV_0189,INST_017,2026-02-04,Творческая встреча
VIS_04379,EV_0189,INST_017,2026-02-04,Творческая встреча
VIS_00774,EV_0189,INST_017,2026-02-04,Творческая встреча
VIS_04685,EV_0189,INST_017,2026-02-04,Творческая встреча
VIS_04945,EV_0189,INST_017,2026-02-04,Творческая встреча
VIS_03911,EV_0189,INST_017,2026-02-04,Творческая встреча
VIS_01301,EV_0189,INST_017,2026-02-04,Творческая встреча
VIS_02395,EV_0189,INST_017,2026-02-04,Творческая встреча
VIS_00303,EV_0189,INST_017,2026-02-04,Творческая встреча
VIS_03778,EV_0189,INST_017,2026-02-04,Творческая встреча
VIS_00930,EV_0189,INST_017,2026-02-04,Творческая встреча
VIS_02977,EV_0189,INST_017,2026-02-04,Творческая встреча
VIS_02540,EV_0189,INST_017,2026-02-04,Творческая встреча
VIS_01754,EV_0189,INST_017,2026-02-04,Творческая встреча
VIS_00662,EV_0189,INST_017,2026-02-04,Творческая встреча
VIS_01525,EV_0189,INST_017,2026-02-04,Творческая встреча
VIS_00222,EV_0189,INST_017,2026-02-04,Творческая встреча
VIS_04439,EV_0189,INST_017,2026-02-04,Творческая встреча
VIS_00712,EV_0189,INST_017,2026-02-04,Творческая встреча
VIS_01734,EV_0189,INST_017,2026-02-04,Творческая встреча
VIS_03695,EV_0189,INST_017,2026-02-04,Творческая встреча
VIS_02603,EV_0189,INST_017,2026-02-04,Творческая встреча
VIS_02026,EV_0189,INST_017,2026-02-04,Творческая встреча
VIS_03772,EV_0189,INST_017,2026-02-04,Творческая встреча
VIS_00150,EV_0189,INST_017,2026-02-04,Творческая встреча
VIS_04195,EV_0189,INST_017,2026-02-04,Творческая встреча
VIS_01770,EV_0189,INST_017,2026-02-04,Творческая встреча
VIS_00475,EV_0189,INST_017,2026-02-04,Творческая встреча
VIS_03273,EV_0189,INST_017,2026-02-04,Творческая встреча
VIS_00568,EV_0189,INST_017,2026-02-04,Творческая встреча
VIS_02698,EV_0189,INST_017,2026-02-04,Творческая встреча
VIS_01961,EV_0189,INST_017,2026-02-04,Творческая встреча
VIS_01666,EV_0189,INST_017,2026-02-04,Творческая встреча
VIS_00673,EV_0189,INST_017,2026-02-04,Творческая встреча
VIS_03916,EV_0189,INST_017,2026-02-04,Творческая встреча
VIS_02054,EV_0189,INST_017,2026-02-04,Творческая встреча
VIS_03658,EV_0189,INST_017,2026-02-04,Творческая встреча
VIS_01578,EV_0189,INST_017,2026-02-04,Творческая встреча
VIS_01285,EV_0189,INST_017,2026-02-04,Творческая встреча
VIS_02803,EV_0189,INST_017,2026-02-04,Творческая встреча
VIS_04018,EV_0189,INST_017,2026-02-04,Творческая встреча
VIS_03843,EV_0125,INST_011,2026-02-05,Выставка
VIS_01688,EV_0125,INST_011,2026-02-05,Выставка
VIS_01543,EV_0125,INST_011,2026-02-05,Выставка
VIS_01147,EV_0125,INST_011,2026-02-05,Выставка
VIS_03662,EV_0125,INST_011,2026-02-05,Выставка
VIS_02012,EV_0125,INST_011,2026-02-05,Выставка
VIS_03930,EV_0125,INST_011,2026-02-05,Выставка
VIS_04932,EV_0125,INST_011,2026-02-05,Выставка
VIS_04280,EV_0125,INST_011,2026-02-05,Выставка
VIS_00791,EV_0125,INST_011,2026-02-05,Выставка
VIS_04978,EV_0125,INST_011,2026-02-05,Выставка
VIS_01270,EV_0125,INST_011,2026-02-05,Выставка
VIS_03025,EV_0125,INST_011,2026-02-05,Выставка
VIS_01670,EV_0125,INST_011,2026-02-05,Выставка
VIS_00579,EV_0125,INST_011,2026-02-05,Выставка
VIS_03076,EV_0125,INST_011,2026-02-05,Выставка
VIS_02699,EV_0125,INST_011,2026-02-05,Выставка
VIS_03718,EV_0125,INST_011,2026-02-05,Выставка
VIS_03872,EV_0125,INST_011,2026-02-05,Выставка
VIS_01680,EV_0125,INST_011,2026-02-05,Выставка
VIS_02059,EV_0125,INST_011,2026-02-05,Выставка
VIS_01656,EV_0125,INST_011,2026-02-05,Выставка
VIS_03058,EV_0125,INST_011,2026-02-05,Выставка
VIS_04988,EV_0125,INST_011,2026-02-05,Выставка
VIS_02967,EV_0125,INST_011,2026-02-05,Выставка
VIS_00056,EV_0125,INST_011,2026-02-05,Выставка
VIS_02454,EV_0125,INST_011,2026-02-05,Выставка
VIS_01394,EV_0125,INST_011,2026-02-05,Выставка
VIS_00802,EV_0125,INST_011,2026-02-05,Выставка
VIS_01387,EV_0125,INST_011,2026-02-05,Выставка
VIS_02084,EV_0125,INST_011,2026-02-05,Выставка
VIS_03041,EV_0125,INST_011,2026-02-05,Выставка
VIS_00749,EV_0125,INST_011,2026-02-05,Выставка
VIS_01704,EV_0125,INST_011,2026-02-05,Выставка
VIS_01525,EV_0125,INST_011,2026-02-05,Выставка
VIS_02212,EV_0125,INST_011,2026-02-05,Выставка
VIS_03235,EV_0125,INST_011,2026-02-05,Выставка
VIS_03829,EV_0125,INST_011,2026-02-05,Выставка
VIS_01856,EV_0125,INST_011,2026-02-05,Выставка
VIS_02781,EV_0125,INST_011,2026-02-05,Выставка
VIS_03128,EV_0003,INST_001,2026-02-08,Лекция
VIS_02931,EV_0003,INST_001,2026-02-08,Лекция
VIS_04275,EV_0003,INST_001,2026-02-08,Лекция
VIS_04831,EV_0003,INST_001,2026-02-08,Лекция
VIS_00081,EV_0003,INST_001,2026-02-08,Лекция
VIS_04414,EV_0003,INST_001,2026-02-08,Лекция
VIS_04516,EV_0003,INST_001,2026-02-08,Лекция
VIS_02228,EV_0003,INST_001,2026-02-08,Лекция
VIS_01310,EV_0003,INST_001,2026-02-08,Лекция
VIS_01163,EV_0003,INST_001,2026-02-08,Лекция
VIS_01415,EV_0003,INST_001,2026-02-08,Лекция
VIS_03133,EV_0003,INST_001,2026-02-08,Лекция
VIS_03686,EV_0003,INST_001,2026-02-08,Лекция
VIS_01090,EV_0003,INST_001,2026-02-08,Лекция
VIS_04073,EV_0003,INST_001,2026-02-08,Лекция
VIS_04094,EV_0003,INST_001,2026-02-08,Лекция
VIS_01262,EV_0003,INST_001,2026-02-08,Лекция
VIS_04954,EV_0003,INST_001,2026-02-08,Лекция
VIS_02182,EV_0003,INST_001,2026-02-08,Лекция
VIS_01806,EV_0003,INST_001,2026-02-08,Лекция
VIS_01371,EV_0003,INST_001,2026-02-08,Лекция
VIS_02236,EV_0003,INST_001,2026-02-08,Лекция
VIS_00125,EV_0003,INST_001,2026-02-08,Лекция
VIS_00871,EV_0003,INST_001,2026-02-08,Лекция
VIS_01061,EV_0003,INST_001,2026-02-08,Лекция
VIS_00991,EV_0003,INST_001,2026-02-08,Лекция
VIS_04157,EV_0003,INST_001,2026-02-08,Лекция
VIS_01421,EV_0003,INST_001,2026-02-08,Лекция
VIS_03288,EV_0003,INST_001,2026-02-08,Лекция
VIS_01722,EV_0003,INST_001,2026-02-08,Лекция
VIS_00387,EV_0003,INST_001,2026-02-08,Лекция
VIS_00910,EV_0003,INST_001,2026-02-08,Лекция
VIS_01652,EV_0003,INST_001,2026-02-08,Лекция
VIS_01075,EV_0003,INST_001,2026-02-08,Лекция
VIS_03354,EV_0003,INST_001,2026-02-08,Лекция
VIS_02596,EV_0003,INST_001,2026-02-08,Лекция
VIS_01600,EV_0003,INST_001,2026-02-08,Лекция
VIS_03566,EV_0003,INST_001,2026-02-08,Лекция
VIS_01414,EV_0003,INST_001,2026-02-08,Лекция
VIS_00286,EV_0003,INST_001,2026-02-08,Лекция
VIS_02843,EV_0003,INST_001,2026-02-08,Лекция
VIS_02623,EV_0003,INST_001,2026-02-08,Лекция
VIS_02818,EV_0003,INST_001,2026-02-08,Лекция
VIS_02124,EV_0003,INST_001,2026-02-08,Лекция
VIS_03798,EV_0003,INST_001,2026-02-08,Лекция
VIS_02670,EV_0003,INST_001,2026-02-08,Лекция
VIS_04431,EV_0003,INST_001,2026-02-08,Лекция
VIS_02392,EV_0003,INST_001,2026-02-08,Лекция
VIS_04814,EV_0003,INST_001,2026-02-08,Лекция
VIS_03052,EV_0003,INST_001,2026-02-08,Лекция
VIS_00220,EV_0003,INST_001,2026-02-08,Лекция
VIS_03756,EV_0003,INST_001,2026-02-08,Лекция
VIS_04741,EV_0003,INST_001,2026-02-08,Лекция
VIS_00701,EV_0003,INST_001,2026-02-08,Лекция
VIS_00831,EV_0003,INST_001,2026-02-08,Лекция
VIS_03891,EV_0003,INST_001,2026-02-08,Лекция
VIS_00062,EV_0003,INST_001,2026-02-08,Лекция
VIS_01545,EV_0003,INST_001,2026-02-08,Лекция
VIS_00147,EV_0003,INST_001,2026-02-08,Лекция
VIS_02293,EV_0003,INST_001,2026-02-08,Лекция
VIS_01762,EV_0003,INST_001,2026-02-08,Лекция
VIS_03093,EV_0003,INST_001,2026-02-08,Лекция
VIS_01719,EV_0003,INST_001,2026-02-08,Лекция
VIS_03488,EV_0003,INST_001,2026-02-08,Лекция
VIS_03605,EV_0003,INST_001,2026-02-08,Лекция
VIS_03013,EV_0003,INST_001,2026-02-08,Лекция
VIS_01093,EV_0003,INST_001,2026-02-08,Лекция
VIS_03776,EV_0003,INST_001,2026-02-08,Лекция
VIS_01765,EV_0003,INST_001,2026-02-08,Лекция
VIS_00144,EV_0003,INST_001,2026-02-08,Лекция
VIS_00768,EV_0003,INST_001,2026-02-08,Лекция
VIS_02570,EV_0003,INST_001,2026-02-08,Лекция
VIS_00546,EV_0003,INST_001,2026-02-08,Лекция
VIS_03665,EV_0003,INST_001,2026-02-08,Лекция
VIS_02690,EV_0003,INST_001,2026-02-08,Лекция
VIS_01897,EV_0003,INST_001,2026-02-08,Лекция
VIS_04479,EV_0058,INST_006,2026-02-10,Творческая встреча
VIS_00528,EV_0058,INST_006,2026-02-10,Творческая встреча
VIS_00295,EV_0058,INST_006,2026-02-10,Творческая встреча
VIS_02606,EV_0058,INST_006,2026-02-10,Творческая встреча
VIS_04832,EV_0058,INST_006,2026-02-10,Творческая встреча
VIS_00389,EV_0058,INST_006,2026-02-10,Творческая встреча
VIS_00812,EV_0058,INST_006,2026-02-10,Творческая встреча
VIS_04499,EV_0058,INST_006,2026-02-10,Творческая встреча
VIS_04821,EV_0058,INST_006,2026-02-10,Творческая встреча
VIS_01098,EV_0058,INST_006,2026-02-10,Творческая встреча
VIS_00151,EV_0058,INST_006,2026-02-10,Творческая встреча
VIS_04060,EV_0058,INST_006,2026-02-10,Творческая встреча
VIS_04627,EV_0058,INST_006,2026-02-10,Творческая встреча
VIS_02114,EV_0058,INST_006,2026-02-10,Творческая встреча
VIS_02645,EV_0058,INST_006,2026-02-10,Творческая встреча
VIS_01131,EV_0058,INST_006,2026-02-10,Творческая встреча
VIS_00427,EV_0058,INST_006,2026-02-10,Творческая встреча
VIS_03363,EV_0058,INST_006,2026-02-10,Творческая встреча
VIS_00640,EV_0058,INST_006,2026-02-10,Творческая встреча
VIS_03275,EV_0058,INST_006,2026-02-10,Творческая встреча
VIS_02918,EV_0058,INST_006,2026-02-10,Творческая встреча
VIS_04492,EV_0058,INST_006,2026-02-10,Творческая встреча
VIS_01580,EV_0058,INST_006,2026-02-10,Творческая встреча
VIS_00548,EV_0058,INST_006,2026-02-10,Творческая встреча
VIS_04455,EV_0058,INST_006,2026-02-10,Творческая встреча
VIS_00400,EV_0058,INST_006,2026-02-10,Творческая встреча
VIS_02385,EV_0058,INST_006,2026-02-10,Творческая встреча
VIS_01120,EV_0058,INST_006,2026-02-10,Творческая встреча
VIS_03520,EV_0058,INST_006,2026-02-10,Творческая встреча
VIS_02701,EV_0058,INST_006,2026-02-10,Творческая встреча
VIS_00337,EV_0058,INST_006,2026-02-10,Творческая встреча
VIS_00601,EV_0058,INST_006,2026-02-10,Творческая встреча
VIS_00334,EV_0058,INST_006,2026-02-10,Творческая встреча
VIS_02034,EV_0058,INST_006,2026-02-10,Творческая встреча
VIS_00434,EV_0058,INST_006,2026-02-10,Творческая встреча
VIS_00322,EV_0058,INST_006,2026-02-10,Творческая встреча
VIS_04967,EV_0058,INST_006,2026-02-10,Творческая встреча
VIS_02060,EV_0058,INST_006,2026-02-10,Творческая встреча
VIS_03589,EV_0058,INST_006,2026-02-10,Творческая встреча
VIS_01270,EV_0058,INST_006,2026-02-10,Творческая встреча
VIS_01440,EV_0058,INST_006,2026-02-10,Творческая встреча
VIS_01432,EV_0058,INST_006,2026-02-10,Творческая встреча
VIS_03747,EV_0058,INST_006,2026-02-10,Творческая встреча
VIS_02275,EV_0058,INST_006,2026-02-10,Творческая встреча
VIS_00367,EV_0058,INST_006,2026-02-10,Творческая встреча
VIS_01322,EV_0058,INST_006,2026-02-10,Творческая встреча
VIS_02566,EV_0058,INST_006,2026-02-10,Творческая встреча
VIS_03518,EV_0058,INST_006,2026-02-10,Творческая встреча
VIS_01661,EV_0058,INST_006,2026-02-10,Творческая встреча
VIS_03982,EV_0058,INST_006,2026-02-10,Творческая встреча
VIS_01707,EV_0058,INST_006,2026-02-10,Творческая встреча
VIS_00375,EV_0058,INST_006,2026-02-10,Творческая встреча
VIS_02738,EV_0058,INST_006,2026-02-10,Творческая встреча
VIS_01298,EV_0058,INST_006,2026-02-10,Творческая встреча
VIS_00624,EV_0058,INST_006,2026-02-10,Творческая встреча
VIS_00110,EV_0058,INST_006,2026-02-10,Творческая встреча
VIS_04569,EV_0058,INST_006,2026-02-10,Творческая встреча
VIS_04094,EV_0058,INST_006,2026-02-10,Творческая встреча
VIS_01468,EV_0058,INST_006,2026-02-10,Творческая встреча
VIS_04110,EV_0058,INST_006,2026-02-10,Творческая встреча
VIS_01892,EV_0058,INST_006,2026-02-10,Творческая встреча
VIS_01122,EV_0058,INST_006,2026-02-10,Творческая встреча
VIS_02324,EV_0058,INST_006,2026-02-10,Творческая встреча
VIS_00319,EV_0058,INST_006,2026-02-10,Творческая встреча
VIS_04556,EV_0058,INST_006,2026-02-10,Творческая встреча
VIS_02750,EV_0139,INST_012,2026-02-10,Выставка
VIS_04576,EV_0139,INST_012,2026-02-10,Выставка
VIS_03977,EV_0139,INST_012,2026-02-10,Выставка
VIS_01134,EV_0139,INST_012,2026-02-10,Выставка
VIS_00467,EV_0139,INST_012,2026-02-10,Выставка
VIS_01238,EV_0139,INST_012,2026-02-10,Выставка
VIS_03288,EV_0139,INST_012,2026-02-10,Выставка
VIS_04096,EV_0139,INST_012,2026-02-10,Выставка
VIS_02924,EV_0139,INST_012,2026-02-10,Выставка
VIS_00781,EV_0139,INST_012,2026-02-10,Выставка
VIS_04892,EV_0139,INST_012,2026-02-10,Выставка
VIS_02130,EV_0139,INST_012,2026-02-10,Выставка
VIS_00296,EV_0139,INST_012,2026-02-10,Выставка
VIS_00968,EV_0139,INST_012,2026-02-10,Выставка
VIS_04357,EV_0139,INST_012,2026-02-10,Выставка
VIS_03184,EV_0139,INST_012,2026-02-10,Выставка
VIS_02663,EV_0139,INST_012,2026-02-10,Выставка
VIS_01447,EV_0139,INST_012,2026-02-10,Выставка
VIS_01954,EV_0139,INST_012,2026-02-10,Выставка
VIS_03763,EV_0139,INST_012,2026-02-10,Выставка
VIS_02075,EV_0139,INST_012,2026-02-10,Выставка
VIS_03729,EV_0139,INST_012,2026-02-10,Выставка
VIS_00148,EV_0139,INST_012,2026-02-10,Выставка
VIS_04895,EV_0139,INST_012,2026-02-10,Выставка
VIS_02297,EV_0139,INST_012,2026-02-10,Выставка
VIS_02015,EV_0139,INST_012,2026-02-10,Выставка
VIS_02466,EV_0139,INST_012,2026-02-10,Выставка
VIS_04402,EV_0139,INST_012,2026-02-10,Выставка
VIS_04985,EV_0139,INST_012,2026-02-10,Выставка
VIS_02640,EV_0139,INST_012,2026-02-10,Выставка
VIS_02157,EV_0139,INST_012,2026-02-10,Выставка
VIS_03180,EV_0139,INST_012,2026-02-10,Выставка
VIS_04123,EV_0139,INST_012,2026-02-10,Выставка
VIS_01076,EV_0139,INST_012,2026-02-10,Выставка
VIS_03708,EV_0139,INST_012,2026-02-10,Выставка
VIS_02624,EV_0139,INST_012,2026-02-10,Выставка
VIS_01070,EV_0139,INST_012,2026-02-10,Выставка
VIS_04493,EV_0139,INST_012,2026-02-10,Выставка
VIS_02497,EV_0139,INST_012,2026-02-10,Выставка
VIS_01711,EV_0139,INST_012,2026-02-10,Выставка
VIS_03049,EV_0139,INST_012,2026-02-10,Выставка
VIS_01907,EV_0139,INST_012,2026-02-10,Выставка
VIS_01231,EV_0139,INST_012,2026-02-10,Выставка
VIS_00976,EV_0139,INST_012,2026-02-10,Выставка
VIS_01375,EV_0139,INST_012,2026-02-10,Выставка
VIS_04555,EV_0139,INST_012,2026-02-10,Выставка
VIS_04942,EV_0139,INST_012,2026-02-10,Выставка
VIS_04368,EV_0139,INST_012,2026-02-10,Выставка
VIS_04151,EV_0139,INST_012,2026-02-10,Выставка
VIS_01037,EV_0139,INST_012,2026-02-10,Выставка
VIS_04360,EV_0139,INST_012,2026-02-10,Выставка
VIS_03172,EV_0139,INST_012,2026-02-10,Выставка
VIS_01676,EV_0026,INST_002,2026-02-13,Творческая встреча
VIS_02342,EV_0026,INST_002,2026-02-13,Творческая встреча
VIS_04058,EV_0026,INST_002,2026-02-13,Творческая встреча
VIS_03113,EV_0026,INST_002,2026-02-13,Творческая встреча
VIS_04675,EV_0026,INST_002,2026-02-13,Творческая встреча
VIS_02534,EV_0026,INST_002,2026-02-13,Творческая встреча
VIS_02160,EV_0026,INST_002,2026-02-13,Творческая встреча
VIS_01971,EV_0026,INST_002,2026-02-13,Творческая встреча
VIS_04035,EV_0026,INST_002,2026-02-13,Творческая встреча
VIS_03779,EV_0026,INST_002,2026-02-13,Творческая встреча
VIS_04180,EV_0026,INST_002,2026-02-13,Творческая встреча
VIS_00111,EV_0026,INST_002,2026-02-13,Творческая встреча
VIS_02735,EV_0026,INST_002,2026-02-13,Творческая встреча
VIS_02180,EV_0026,INST_002,2026-02-13,Творческая встреча
VIS_02660,EV_0026,INST_002,2026-02-13,Творческая встреча
VIS_02031,EV_0026,INST_002,2026-02-13,Творческая встреча
VIS_02486,EV_0026,INST_002,2026-02-13,Творческая встреча
VIS_01251,EV_0026,INST_002,2026-02-13,Творческая встреча
VIS_02175,EV_0026,INST_002,2026-02-13,Творческая встреча
VIS_02427,EV_0026,INST_002,2026-02-13,Творческая встреча
VIS_02072,EV_0026,INST_002,2026-02-13,Творческая встреча
VIS_02820,EV_0026,INST_002,2026-02-13,Творческая встреча
VIS_02596,EV_0026,INST_002,2026-02-13,Творческая встреча
VIS_04724,EV_0026,INST_002,2026-02-13,Творческая встреча
VIS_02882,EV_0026,INST_002,2026-02-13,Творческая встреча
VIS_01975,EV_0026,INST_002,2026-02-13,Творческая встреча
VIS_01359,EV_0026,INST_002,2026-02-13,Творческая встреча
VIS_00258,EV_0026,INST_002,2026-02-13,Творческая встреча
VIS_02837,EV_0026,INST_002,2026-02-13,Творческая встреча
VIS_04549,EV_0026,INST_002,2026-02-13,Творческая встреча
VIS_04053,EV_0026,INST_002,2026-02-13,Творческая встреча
VIS_03327,EV_0026,INST_002,2026-02-13,Творческая встреча
VIS_01058,EV_0026,INST_002,2026-02-13,Творческая встреча
VIS_04713,EV_0026,INST_002,2026-02-13,Творческая встреча
VIS_00010,EV_0026,INST_002,2026-02-13,Творческая встреча
VIS_04669,EV_0026,INST_002,2026-02-13,Творческая встреча
VIS_01062,EV_0026,INST_002,2026-02-13,Творческая встреча
VIS_02370,EV_0026,INST_002,2026-02-13,Творческая встреча
VIS_02088,EV_0026,INST_002,2026-02-13,Творческая встреча
VIS_04516,EV_0026,INST_002,2026-02-13,Творческая встреча
VIS_03591,EV_0026,INST_002,2026-02-13,Творческая встреча
VIS_00461,EV_0026,INST_002,2026-02-13,Творческая встреча
VIS_00735,EV_0026,INST_002,2026-02-13,Творческая встреча
VIS_03505,EV_0026,INST_002,2026-02-13,Творческая встреча
VIS_04553,EV_0026,INST_002,2026-02-13,Творческая встреча
VIS_03921,EV_0026,INST_002,2026-02-13,Творческая встреча
VIS_02409,EV_0026,INST_002,2026-02-13,Творческая встреча
VIS_00600,EV_0026,INST_002,2026-02-13,Творческая встреча
VIS_01202,EV_0026,INST_002,2026-02-13,Творческая встреча
VIS_03370,EV_0026,INST_002,2026-02-13,Творческая встреча
VIS_02037,EV_0026,INST_002,2026-02-13,Творческая встреча
VIS_03697,EV_0026,INST_002,2026-02-13,Творческая встреча
VIS_03094,EV_0026,INST_002,2026-02-13,Творческая встреча
VIS_02870,EV_0026,INST_002,2026-02-13,Творческая встреча
VIS_04293,EV_0026,INST_002,2026-02-13,Творческая встреча
VIS_02058,EV_0026,INST_002,2026-02-13,Творческая встреча
VIS_00705,EV_0026,INST_002,2026-02-13,Творческая встреча
VIS_00716,EV_0026,INST_002,2026-02-13,Творческая встреча
VIS_01156,EV_0026,INST_002,2026-02-13,Творческая встреча
VIS_01691,EV_0026,INST_002,2026-02-13,Творческая встреча
VIS_04082,EV_0026,INST_002,2026-02-13,Творческая встреча
VIS_02879,EV_0026,INST_002,2026-02-13,Творческая встреча
VIS_00138,EV_0026,INST_002,2026-02-13,Творческая встреча
VIS_02310,EV_0026,INST_002,2026-02-13,Творческая встреча
VIS_02235,EV_0026,INST_002,2026-02-13,Творческая встреча
VIS_01267,EV_0026,INST_002,2026-02-13,Творческая встреча
VIS_02640,EV_0026,INST_002,2026-02-13,Творческая встреча
VIS_04203,EV_0026,INST_002,2026-02-13,Творческая встреча
VIS_01075,EV_0026,INST_002,2026-02-13,Творческая встреча
VIS_03836,EV_0026,INST_002,2026-02-13,Творческая встреча
VIS_00677,EV_0026,INST_002,2026-02-13,Творческая встреча
VIS_01114,EV_0026,INST_002,2026-02-13,Творческая встреча
VIS_01738,EV_0026,INST_002,2026-02-13,Творческая встреча
VIS_03868,EV_0026,INST_002,2026-02-13,Творческая встреча
VIS_03420,EV_0026,INST_002,2026-02-13,Творческая встреча
VIS_04204,EV_0026,INST_002,2026-02-13,Творческая встреча
VIS_00466,EV_0026,INST_002,2026-02-13,Творческая встреча
VIS_02027,EV_0026,INST_002,2026-02-13,Творческая встреча
VIS_00009,EV_0026,INST_002,2026-02-13,Творческая встреча
VIS_00883,EV_0026,INST_002,2026-02-13,Творческая встреча
VIS_03088,EV_0026,INST_002,2026-02-13,Творческая встреча
VIS_01943,EV_0026,INST_002,2026-02-13,Творческая встреча
VIS_00680,EV_0026,INST_002,2026-02-13,Творческая встреча
VIS_00783,EV_0026,INST_002,2026-02-13,Творческая встреча
VIS_02063,EV_0026,INST_002,2026-02-13,Творческая встреча
VIS_02816,EV_0026,INST_002,2026-02-13,Творческая встреча
VIS_01374,EV_0026,INST_002,2026-02-13,Творческая встреча
VIS_04480,EV_0026,INST_002,2026-02-13,Творческая встреча
VIS_00088,EV_0026,INST_002,2026-02-13,Творческая встреча
VIS_00334,EV_0026,INST_002,2026-02-13,Творческая встреча
VIS_00497,EV_0026,INST_002,2026-02-13,Творческая встреча
VIS_01294,EV_0026,INST_002,2026-02-13,Творческая встреча
VIS_00234,EV_0026,INST_002,2026-02-13,Творческая встреча
VIS_00095,EV_0026,INST_002,2026-02-13,Творческая встреча
VIS_00262,EV_0026,INST_002,2026-02-13,Творческая встреча
VIS_02676,EV_0026,INST_002,2026-02-13,Творческая встреча
VIS_02035,EV_0154,INST_014,2026-02-13,Лекция
VIS_00891,EV_0154,INST_014,2026-02-13,Лекция
VIS_04848,EV_0154,INST_014,2026-02-13,Лекция
VIS_02859,EV_0154,INST_014,2026-02-13,Лекция
VIS_03228,EV_0154,INST_014,2026-02-13,Лекция
VIS_00406,EV_0154,INST_014,2026-02-13,Лекция
VIS_01944,EV_0154,INST_014,2026-02-13,Лекция
VIS_01686,EV_0154,INST_014,2026-02-13,Лекция
VIS_03615,EV_0154,INST_014,2026-02-13,Лекция
VIS_00631,EV_0154,INST_014,2026-02-13,Лекция
VIS_00713,EV_0154,INST_014,2026-02-13,Лекция
VIS_01207,EV_0154,INST_014,2026-02-13,Лекция
VIS_00042,EV_0154,INST_014,2026-02-13,Лекция
VIS_02892,EV_0154,INST_014,2026-02-13,Лекция
VIS_00441,EV_0154,INST_014,2026-02-13,Лекция
VIS_02766,EV_0154,INST_014,2026-02-13,Лекция
VIS_00704,EV_0154,INST_014,2026-02-13,Лекция
VIS_02763,EV_0154,INST_014,2026-02-13,Лекция
VIS_01392,EV_0154,INST_014,2026-02-13,Лекция
VIS_03741,EV_0154,INST_014,2026-02-13,Лекция
VIS_02663,EV_0154,INST_014,2026-02-13,Лекция
VIS_01551,EV_0154,INST_014,2026-02-13,Лекция
VIS_00807,EV_0154,INST_014,2026-02-13,Лекция
VIS_03646,EV_0154,INST_014,2026-02-13,Лекция
VIS_00374,EV_0154,INST_014,2026-02-13,Лекция
VIS_04584,EV_0154,INST_014,2026-02-13,Лекция
VIS_00400,EV_0154,INST_014,2026-02-13,Лекция
VIS_00443,EV_0154,INST_014,2026-02-13,Лекция
VIS_02920,EV_0154,INST_014,2026-02-13,Лекция
VIS_03805,EV_0154,INST_014,2026-02-13,Лекция
VIS_00064,EV_0154,INST_014,2026-02-13,Лекция
VIS_00320,EV_0154,INST_014,2026-02-13,Лекция
VIS_03832,EV_0154,INST_014,2026-02-13,Лекция
VIS_00092,EV_0154,INST_014,2026-02-13,Лекция
VIS_01649,EV_0154,INST_014,2026-02-13,Лекция
VIS_01172,EV_0154,INST_014,2026-02-13,Лекция
VIS_01071,EV_0154,INST_014,2026-02-13,Лекция
VIS_00501,EV_0154,INST_014,2026-02-13,Лекция
VIS_01215,EV_0154,INST_014,2026-02-13,Лекция
VIS_03573,EV_0154,INST_014,2026-02-13,Лекция
VIS_02470,EV_0154,INST_014,2026-02-13,Лекция
VIS_00900,EV_0082,INST_007,2026-02-17,Творческая встреча
VIS_01375,EV_0082,INST_007,2026-02-17,Творческая встреча
VIS_01957,EV_0082,INST_007,2026-02-17,Творческая встреча
VIS_00948,EV_0082,INST_007,2026-02-17,Творческая встреча
VIS_01878,EV_0082,INST_007,2026-02-17,Творческая встреча
VIS_02952,EV_0082,INST_007,2026-02-17,Творческая встреча
VIS_03893,EV_0082,INST_007,2026-02-17,Творческая встреча
VIS_03003,EV_0082,INST_007,2026-02-17,Творческая встреча
VIS_02496,EV_0082,INST_007,2026-02-17,Творческая встреча
VIS_04057,EV_0082,INST_007,2026-02-17,Творческая встреча
VIS_01581,EV_0082,INST_007,2026-02-17,Творческая встреча
VIS_00257,EV_0082,INST_007,2026-02-17,Творческая встреча
VIS_01211,EV_0082,INST_007,2026-02-17,Творческая встреча
VIS_00881,EV_0082,INST_007,2026-02-17,Творческая встреча
VIS_00192,EV_0082,INST_007,2026-02-17,Творческая встреча
VIS_02504,EV_0082,INST_007,2026-02-17,Творческая встреча
VIS_02757,EV_0082,INST_007,2026-02-17,Творческая встреча
VIS_04752,EV_0082,INST_007,2026-02-17,Творческая встреча
VIS_03139,EV_0082,INST_007,2026-02-17,Творческая встреча
VIS_01323,EV_0082,INST_007,2026-02-17,Творческая встреча
VIS_03890,EV_0082,INST_007,2026-02-17,Творческая встреча
VIS_00164,EV_0082,INST_007,2026-02-17,Творческая встреча
VIS_00680,EV_0082,INST_007,2026-02-17,Творческая встреча
VIS_03150,EV_0082,INST_007,2026-02-17,Творческая встреча
VIS_04909,EV_0082,INST_007,2026-02-17,Творческая встреча
VIS_03960,EV_0082,INST_007,2026-02-17,Творческая встреча
VIS_04459,EV_0082,INST_007,2026-02-17,Творческая встреча
VIS_00378,EV_0082,INST_007,2026-02-17,Творческая встреча
VIS_02667,EV_0082,INST_007,2026-02-17,Творческая встреча
VIS_03614,EV_0082,INST_007,2026-02-17,Творческая встреча
VIS_04637,EV_0082,INST_007,2026-02-17,Творческая встреча
VIS_01568,EV_0082,INST_007,2026-02-17,Творческая встреча
VIS_02205,EV_0082,INST_007,2026-02-17,Творческая встреча
VIS_04437,EV_0082,INST_007,2026-02-17,Творческая встреча
VIS_02124,EV_0082,INST_007,2026-02-17,Творческая встреча
VIS_03376,EV_0082,INST_007,2026-02-17,Творческая встреча
VIS_01530,EV_0082,INST_007,2026-02-17,Творческая встреча
VIS_00541,EV_0082,INST_007,2026-02-17,Творческая встреча
VIS_04934,EV_0082,INST_007,2026-02-17,Творческая встреча
VIS_03894,EV_0082,INST_007,2026-02-17,Творческая встреча
VIS_02271,EV_0082,INST_007,2026-02-17,Творческая встреча
VIS_01887,EV_0082,INST_007,2026-02-17,Творческая встреча
VIS_02227,EV_0082,INST_007,2026-02-17,Творческая встреча
VIS_02960,EV_0082,INST_007,2026-02-17,Творческая встреча
VIS_00469,EV_0082,INST_007,2026-02-17,Творческая встреча
VIS_03308,EV_0082,INST_007,2026-02-17,Творческая встреча
VIS_02116,EV_0082,INST_007,2026-02-17,Творческая встреча
VIS_03305,EV_0082,INST_007,2026-02-17,Творческая встреча
VIS_00107,EV_0082,INST_007,2026-02-17,Творческая встреча
VIS_04359,EV_0082,INST_007,2026-02-17,Творческая встреча
VIS_02629,EV_0082,INST_007,2026-02-17,Творческая встреча
VIS_04392,EV_0082,INST_007,2026-02-17,Творческая встреча
VIS_01380,EV_0082,INST_007,2026-02-17,Творческая встреча
VIS_00885,EV_0082,INST_007,2026-02-17,Творческая встреча
VIS_03667,EV_0082,INST_007,2026-02-17,Творческая встреча
VIS_02404,EV_0082,INST_007,2026-02-17,Творческая встреча
VIS_03059,EV_0082,INST_007,2026-02-17,Творческая встреча
VIS_03801,EV_0082,INST_007,2026-02-17,Творческая встреча
VIS_04120,EV_0082,INST_007,2026-02-17,Творческая встреча
VIS_04518,EV_0082,INST_007,2026-02-17,Творческая встреча
VIS_01100,EV_0082,INST_007,2026-02-17,Творческая встреча
VIS_00486,EV_0082,INST_007,2026-02-17,Творческая встреча
VIS_03687,EV_0082,INST_007,2026-02-17,Творческая встреча
VIS_00714,EV_0082,INST_007,2026-02-17,Творческая встреча
VIS_03923,EV_0082,INST_007,2026-02-17,Творческая встреча
VIS_04794,EV_0082,INST_007,2026-02-17,Творческая встреча
VIS_02840,EV_0082,INST_007,2026-02-17,Творческая встреча
VIS_01941,EV_0082,INST_007,2026-02-17,Творческая встреча
VIS_01299,EV_0082,INST_007,2026-02-17,Творческая встреча
VIS_03861,EV_0082,INST_007,2026-02-17,Творческая встреча
VIS_02328,EV_0082,INST_007,2026-02-17,Творческая встреча
VIS_04230,EV_0082,INST_007,2026-02-17,Творческая встреча
VIS_01453,EV_0082,INST_007,2026-02-17,Творческая встреча
VIS_01476,EV_0082,INST_007,2026-02-17,Творческая встреча
VIS_04168,EV_0082,INST_007,2026-02-17,Творческая встреча
VIS_02526,EV_0082,INST_007,2026-02-17,Творческая встреча
VIS_04873,EV_0082,INST_007,2026-02-17,Творческая встреча
VIS_00759,EV_0082,INST_007,2026-02-17,Творческая встреча
VIS_00891,EV_0082,INST_007,2026-02-17,Творческая встреча
VIS_00715,EV_0082,INST_007,2026-02-17,Творческая встреча
VIS_04718,EV_0082,INST_007,2026-02-17,Творческая встреча
VIS_02747,EV_0082,INST_007,2026-02-17,Творческая встреча
VIS_00987,EV_0082,INST_007,2026-02-17,Творческая встреча
VIS_02501,EV_0082,INST_007,2026-02-17,Творческая встреча
VIS_02639,EV_0082,INST_007,2026-02-17,Творческая встреча
VIS_04715,EV_0082,INST_007,2026-02-17,Творческая встреча
VIS_02395,EV_0082,INST_007,2026-02-17,Творческая встреча
VIS_00034,EV_0082,INST_007,2026-02-17,Творческая встреча
VIS_04428,EV_0082,INST_007,2026-02-17,Творческая встреча
VIS_01229,EV_0082,INST_007,2026-02-17,Творческая встреча
VIS_02226,EV_0082,INST_007,2026-02-17,Творческая встреча
VIS_04918,EV_0082,INST_007,2026-02-17,Творческая встреча
VIS_02848,EV_0082,INST_007,2026-02-17,Творческая встреча
VIS_04166,EV_0082,INST_007,2026-02-17,Творческая встреча
VIS_04678,EV_0082,INST_007,2026-02-17,Творческая встреча
VIS_02295,EV_0082,INST_007,2026-02-17,Творческая встреча
VIS_02913,EV_0082,INST_007,2026-02-17,Творческая встреча
VIS_02922,EV_0109,INST_009,2026-02-17,Выставка
VIS_00792,EV_0109,INST_009,2026-02-17,Выставка
VIS_03812,EV_0109,INST_009,2026-02-17,Выставка
VIS_00996,EV_0109,INST_009,2026-02-17,Выставка
VIS_02885,EV_0109,INST_009,2026-02-17,Выставка
VIS_02507,EV_0109,INST_009,2026-02-17,Выставка
VIS_02230,EV_0109,INST_009,2026-02-17,Выставка
VIS_00454,EV_0109,INST_009,2026-02-17,Выставка
VIS_00060,EV_0109,INST_009,2026-02-17,Выставка
VIS_04426,EV_0109,INST_009,2026-02-17,Выставка
VIS_04727,EV_0109,INST_009,2026-02-17,Выставка
VIS_04873,EV_0109,INST_009,2026-02-17,Выставка
VIS_01955,EV_0109,INST_009,2026-02-17,Выставка
VIS_02291,EV_0109,INST_009,2026-02-17,Выставка
VIS_04893,EV_0109,INST_009,2026-02-17,Выставка
VIS_03122,EV_0109,INST_009,2026-02-17,Выставка
VIS_03992,EV_0109,INST_009,2026-02-17,Выставка
VIS_04386,EV_0109,INST_009,2026-02-17,Выставка
VIS_01470,EV_0109,INST_009,2026-02-17,Выставка
VIS_01011,EV_0109,INST_009,2026-02-17,Выставка
VIS_04878,EV_0109,INST_009,2026-02-17,Выставка
VIS_04616,EV_0109,INST_009,2026-02-17,Выставка
VIS_01150,EV_0109,INST_009,2026-02-17,Выставка
VIS_00727,EV_0109,INST_009,2026-02-17,Выставка
VIS_03114,EV_0109,INST_009,2026-02-17,Выставка
VIS_01849,EV_0109,INST_009,2026-02-17,Выставка
VIS_04827,EV_0109,INST_009,2026-02-17,Выставка
VIS_04750,EV_0109,INST_009,2026-02-17,Выставка
VIS_03431,EV_0109,INST_009,2026-02-17,Выставка
VIS_04234,EV_0109,INST_009,2026-02-17,Выставка
VIS_04828,EV_0109,INST_009,2026-02-17,Выставка
VIS_00396,EV_0109,INST_009,2026-02-17,Выставка
VIS_02635,EV_0109,INST_009,2026-02-17,Выставка
VIS_00014,EV_0109,INST_009,2026-02-17,Выставка
VIS_02810,EV_0109,INST_009,2026-02-17,Выставка
VIS_02170,EV_0109,INST_009,2026-02-17,Выставка
VIS_04956,EV_0109,INST_009,2026-02-17,Выставка
VIS_04630,EV_0109,INST_009,2026-02-17,Выставка
VIS_00037,EV_0109,INST_009,2026-02-17,Выставка
VIS_02238,EV_0109,INST_009,2026-02-17,Выставка
VIS_00847,EV_0109,INST_009,2026-02-17,Выставка
VIS_04805,EV_0109,INST_009,2026-02-17,Выставка
VIS_04174,EV_0109,INST_009,2026-02-17,Выставка
VIS_03104,EV_0109,INST_009,2026-02-17,Выставка
VIS_01000,EV_0109,INST_009,2026-02-17,Выставка
VIS_03963,EV_0109,INST_009,2026-02-17,Выставка
VIS_04715,EV_0109,INST_009,2026-02-17,Выставка
VIS_01475,EV_0109,INST_009,2026-02-17,Выставка
VIS_03858,EV_0109,INST_009,2026-02-17,Выставка
VIS_02295,EV_0109,INST_009,2026-02-17,Выставка
VIS_01525,EV_0190,INST_017,2026-02-17,Мастер-класс
VIS_01012,EV_0190,INST_017,2026-02-17,Мастер-класс
VIS_04977,EV_0190,INST_017,2026-02-17,Мастер-класс
VIS_01217,EV_0190,INST_017,2026-02-17,Мастер-класс
VIS_00873,EV_0190,INST_017,2026-02-17,Мастер-класс
VIS_00880,EV_0190,INST_017,2026-02-17,Мастер-класс
VIS_03372,EV_0190,INST_017,2026-02-17,Мастер-класс
VIS_01004,EV_0190,INST_017,2026-02-17,Мастер-класс
VIS_03273,EV_0190,INST_017,2026-02-17,Мастер-класс
VIS_00028,EV_0190,INST_017,2026-02-17,Мастер-класс
VIS_01273,EV_0190,INST_017,2026-02-17,Мастер-класс
VIS_02058,EV_0190,INST_017,2026-02-17,Мастер-класс
VIS_03603,EV_0190,INST_017,2026-02-17,Мастер-класс
VIS_03778,EV_0190,INST_017,2026-02-17,Мастер-класс
VIS_00712,EV_0190,INST_017,2026-02-17,Мастер-класс
VIS_04932,EV_0190,INST_017,2026-02-17,Мастер-класс
VIS_03451,EV_0190,INST_017,2026-02-17,Мастер-класс
VIS_04424,EV_0190,INST_017,2026-02-17,Мастер-класс
VIS_00988,EV_0190,INST_017,2026-02-17,Мастер-класс
VIS_01754,EV_0190,INST_017,2026-02-17,Мастер-класс
VIS_01727,EV_0190,INST_017,2026-02-17,Мастер-класс
VIS_00568,EV_0190,INST_017,2026-02-17,Мастер-класс
VIS_03784,EV_0190,INST_017,2026-02-17,Мастер-класс
VIS_04576,EV_0190,INST_017,2026-02-17,Мастер-класс
VIS_03528,EV_0190,INST_017,2026-02-17,Мастер-класс
VIS_00548,EV_0190,INST_017,2026-02-17,Мастер-класс
VIS_04551,EV_0190,INST_017,2026-02-17,Мастер-класс
VIS_01270,EV_0190,INST_017,2026-02-17,Мастер-класс
VIS_04593,EV_0190,INST_017,2026-02-17,Мастер-класс
VIS_02046,EV_0190,INST_017,2026-02-17,Мастер-класс
VIS_04231,EV_0190,INST_017,2026-02-17,Мастер-класс
VIS_02666,EV_0190,INST_017,2026-02-17,Мастер-класс
VIS_00824,EV_0190,INST_017,2026-02-17,Мастер-класс
VIS_00422,EV_0190,INST_017,2026-02-17,Мастер-класс
VIS_00477,EV_0190,INST_017,2026-02-17,Мастер-класс
VIS_03346,EV_0190,INST_017,2026-02-17,Мастер-класс
VIS_04695,EV_0190,INST_017,2026-02-17,Мастер-класс
VIS_01356,EV_0190,INST_017,2026-02-17,Мастер-класс
VIS_01737,EV_0190,INST_017,2026-02-17,Мастер-класс
VIS_03867,EV_0190,INST_017,2026-02-17,Мастер-класс
VIS_02349,EV_0190,INST_017,2026-02-17,Мастер-класс
VIS_01449,EV_0190,INST_017,2026-02-17,Мастер-класс
VIS_03464,EV_0190,INST_017,2026-02-17,Мастер-класс
VIS_03822,EV_0190,INST_017,2026-02-17,Мастер-класс
VIS_02491,EV_0190,INST_017,2026-02-17,Мастер-класс
VIS_00588,EV_0190,INST_017,2026-02-17,Мастер-класс
VIS_01753,EV_0190,INST_017,2026-02-17,Мастер-класс
VIS_02858,EV_0190,INST_017,2026-02-17,Мастер-класс
VIS_04679,EV_0190,INST_017,2026-02-17,Мастер-класс
VIS_00581,EV_0216,INST_018,2026-02-22,Выставка
VIS_00895,EV_0216,INST_018,2026-02-22,Выставка
VIS_00780,EV_0216,INST_018,2026-02-22,Выставка
VIS_01145,EV_0216,INST_018,2026-02-22,Выставка
VIS_00186,EV_0216,INST_018,2026-02-22,Выставка
VIS_01645,EV_0216,INST_018,2026-02-22,Выставка
VIS_02533,EV_0216,INST_018,2026-02-22,Выставка
VIS_03860,EV_0216,INST_018,2026-02-22,Выставка
VIS_01300,EV_0216,INST_018,2026-02-22,Выставка
VIS_00642,EV_0216,INST_018,2026-02-22,Выставка
VIS_01654,EV_0216,INST_018,2026-02-22,Выставка
VIS_02197,EV_0216,INST_018,2026-02-22,Выставка
VIS_03386,EV_0216,INST_018,2026-02-22,Выставка
VIS_04827,EV_0216,INST_018,2026-02-22,Выставка
VIS_03790,EV_0216,INST_018,2026-02-22,Выставка
VIS_01415,EV_0216,INST_018,2026-02-22,Выставка
VIS_02742,EV_0216,INST_018,2026-02-22,Выставка
VIS_02325,EV_0216,INST_018,2026-02-22,Выставка
VIS_00315,EV_0216,INST_018,2026-02-22,Выставка
VIS_01360,EV_0216,INST_018,2026-02-22,Выставка
VIS_01284,EV_0216,INST_018,2026-02-22,Выставка
VIS_02038,EV_0216,INST_018,2026-02-22,Выставка
VIS_02244,EV_0216,INST_018,2026-02-22,Выставка
VIS_00110,EV_0216,INST_018,2026-02-22,Выставка
VIS_04470,EV_0216,INST_018,2026-02-22,Выставка
VIS_01276,EV_0216,INST_018,2026-02-22,Выставка
VIS_02596,EV_0216,INST_018,2026-02-22,Выставка
VIS_03058,EV_0216,INST_018,2026-02-22,Выставка
VIS_02648,EV_0216,INST_018,2026-02-22,Выставка
VIS_01362,EV_0216,INST_018,2026-02-22,Выставка
VIS_02085,EV_0216,INST_018,2026-02-22,Выставка
VIS_02434,EV_0216,INST_018,2026-02-22,Выставка
VIS_03453,EV_0216,INST_018,2026-02-22,Выставка
VIS_04056,EV_0216,INST_018,2026-02-22,Выставка
VIS_02979,EV_0216,INST_018,2026-02-22,Выставка
VIS_01466,EV_0216,INST_018,2026-02-22,Выставка
VIS_01793,EV_0216,INST_018,2026-02-22,Выставка
VIS_01825,EV_0216,INST_018,2026-02-22,Выставка
VIS_03760,EV_0216,INST_018,2026-02-22,Выставка
VIS_00169,EV_0216,INST_018,2026-02-22,Выставка
VIS_04954,EV_0004,INST_001,2026-02-23,Выставка
VIS_03665,EV_0004,INST_001,2026-02-23,Выставка
VIS_00836,EV_0004,INST_001,2026-02-23,Выставка
VIS_00455,EV_0004,INST_001,2026-02-23,Выставка
VIS_01366,EV_0004,INST_001,2026-02-23,Выставка
VIS_04186,EV_0004,INST_001,2026-02-23,Выставка
VIS_04741,EV_0004,INST_001,2026-02-23,Выставка
VIS_01198,EV_0004,INST_001,2026-02-23,Выставка
VIS_02596,EV_0004,INST_001,2026-02-23,Выставка
VIS_02012,EV_0004,INST_001,2026-02-23,Выставка
VIS_03052,EV_0004,INST_001,2026-02-23,Выставка
VIS_03288,EV_0004,INST_001,2026-02-23,Выставка
VIS_00831,EV_0004,INST_001,2026-02-23,Выставка
VIS_02228,EV_0004,INST_001,2026-02-23,Выставка
VIS_00737,EV_0004,INST_001,2026-02-23,Выставка
VIS_01268,EV_0004,INST_001,2026-02-23,Выставка
VIS_03776,EV_0004,INST_001,2026-02-23,Выставка
VIS_03354,EV_0004,INST_001,2026-02-23,Выставка
VIS_01769,EV_0004,INST_001,2026-02-23,Выставка
VIS_00258,EV_0004,INST_001,2026-02-23,Выставка
VIS_01310,EV_0004,INST_001,2026-02-23,Выставка
VIS_00256,EV_0004,INST_001,2026-02-23,Выставка
VIS_01785,EV_0004,INST_001,2026-02-23,Выставка
VIS_03424,EV_0004,INST_001,2026-02-23,Выставка
VIS_02403,EV_0004,INST_001,2026-02-23,Выставка
VIS_01234,EV_0004,INST_001,2026-02-23,Выставка
VIS_04557,EV_0004,INST_001,2026-02-23,Выставка
VIS_03173,EV_0004,INST_001,2026-02-23,Выставка
VIS_02674,EV_0004,INST_001,2026-02-23,Выставка
VIS_02800,EV_0004,INST_001,2026-02-23,Выставка
VIS_01229,EV_0004,INST_001,2026-02-23,Выставка
VIS_01081,EV_0004,INST_001,2026-02-23,Выставка
VIS_01807,EV_0004,INST_001,2026-02-23,Выставка
VIS_00449,EV_0004,INST_001,2026-02-23,Выставка
VIS_00120,EV_0004,INST_001,2026-02-23,Выставка
VIS_01953,EV_0004,INST_001,2026-02-23,Выставка
VIS_01764,EV_0004,INST_001,2026-02-23,Выставка
VIS_03420,EV_0004,INST_001,2026-02-23,Выставка
VIS_01416,EV_0004,INST_001,2026-02-23,Выставка
VIS_01979,EV_0004,INST_001,2026-02-23,Выставка
VIS_01550,EV_0004,INST_001,2026-02-23,Выставка
VIS_03829,EV_0155,INST_014,2026-02-24,Творческая встреча
VIS_01363,EV_0155,INST_014,2026-02-24,Творческая встреча
VIS_00891,EV_0155,INST_014,2026-02-24,Творческая встреча
VIS_02892,EV_0155,INST_014,2026-02-24,Творческая встреча
VIS_00908,EV_0155,INST_014,2026-02-24,Творческая встреча
VIS_00156,EV_0155,INST_014,2026-02-24,Творческая встреча
VIS_02677,EV_0155,INST_014,2026-02-24,Творческая встреча
VIS_01071,EV_0155,INST_014,2026-02-24,Творческая встреча
VIS_03102,EV_0155,INST_014,2026-02-24,Творческая встреча
VIS_01196,EV_0155,INST_014,2026-02-24,Творческая встреча
VIS_00443,EV_0155,INST_014,2026-02-24,Творческая встреча
VIS_03194,EV_0155,INST_014,2026-02-24,Творческая встреча
VIS_03185,EV_0155,INST_014,2026-02-24,Творческая встреча
VIS_01088,EV_0155,INST_014,2026-02-24,Творческая встреча
VIS_02237,EV_0155,INST_014,2026-02-24,Творческая встреча
VIS_00981,EV_0155,INST_014,2026-02-24,Творческая встреча
VIS_02907,EV_0155,INST_014,2026-02-24,Творческая встреча
VIS_01485,EV_0155,INST_014,2026-02-24,Творческая встреча
VIS_01329,EV_0155,INST_014,2026-02-24,Творческая встреча
VIS_03615,EV_0155,INST_014,2026-02-24,Творческая встреча
VIS_03741,EV_0155,INST_014,2026-02-24,Творческая встреча
VIS_00222,EV_0155,INST_014,2026-02-24,Творческая встреча
VIS_02843,EV_0155,INST_014,2026-02-24,Творческая встреча
VIS_04080,EV_0155,INST_014,2026-02-24,Творческая встреча
VIS_04773,EV_0155,INST_014,2026-02-24,Творческая встреча
VIS_03228,EV_0155,INST_014,2026-02-24,Творческая встреча
VIS_03039,EV_0155,INST_014,2026-02-24,Творческая встреча
VIS_00042,EV_0155,INST_014,2026-02-24,Творческая встреча
VIS_04688,EV_0155,INST_014,2026-02-24,Творческая встреча
VIS_02333,EV_0155,INST_014,2026-02-24,Творческая встреча
VIS_01893,EV_0155,INST_014,2026-02-24,Творческая встреча
VIS_04444,EV_0155,INST_014,2026-02-24,Творческая встреча
VIS_00439,EV_0155,INST_014,2026-02-24,Творческая встреча
VIS_04383,EV_0155,INST_014,2026-02-24,Творческая встреча
VIS_00211,EV_0155,INST_014,2026-02-24,Творческая встреча
VIS_02348,EV_0155,INST_014,2026-02-24,Творческая встреча
VIS_00024,EV_0155,INST_014,2026-02-24,Творческая встреча
VIS_01429,EV_0155,INST_014,2026-02-24,Творческая встреча
VIS_01638,EV_0155,INST_014,2026-02-24,Творческая встреча
VIS_04955,EV_0155,INST_014,2026-02-24,Творческая встреча
VIS_00353,EV_0155,INST_014,2026-02-24,Творческая встреча
VIS_00557,EV_0155,INST_014,2026-02-24,Творческая встреча
VIS_00410,EV_0155,INST_014,2026-02-24,Творческая встреча
VIS_02102,EV_0155,INST_014,2026-02-24,Творческая встреча
VIS_01358,EV_0155,INST_014,2026-02-24,Творческая встреча
VIS_00315,EV_0155,INST_014,2026-02-24,Творческая встреча
VIS_01433,EV_0155,INST_014,2026-02-24,Творческая встреча
VIS_04201,EV_0155,INST_014,2026-02-24,Творческая встреча
VIS_02662,EV_0155,INST_014,2026-02-24,Творческая встреча
VIS_01928,EV_0155,INST_014,2026-02-24,Творческая встреча
VIS_04746,EV_0155,INST_014,2026-02-24,Творческая встреча
VIS_02771,EV_0155,INST_014,2026-02-24,Творческая встреча
VIS_00899,EV_0155,INST_014,2026-02-24,Творческая встреча
VIS_01701,EV_0155,INST_014,2026-02-24,Творческая встреча
VIS_00909,EV_0155,INST_014,2026-02-24,Творческая встреча
VIS_00077,EV_0155,INST_014,2026-02-24,Творческая встреча
VIS_04239,EV_0155,INST_014,2026-02-24,Творческая встреча
VIS_01203,EV_0155,INST_014,2026-02-24,Творческая встреча
VIS_03289,EV_0155,INST_014,2026-02-24,Творческая встреча
VIS_01937,EV_0155,INST_014,2026-02-24,Творческая встреча
VIS_02978,EV_0155,INST_014,2026-02-24,Творческая встреча
VIS_01731,EV_0155,INST_014,2026-02-24,Творческая встреча
VIS_02465,EV_0155,INST_014,2026-02-24,Творческая встреча
VIS_02288,EV_0155,INST_014,2026-02-24,Творческая встреча
VIS_00528,EV_0059,INST_006,2026-02-25,Выставка
VIS_00812,EV_0059,INST_006,2026-02-25,Выставка
VIS_03518,EV_0059,INST_006,2026-02-25,Выставка
VIS_03821,EV_0059,INST_006,2026-02-25,Выставка
VIS_04492,EV_0059,INST_006,2026-02-25,Выставка
VIS_01580,EV_0059,INST_006,2026-02-25,Выставка
VIS_03099,EV_0059,INST_006,2026-02-25,Выставка
VIS_02701,EV_0059,INST_006,2026-02-25,Выставка
VIS_01258,EV_0059,INST_006,2026-02-25,Выставка
VIS_02219,EV_0059,INST_006,2026-02-25,Выставка
VIS_00375,EV_0059,INST_006,2026-02-25,Выставка
VIS_00334,EV_0059,INST_006,2026-02-25,Выставка
VIS_01648,EV_0059,INST_006,2026-02-25,Выставка
VIS_01270,EV_0059,INST_006,2026-02-25,Выставка
VIS_02114,EV_0059,INST_006,2026-02-25,Выставка
VIS_01707,EV_0059,INST_006,2026-02-25,Выставка
VIS_04988,EV_0059,INST_006,2026-02-25,Выставка
VIS_04397,EV_0059,INST_006,2026-02-25,Выставка
VIS_04519,EV_0059,INST_006,2026-02-25,Выставка
VIS_04017,EV_0059,INST_006,2026-02-25,Выставка
VIS_02104,EV_0059,INST_006,2026-02-25,Выставка
VIS_01916,EV_0059,INST_006,2026-02-25,Выставка
VIS_02900,EV_0059,INST_006,2026-02-25,Выставка
VIS_02626,EV_0059,INST_006,2026-02-25,Выставка
VIS_02170,EV_0059,INST_006,2026-02-25,Выставка
VIS_02253,EV_0059,INST_006,2026-02-25,Выставка
VIS_00752,EV_0059,INST_006,2026-02-25,Выставка
VIS_00918,EV_0059,INST_006,2026-02-25,Выставка
VIS_00358,EV_0059,INST_006,2026-02-25,Выставка
VIS_02454,EV_0059,INST_006,2026-02-25,Выставка
VIS_02948,EV_0059,INST_006,2026-02-25,Выставка
VIS_01017,EV_0059,INST_006,2026-02-25,Выставка
VIS_04451,EV_0059,INST_006,2026-02-25,Выставка
VIS_04122,EV_0059,INST_006,2026-02-25,Выставка
VIS_03887,EV_0059,INST_006,2026-02-25,Выставка
VIS_02639,EV_0083,INST_007,2026-03-01,Выставка
VIS_03898,EV_0083,INST_007,2026-03-01,Выставка
VIS_02033,EV_0083,INST_007,2026-03-01,Выставка
VIS_03276,EV_0083,INST_007,2026-03-01,Выставка
VIS_02278,EV_0083,INST_007,2026-03-01,Выставка
VIS_02913,EV_0083,INST_007,2026-03-01,Выставка
VIS_04428,EV_0083,INST_007,2026-03-01,Выставка
VIS_02496,EV_0083,INST_007,2026-03-01,Выставка
VIS_04934,EV_0083,INST_007,2026-03-01,Выставка
VIS_03610,EV_0083,INST_007,2026-03-01,Выставка
VIS_03960,EV_0083,INST_007,2026-03-01,Выставка
VIS_03914,EV_0083,INST_007,2026-03-01,Выставка
VIS_02481,EV_0083,INST_007,2026-03-01,Выставка
VIS_00357,EV_0083,INST_007,2026-03-01,Выставка
VIS_00638,EV_0083,INST_007,2026-03-01,Выставка
VIS_00866,EV_0083,INST_007,2026-03-01,Выставка
VIS_04384,EV_0083,INST_007,2026-03-01,Выставка
VIS_01274,EV_0083,INST_007,2026-03-01,Выставка
VIS_00290,EV_0083,INST_007,2026-03-01,Выставка
VIS_03599,EV_0083,INST_007,2026-03-01,Выставка
VIS_04645,EV_0083,INST_007,2026-03-01,Выставка
VIS_04357,EV_0083,INST_007,2026-03-01,Выставка
VIS_02760,EV_0083,INST_007,2026-03-01,Выставка
VIS_03849,EV_0083,INST_007,2026-03-01,Выставка
VIS_01594,EV_0083,INST_007,2026-03-01,Выставка
VIS_03924,EV_0083,INST_007,2026-03-01,Выставка
VIS_00572,EV_0083,INST_007,2026-03-01,Выставка
VIS_01585,EV_0083,INST_007,2026-03-01,Выставка
VIS_00009,EV_0083,INST_007,2026-03-01,Выставка
VIS_02054,EV_0191,INST_017,2026-03-01,Лекция
VIS_01734,EV_0191,INST_017,2026-03-01,Лекция
VIS_03822,EV_0191,INST_017,2026-03-01,Лекция
VIS_04154,EV_0191,INST_017,2026-03-01,Лекция
VIS_04346,EV_0191,INST_017,2026-03-01,Лекция
VIS_02796,EV_0191,INST_017,2026-03-01,Лекция
VIS_03303,EV_0191,INST_017,2026-03-01,Лекция
VIS_00477,EV_0191,INST_017,2026-03-01,Лекция
VIS_03867,EV_0191,INST_017,2026-03-01,Лекция
VIS_00752,EV_0191,INST_017,2026-03-01,Лекция
VIS_02419,EV_0191,INST_017,2026-03-01,Лекция
VIS_04528,EV_0191,INST_017,2026-03-01,Лекция
VIS_04532,EV_0191,INST_017,2026-03-01,Лекция
VIS_04685,EV_0191,INST_017,2026-03-01,Лекция
VIS_01770,EV_0191,INST_017,2026-03-01,Лекция
VIS_04903,EV_0191,INST_017,2026-03-01,Лекция
VIS_03437,EV_0191,INST_017,2026-03-01,Лекция
VIS_00887,EV_0191,INST_017,2026-03-01,Лекция
VIS_03803,EV_0191,INST_017,2026-03-01,Лекция
VIS_04695,EV_0191,INST_017,2026-03-01,Лекция
VIS_03658,EV_0191,INST_017,2026-03-01,Лекция
VIS_00880,EV_0191,INST_017,2026-03-01,Лекция
VIS_02767,EV_0191,INST_017,2026-03-01,Лекция
VIS_01308,EV_0191,INST_017,2026-03-01,Лекция
VIS_03905,EV_0191,INST_017,2026-03-01,Лекция
VIS_04576,EV_0191,INST_017,2026-03-01,Лекция
VIS_02058,EV_0191,INST_017,2026-03-01,Лекция
VIS_00548,EV_0191,INST_017,2026-03-01,Лекция
VIS_01139,EV_0191,INST_017,2026-03-01,Лекция
VIS_03997,EV_0191,INST_017,2026-03-01,Лекция
VIS_02698,EV_0191,INST_017,2026-03-01,Лекция
VIS_02330,EV_0191,INST_017,2026-03-01,Лекция
VIS_03721,EV_0191,INST_017,2026-03-01,Лекция
VIS_01730,EV_0191,INST_017,2026-03-01,Лекция
VIS_03686,EV_0191,INST_017,2026-03-01,Лекция
VIS_04707,EV_0191,INST_017,2026-03-01,Лекция
VIS_01613,EV_0191,INST_017,2026-03-01,Лекция
VIS_01084,EV_0191,INST_017,2026-03-01,Лекция
VIS_02810,EV_0191,INST_017,2026-03-01,Лекция
VIS_02076,EV_0191,INST_017,2026-03-01,Лекция
VIS_03736,EV_0191,INST_017,2026-03-01,Лекция
VIS_03965,EV_0191,INST_017,2026-03-01,Лекция
VIS_02059,EV_0191,INST_017,2026-03-01,Лекция
VIS_04490,EV_0191,INST_017,2026-03-01,Лекция
VIS_01067,EV_0191,INST_017,2026-03-01,Лекция
VIS_00274,EV_0191,INST_017,2026-03-01,Лекция
VIS_01118,EV_0191,INST_017,2026-03-01,Лекция
VIS_00077,EV_0191,INST_017,2026-03-01,Лекция
VIS_04571,EV_0191,INST_017,2026-03-01,Лекция
VIS_02131,EV_0191,INST_017,2026-03-01,Лекция
VIS_02996,EV_0191,INST_017,2026-03-01,Лекция
VIS_03609,EV_0191,INST_017,2026-03-01,Лекция
VIS_04269,EV_0191,INST_017,2026-03-01,Лекция
VIS_02451,EV_0191,INST_017,2026-03-01,Лекция
VIS_01985,EV_0191,INST_017,2026-03-01,Лекция
VIS_00282,EV_0191,INST_017,2026-03-01,Лекция
VIS_04289,EV_0191,INST_017,2026-03-01,Лекция
VIS_03267,EV_0191,INST_017,2026-03-01,Лекция
VIS_01544,EV_0191,INST_017,2026-03-01,Лекция
VIS_01007,EV_0191,INST_017,2026-03-01,Лекция
VIS_03072,EV_0191,INST_017,2026-03-01,Лекция
VIS_04240,EV_0191,INST_017,2026-03-01,Лекция
VIS_01932,EV_0191,INST_017,2026-03-01,Лекция
VIS_00287,EV_0191,INST_017,2026-03-01,Лекция
VIS_01445,EV_0191,INST_017,2026-03-01,Лекция
VIS_03100,EV_0191,INST_017,2026-03-01,Лекция
VIS_04417,EV_0191,INST_017,2026-03-01,Лекция
VIS_02191,EV_0191,INST_017,2026-03-01,Лекция
VIS_03547,EV_0191,INST_017,2026-03-01,Лекция
VIS_02328,EV_0126,INST_011,2026-03-03,Творческая встреча
VIS_04988,EV_0126,INST_011,2026-03-03,Творческая встреча
VIS_02012,EV_0126,INST_011,2026-03-03,Творческая встреча
VIS_03930,EV_0126,INST_011,2026-03-03,Творческая встреча
VIS_01680,EV_0126,INST_011,2026-03-03,Творческая встреча
VIS_04978,EV_0126,INST_011,2026-03-03,Творческая встреча
VIS_01670,EV_0126,INST_011,2026-03-03,Творческая встреча
VIS_03935,EV_0126,INST_011,2026-03-03,Творческая встреча
VIS_02939,EV_0126,INST_011,2026-03-03,Творческая встреча
VIS_01688,EV_0126,INST_011,2026-03-03,Творческая встреча
VIS_03058,EV_0126,INST_011,2026-03-03,Творческая встреча
VIS_00990,EV_0126,INST_011,2026-03-03,Творческая встреча
VIS_00418,EV_0126,INST_011,2026-03-03,Творческая встреча
VIS_03041,EV_0126,INST_011,2026-03-03,Творческая встреча
VIS_04866,EV_0126,INST_011,2026-03-03,Творческая встреча
VIS_01656,EV_0126,INST_011,2026-03-03,Творческая встреча
VIS_00802,EV_0126,INST_011,2026-03-03,Творческая встреча
VIS_02343,EV_0126,INST_011,2026-03-03,Творческая встреча
VIS_02084,EV_0126,INST_011,2026-03-03,Творческая встреча
VIS_04280,EV_0126,INST_011,2026-03-03,Творческая встреча
VIS_00784,EV_0126,INST_011,2026-03-03,Творческая встреча
VIS_03829,EV_0126,INST_011,2026-03-03,Творческая встреча
VIS_02925,EV_0126,INST_011,2026-03-03,Творческая встреча
VIS_03076,EV_0126,INST_011,2026-03-03,Творческая встреча
VIS_03079,EV_0126,INST_011,2026-03-03,Творческая встреча
VIS_02324,EV_0126,INST_011,2026-03-03,Творческая встреча
VIS_01387,EV_0126,INST_011,2026-03-03,Творческая встреча
VIS_01677,EV_0126,INST_011,2026-03-03,Творческая встреча
VIS_00579,EV_0126,INST_011,2026-03-03,Творческая встреча
VIS_02330,EV_0126,INST_011,2026-03-03,Творческая встреча
VIS_02378,EV_0126,INST_011,2026-03-03,Творческая встреча
VIS_00056,EV_0126,INST_011,2026-03-03,Творческая встреча
VIS_03235,EV_0126,INST_011,2026-03-03,Творческая встреча
VIS_04932,EV_0126,INST_011,2026-03-03,Творческая встреча
VIS_01838,EV_0126,INST_011,2026-03-03,Творческая встреча
VIS_01270,EV_0126,INST_011,2026-03-03,Творческая встреча
VIS_02454,EV_0126,INST_011,2026-03-03,Творческая встреча
VIS_02868,EV_0126,INST_011,2026-03-03,Творческая встреча
VIS_00133,EV_0126,INST_011,2026-03-03,Творческая встреча
VIS_04842,EV_0126,INST_011,2026-03-03,Творческая встреча
VIS_04191,EV_0126,INST_011,2026-03-03,Творческая встреча
VIS_04008,EV_0126,INST_011,2026-03-03,Творческая встреча
VIS_04804,EV_0126,INST_011,2026-03-03,Творческая встреча
VIS_00438,EV_0126,INST_011,2026-03-03,Творческая встреча
VIS_01155,EV_0126,INST_011,2026-03-03,Творческая встреча
VIS_04399,EV_0126,INST_011,2026-03-03,Творческая встреча
VIS_00068,EV_0126,INST_011,2026-03-03,Творческая встреча
VIS_04337,EV_0126,INST_011,2026-03-03,Творческая встреча
VIS_04244,EV_0126,INST_011,2026-03-03,Творческая встреча
VIS_00330,EV_0126,INST_011,2026-03-03,Творческая встреча
VIS_03578,EV_0126,INST_011,2026-03-03,Творческая встреча
VIS_00572,EV_0126,INST_011,2026-03-03,Творческая встреча
VIS_00070,EV_0126,INST_011,2026-03-03,Творческая встреча
VIS_03294,EV_0126,INST_011,2026-03-03,Творческая встреча
VIS_04411,EV_0126,INST_011,2026-03-03,Творческая встреча
VIS_00441,EV_0126,INST_011,2026-03-03,Творческая встреча
VIS_02718,EV_0126,INST_011,2026-03-03,Творческая встреча
VIS_00822,EV_0126,INST_011,2026-03-03,Творческая встреча
VIS_04401,EV_0126,INST_011,2026-03-03,Творческая встреча
VIS_01084,EV_0126,INST_011,2026-03-03,Творческая встреча
VIS_04019,EV_0126,INST_011,2026-03-03,Творческая встреча
VIS_01199,EV_0126,INST_011,2026-03-03,Творческая встреча
VIS_00935,EV_0126,INST_011,2026-03-03,Творческая встреча
VIS_02515,EV_0126,INST_011,2026-03-03,Творческая встреча
VIS_01799,EV_0126,INST_011,2026-03-03,Творческая встреча
VIS_02172,EV_0126,INST_011,2026-03-03,Творческая встреча
VIS_00159,EV_0126,INST_011,2026-03-03,Творческая встреча
VIS_01178,EV_0126,INST_011,2026-03-03,Творческая встреча
VIS_03760,EV_0126,INST_011,2026-03-03,Творческая встреча
VIS_04087,EV_0126,INST_011,2026-03-03,Творческая встреча
VIS_00204,EV_0126,INST_011,2026-03-03,Творческая встреча
VIS_00765,EV_0126,INST_011,2026-03-03,Творческая встреча
VIS_00446,EV_0126,INST_011,2026-03-03,Творческая встреча
VIS_00385,EV_0126,INST_011,2026-03-03,Творческая встреча
VIS_03130,EV_0126,INST_011,2026-03-03,Творческая встреча
VIS_02687,EV_0126,INST_011,2026-03-03,Творческая встреча
VIS_01940,EV_0126,INST_011,2026-03-03,Творческая встреча
VIS_04879,EV_0126,INST_011,2026-03-03,Творческая встреча
VIS_00272,EV_0126,INST_011,2026-03-03,Творческая встреча
VIS_04775,EV_0126,INST_011,2026-03-03,Творческая встреча
VIS_03674,EV_0126,INST_011,2026-03-03,Творческая встреча
VIS_04017,EV_0126,INST_011,2026-03-03,Творческая встреча
VIS_01514,EV_0126,INST_011,2026-03-03,Творческая встреча
VIS_03640,EV_0126,INST_011,2026-03-03,Творческая встреча
VIS_00710,EV_0043,INST_004,2026-03-08,Лекция
VIS_01083,EV_0043,INST_004,2026-03-08,Лекция
VIS_01883,EV_0043,INST_004,2026-03-08,Лекция
VIS_04279,EV_0043,INST_004,2026-03-08,Лекция
VIS_01574,EV_0043,INST_004,2026-03-08,Лекция
VIS_01317,EV_0043,INST_004,2026-03-08,Лекция
VIS_01000,EV_0043,INST_004,2026-03-08,Лекция
VIS_03399,EV_0043,INST_004,2026-03-08,Лекция
VIS_02636,EV_0043,INST_004,2026-03-08,Лекция
VIS_04339,EV_0043,INST_004,2026-03-08,Лекция
VIS_00192,EV_0043,INST_004,2026-03-08,Лекция
VIS_00551,EV_0043,INST_004,2026-03-08,Лекция
VIS_04713,EV_0043,INST_004,2026-03-08,Лекция
VIS_03294,EV_0043,INST_004,2026-03-08,Лекция
VIS_04875,EV_0043,INST_004,2026-03-08,Лекция
VIS_02682,EV_0043,INST_004,2026-03-08,Лекция
VIS_00717,EV_0043,INST_004,2026-03-08,Лекция
VIS_02201,EV_0043,INST_004,2026-03-08,Лекция
VIS_01390,EV_0043,INST_004,2026-03-08,Лекция
VIS_02298,EV_0043,INST_004,2026-03-08,Лекция
VIS_02986,EV_0043,INST_004,2026-03-08,Лекция
VIS_00892,EV_0043,INST_004,2026-03-08,Лекция
VIS_02080,EV_0043,INST_004,2026-03-08,Лекция
VIS_01744,EV_0043,INST_004,2026-03-08,Лекция
VIS_00893,EV_0043,INST_004,2026-03-08,Лекция
VIS_01582,EV_0043,INST_004,2026-03-08,Лекция
VIS_03910,EV_0043,INST_004,2026-03-08,Лекция
VIS_04463,EV_0043,INST_004,2026-03-08,Лекция
VIS_01326,EV_0043,INST_004,2026-03-08,Лекция
VIS_00020,EV_0043,INST_004,2026-03-08,Лекция
VIS_02399,EV_0043,INST_004,2026-03-08,Лекция
VIS_02496,EV_0043,INST_004,2026-03-08,Лекция
VIS_00629,EV_0043,INST_004,2026-03-08,Лекция
VIS_04561,EV_0043,INST_004,2026-03-08,Лекция
VIS_04737,EV_0043,INST_004,2026-03-08,Лекция
VIS_04333,EV_0043,INST_004,2026-03-08,Лекция
VIS_01814,EV_0043,INST_004,2026-03-08,Лекция
VIS_04254,EV_0043,INST_004,2026-03-08,Лекция
VIS_00224,EV_0043,INST_004,2026-03-08,Лекция
VIS_00247,EV_0043,INST_004,2026-03-08,Лекция
VIS_04738,EV_0043,INST_004,2026-03-08,Лекция
VIS_01151,EV_0043,INST_004,2026-03-08,Лекция
VIS_03268,EV_0043,INST_004,2026-03-08,Лекция
VIS_03261,EV_0043,INST_004,2026-03-08,Лекция
VIS_02582,EV_0043,INST_004,2026-03-08,Лекция
VIS_02624,EV_0043,INST_004,2026-03-08,Лекция
VIS_03117,EV_0043,INST_004,2026-03-08,Лекция
VIS_04448,EV_0043,INST_004,2026-03-08,Лекция
VIS_00721,EV_0043,INST_004,2026-03-08,Лекция
VIS_03464,EV_0043,INST_004,2026-03-08,Лекция
VIS_03341,EV_0043,INST_004,2026-03-08,Лекция
VIS_01304,EV_0043,INST_004,2026-03-08,Лекция
VIS_02435,EV_0043,INST_004,2026-03-08,Лекция
VIS_03354,EV_0043,INST_004,2026-03-08,Лекция
VIS_00693,EV_0043,INST_004,2026-03-08,Лекция
VIS_00450,EV_0043,INST_004,2026-03-08,Лекция
VIS_04090,EV_0043,INST_004,2026-03-08,Лекция
VIS_01404,EV_0043,INST_004,2026-03-08,Лекция
VIS_02424,EV_0043,INST_004,2026-03-08,Лекция
VIS_02968,EV_0043,INST_004,2026-03-08,Лекция
VIS_02963,EV_0043,INST_004,2026-03-08,Лекция
VIS_04336,EV_0043,INST_004,2026-03-08,Лекция
VIS_00108,EV_0043,INST_004,2026-03-08,Лекция
VIS_02671,EV_0043,INST_004,2026-03-08,Лекция
VIS_01282,EV_0043,INST_004,2026-03-08,Лекция
VIS_01990,EV_0043,INST_004,2026-03-08,Лекция
VIS_03382,EV_0043,INST_004,2026-03-08,Лекция
VIS_01566,EV_0043,INST_004,2026-03-08,Лекция
VIS_00341,EV_0043,INST_004,2026-03-08,Лекция
VIS_01633,EV_0043,INST_004,2026-03-08,Лекция
VIS_01591,EV_0043,INST_004,2026-03-08,Лекция
VIS_01596,EV_0043,INST_004,2026-03-08,Лекция
VIS_02225,EV_0043,INST_004,2026-03-08,Лекция
VIS_01803,EV_0043,INST_004,2026-03-08,Лекция
VIS_01255,EV_0043,INST_004,2026-03-08,Лекция
VIS_02991,EV_0043,INST_004,2026-03-08,Лекция
VIS_00222,EV_0043,INST_004,2026-03-08,Лекция
VIS_00284,EV_0043,INST_004,2026-03-08,Лекция
VIS_03430,EV_0043,INST_004,2026-03-08,Лекция
VIS_01087,EV_0043,INST_004,2026-03-08,Лекция
VIS_01783,EV_0043,INST_004,2026-03-08,Лекция
VIS_03564,EV_0043,INST_004,2026-03-08,Лекция
VIS_04745,EV_0043,INST_004,2026-03-08,Лекция
VIS_04079,EV_0043,INST_004,2026-03-08,Лекция
VIS_03081,EV_0043,INST_004,2026-03-08,Лекция
VIS_01466,EV_0043,INST_004,2026-03-08,Лекция
VIS_03244,EV_0043,INST_004,2026-03-08,Лекция
VIS_01895,EV_0043,INST_004,2026-03-08,Лекция
VIS_02587,EV_0043,INST_004,2026-03-08,Лекция
VIS_04595,EV_0043,INST_004,2026-03-08,Лекция
VIS_01889,EV_0043,INST_004,2026-03-08,Лекция
VIS_04684,EV_0043,INST_004,2026-03-08,Лекция
VIS_04750,EV_0043,INST_004,2026-03-08,Лекция
VIS_04271,EV_0043,INST_004,2026-03-08,Лекция
VIS_03682,EV_0043,INST_004,2026-03-08,Лекция
VIS_03994,EV_0043,INST_004,2026-03-08,Лекция
VIS_03768,EV_0043,INST_004,2026-03-08,Лекция
VIS_03883,EV_0043,INST_004,2026-03-08,Лекция
VIS_04004,EV_0043,INST_004,2026-03-08,Лекция
VIS_00942,EV_0043,INST_004,2026-03-08,Лекция
VIS_04657,EV_0043,INST_004,2026-03-08,Лекция
VIS_02233,EV_0043,INST_004,2026-03-08,Лекция
VIS_02782,EV_0043,INST_004,2026-03-08,Лекция
VIS_04685,EV_0043,INST_004,2026-03-08,Лекция
VIS_04783,EV_0043,INST_004,2026-03-08,Лекция
VIS_03042,EV_0043,INST_004,2026-03-08,Лекция
VIS_00047,EV_0043,INST_004,2026-03-08,Лекция
VIS_01929,EV_0043,INST_004,2026-03-08,Лекция
VIS_00065,EV_0043,INST_004,2026-03-08,Лекция
VIS_00036,EV_0043,INST_004,2026-03-08,Лекция
VIS_03919,EV_0043,INST_004,2026-03-08,Лекция
VIS_00890,EV_0043,INST_004,2026-03-08,Лекция
VIS_01942,EV_0043,INST_004,2026-03-08,Лекция
VIS_03940,EV_0043,INST_004,2026-03-08,Лекция
VIS_00443,EV_0043,INST_004,2026-03-08,Лекция
VIS_01121,EV_0043,INST_004,2026-03-08,Лекция
VIS_04338,EV_0043,INST_004,2026-03-08,Лекция
VIS_02227,EV_0043,INST_004,2026-03-08,Лекция
VIS_02853,EV_0043,INST_004,2026-03-08,Лекция
VIS_04227,EV_0043,INST_004,2026-03-08,Лекция
VIS_03425,EV_0050,INST_005,2026-03-08,Мастер-класс
VIS_04926,EV_0050,INST_005,2026-03-08,Мастер-класс
VIS_00677,EV_0050,INST_005,2026-03-08,Мастер-класс
VIS_01890,EV_0050,INST_005,2026-03-08,Мастер-класс
VIS_02085,EV_0050,INST_005,2026-03-08,Мастер-класс
VIS_01083,EV_0050,INST_005,2026-03-08,Мастер-класс
VIS_02326,EV_0050,INST_005,2026-03-08,Мастер-класс
VIS_03619,EV_0050,INST_005,2026-03-08,Мастер-класс
VIS_00812,EV_0050,INST_005,2026-03-08,Мастер-класс
VIS_04002,EV_0050,INST_005,2026-03-08,Мастер-класс
VIS_00512,EV_0050,INST_005,2026-03-08,Мастер-класс
VIS_04561,EV_0050,INST_005,2026-03-08,Мастер-класс
VIS_03153,EV_0050,INST_005,2026-03-08,Мастер-класс
VIS_01662,EV_0050,INST_005,2026-03-08,Мастер-класс
VIS_00324,EV_0050,INST_005,2026-03-08,Мастер-класс
VIS_02193,EV_0050,INST_005,2026-03-08,Мастер-класс
VIS_00085,EV_0050,INST_005,2026-03-08,Мастер-класс
VIS_00633,EV_0050,INST_005,2026-03-08,Мастер-класс
VIS_04753,EV_0050,INST_005,2026-03-08,Мастер-класс
VIS_03519,EV_0050,INST_005,2026-03-08,Мастер-класс
VIS_00877,EV_0050,INST_005,2026-03-08,Мастер-класс
VIS_04250,EV_0050,INST_005,2026-03-08,Мастер-класс
VIS_03681,EV_0050,INST_005,2026-03-08,Мастер-класс
VIS_04971,EV_0050,INST_005,2026-03-08,Мастер-класс
VIS_01267,EV_0050,INST_005,2026-03-08,Мастер-класс
VIS_03015,EV_0050,INST_005,2026-03-08,Мастер-класс
VIS_03230,EV_0050,INST_005,2026-03-08,Мастер-класс
VIS_00286,EV_0050,INST_005,2026-03-08,Мастер-класс
VIS_00521,EV_0050,INST_005,2026-03-08,Мастер-класс
VIS_01222,EV_0050,INST_005,2026-03-08,Мастер-класс
VIS_04304,EV_0050,INST_005,2026-03-08,Мастер-класс
VIS_04804,EV_0050,INST_005,2026-03-08,Мастер-класс
VIS_03756,EV_0050,INST_005,2026-03-08,Мастер-класс
VIS_01801,EV_0050,INST_005,2026-03-08,Мастер-класс
VIS_04275,EV_0050,INST_005,2026-03-08,Мастер-класс
VIS_04656,EV_0050,INST_005,2026-03-08,Мастер-класс
VIS_01255,EV_0050,INST_005,2026-03-08,Мастер-класс
VIS_04327,EV_0050,INST_005,2026-03-08,Мастер-класс
VIS_01308,EV_0050,INST_005,2026-03-08,Мастер-класс
VIS_03075,EV_0050,INST_005,2026-03-08,Мастер-класс
VIS_00881,EV_0050,INST_005,2026-03-08,Мастер-класс
VIS_02572,EV_0050,INST_005,2026-03-08,Мастер-класс
VIS_00500,EV_0050,INST_005,2026-03-08,Мастер-класс
VIS_00360,EV_0050,INST_005,2026-03-08,Мастер-класс
VIS_00010,EV_0050,INST_005,2026-03-08,Мастер-класс
VIS_04536,EV_0050,INST_005,2026-03-08,Мастер-класс
VIS_03158,EV_0050,INST_005,2026-03-08,Мастер-класс
VIS_00400,EV_0156,INST_014,2026-03-08,Лекция
VIS_02052,EV_0156,INST_014,2026-03-08,Лекция
VIS_03641,EV_0156,INST_014,2026-03-08,Лекция
VIS_01329,EV_0156,INST_014,2026-03-08,Лекция
VIS_03646,EV_0156,INST_014,2026-03-08,Лекция
VIS_01393,EV_0156,INST_014,2026-03-08,Лекция
VIS_00557,EV_0156,INST_014,2026-03-08,Лекция
VIS_00222,EV_0156,INST_014,2026-03-08,Лекция
VIS_02874,EV_0156,INST_014,2026-03-08,Лекция
VIS_00042,EV_0156,INST_014,2026-03-08,Лекция
VIS_00170,EV_0156,INST_014,2026-03-08,Лекция
VIS_03993,EV_0156,INST_014,2026-03-08,Лекция
VIS_01172,EV_0156,INST_014,2026-03-08,Лекция
VIS_03039,EV_0156,INST_014,2026-03-08,Лекция
VIS_00981,EV_0156,INST_014,2026-03-08,Лекция
VIS_00064,EV_0156,INST_014,2026-03-08,Лекция
VIS_01071,EV_0156,INST_014,2026-03-08,Лекция
VIS_02892,EV_0156,INST_014,2026-03-08,Лекция
VIS_03306,EV_0156,INST_014,2026-03-08,Лекция
VIS_00580,EV_0156,INST_014,2026-03-08,Лекция
VIS_03194,EV_0156,INST_014,2026-03-08,Лекция
VIS_02424,EV_0156,INST_014,2026-03-08,Лекция
VIS_01910,EV_0156,INST_014,2026-03-08,Лекция
VIS_02843,EV_0156,INST_014,2026-03-08,Лекция
VIS_03118,EV_0156,INST_014,2026-03-08,Лекция
VIS_00941,EV_0156,INST_014,2026-03-08,Лекция
VIS_02893,EV_0156,INST_014,2026-03-08,Лекция
VIS_00101,EV_0156,INST_014,2026-03-08,Лекция
VIS_00409,EV_0156,INST_014,2026-03-08,Лекция
VIS_00433,EV_0156,INST_014,2026-03-08,Лекция
VIS_04043,EV_0156,INST_014,2026-03-08,Лекция
VIS_01986,EV_0156,INST_014,2026-03-08,Лекция
VIS_04463,EV_0156,INST_014,2026-03-08,Лекция
VIS_01489,EV_0156,INST_014,2026-03-08,Лекция
VIS_01682,EV_0156,INST_014,2026-03-08,Лекция
VIS_04592,EV_0156,INST_014,2026-03-08,Лекция
VIS_02689,EV_0156,INST_014,2026-03-08,Лекция
VIS_00680,EV_0156,INST_014,2026-03-08,Лекция
VIS_02994,EV_0156,INST_014,2026-03-08,Лекция
VIS_03933,EV_0156,INST_014,2026-03-08,Лекция
VIS_03153,EV_0156,INST_014,2026-03-08,Лекция
VIS_00160,EV_0156,INST_014,2026-03-08,Лекция
VIS_00909,EV_0156,INST_014,2026-03-08,Лекция
VIS_01141,EV_0156,INST_014,2026-03-08,Лекция
VIS_00002,EV_0156,INST_014,2026-03-08,Лекция
VIS_01497,EV_0156,INST_014,2026-03-08,Лекция
VIS_03154,EV_0156,INST_014,2026-03-08,Лекция
VIS_00501,EV_0156,INST_014,2026-03-08,Лекция
VIS_04132,EV_0156,INST_014,2026-03-08,Лекция
VIS_04155,EV_0156,INST_014,2026-03-08,Лекция
VIS_02982,EV_0156,INST_014,2026-03-08,Лекция
VIS_04401,EV_0156,INST_014,2026-03-08,Лекция
VIS_03471,EV_0156,INST_014,2026-03-08,Лекция
VIS_00152,EV_0156,INST_014,2026-03-08,Лекция
VIS_01829,EV_0156,INST_014,2026-03-08,Лекция
VIS_00687,EV_0156,INST_014,2026-03-08,Лекция
VIS_02515,EV_0156,INST_014,2026-03-08,Лекция
VIS_04855,EV_0156,INST_014,2026-03-08,Лекция
VIS_04557,EV_0005,INST_001,2026-03-10,Лекция
VIS_04414,EV_0005,INST_001,2026-03-10,Лекция
VIS_01807,EV_0005,INST_001,2026-03-10,Лекция
VIS_01220,EV_0005,INST_001,2026-03-10,Лекция
VIS_01762,EV_0005,INST_001,2026-03-10,Лекция
VIS_02570,EV_0005,INST_001,2026-03-10,Лекция
VIS_00220,EV_0005,INST_001,2026-03-10,Лекция
VIS_00871,EV_0005,INST_001,2026-03-10,Лекция
VIS_03133,EV_0005,INST_001,2026-03-10,Лекция
VIS_00077,EV_0005,INST_001,2026-03-10,Лекция
VIS_00487,EV_0005,INST_001,2026-03-10,Лекция
VIS_04275,EV_0005,INST_001,2026-03-10,Лекция
VIS_00849,EV_0005,INST_001,2026-03-10,Лекция
VIS_00910,EV_0005,INST_001,2026-03-10,Лекция
VIS_01415,EV_0005,INST_001,2026-03-10,Лекция
VIS_04954,EV_0005,INST_001,2026-03-10,Лекция
VIS_04831,EV_0005,INST_001,2026-03-10,Лекция
VIS_01785,EV_0005,INST_001,2026-03-10,Лекция
VIS_01410,EV_0005,INST_001,2026-03-10,Лекция
VIS_02236,EV_0005,INST_001,2026-03-10,Лекция
VIS_00081,EV_0005,INST_001,2026-03-10,Лекция
VIS_03354,EV_0005,INST_001,2026-03-10,Лекция
VIS_04886,EV_0005,INST_001,2026-03-10,Лекция
VIS_00494,EV_0005,INST_001,2026-03-10,Лекция
VIS_00515,EV_0005,INST_001,2026-03-10,Лекция
VIS_02937,EV_0005,INST_001,2026-03-10,Лекция
VIS_04431,EV_0005,INST_001,2026-03-10,Лекция
VIS_04510,EV_0005,INST_001,2026-03-10,Лекция
VIS_03699,EV_0005,INST_001,2026-03-10,Лекция
VIS_00441,EV_0005,INST_001,2026-03-10,Лекция
VIS_02398,EV_0005,INST_001,2026-03-10,Лекция
VIS_03225,EV_0005,INST_001,2026-03-10,Лекция
VIS_02389,EV_0005,INST_001,2026-03-10,Лекция
VIS_04234,EV_0005,INST_001,2026-03-10,Лекция
VIS_04124,EV_0005,INST_001,2026-03-10,Лекция
VIS_00894,EV_0005,INST_001,2026-03-10,Лекция
VIS_03534,EV_0005,INST_001,2026-03-10,Лекция
VIS_01603,EV_0005,INST_001,2026-03-10,Лекция
VIS_00212,EV_0005,INST_001,2026-03-10,Лекция
VIS_02634,EV_0005,INST_001,2026-03-10,Лекция
VIS_04907,EV_0005,INST_001,2026-03-10,Лекция
VIS_00484,EV_0005,INST_001,2026-03-10,Лекция
VIS_01464,EV_0005,INST_001,2026-03-10,Лекция
VIS_04277,EV_0005,INST_001,2026-03-10,Лекция
VIS_01097,EV_0005,INST_001,2026-03-10,Лекция
VIS_03568,EV_0005,INST_001,2026-03-10,Лекция
VIS_04118,EV_0005,INST_001,2026-03-10,Лекция
VIS_02414,EV_0005,INST_001,2026-03-10,Лекция
VIS_03486,EV_0005,INST_001,2026-03-10,Лекция
VIS_01635,EV_0005,INST_001,2026-03-10,Лекция
VIS_01363,EV_0060,INST_006,2026-03-13,Творческая встреча
VIS_01707,EV_0060,INST_006,2026-03-13,Творческая встреча
VIS_01569,EV_0060,INST_006,2026-03-13,Творческая встреча
VIS_00752,EV_0060,INST_006,2026-03-13,Творческая встреча
VIS_02606,EV_0060,INST_006,2026-03-13,Творческая встреча
VIS_01270,EV_0060,INST_006,2026-03-13,Творческая встреча
VIS_04569,EV_0060,INST_006,2026-03-13,Творческая встреча
VIS_00295,EV_0060,INST_006,2026-03-13,Творческая встреча
VIS_01440,EV_0060,INST_006,2026-03-13,Творческая встреча
VIS_01892,EV_0060,INST_006,2026-03-13,Творческая встреча
VIS_01309,EV_0060,INST_006,2026-03-13,Творческая встреча
VIS_00548,EV_0060,INST_006,2026-03-13,Творческая встреча
VIS_01298,EV_0060,INST_006,2026-03-13,Творческая встреча
VIS_02626,EV_0060,INST_006,2026-03-13,Творческая встреча
VIS_04110,EV_0060,INST_006,2026-03-13,Творческая встреча
VIS_00299,EV_0060,INST_006,2026-03-13,Творческая встреча
VIS_01432,EV_0060,INST_006,2026-03-13,Творческая встреча
VIS_04397,EV_0060,INST_006,2026-03-13,Творческая встреча
VIS_03632,EV_0060,INST_006,2026-03-13,Творческая встреча
VIS_02104,EV_0060,INST_006,2026-03-13,Творческая встреча
VIS_03411,EV_0060,INST_006,2026-03-13,Творческая встреча
VIS_01122,EV_0060,INST_006,2026-03-13,Творческая встреча
VIS_01258,EV_0060,INST_006,2026-03-13,Творческая встреча
VIS_04988,EV_0060,INST_006,2026-03-13,Творческая встреча
VIS_03363,EV_0060,INST_006,2026-03-13,Творческая встреча
VIS_02219,EV_0060,INST_006,2026-03-13,Творческая встреча
VIS_03520,EV_0060,INST_006,2026-03-13,Творческая встреча
VIS_00375,EV_0060,INST_006,2026-03-13,Творческая встреча
VIS_01648,EV_0060,INST_006,2026-03-13,Творческая встреча
VIS_03518,EV_0060,INST_006,2026-03-13,Творческая встреча
VIS_01497,EV_0060,INST_006,2026-03-13,Творческая встреча
VIS_03848,EV_0060,INST_006,2026-03-13,Творческая встреча
VIS_03747,EV_0060,INST_006,2026-03-13,Творческая встреча
VIS_00812,EV_0060,INST_006,2026-03-13,Творческая встреча
VIS_04060,EV_0060,INST_006,2026-03-13,Творческая встреча
VIS_01322,EV_0060,INST_006,2026-03-13,Творческая встреча
VIS_04762,EV_0060,INST_006,2026-03-13,Творческая встреча
VIS_02395,EV_0060,INST_006,2026-03-13,Творческая встреча
VIS_04010,EV_0060,INST_006,2026-03-13,Творческая встреча
VIS_04633,EV_0060,INST_006,2026-03-13,Творческая встреча
VIS_00607,EV_0060,INST_006,2026-03-13,Творческая встреча
VIS_00978,EV_0060,INST_006,2026-03-13,Творческая встреча
VIS_01184,EV_0060,INST_006,2026-03-13,Творческая встреча
VIS_01519,EV_0060,INST_006,2026-03-13,Творческая встреча
VIS_02719,EV_0060,INST_006,2026-03-13,Творческая встреча
VIS_02273,EV_0060,INST_006,2026-03-13,Творческая встреча
VIS_00924,EV_0060,INST_006,2026-03-13,Творческая встреча
VIS_03906,EV_0060,INST_006,2026-03-13,Творческая встреча
VIS_00269,EV_0060,INST_006,2026-03-13,Творческая встреча
VIS_00103,EV_0060,INST_006,2026-03-13,Творческая встреча
VIS_04440,EV_0060,INST_006,2026-03-13,Творческая встреча
VIS_04939,EV_0060,INST_006,2026-03-13,Творческая встреча
VIS_00168,EV_0060,INST_006,2026-03-13,Творческая встреча
VIS_00013,EV_0060,INST_006,2026-03-13,Творческая встреча
VIS_01120,EV_0060,INST_006,2026-03-13,Творческая встреча
VIS_03126,EV_0060,INST_006,2026-03-13,Творческая встреча
VIS_01241,EV_0060,INST_006,2026-03-13,Творческая встреча
VIS_04336,EV_0060,INST_006,2026-03-13,Творческая встреча
VIS_00945,EV_0060,INST_006,2026-03-13,Творческая встреча
VIS_03113,EV_0060,INST_006,2026-03-13,Творческая встреча
VIS_00830,EV_0060,INST_006,2026-03-13,Творческая встреча
VIS_02806,EV_0060,INST_006,2026-03-13,Творческая встреча
VIS_02358,EV_0060,INST_006,2026-03-13,Творческая встреча
VIS_00451,EV_0060,INST_006,2026-03-13,Творческая встреча
VIS_01894,EV_0060,INST_006,2026-03-13,Творческая встреча
VIS_03901,EV_0060,INST_006,2026-03-13,Творческая встреча
VIS_02657,EV_0060,INST_006,2026-03-13,Творческая встреча
VIS_01198,EV_0060,INST_006,2026-03-13,Творческая встреча
VIS_02952,EV_0060,INST_006,2026-03-13,Творческая встреча
VIS_04766,EV_0060,INST_006,2026-03-13,Творческая встреча
VIS_00326,EV_0060,INST_006,2026-03-13,Творческая встреча
VIS_01094,EV_0060,INST_006,2026-03-13,Творческая встреча
VIS_03405,EV_0060,INST_006,2026-03-13,Творческая встреча
VIS_03553,EV_0060,INST_006,2026-03-13,Творческая встреча
VIS_01480,EV_0060,INST_006,2026-03-13,Творческая встреча
VIS_00365,EV_0060,INST_006,2026-03-13,Творческая встреча
VIS_01213,EV_0060,INST_006,2026-03-13,Творческая встреча
VIS_02899,EV_0060,INST_006,2026-03-13,Творческая встреча
VIS_04946,EV_0060,INST_006,2026-03-13,Творческая встреча
VIS_04511,EV_0060,INST_006,2026-03-13,Творческая встреча
VIS_02292,EV_0060,INST_006,2026-03-13,Творческая встреча
VIS_03552,EV_0060,INST_006,2026-03-13,Творческая встреча
VIS_03491,EV_0060,INST_006,2026-03-13,Творческая встреча
VIS_04493,EV_0140,INST_012,2026-03-13,Лекция
VIS_01435,EV_0140,INST_012,2026-03-13,Лекция
VIS_01907,EV_0140,INST_012,2026-03-13,Лекция
VIS_01238,EV_0140,INST_012,2026-03-13,Лекция
VIS_00075,EV_0140,INST_012,2026-03-13,Лекция
VIS_02466,EV_0140,INST_012,2026-03-13,Лекция
VIS_01954,EV_0140,INST_012,2026-03-13,Лекция
VIS_02750,EV_0140,INST_012,2026-03-13,Лекция
VIS_04913,EV_0140,INST_012,2026-03-13,Лекция
VIS_03729,EV_0140,INST_012,2026-03-13,Лекция
VIS_01134,EV_0140,INST_012,2026-03-13,Лекция
VIS_01070,EV_0140,INST_012,2026-03-13,Лекция
VIS_01096,EV_0140,INST_012,2026-03-13,Лекция
VIS_02924,EV_0140,INST_012,2026-03-13,Лекция
VIS_04576,EV_0140,INST_012,2026-03-13,Лекция
VIS_02621,EV_0140,INST_012,2026-03-13,Лекция
VIS_01076,EV_0140,INST_012,2026-03-13,Лекция
VIS_02546,EV_0140,INST_012,2026-03-13,Лекция
VIS_00467,EV_0140,INST_012,2026-03-13,Лекция
VIS_03184,EV_0140,INST_012,2026-03-13,Лекция
VIS_00976,EV_0140,INST_012,2026-03-13,Лекция
VIS_04966,EV_0140,INST_012,2026-03-13,Лекция
VIS_04985,EV_0140,INST_012,2026-03-13,Лекция
VIS_02075,EV_0140,INST_012,2026-03-13,Лекция
VIS_02005,EV_0140,INST_012,2026-03-13,Лекция
VIS_02130,EV_0140,INST_012,2026-03-13,Лекция
VIS_00627,EV_0140,INST_012,2026-03-13,Лекция
VIS_02898,EV_0140,INST_012,2026-03-13,Лекция
VIS_01375,EV_0140,INST_012,2026-03-13,Лекция
VIS_00996,EV_0140,INST_012,2026-03-13,Лекция
VIS_02565,EV_0140,INST_012,2026-03-13,Лекция
VIS_04368,EV_0140,INST_012,2026-03-13,Лекция
VIS_04357,EV_0140,INST_012,2026-03-13,Лекция
VIS_01548,EV_0140,INST_012,2026-03-13,Лекция
VIS_04895,EV_0140,INST_012,2026-03-13,Лекция
VIS_04774,EV_0140,INST_012,2026-03-13,Лекция
VIS_01711,EV_0140,INST_012,2026-03-13,Лекция
VIS_04555,EV_0140,INST_012,2026-03-13,Лекция
VIS_02834,EV_0140,INST_012,2026-03-13,Лекция
VIS_04360,EV_0140,INST_012,2026-03-13,Лекция
VIS_01447,EV_0140,INST_012,2026-03-13,Лекция
VIS_01037,EV_0140,INST_012,2026-03-13,Лекция
VIS_00973,EV_0140,INST_012,2026-03-13,Лекция
VIS_04334,EV_0140,INST_012,2026-03-13,Лекция
VIS_02624,EV_0140,INST_012,2026-03-13,Лекция
VIS_03172,EV_0140,INST_012,2026-03-13,Лекция
VIS_00968,EV_0140,INST_012,2026-03-13,Лекция
VIS_02157,EV_0140,INST_012,2026-03-13,Лекция
VIS_02640,EV_0140,INST_012,2026-03-13,Лекция
VIS_04402,EV_0140,INST_012,2026-03-13,Лекция
VIS_03763,EV_0140,INST_012,2026-03-13,Лекция
VIS_02798,EV_0140,INST_012,2026-03-13,Лекция
VIS_01667,EV_0140,INST_012,2026-03-13,Лекция
VIS_03283,EV_0140,INST_012,2026-03-13,Лекция
VIS_02963,EV_0140,INST_012,2026-03-13,Лекция
VIS_02071,EV_0140,INST_012,2026-03-13,Лекция
VIS_03828,EV_0140,INST_012,2026-03-13,Лекция
VIS_03457,EV_0140,INST_012,2026-03-13,Лекция
VIS_01650,EV_0140,INST_012,2026-03-13,Лекция
VIS_02272,EV_0140,INST_012,2026-03-13,Лекция
VIS_04412,EV_0140,INST_012,2026-03-13,Лекция
VIS_02770,EV_0140,INST_012,2026-03-13,Лекция
VIS_02182,EV_0140,INST_012,2026-03-13,Лекция
VIS_02293,EV_0140,INST_012,2026-03-13,Лекция
VIS_00445,EV_0140,INST_012,2026-03-13,Лекция
VIS_01055,EV_0140,INST_012,2026-03-13,Лекция
VIS_03435,EV_0140,INST_012,2026-03-13,Лекция
VIS_03544,EV_0140,INST_012,2026-03-13,Лекция
VIS_04483,EV_0140,INST_012,2026-03-13,Лекция
VIS_01839,EV_0140,INST_012,2026-03-13,Лекция
VIS_03653,EV_0140,INST_012,2026-03-13,Лекция
VIS_00022,EV_0140,INST_012,2026-03-13,Лекция
VIS_04321,EV_0140,INST_012,2026-03-13,Лекция
VIS_02622,EV_0140,INST_012,2026-03-13,Лекция
VIS_04537,EV_0140,INST_012,2026-03-13,Лекция
VIS_02660,EV_0140,INST_012,2026-03-13,Лекция
VIS_03616,EV_0140,INST_012,2026-03-13,Лекция
VIS_00140,EV_0140,INST_012,2026-03-13,Лекция
VIS_01242,EV_0140,INST_012,2026-03-13,Лекция
VIS_04157,EV_0140,INST_012,2026-03-13,Лекция
VIS_01166,EV_0140,INST_012,2026-03-13,Лекция
VIS_04001,EV_0140,INST_012,2026-03-13,Лекция
VIS_00202,EV_0140,INST_012,2026-03-13,Лекция
VIS_04810,EV_0140,INST_012,2026-03-13,Лекция
VIS_00620,EV_0140,INST_012,2026-03-13,Лекция
VIS_03193,EV_0140,INST_012,2026-03-13,Лекция
VIS_04753,EV_0140,INST_012,2026-03-13,Лекция
VIS_02230,EV_0140,INST_012,2026-03-13,Лекция
VIS_01504,EV_0140,INST_012,2026-03-13,Лекция
VIS_04942,EV_0140,INST_012,2026-03-13,Лекция
VIS_01877,EV_0140,INST_012,2026-03-13,Лекция
VIS_00288,EV_0140,INST_012,2026-03-13,Лекция
VIS_03152,EV_0140,INST_012,2026-03-13,Лекция
VIS_01865,EV_0140,INST_012,2026-03-13,Лекция
VIS_00771,EV_0140,INST_012,2026-03-13,Лекция
VIS_00698,EV_0140,INST_012,2026-03-13,Лекция
VIS_00806,EV_0140,INST_012,2026-03-13,Лекция
VIS_01792,EV_0140,INST_012,2026-03-13,Лекция
VIS_00191,EV_0140,INST_012,2026-03-13,Лекция
VIS_01120,EV_0140,INST_012,2026-03-13,Лекция
VIS_01887,EV_0140,INST_012,2026-03-13,Лекция
VIS_01355,EV_0140,INST_012,2026-03-13,Лекция
VIS_02089,EV_0140,INST_012,2026-03-13,Лекция
VIS_00992,EV_0140,INST_012,2026-03-13,Лекция
VIS_02072,EV_0140,INST_012,2026-03-13,Лекция
VIS_01247,EV_0140,INST_012,2026-03-13,Лекция
VIS_02710,EV_0140,INST_012,2026-03-13,Лекция
VIS_02864,EV_0140,INST_012,2026-03-13,Лекция
VIS_04442,EV_0140,INST_012,2026-03-13,Лекция
VIS_03870,EV_0140,INST_012,2026-03-13,Лекция
VIS_01905,EV_0140,INST_012,2026-03-13,Лекция
VIS_04212,EV_0140,INST_012,2026-03-13,Лекция
VIS_00654,EV_0140,INST_012,2026-03-13,Лекция
VIS_04550,EV_0140,INST_012,2026-03-13,Лекция
VIS_01674,EV_0140,INST_012,2026-03-13,Лекция
VIS_02813,EV_0140,INST_012,2026-03-13,Лекция
VIS_04147,EV_0140,INST_012,2026-03-13,Лекция
VIS_01142,EV_0140,INST_012,2026-03-13,Лекция
VIS_02018,EV_0084,INST_007,2026-03-14,Выставка
VIS_04131,EV_0084,INST_007,2026-03-14,Выставка
VIS_03801,EV_0084,INST_007,2026-03-14,Выставка
VIS_04326,EV_0084,INST_007,2026-03-14,Выставка
VIS_00889,EV_0084,INST_007,2026-03-14,Выставка
VIS_03351,EV_0084,INST_007,2026-03-14,Выставка
VIS_01419,EV_0084,INST_007,2026-03-14,Выставка
VIS_03320,EV_0084,INST_007,2026-03-14,Выставка
VIS_00158,EV_0084,INST_007,2026-03-14,Выставка
VIS_04357,EV_0084,INST_007,2026-03-14,Выставка
VIS_03386,EV_0084,INST_007,2026-03-14,Выставка
VIS_02315,EV_0084,INST_007,2026-03-14,Выставка
VIS_00250,EV_0084,INST_007,2026-03-14,Выставка
VIS_01302,EV_0084,INST_007,2026-03-14,Выставка
VIS_00638,EV_0084,INST_007,2026-03-14,Выставка
VIS_03449,EV_0084,INST_007,2026-03-14,Выставка
VIS_02598,EV_0084,INST_007,2026-03-14,Выставка
VIS_03286,EV_0084,INST_007,2026-03-14,Выставка
VIS_03215,EV_0084,INST_007,2026-03-14,Выставка
VIS_04950,EV_0084,INST_007,2026-03-14,Выставка
VIS_01981,EV_0084,INST_007,2026-03-14,Выставка
VIS_02757,EV_0084,INST_007,2026-03-14,Выставка
VIS_04834,EV_0084,INST_007,2026-03-14,Выставка
VIS_02631,EV_0084,INST_007,2026-03-14,Выставка
VIS_04803,EV_0084,INST_007,2026-03-14,Выставка
VIS_04174,EV_0084,INST_007,2026-03-14,Выставка
VIS_03811,EV_0084,INST_007,2026-03-14,Выставка
VIS_00391,EV_0084,INST_007,2026-03-14,Выставка
VIS_00295,EV_0084,INST_007,2026-03-14,Выставка
VIS_04758,EV_0084,INST_007,2026-03-14,Выставка
VIS_03006,EV_0084,INST_007,2026-03-14,Выставка
VIS_01118,EV_0084,INST_007,2026-03-14,Выставка
VIS_04688,EV_0084,INST_007,2026-03-14,Выставка
VIS_00463,EV_0084,INST_007,2026-03-14,Выставка
VIS_00222,EV_0192,INST_017,2026-03-14,Творческая встреча
VIS_02447,EV_0192,INST_017,2026-03-14,Творческая встреча
VIS_02459,EV_0192,INST_017,2026-03-14,Творческая встреча
VIS_01285,EV_0192,INST_017,2026-03-14,Творческая встреча
VIS_02573,EV_0192,INST_017,2026-03-14,Творческая встреча
VIS_03547,EV_0192,INST_017,2026-03-14,Творческая встреча
VIS_04424,EV_0192,INST_017,2026-03-14,Творческая встреча
VIS_01139,EV_0192,INST_017,2026-03-14,Творческая встреча
VIS_04199,EV_0192,INST_017,2026-03-14,Творческая встреча
VIS_00712,EV_0192,INST_017,2026-03-14,Творческая встреча
VIS_02054,EV_0192,INST_017,2026-03-14,Творческая встреча
VIS_00568,EV_0192,INST_017,2026-03-14,Творческая встреча
VIS_04402,EV_0192,INST_017,2026-03-14,Творческая встреча
VIS_04183,EV_0192,INST_017,2026-03-14,Творческая встреча
VIS_01620,EV_0192,INST_017,2026-03-14,Творческая встреча
VIS_04571,EV_0192,INST_017,2026-03-14,Творческая встреча
VIS_00774,EV_0192,INST_017,2026-03-14,Творческая встреча
VIS_02058,EV_0192,INST_017,2026-03-14,Творческая встреча
VIS_03267,EV_0192,INST_017,2026-03-14,Творческая встреча
VIS_02395,EV_0192,INST_017,2026-03-14,Творческая встреча
VIS_03911,EV_0192,INST_017,2026-03-14,Творческая встреча
VIS_03803,EV_0192,INST_017,2026-03-14,Творческая встреча
VIS_01618,EV_0192,INST_017,2026-03-14,Творческая встреча
VIS_00274,EV_0192,INST_017,2026-03-14,Творческая встреча
VIS_03658,EV_0192,INST_017,2026-03-14,Творческая встреча
VIS_03464,EV_0192,INST_017,2026-03-14,Творческая встреча
VIS_02191,EV_0192,INST_017,2026-03-14,Творческая встреча
VIS_03822,EV_0192,INST_017,2026-03-14,Творческая встреча
VIS_03100,EV_0192,INST_017,2026-03-14,Творческая встреча
VIS_04018,EV_0192,INST_017,2026-03-14,Творческая встреча
VIS_02040,EV_0192,INST_017,2026-03-14,Творческая встреча
VIS_01917,EV_0192,INST_017,2026-03-14,Творческая встреча
VIS_03886,EV_0192,INST_017,2026-03-14,Творческая встреча
VIS_01069,EV_0192,INST_017,2026-03-14,Творческая встреча
VIS_02462,EV_0192,INST_017,2026-03-14,Творческая встреча
VIS_01416,EV_0192,INST_017,2026-03-14,Творческая встреча
VIS_01533,EV_0192,INST_017,2026-03-14,Творческая встреча
VIS_04156,EV_0192,INST_017,2026-03-14,Творческая встреча
VIS_00379,EV_0192,INST_017,2026-03-14,Творческая встреча
VIS_02146,EV_0192,INST_017,2026-03-14,Творческая встреча
VIS_03353,EV_0192,INST_017,2026-03-14,Творческая встреча
VIS_04931,EV_0192,INST_017,2026-03-14,Творческая встреча
VIS_00084,EV_0192,INST_017,2026-03-14,Творческая встреча
VIS_04984,EV_0192,INST_017,2026-03-14,Творческая встреча
VIS_02542,EV_0192,INST_017,2026-03-14,Творческая встреча
VIS_01213,EV_0192,INST_017,2026-03-14,Творческая встреча
VIS_03207,EV_0192,INST_017,2026-03-14,Творческая встреча
VIS_02504,EV_0192,INST_017,2026-03-14,Творческая встреча
VIS_04536,EV_0192,INST_017,2026-03-14,Творческая встреча
VIS_01824,EV_0192,INST_017,2026-03-14,Творческая встреча
VIS_01160,EV_0192,INST_017,2026-03-14,Творческая встреча
VIS_04735,EV_0192,INST_017,2026-03-14,Творческая встреча
VIS_02456,EV_0192,INST_017,2026-03-14,Творческая встреча
VIS_04088,EV_0192,INST_017,2026-03-14,Творческая встреча
VIS_01756,EV_0192,INST_017,2026-03-14,Творческая встреча
VIS_01483,EV_0192,INST_017,2026-03-14,Творческая встреча
VIS_04381,EV_0192,INST_017,2026-03-14,Творческая встреча
VIS_03475,EV_0192,INST_017,2026-03-14,Творческая встреча
VIS_00457,EV_0192,INST_017,2026-03-14,Творческая встреча
VIS_04949,EV_0192,INST_017,2026-03-14,Творческая встреча
VIS_02326,EV_0192,INST_017,2026-03-14,Творческая встреча
VIS_01291,EV_0192,INST_017,2026-03-14,Творческая встреча
VIS_02952,EV_0192,INST_017,2026-03-14,Творческая встреча
VIS_02848,EV_0192,INST_017,2026-03-14,Творческая встреча
VIS_00844,EV_0192,INST_017,2026-03-14,Творческая встреча
VIS_01236,EV_0192,INST_017,2026-03-14,Творческая встреча
VIS_03713,EV_0192,INST_017,2026-03-14,Творческая встреча
VIS_02725,EV_0192,INST_017,2026-03-14,Творческая встреча
VIS_02118,EV_0192,INST_017,2026-03-14,Творческая встреча
VIS_02528,EV_0192,INST_017,2026-03-14,Творческая встреча
VIS_01114,EV_0027,INST_002,2026-03-19,Лекция
VIS_02031,EV_0027,INST_002,2026-03-19,Лекция
VIS_01075,EV_0027,INST_002,2026-03-19,Лекция
VIS_01975,EV_0027,INST_002,2026-03-19,Лекция
VIS_03113,EV_0027,INST_002,2026-03-19,Лекция
VIS_01062,EV_0027,INST_002,2026-03-19,Лекция
VIS_03505,EV_0027,INST_002,2026-03-19,Лекция
VIS_04035,EV_0027,INST_002,2026-03-19,Лекция
VIS_01294,EV_0027,INST_002,2026-03-19,Лекция
VIS_04724,EV_0027,INST_002,2026-03-19,Лекция
VIS_00466,EV_0027,INST_002,2026-03-19,Лекция
VIS_01971,EV_0027,INST_002,2026-03-19,Лекция
VIS_03591,EV_0027,INST_002,2026-03-19,Лекция
VIS_04562,EV_0027,INST_002,2026-03-19,Лекция
VIS_02160,EV_0027,INST_002,2026-03-19,Лекция
VIS_02837,EV_0027,INST_002,2026-03-19,Лекция
VIS_02870,EV_0027,INST_002,2026-03-19,Лекция
VIS_01251,EV_0027,INST_002,2026-03-19,Лекция
VIS_00111,EV_0027,INST_002,2026-03-19,Лекция
VIS_03779,EV_0027,INST_002,2026-03-19,Лекция
VIS_02409,EV_0027,INST_002,2026-03-19,Лекция
VIS_02534,EV_0027,INST_002,2026-03-19,Лекция
VIS_00600,EV_0027,INST_002,2026-03-19,Лекция
VIS_04713,EV_0027,INST_002,2026-03-19,Лекция
VIS_04082,EV_0027,INST_002,2026-03-19,Лекция
VIS_02072,EV_0027,INST_002,2026-03-19,Лекция
VIS_01933,EV_0027,INST_002,2026-03-19,Лекция
VIS_02058,EV_0027,INST_002,2026-03-19,Лекция
VIS_01676,EV_0027,INST_002,2026-03-19,Лекция
VIS_02370,EV_0027,INST_002,2026-03-19,Лекция
VIS_04203,EV_0027,INST_002,2026-03-19,Лекция
VIS_04058,EV_0027,INST_002,2026-03-19,Лекция
VIS_03420,EV_0027,INST_002,2026-03-19,Лекция
VIS_00088,EV_0027,INST_002,2026-03-19,Лекция
VIS_02175,EV_0027,INST_002,2026-03-19,Лекция
VIS_00735,EV_0027,INST_002,2026-03-19,Лекция
VIS_03088,EV_0027,INST_002,2026-03-19,Лекция
VIS_00654,EV_0027,INST_002,2026-03-19,Лекция
VIS_02692,EV_0027,INST_002,2026-03-19,Лекция
VIS_04385,EV_0027,INST_002,2026-03-19,Лекция
VIS_00188,EV_0027,INST_002,2026-03-19,Лекция
VIS_03493,EV_0027,INST_002,2026-03-19,Лекция
VIS_01529,EV_0027,INST_002,2026-03-19,Лекция
VIS_02150,EV_0027,INST_002,2026-03-19,Лекция
VIS_02960,EV_0027,INST_002,2026-03-19,Лекция
VIS_03494,EV_0027,INST_002,2026-03-19,Лекция
VIS_00113,EV_0027,INST_002,2026-03-19,Лекция
VIS_04353,EV_0027,INST_002,2026-03-19,Лекция
VIS_04478,EV_0027,INST_002,2026-03-19,Лекция
VIS_03263,EV_0027,INST_002,2026-03-19,Лекция
VIS_01254,EV_0027,INST_002,2026-03-19,Лекция
VIS_04210,EV_0027,INST_002,2026-03-19,Лекция
VIS_03165,EV_0027,INST_002,2026-03-19,Лекция
VIS_01938,EV_0027,INST_002,2026-03-19,Лекция
VIS_03415,EV_0027,INST_002,2026-03-19,Лекция
VIS_04300,EV_0027,INST_002,2026-03-19,Лекция
VIS_04944,EV_0027,INST_002,2026-03-19,Лекция
VIS_04657,EV_0027,INST_002,2026-03-19,Лекция
VIS_00955,EV_0027,INST_002,2026-03-19,Лекция
VIS_03235,EV_0027,INST_002,2026-03-19,Лекция
VIS_01968,EV_0027,INST_002,2026-03-19,Лекция
VIS_00546,EV_0027,INST_002,2026-03-19,Лекция
VIS_04845,EV_0027,INST_002,2026-03-19,Лекция
VIS_04304,EV_0027,INST_002,2026-03-19,Лекция
VIS_04646,EV_0027,INST_002,2026-03-19,Лекция
VIS_00970,EV_0027,INST_002,2026-03-19,Лекция
VIS_04529,EV_0027,INST_002,2026-03-19,Лекция
VIS_04021,EV_0027,INST_002,2026-03-19,Лекция
VIS_00414,EV_0027,INST_002,2026-03-19,Лекция
VIS_00951,EV_0027,INST_002,2026-03-19,Лекция
VIS_03474,EV_0027,INST_002,2026-03-19,Лекция
VIS_04785,EV_0027,INST_002,2026-03-19,Лекция
VIS_02418,EV_0027,INST_002,2026-03-19,Лекция
VIS_00196,EV_0027,INST_002,2026-03-19,Лекция
VIS_03416,EV_0027,INST_002,2026-03-19,Лекция
VIS_03142,EV_0027,INST_002,2026-03-19,Лекция
VIS_02268,EV_0027,INST_002,2026-03-19,Лекция
VIS_00844,EV_0027,INST_002,2026-03-19,Лекция
VIS_04493,EV_0027,INST_002,2026-03-19,Лекция
VIS_00939,EV_0027,INST_002,2026-03-19,Лекция
VIS_02329,EV_0027,INST_002,2026-03-19,Лекция
VIS_04449,EV_0027,INST_002,2026-03-19,Лекция
VIS_04177,EV_0037,INST_003,2026-03-19,Выставка
VIS_02336,EV_0037,INST_003,2026-03-19,Выставка
VIS_00289,EV_0037,INST_003,2026-03-19,Выставка
VIS_01488,EV_0037,INST_003,2026-03-19,Выставка
VIS_04359,EV_0037,INST_003,2026-03-19,Выставка
VIS_02795,EV_0037,INST_003,2026-03-19,Выставка
VIS_01612,EV_0037,INST_003,2026-03-19,Выставка
VIS_03281,EV_0037,INST_003,2026-03-19,Выставка
VIS_01680,EV_0037,INST_003,2026-03-19,Выставка
VIS_00597,EV_0037,INST_003,2026-03-19,Выставка
VIS_01998,EV_0037,INST_003,2026-03-19,Выставка
VIS_01140,EV_0037,INST_003,2026-03-19,Выставка
VIS_01586,EV_0037,INST_003,2026-03-19,Выставка
VIS_01409,EV_0037,INST_003,2026-03-19,Выставка
VIS_03978,EV_0037,INST_003,2026-03-19,Выставка
VIS_00008,EV_0037,INST_003,2026-03-19,Выставка
VIS_00152,EV_0037,INST_003,2026-03-19,Выставка
VIS_01470,EV_0037,INST_003,2026-03-19,Выставка
VIS_04065,EV_0037,INST_003,2026-03-19,Выставка
VIS_00137,EV_0037,INST_003,2026-03-19,Выставка
VIS_00945,EV_0037,INST_003,2026-03-19,Выставка
VIS_04337,EV_0037,INST_003,2026-03-19,Выставка
VIS_04465,EV_0037,INST_003,2026-03-19,Выставка
VIS_00074,EV_0037,INST_003,2026-03-19,Выставка
VIS_01176,EV_0037,INST_003,2026-03-19,Выставка
VIS_00940,EV_0037,INST_003,2026-03-19,Выставка
VIS_02798,EV_0037,INST_003,2026-03-19,Выставка
VIS_01530,EV_0037,INST_003,2026-03-19,Выставка
VIS_03996,EV_0037,INST_003,2026-03-19,Выставка
VIS_04985,EV_0037,INST_003,2026-03-19,Выставка
VIS_01636,EV_0037,INST_003,2026-03-19,Выставка
VIS_01999,EV_0037,INST_003,2026-03-19,Выставка
VIS_03352,EV_0037,INST_003,2026-03-19,Выставка
VIS_03198,EV_0037,INST_003,2026-03-19,Выставка
VIS_00290,EV_0037,INST_003,2026-03-19,Выставка
VIS_03892,EV_0037,INST_003,2026-03-19,Выставка
VIS_02074,EV_0037,INST_003,2026-03-19,Выставка
VIS_00810,EV_0037,INST_003,2026-03-19,Выставка
VIS_04739,EV_0037,INST_003,2026-03-19,Выставка
VIS_00199,EV_0037,INST_003,2026-03-19,Выставка
VIS_03148,EV_0037,INST_003,2026-03-19,Выставка
VIS_02267,EV_0037,INST_003,2026-03-19,Выставка
VIS_02087,EV_0037,INST_003,2026-03-19,Выставка
VIS_00665,EV_0037,INST_003,2026-03-19,Выставка
VIS_02165,EV_0037,INST_003,2026-03-19,Выставка
VIS_03246,EV_0037,INST_003,2026-03-19,Выставка
VIS_04001,EV_0037,INST_003,2026-03-19,Выставка
VIS_03730,EV_0037,INST_003,2026-03-19,Выставка
VIS_02341,EV_0037,INST_003,2026-03-19,Выставка
VIS_01534,EV_0037,INST_003,2026-03-19,Выставка
VIS_03582,EV_0037,INST_003,2026-03-19,Выставка
VIS_00832,EV_0119,INST_010,2026-03-19,Мастер-класс
VIS_04059,EV_0119,INST_010,2026-03-19,Мастер-класс
VIS_02178,EV_0119,INST_010,2026-03-19,Мастер-класс
VIS_03850,EV_0119,INST_010,2026-03-19,Мастер-класс
VIS_01716,EV_0119,INST_010,2026-03-19,Мастер-класс
VIS_00520,EV_0119,INST_010,2026-03-19,Мастер-класс
VIS_00318,EV_0119,INST_010,2026-03-19,Мастер-класс
VIS_01725,EV_0119,INST_010,2026-03-19,Мастер-класс
VIS_00020,EV_0119,INST_010,2026-03-19,Мастер-класс
VIS_01130,EV_0119,INST_010,2026-03-19,Мастер-класс
VIS_04145,EV_0119,INST_010,2026-03-19,Мастер-класс
VIS_01100,EV_0119,INST_010,2026-03-19,Мастер-класс
VIS_01547,EV_0119,INST_010,2026-03-19,Мастер-класс
VIS_03377,EV_0119,INST_010,2026-03-19,Мастер-класс
VIS_03389,EV_0119,INST_010,2026-03-19,Мастер-класс
VIS_03945,EV_0119,INST_010,2026-03-19,Мастер-класс
VIS_01269,EV_0119,INST_010,2026-03-19,Мастер-класс
VIS_01060,EV_0119,INST_010,2026-03-19,Мастер-класс
VIS_02411,EV_0119,INST_010,2026-03-19,Мастер-класс
VIS_03610,EV_0119,INST_010,2026-03-19,Мастер-класс
VIS_00510,EV_0119,INST_010,2026-03-19,Мастер-класс
VIS_02755,EV_0119,INST_010,2026-03-19,Мастер-класс
VIS_02100,EV_0119,INST_010,2026-03-19,Мастер-класс
VIS_02726,EV_0119,INST_010,2026-03-19,Мастер-класс
VIS_03760,EV_0119,INST_010,2026-03-19,Мастер-класс
VIS_04980,EV_0119,INST_010,2026-03-19,Мастер-класс
VIS_01611,EV_0119,INST_010,2026-03-19,Мастер-класс
VIS_02688,EV_0119,INST_010,2026-03-19,Мастер-класс
VIS_02694,EV_0119,INST_010,2026-03-19,Мастер-класс
VIS_04657,EV_0119,INST_010,2026-03-19,Мастер-класс
VIS_04190,EV_0119,INST_010,2026-03-19,Мастер-класс
VIS_00657,EV_0119,INST_010,2026-03-19,Мастер-класс
VIS_00123,EV_0119,INST_010,2026-03-19,Мастер-класс
VIS_04868,EV_0119,INST_010,2026-03-19,Мастер-класс
VIS_00855,EV_0119,INST_010,2026-03-19,Мастер-класс
VIS_03051,EV_0119,INST_010,2026-03-19,Мастер-класс
VIS_01988,EV_0119,INST_010,2026-03-19,Мастер-класс
VIS_04210,EV_0119,INST_010,2026-03-19,Мастер-класс
VIS_04928,EV_0119,INST_010,2026-03-19,Мастер-класс
VIS_04011,EV_0119,INST_010,2026-03-19,Мастер-класс
VIS_00022,EV_0119,INST_010,2026-03-19,Мастер-класс
VIS_01881,EV_0119,INST_010,2026-03-19,Мастер-класс
VIS_02495,EV_0119,INST_010,2026-03-19,Мастер-класс
VIS_04381,EV_0119,INST_010,2026-03-19,Мастер-класс
VIS_00990,EV_0119,INST_010,2026-03-19,Мастер-класс
VIS_02845,EV_0157,INST_014,2026-03-19,Лекция
VIS_02365,EV_0157,INST_014,2026-03-19,Лекция
VIS_02985,EV_0157,INST_014,2026-03-19,Лекция
VIS_00909,EV_0157,INST_014,2026-03-19,Лекция
VIS_01928,EV_0157,INST_014,2026-03-19,Лекция
VIS_01638,EV_0157,INST_014,2026-03-19,Лекция
VIS_01857,EV_0157,INST_014,2026-03-19,Лекция
VIS_04688,EV_0157,INST_014,2026-03-19,Лекция
VIS_01489,EV_0157,INST_014,2026-03-19,Лекция
VIS_04028,EV_0157,INST_014,2026-03-19,Лекция
VIS_01081,EV_0157,INST_014,2026-03-19,Лекция
VIS_01649,EV_0157,INST_014,2026-03-19,Лекция
VIS_04855,EV_0157,INST_014,2026-03-19,Лекция
VIS_02535,EV_0157,INST_014,2026-03-19,Лекция
VIS_01429,EV_0157,INST_014,2026-03-19,Лекция
VIS_04383,EV_0157,INST_014,2026-03-19,Лекция
VIS_01179,EV_0157,INST_014,2026-03-19,Лекция
VIS_00619,EV_0157,INST_014,2026-03-19,Лекция
VIS_00309,EV_0157,INST_014,2026-03-19,Лекция
VIS_02372,EV_0157,INST_014,2026-03-19,Лекция
VIS_04080,EV_0157,INST_014,2026-03-19,Лекция
VIS_00941,EV_0157,INST_014,2026-03-19,Лекция
VIS_03208,EV_0157,INST_014,2026-03-19,Лекция
VIS_00890,EV_0157,INST_014,2026-03-19,Лекция
VIS_03615,EV_0157,INST_014,2026-03-19,Лекция
VIS_01731,EV_0157,INST_014,2026-03-19,Лекция
VIS_03194,EV_0157,INST_014,2026-03-19,Лекция
VIS_04420,EV_0157,INST_014,2026-03-19,Лекция
VIS_01208,EV_0157,INST_014,2026-03-19,Лекция
VIS_04848,EV_0157,INST_014,2026-03-19,Лекция
VIS_00981,EV_0157,INST_014,2026-03-19,Лекция
VIS_00687,EV_0157,INST_014,2026-03-19,Лекция
VIS_01196,EV_0157,INST_014,2026-03-19,Лекция
VIS_04955,EV_0157,INST_014,2026-03-19,Лекция
VIS_00064,EV_0157,INST_014,2026-03-19,Лекция
VIS_00101,EV_0157,INST_014,2026-03-19,Лекция
VIS_01462,EV_0157,INST_014,2026-03-19,Лекция
VIS_03994,EV_0157,INST_014,2026-03-19,Лекция
VIS_00623,EV_0157,INST_014,2026-03-19,Лекция
VIS_03160,EV_0157,INST_014,2026-03-19,Лекция
VIS_00521,EV_0157,INST_014,2026-03-19,Лекция
VIS_00542,EV_0157,INST_014,2026-03-19,Лекция
VIS_00424,EV_0157,INST_014,2026-03-19,Лекция
VIS_04615,EV_0157,INST_014,2026-03-19,Лекция
VIS_03695,EV_0157,INST_014,2026-03-19,Лекция
VIS_00774,EV_0157,INST_014,2026-03-19,Лекция
VIS_01723,EV_0157,INST_014,2026-03-19,Лекция
VIS_00454,EV_0157,INST_014,2026-03-19,Лекция
VIS_02515,EV_0157,INST_014,2026-03-19,Лекция
VIS_00979,EV_0157,INST_014,2026-03-19,Лекция
VIS_04138,EV_0157,INST_014,2026-03-19,Лекция
VIS_04919,EV_0157,INST_014,2026-03-19,Лекция
VIS_03456,EV_0157,INST_014,2026-03-19,Лекция
VIS_01759,EV_0157,INST_014,2026-03-19,Лекция
VIS_03903,EV_0157,INST_014,2026-03-19,Лекция
VIS_01375,EV_0157,INST_014,2026-03-19,Лекция
VIS_04743,EV_0157,INST_014,2026-03-19,Лекция
VIS_04505,EV_0157,INST_014,2026-03-19,Лекция
VIS_02958,EV_0157,INST_014,2026-03-19,Лекция
VIS_02910,EV_0157,INST_014,2026-03-19,Лекция
VIS_02519,EV_0157,INST_014,2026-03-19,Лекция
VIS_04054,EV_0157,INST_014,2026-03-19,Лекция
VIS_00117,EV_0157,INST_014,2026-03-19,Лекция
VIS_03058,EV_0157,INST_014,2026-03-19,Лекция
VIS_04166,EV_0157,INST_014,2026-03-19,Лекция
VIS_03555,EV_0157,INST_014,2026-03-19,Лекция
VIS_02798,EV_0157,INST_014,2026-03-19,Лекция
VIS_00704,EV_0157,INST_014,2026-03-19,Лекция
VIS_04372,EV_0157,INST_014,2026-03-19,Лекция
VIS_01246,EV_0157,INST_014,2026-03-19,Лекция
VIS_03447,EV_0157,INST_014,2026-03-19,Лекция
VIS_00933,EV_0157,INST_014,2026-03-19,Лекция
VIS_03285,EV_0157,INST_014,2026-03-19,Лекция
VIS_04582,EV_0157,INST_014,2026-03-19,Лекция
VIS_03666,EV_0157,INST_014,2026-03-19,Лекция
VIS_04461,EV_0157,INST_014,2026-03-19,Лекция
VIS_04588,EV_0157,INST_014,2026-03-19,Лекция
VIS_01743,EV_0157,INST_014,2026-03-19,Лекция
VIS_00143,EV_0157,INST_014,2026-03-19,Лекция
VIS_01191,EV_0157,INST_014,2026-03-19,Лекция
VIS_04081,EV_0006,INST_001,2026-03-25,Лекция
VIS_00267,EV_0006,INST_001,2026-03-25,Лекция
VIS_00737,EV_0006,INST_001,2026-03-25,Лекция
VIS_04022,EV_0006,INST_001,2026-03-25,Лекция
VIS_01310,EV_0006,INST_001,2026-03-25,Лекция
VIS_04653,EV_0006,INST_001,2026-03-25,Лекция
VIS_04557,EV_0006,INST_001,2026-03-25,Лекция
VIS_01217,EV_0006,INST_001,2026-03-25,Лекция
VIS_03941,EV_0006,INST_001,2026-03-25,Лекция
VIS_00827,EV_0006,INST_001,2026-03-25,Лекция
VIS_00717,EV_0006,INST_001,2026-03-25,Лекция
VIS_00449,EV_0006,INST_001,2026-03-25,Лекция
VIS_04613,EV_0006,INST_001,2026-03-25,Лекция
VIS_01764,EV_0006,INST_001,2026-03-25,Лекция
VIS_00286,EV_0006,INST_001,2026-03-25,Лекция
VIS_04094,EV_0006,INST_001,2026-03-25,Лекция
VIS_02581,EV_0006,INST_001,2026-03-25,Лекция
VIS_03128,EV_0006,INST_001,2026-03-25,Лекция
VIS_01807,EV_0006,INST_001,2026-03-25,Лекция
VIS_04741,EV_0006,INST_001,2026-03-25,Лекция
VIS_00849,EV_0006,INST_001,2026-03-25,Лекция
VIS_00144,EV_0006,INST_001,2026-03-25,Лекция
VIS_00120,EV_0006,INST_001,2026-03-25,Лекция
VIS_03288,EV_0006,INST_001,2026-03-25,Лекция
VIS_03420,EV_0006,INST_001,2026-03-25,Лекция
VIS_03093,EV_0006,INST_001,2026-03-25,Лекция
VIS_00701,EV_0006,INST_001,2026-03-25,Лекция
VIS_01075,EV_0006,INST_001,2026-03-25,Лекция
VIS_03798,EV_0006,INST_001,2026-03-25,Лекция
VIS_03185,EV_0006,INST_001,2026-03-25,Лекция
VIS_03953,EV_0006,INST_001,2026-03-25,Лекция
VIS_01736,EV_0006,INST_001,2026-03-25,Лекция
VIS_04122,EV_0006,INST_001,2026-03-25,Лекция
VIS_01770,EV_0006,INST_001,2026-03-25,Лекция
VIS_01275,EV_0006,INST_001,2026-03-25,Лекция
VIS_04139,EV_0006,INST_001,2026-03-25,Лекция
VIS_03123,EV_0006,INST_001,2026-03-25,Лекция
VIS_00095,EV_0006,INST_001,2026-03-25,Лекция
VIS_00540,EV_0006,INST_001,2026-03-25,Лекция
VIS_00682,EV_0006,INST_001,2026-03-25,Лекция
VIS_00484,EV_0006,INST_001,2026-03-25,Лекция
VIS_01153,EV_0006,INST_001,2026-03-25,Лекция
VIS_02674,EV_0006,INST_001,2026-03-25,Лекция
VIS_04246,EV_0006,INST_001,2026-03-25,Лекция
VIS_03438,EV_0006,INST_001,2026-03-25,Лекция
VIS_02611,EV_0006,INST_001,2026-03-25,Лекция
VIS_03063,EV_0006,INST_001,2026-03-25,Лекция
VIS_02628,EV_0006,INST_001,2026-03-25,Лекция
VIS_03653,EV_0006,INST_001,2026-03-25,Лекция
VIS_00666,EV_0006,INST_001,2026-03-25,Лекция
VIS_00499,EV_0006,INST_001,2026-03-25,Лекция
VIS_03545,EV_0006,INST_001,2026-03-25,Лекция
VIS_03327,EV_0006,INST_001,2026-03-25,Лекция
VIS_02675,EV_0006,INST_001,2026-03-25,Лекция
VIS_02507,EV_0006,INST_001,2026-03-25,Лекция
VIS_01544,EV_0006,INST_001,2026-03-25,Лекция
VIS_03744,EV_0006,INST_001,2026-03-25,Лекция
VIS_00781,EV_0006,INST_001,2026-03-25,Лекция
VIS_00401,EV_0006,INST_001,2026-03-25,Лекция
VIS_00356,EV_0006,INST_001,2026-03-25,Лекция
VIS_03735,EV_0006,INST_001,2026-03-25,Лекция
VIS_00999,EV_0006,INST_001,2026-03-25,Лекция
VIS_02409,EV_0006,INST_001,2026-03-25,Лекция
VIS_00893,EV_0006,INST_001,2026-03-25,Лекция
VIS_04752,EV_0085,INST_007,2026-03-27,Выставка
VIS_00949,EV_0085,INST_007,2026-03-27,Выставка
VIS_02232,EV_0085,INST_007,2026-03-27,Выставка
VIS_01914,EV_0085,INST_007,2026-03-27,Выставка
VIS_03687,EV_0085,INST_007,2026-03-27,Выставка
VIS_02496,EV_0085,INST_007,2026-03-27,Выставка
VIS_01665,EV_0085,INST_007,2026-03-27,Выставка
VIS_02511,EV_0085,INST_007,2026-03-27,Выставка
VIS_00250,EV_0085,INST_007,2026-03-27,Выставка
VIS_00756,EV_0085,INST_007,2026-03-27,Выставка
VIS_02788,EV_0085,INST_007,2026-03-27,Выставка
VIS_00257,EV_0085,INST_007,2026-03-27,Выставка
VIS_02508,EV_0085,INST_007,2026-03-27,Выставка
VIS_03594,EV_0085,INST_007,2026-03-27,Выставка
VIS_01530,EV_0085,INST_007,2026-03-27,Выставка
VIS_02880,EV_0085,INST_007,2026-03-27,Выставка
VIS_00987,EV_0085,INST_007,2026-03-27,Выставка
VIS_00958,EV_0085,INST_007,2026-03-27,Выставка
VIS_00865,EV_0085,INST_007,2026-03-27,Выставка
VIS_00158,EV_0085,INST_007,2026-03-27,Выставка
VIS_04894,EV_0085,INST_007,2026-03-27,Выставка
VIS_03771,EV_0085,INST_007,2026-03-27,Выставка
VIS_04737,EV_0085,INST_007,2026-03-27,Выставка
VIS_04518,EV_0085,INST_007,2026-03-27,Выставка
VIS_00391,EV_0085,INST_007,2026-03-27,Выставка
VIS_04326,EV_0085,INST_007,2026-03-27,Выставка
VIS_00290,EV_0085,INST_007,2026-03-27,Выставка
VIS_01181,EV_0085,INST_007,2026-03-27,Выставка
VIS_02776,EV_0085,INST_007,2026-03-27,Выставка
VIS_02958,EV_0085,INST_007,2026-03-27,Выставка
VIS_00465,EV_0085,INST_007,2026-03-27,Выставка
VIS_00417,EV_0085,INST_007,2026-03-27,Выставка
VIS_04416,EV_0085,INST_007,2026-03-27,Выставка
VIS_02478,EV_0085,INST_007,2026-03-27,Выставка
VIS_01875,EV_0085,INST_007,2026-03-27,Выставка
VIS_01100,EV_0085,INST_007,2026-03-27,Выставка
VIS_00245,EV_0085,INST_007,2026-03-27,Выставка
VIS_00118,EV_0085,INST_007,2026-03-27,Выставка
VIS_01401,EV_0085,INST_007,2026-03-27,Выставка
VIS_02024,EV_0085,INST_007,2026-03-27,Выставка
VIS_01715,EV_0085,INST_007,2026-03-27,Выставка
VIS_02014,EV_0085,INST_007,2026-03-27,Выставка
VIS_03019,EV_0085,INST_007,2026-03-27,Выставка
VIS_01224,EV_0085,INST_007,2026-03-27,Выставка
VIS_04427,EV_0085,INST_007,2026-03-27,Выставка
VIS_03231,EV_0085,INST_007,2026-03-27,Выставка
VIS_02191,EV_0085,INST_007,2026-03-27,Выставка
VIS_00923,EV_0085,INST_007,2026-03-27,Выставка
VIS_00433,EV_0085,INST_007,2026-03-27,Выставка
VIS_01927,EV_0085,INST_007,2026-03-27,Выставка
VIS_02645,EV_0085,INST_007,2026-03-27,Выставка
VIS_00941,EV_0085,INST_007,2026-03-27,Выставка
VIS_04290,EV_0085,INST_007,2026-03-27,Выставка
VIS_01132,EV_0085,INST_007,2026-03-27,Выставка
VIS_00339,EV_0085,INST_007,2026-03-27,Выставка
VIS_03945,EV_0085,INST_007,2026-03-27,Выставка
VIS_02895,EV_0085,INST_007,2026-03-27,Выставка
VIS_03408,EV_0085,INST_007,2026-03-27,Выставка
VIS_01863,EV_0085,INST_007,2026-03-27,Выставка
VIS_00322,EV_0085,INST_007,2026-03-27,Выставка
VIS_04339,EV_0110,INST_009,2026-03-27,Выставка
VIS_04814,EV_0110,INST_009,2026-03-27,Выставка
VIS_00792,EV_0110,INST_009,2026-03-27,Выставка
VIS_04878,EV_0110,INST_009,2026-03-27,Выставка
VIS_02098,EV_0110,INST_009,2026-03-27,Выставка
VIS_00396,EV_0110,INST_009,2026-03-27,Выставка
VIS_02313,EV_0110,INST_009,2026-03-27,Выставка
VIS_02170,EV_0110,INST_009,2026-03-27,Выставка
VIS_01955,EV_0110,INST_009,2026-03-27,Выставка
VIS_00557,EV_0110,INST_009,2026-03-27,Выставка
VIS_01470,EV_0110,INST_009,2026-03-27,Выставка
VIS_04954,EV_0110,INST_009,2026-03-27,Выставка
VIS_04234,EV_0110,INST_009,2026-03-27,Выставка
VIS_03407,EV_0110,INST_009,2026-03-27,Выставка
VIS_01908,EV_0110,INST_009,2026-03-27,Выставка
VIS_04061,EV_0110,INST_009,2026-03-27,Выставка
VIS_02002,EV_0110,INST_009,2026-03-27,Выставка
VIS_00976,EV_0110,INST_009,2026-03-27,Выставка
VIS_01345,EV_0110,INST_009,2026-03-27,Выставка
VIS_01703,EV_0110,INST_009,2026-03-27,Выставка
VIS_00742,EV_0110,INST_009,2026-03-27,Выставка
VIS_00840,EV_0110,INST_009,2026-03-27,Выставка
VIS_04769,EV_0110,INST_009,2026-03-27,Выставка
VIS_04884,EV_0110,INST_009,2026-03-27,Выставка
VIS_00121,EV_0110,INST_009,2026-03-27,Выставка
VIS_03318,EV_0110,INST_009,2026-03-27,Выставка
VIS_00844,EV_0110,INST_009,2026-03-27,Выставка
VIS_02830,EV_0110,INST_009,2026-03-27,Выставка
VIS_04098,EV_0110,INST_009,2026-03-27,Выставка
VIS_02140,EV_0110,INST_009,2026-03-27,Выставка
VIS_01498,EV_0110,INST_009,2026-03-27,Выставка
VIS_03010,EV_0110,INST_009,2026-03-27,Выставка
VIS_04199,EV_0193,INST_017,2026-03-27,Мастер-класс
VIS_02542,EV_0193,INST_017,2026-03-27,Мастер-класс
VIS_02191,EV_0193,INST_017,2026-03-27,Мастер-класс
VIS_01506,EV_0193,INST_017,2026-03-27,Мастер-класс
VIS_04571,EV_0193,INST_017,2026-03-27,Мастер-класс
VIS_00492,EV_0193,INST_017,2026-03-27,Мастер-класс
VIS_03867,EV_0193,INST_017,2026-03-27,Мастер-класс
VIS_04679,EV_0193,INST_017,2026-03-27,Мастер-класс
VIS_03658,EV_0193,INST_017,2026-03-27,Мастер-класс
VIS_01356,EV_0193,INST_017,2026-03-27,Мастер-класс
VIS_04949,EV_0193,INST_017,2026-03-27,Мастер-класс
VIS_00548,EV_0193,INST_017,2026-03-27,Мастер-класс
VIS_02519,EV_0193,INST_017,2026-03-27,Мастер-класс
VIS_04685,EV_0193,INST_017,2026-03-27,Мастер-класс
VIS_04900,EV_0193,INST_017,2026-03-27,Мастер-класс
VIS_02118,EV_0193,INST_017,2026-03-27,Мастер-класс
VIS_04319,EV_0193,INST_017,2026-03-27,Мастер-класс
VIS_02284,EV_0193,INST_017,2026-03-27,Мастер-класс
VIS_00457,EV_0193,INST_017,2026-03-27,Мастер-класс
VIS_02698,EV_0193,INST_017,2026-03-27,Мастер-класс
VIS_00477,EV_0193,INST_017,2026-03-27,Мастер-класс
VIS_03464,EV_0193,INST_017,2026-03-27,Мастер-класс
VIS_03686,EV_0193,INST_017,2026-03-27,Мастер-класс
VIS_00834,EV_0193,INST_017,2026-03-27,Мастер-класс
VIS_02514,EV_0193,INST_017,2026-03-27,Мастер-класс
VIS_01831,EV_0193,INST_017,2026-03-27,Мастер-класс
VIS_04924,EV_0193,INST_017,2026-03-27,Мастер-класс
VIS_00049,EV_0193,INST_017,2026-03-27,Мастер-класс
VIS_00187,EV_0193,INST_017,2026-03-27,Мастер-класс
VIS_04815,EV_0193,INST_017,2026-03-27,Мастер-класс
VIS_00771,EV_0193,INST_017,2026-03-27,Мастер-класс
VIS_00470,EV_0193,INST_017,2026-03-27,Мастер-класс
VIS_02829,EV_0193,INST_017,2026-03-27,Мастер-класс
VIS_00086,EV_0193,INST_017,2026-03-27,Мастер-класс
VIS_04448,EV_0193,INST_017,2026-03-27,Мастер-класс
VIS_01714,EV_0193,INST_017,2026-03-27,Мастер-класс
VIS_04041,EV_0193,INST_017,2026-03-27,Мастер-класс
VIS_04699,EV_0193,INST_017,2026-03-27,Мастер-класс
VIS_00656,EV_0193,INST_017,2026-03-27,Мастер-класс
VIS_00045,EV_0193,INST_017,2026-03-27,Мастер-класс
VIS_03364,EV_0193,INST_017,2026-03-27,Мастер-класс
VIS_02028,EV_0193,INST_017,2026-03-27,Мастер-класс
VIS_01324,EV_0193,INST_017,2026-03-27,Мастер-класс
VIS_03666,EV_0193,INST_017,2026-03-27,Мастер-класс
VIS_03516,EV_0193,INST_017,2026-03-27,Мастер-класс
VIS_00061,EV_0193,INST_017,2026-03-27,Мастер-класс
VIS_01397,EV_0193,INST_017,2026-03-27,Мастер-класс
VIS_03093,EV_0193,INST_017,2026-03-27,Мастер-класс
VIS_04648,EV_0193,INST_017,2026-03-27,Мастер-класс
VIS_02115,EV_0193,INST_017,2026-03-27,Мастер-класс
VIS_00689,EV_0193,INST_017,2026-03-27,Мастер-класс
VIS_00945,EV_0061,INST_006,2026-03-29,Лекция
VIS_01892,EV_0061,INST_006,2026-03-29,Лекция
VIS_03113,EV_0061,INST_006,2026-03-29,Лекция
VIS_01072,EV_0061,INST_006,2026-03-29,Лекция
VIS_01480,EV_0061,INST_006,2026-03-29,Лекция
VIS_03887,EV_0061,INST_006,2026-03-29,Лекция
VIS_02219,EV_0061,INST_006,2026-03-29,Лекция
VIS_00375,EV_0061,INST_006,2026-03-29,Лекция
VIS_01363,EV_0061,INST_006,2026-03-29,Лекция
VIS_02900,EV_0061,INST_006,2026-03-29,Лекция
VIS_01938,EV_0061,INST_006,2026-03-29,Лекция
VIS_00103,EV_0061,INST_006,2026-03-29,Лекция
VIS_01440,EV_0061,INST_006,2026-03-29,Лекция
VIS_02833,EV_0061,INST_006,2026-03-29,Лекция
VIS_02104,EV_0061,INST_006,2026-03-29,Лекция
VIS_00601,EV_0061,INST_006,2026-03-29,Лекция
VIS_04946,EV_0061,INST_006,2026-03-29,Лекция
VIS_02034,EV_0061,INST_006,2026-03-29,Лекция
VIS_00389,EV_0061,INST_006,2026-03-29,Лекция
VIS_00168,EV_0061,INST_006,2026-03-29,Лекция
VIS_01298,EV_0061,INST_006,2026-03-29,Лекция
VIS_00221,EV_0061,INST_006,2026-03-29,Лекция
VIS_03518,EV_0061,INST_006,2026-03-29,Лекция
VIS_02952,EV_0061,INST_006,2026-03-29,Лекция
VIS_02395,EV_0061,INST_006,2026-03-29,Лекция
VIS_04762,EV_0061,INST_006,2026-03-29,Лекция
VIS_00365,EV_0061,INST_006,2026-03-29,Лекция
VIS_01270,EV_0061,INST_006,2026-03-29,Лекция
VIS_00040,EV_0061,INST_006,2026-03-29,Лекция
VIS_00402,EV_0061,INST_006,2026-03-29,Лекция
VIS_03000,EV_0061,INST_006,2026-03-29,Лекция
VIS_02071,EV_0061,INST_006,2026-03-29,Лекция
VIS_04967,EV_0061,INST_006,2026-03-29,Лекция
VIS_02730,EV_0061,INST_006,2026-03-29,Лекция
VIS_04819,EV_0061,INST_006,2026-03-29,Лекция
VIS_04597,EV_0061,INST_006,2026-03-29,Лекция
VIS_00567,EV_0061,INST_006,2026-03-29,Лекция
VIS_01144,EV_0061,INST_006,2026-03-29,Лекция
VIS_01674,EV_0061,INST_006,2026-03-29,Лекция
VIS_01445,EV_0061,INST_006,2026-03-29,Лекция
VIS_03778,EV_0061,INST_006,2026-03-29,Лекция
VIS_03011,EV_0061,INST_006,2026-03-29,Лекция
VIS_03563,EV_0061,INST_006,2026-03-29,Лекция
VIS_02197,EV_0061,INST_006,2026-03-29,Лекция
VIS_02655,EV_0061,INST_006,2026-03-29,Лекция
VIS_00422,EV_0061,INST_006,2026-03-29,Лекция
VIS_02955,EV_0061,INST_006,2026-03-29,Лекция
VIS_03250,EV_0061,INST_006,2026-03-29,Лекция
VIS_00070,EV_0061,INST_006,2026-03-29,Лекция
VIS_04232,EV_0061,INST_006,2026-03-29,Лекция
VIS_03947,EV_0061,INST_006,2026-03-29,Лекция
VIS_02184,EV_0061,INST_006,2026-03-29,Лекция
VIS_01158,EV_0061,INST_006,2026-03-29,Лекция
VIS_00550,EV_0061,INST_006,2026-03-29,Лекция
VIS_04663,EV_0061,INST_006,2026-03-29,Лекция
VIS_03733,EV_0061,INST_006,2026-03-29,Лекция
VIS_02703,EV_0061,INST_006,2026-03-29,Лекция
VIS_03373,EV_0061,INST_006,2026-03-29,Лекция
VIS_01420,EV_0061,INST_006,2026-03-29,Лекция
VIS_01044,EV_0061,INST_006,2026-03-29,Лекция
VIS_03866,EV_0061,INST_006,2026-03-29,Лекция
VIS_01997,EV_0061,INST_006,2026-03-29,Лекция
VIS_00255,EV_0061,INST_006,2026-03-29,Лекция
VIS_01263,EV_0061,INST_006,2026-03-29,Лекция
VIS_02939,EV_0127,INST_011,2026-03-30,Лекция
VIS_00935,EV_0127,INST_011,2026-03-30,Лекция
VIS_03079,EV_0127,INST_011,2026-03-30,Лекция
VIS_04775,EV_0127,INST_011,2026-03-30,Лекция
VIS_02718,EV_0127,INST_011,2026-03-30,Лекция
VIS_01147,EV_0127,INST_011,2026-03-30,Лекция
VIS_00418,EV_0127,INST_011,2026-03-30,Лекция
VIS_00761,EV_0127,INST_011,2026-03-30,Лекция
VIS_00907,EV_0127,INST_011,2026-03-30,Лекция
VIS_03662,EV_0127,INST_011,2026-03-30,Лекция
VIS_04191,EV_0127,INST_011,2026-03-30,Лекция
VIS_02282,EV_0127,INST_011,2026-03-30,Лекция
VIS_00579,EV_0127,INST_011,2026-03-30,Лекция
VIS_04842,EV_0127,INST_011,2026-03-30,Лекция
VIS_01704,EV_0127,INST_011,2026-03-30,Лекция
VIS_03508,EV_0127,INST_011,2026-03-30,Лекция
VIS_02515,EV_0127,INST_011,2026-03-30,Лекция
VIS_01084,EV_0127,INST_011,2026-03-30,Лекция
VIS_00291,EV_0127,INST_011,2026-03-30,Лекция
VIS_01606,EV_0127,INST_011,2026-03-30,Лекция
VIS_00749,EV_0127,INST_011,2026-03-30,Лекция
VIS_01418,EV_0127,INST_011,2026-03-30,Лекция
VIS_00822,EV_0127,INST_011,2026-03-30,Лекция
VIS_01199,EV_0127,INST_011,2026-03-30,Лекция
VIS_03041,EV_0127,INST_011,2026-03-30,Лекция
VIS_03075,EV_0127,INST_011,2026-03-30,Лекция
VIS_02212,EV_0127,INST_011,2026-03-30,Лекция
VIS_01548,EV_0127,INST_011,2026-03-30,Лекция
VIS_00385,EV_0127,INST_011,2026-03-30,Лекция
VIS_04017,EV_0127,INST_011,2026-03-30,Лекция
VIS_02343,EV_0127,INST_011,2026-03-30,Лекция
VIS_01670,EV_0127,INST_011,2026-03-30,Лекция
VIS_01543,EV_0127,INST_011,2026-03-30,Лекция
VIS_00330,EV_0127,INST_011,2026-03-30,Лекция
VIS_03307,EV_0127,INST_011,2026-03-30,Лекция
VIS_01791,EV_0127,INST_011,2026-03-30,Лекция
VIS_00388,EV_0127,INST_011,2026-03-30,Лекция
VIS_01308,EV_0127,INST_011,2026-03-30,Лекция
VIS_04951,EV_0127,INST_011,2026-03-30,Лекция
VIS_01124,EV_0127,INST_011,2026-03-30,Лекция
VIS_02934,EV_0127,INST_011,2026-03-30,Лекция
VIS_01054,EV_0127,INST_011,2026-03-30,Лекция
VIS_03318,EV_0127,INST_011,2026-03-30,Лекция
VIS_02185,EV_0127,INST_011,2026-03-30,Лекция
VIS_01076,EV_0127,INST_011,2026-03-30,Лекция
VIS_00850,EV_0127,INST_011,2026-03-30,Лекция
VIS_00504,EV_0127,INST_011,2026-03-30,Лекция
VIS_03005,EV_0127,INST_011,2026-03-30,Лекция
VIS_04409,EV_0127,INST_011,2026-03-30,Лекция
VIS_04268,EV_0127,INST_011,2026-03-30,Лекция
VIS_00157,EV_0127,INST_011,2026-03-30,Лекция
VIS_02106,EV_0127,INST_011,2026-03-30,Лекция
VIS_01544,EV_0127,INST_011,2026-03-30,Лекция
VIS_03763,EV_0127,INST_011,2026-03-30,Лекция
VIS_03533,EV_0127,INST_011,2026-03-30,Лекция
VIS_04435,EV_0127,INST_011,2026-03-30,Лекция
VIS_01155,EV_0127,INST_011,2026-03-30,Лекция
VIS_03748,EV_0127,INST_011,2026-03-30,Лекция
VIS_01514,EV_0127,INST_011,2026-03-30,Лекция
VIS_01484,EV_0127,INST_011,2026-03-30,Лекция
VIS_03701,EV_0127,INST_011,2026-03-30,Лекция
VIS_02087,EV_0127,INST_011,2026-03-30,Лекция
VIS_02700,EV_0127,INST_011,2026-03-30,Лекция
VIS_00625,EV_0127,INST_011,2026-03-30,Лекция
VIS_01379,EV_0127,INST_011,2026-03-30,Лекция
VIS_04082,EV_0127,INST_011,2026-03-30,Лекция
VIS_03516,EV_0127,INST_011,2026-03-30,Лекция
VIS_04917,EV_0127,INST_011,2026-03-30,Лекция
VIS_03389,EV_0127,INST_011,2026-03-30,Лекция
VIS_03210,EV_0127,INST_011,2026-03-30,Лекция
VIS_04265,EV_0127,INST_011,2026-03-30,Лекция
VIS_02117,EV_0127,INST_011,2026-03-30,Лекция
VIS_03476,EV_0127,INST_011,2026-03-30,Лекция
VIS_04259,EV_0127,INST_011,2026-03-30,Лекция
VIS_00734,EV_0127,INST_011,2026-03-30,Лекция
VIS_00501,EV_0158,INST_014,2026-03-31,Мастер-класс
VIS_01743,EV_0158,INST_014,2026-03-31,Мастер-класс
VIS_04461,EV_0158,INST_014,2026-03-31,Мастер-класс
VIS_00170,EV_0158,INST_014,2026-03-31,Мастер-класс
VIS_00439,EV_0158,INST_014,2026-03-31,Мастер-класс
VIS_02766,EV_0158,INST_014,2026-03-31,Мастер-класс
VIS_00623,EV_0158,INST_014,2026-03-31,Мастер-класс
VIS_04855,EV_0158,INST_014,2026-03-31,Мастер-класс
VIS_03628,EV_0158,INST_014,2026-03-31,Мастер-класс
VIS_02339,EV_0158,INST_014,2026-03-31,Мастер-класс
VIS_00024,EV_0158,INST_014,2026-03-31,Мастер-класс
VIS_03599,EV_0158,INST_014,2026-03-31,Мастер-класс
VIS_01859,EV_0158,INST_014,2026-03-31,Мастер-класс
VIS_00521,EV_0158,INST_014,2026-03-31,Мастер-класс
VIS_04440,EV_0158,INST_014,2026-03-31,Мастер-класс
VIS_00713,EV_0158,INST_014,2026-03-31,Мастер-класс
VIS_01233,EV_0158,INST_014,2026-03-31,Мастер-класс
VIS_02465,EV_0158,INST_014,2026-03-31,Мастер-класс
VIS_01393,EV_0158,INST_014,2026-03-31,Мастер-класс
VIS_03741,EV_0158,INST_014,2026-03-31,Мастер-класс
VIS_04080,EV_0158,INST_014,2026-03-31,Мастер-класс
VIS_03643,EV_0158,INST_014,2026-03-31,Мастер-класс
VIS_02518,EV_0158,INST_014,2026-03-31,Мастер-класс
VIS_02595,EV_0158,INST_014,2026-03-31,Мастер-класс
VIS_00414,EV_0158,INST_014,2026-03-31,Мастер-класс
VIS_04106,EV_0158,INST_014,2026-03-31,Мастер-класс
VIS_04777,EV_0158,INST_014,2026-03-31,Мастер-класс
VIS_03964,EV_0158,INST_014,2026-03-31,Мастер-класс
VIS_01784,EV_0158,INST_014,2026-03-31,Мастер-класс
VIS_01911,EV_0158,INST_014,2026-03-31,Мастер-класс
VIS_03083,EV_0158,INST_014,2026-03-31,Мастер-класс
VIS_03276,EV_0158,INST_014,2026-03-31,Мастер-класс
VIS_02959,EV_0158,INST_014,2026-03-31,Мастер-класс
VIS_02531,EV_0158,INST_014,2026-03-31,Мастер-класс
VIS_01666,EV_0158,INST_014,2026-03-31,Мастер-класс
VIS_03278,EV_0158,INST_014,2026-03-31,Мастер-класс
VIS_01575,EV_0158,INST_014,2026-03-31,Мастер-класс
VIS_00376,EV_0158,INST_014,2026-03-31,Мастер-класс
VIS_03458,EV_0158,INST_014,2026-03-31,Мастер-класс
VIS_02066,EV_0158,INST_014,2026-03-31,Мастер-класс
VIS_04586,EV_0158,INST_014,2026-03-31,Мастер-класс
VIS_00514,EV_0158,INST_014,2026-03-31,Мастер-класс
VIS_00090,EV_0158,INST_014,2026-03-31,Мастер-класс
VIS_02524,EV_0158,INST_014,2026-03-31,Мастер-класс
VIS_03175,EV_0158,INST_014,2026-03-31,Мастер-класс
VIS_01991,EV_0158,INST_014,2026-03-31,Мастер-класс
VIS_04649,EV_0158,INST_014,2026-03-31,Мастер-класс
VIS_03860,EV_0217,INST_018,2026-04-06,Выставка
VIS_04056,EV_0217,INST_018,2026-04-06,Выставка
VIS_00186,EV_0217,INST_018,2026-04-06,Выставка
VIS_02244,EV_0217,INST_018,2026-04-06,Выставка
VIS_00790,EV_0217,INST_018,2026-04-06,Выставка
VIS_02582,EV_0217,INST_018,2026-04-06,Выставка
VIS_03760,EV_0217,INST_018,2026-04-06,Выставка
VIS_00315,EV_0217,INST_018,2026-04-06,Выставка
VIS_00594,EV_0217,INST_018,2026-04-06,Выставка
VIS_03386,EV_0217,INST_018,2026-04-06,Выставка
VIS_02085,EV_0217,INST_018,2026-04-06,Выставка
VIS_00895,EV_0217,INST_018,2026-04-06,Выставка
VIS_02325,EV_0217,INST_018,2026-04-06,Выставка
VIS_00780,EV_0217,INST_018,2026-04-06,Выставка
VIS_01145,EV_0217,INST_018,2026-04-06,Выставка
VIS_02434,EV_0217,INST_018,2026-04-06,Выставка
VIS_01793,EV_0217,INST_018,2026-04-06,Выставка
VIS_04600,EV_0217,INST_018,2026-04-06,Выставка
VIS_00545,EV_0217,INST_018,2026-04-06,Выставка
VIS_02838,EV_0217,INST_018,2026-04-06,Выставка
VIS_03767,EV_0217,INST_018,2026-04-06,Выставка
VIS_01923,EV_0217,INST_018,2026-04-06,Выставка
VIS_04169,EV_0217,INST_018,2026-04-06,Выставка
VIS_00006,EV_0217,INST_018,2026-04-06,Выставка
VIS_02720,EV_0217,INST_018,2026-04-06,Выставка
VIS_04505,EV_0217,INST_018,2026-04-06,Выставка
VIS_00062,EV_0217,INST_018,2026-04-06,Выставка
VIS_02366,EV_0217,INST_018,2026-04-06,Выставка
VIS_01087,EV_0217,INST_018,2026-04-06,Выставка
VIS_01503,EV_0217,INST_018,2026-04-06,Выставка
VIS_04148,EV_0217,INST_018,2026-04-06,Выставка
VIS_03904,EV_0217,INST_018,2026-04-06,Выставка
VIS_04029,EV_0217,INST_018,2026-04-06,Выставка
VIS_00113,EV_0217,INST_018,2026-04-06,Выставка
VIS_03656,EV_0217,INST_018,2026-04-06,Выставка
VIS_00598,EV_0217,INST_018,2026-04-06,Выставка
VIS_00464,EV_0217,INST_018,2026-04-06,Выставка
VIS_01885,EV_0217,INST_018,2026-04-06,Выставка
VIS_04199,EV_0217,INST_018,2026-04-06,Выставка
VIS_04173,EV_0217,INST_018,2026-04-06,Выставка
VIS_01545,EV_0007,INST_001,2026-04-09,Мастер-класс
VIS_02634,EV_0007,INST_001,2026-04-09,Мастер-класс
VIS_01872,EV_0007,INST_001,2026-04-09,Мастер-класс
VIS_03798,EV_0007,INST_001,2026-04-09,Мастер-класс
VIS_03534,EV_0007,INST_001,2026-04-09,Мастер-класс
VIS_04982,EV_0007,INST_001,2026-04-09,Мастер-класс
VIS_01410,EV_0007,INST_001,2026-04-09,Мастер-класс
VIS_00991,EV_0007,INST_001,2026-04-09,Мастер-класс
VIS_00286,EV_0007,INST_001,2026-04-09,Мастер-класс
VIS_00849,EV_0007,INST_001,2026-04-09,Мастер-класс
VIS_03735,EV_0007,INST_001,2026-04-09,Мастер-класс
VIS_01217,EV_0007,INST_001,2026-04-09,Мастер-класс
VIS_00913,EV_0007,INST_001,2026-04-09,Мастер-класс
VIS_00871,EV_0007,INST_001,2026-04-09,Мастер-класс
VIS_01163,EV_0007,INST_001,2026-04-09,Мастер-класс
VIS_04246,EV_0007,INST_001,2026-04-09,Мастер-класс
VIS_01209,EV_0007,INST_001,2026-04-09,Мастер-класс
VIS_03776,EV_0007,INST_001,2026-04-09,Мастер-класс
VIS_04022,EV_0007,INST_001,2026-04-09,Мастер-класс
VIS_01256,EV_0007,INST_001,2026-04-09,Мастер-класс
VIS_00267,EV_0007,INST_001,2026-04-09,Мастер-класс
VIS_03173,EV_0007,INST_001,2026-04-09,Мастер-класс
VIS_03568,EV_0007,INST_001,2026-04-09,Мастер-класс
VIS_04592,EV_0007,INST_001,2026-04-09,Мастер-класс
VIS_01979,EV_0007,INST_001,2026-04-09,Мастер-класс
VIS_00701,EV_0007,INST_001,2026-04-09,Мастер-класс
VIS_02570,EV_0007,INST_001,2026-04-09,Мастер-класс
VIS_02739,EV_0007,INST_001,2026-04-09,Мастер-класс
VIS_00907,EV_0007,INST_001,2026-04-09,Мастер-класс
VIS_00125,EV_0007,INST_001,2026-04-09,Мастер-класс
VIS_04628,EV_0007,INST_001,2026-04-09,Мастер-класс
VIS_01942,EV_0007,INST_001,2026-04-09,Мастер-класс
VIS_03713,EV_0007,INST_001,2026-04-09,Мастер-класс
VIS_04566,EV_0007,INST_001,2026-04-09,Мастер-класс
VIS_03355,EV_0007,INST_001,2026-04-09,Мастер-класс
VIS_02044,EV_0007,INST_001,2026-04-09,Мастер-класс
VIS_00086,EV_0007,INST_001,2026-04-09,Мастер-класс
VIS_00314,EV_0007,INST_001,2026-04-09,Мастер-класс
VIS_00551,EV_0007,INST_001,2026-04-09,Мастер-класс
VIS_02805,EV_0007,INST_001,2026-04-09,Мастер-класс
VIS_00622,EV_0007,INST_001,2026-04-09,Мастер-класс
VIS_04574,EV_0007,INST_001,2026-04-09,Мастер-класс
VIS_00325,EV_0007,INST_001,2026-04-09,Мастер-класс
VIS_04258,EV_0007,INST_001,2026-04-09,Мастер-класс
VIS_03017,EV_0007,INST_001,2026-04-09,Мастер-класс
VIS_02214,EV_0007,INST_001,2026-04-09,Мастер-класс
VIS_01920,EV_0007,INST_001,2026-04-09,Мастер-класс
VIS_02971,EV_0007,INST_001,2026-04-09,Мастер-класс
VIS_00400,EV_0007,INST_001,2026-04-09,Мастер-класс
VIS_04951,EV_0007,INST_001,2026-04-09,Мастер-класс
VIS_01311,EV_0007,INST_001,2026-04-09,Мастер-класс
VIS_00307,EV_0007,INST_001,2026-04-09,Мастер-класс
VIS_02404,EV_0007,INST_001,2026-04-09,Мастер-класс
VIS_02606,EV_0007,INST_001,2026-04-09,Мастер-класс
VIS_01172,EV_0007,INST_001,2026-04-09,Мастер-класс
VIS_02826,EV_0007,INST_001,2026-04-09,Мастер-класс
VIS_03384,EV_0007,INST_001,2026-04-09,Мастер-класс
VIS_01427,EV_0007,INST_001,2026-04-09,Мастер-класс
VIS_01608,EV_0007,INST_001,2026-04-09,Мастер-класс
VIS_03577,EV_0007,INST_001,2026-04-09,Мастер-класс
VIS_03804,EV_0086,INST_007,2026-04-09,Мастер-класс
VIS_04145,EV_0086,INST_007,2026-04-09,Мастер-класс
VIS_03945,EV_0086,INST_007,2026-04-09,Мастер-класс
VIS_04382,EV_0086,INST_007,2026-04-09,Мастер-класс
VIS_02895,EV_0086,INST_007,2026-04-09,Мастер-класс
VIS_03667,EV_0086,INST_007,2026-04-09,Мастер-класс
VIS_00572,EV_0086,INST_007,2026-04-09,Мастер-класс
VIS_00804,EV_0086,INST_007,2026-04-09,Мастер-класс
VIS_03161,EV_0086,INST_007,2026-04-09,Мастер-класс
VIS_02328,EV_0086,INST_007,2026-04-09,Мастер-класс
VIS_01274,EV_0086,INST_007,2026-04-09,Мастер-класс
VIS_00118,EV_0086,INST_007,2026-04-09,Мастер-класс
VIS_02437,EV_0086,INST_007,2026-04-09,Мастер-класс
VIS_04715,EV_0086,INST_007,2026-04-09,Мастер-класс
VIS_00865,EV_0086,INST_007,2026-04-09,Мастер-класс
VIS_01440,EV_0086,INST_007,2026-04-09,Мастер-класс
VIS_03252,EV_0086,INST_007,2026-04-09,Мастер-класс
VIS_01594,EV_0086,INST_007,2026-04-09,Мастер-класс
VIS_00680,EV_0086,INST_007,2026-04-09,Мастер-класс
VIS_03959,EV_0086,INST_007,2026-04-09,Мастер-класс
VIS_00164,EV_0086,INST_007,2026-04-09,Мастер-класс
VIS_04518,EV_0086,INST_007,2026-04-09,Мастер-класс
VIS_00820,EV_0086,INST_007,2026-04-09,Мастер-класс
VIS_00465,EV_0086,INST_007,2026-04-09,Мастер-класс
VIS_01728,EV_0086,INST_007,2026-04-09,Мастер-класс
VIS_03657,EV_0086,INST_007,2026-04-09,Мастер-класс
VIS_02788,EV_0086,INST_007,2026-04-09,Мастер-класс
VIS_04251,EV_0086,INST_007,2026-04-09,Мастер-класс
VIS_03909,EV_0086,INST_007,2026-04-09,Мастер-класс
VIS_00593,EV_0086,INST_007,2026-04-09,Мастер-класс
VIS_03338,EV_0086,INST_007,2026-04-09,Мастер-класс
VIS_04589,EV_0086,INST_007,2026-04-09,Мастер-класс
VIS_03248,EV_0086,INST_007,2026-04-09,Мастер-класс
VIS_00423,EV_0086,INST_007,2026-04-09,Мастер-класс
VIS_03989,EV_0086,INST_007,2026-04-09,Мастер-класс
VIS_04340,EV_0086,INST_007,2026-04-09,Мастер-класс
VIS_01723,EV_0086,INST_007,2026-04-09,Мастер-класс
VIS_01402,EV_0086,INST_007,2026-04-09,Мастер-класс
VIS_02327,EV_0086,INST_007,2026-04-09,Мастер-класс
VIS_02260,EV_0086,INST_007,2026-04-09,Мастер-класс
VIS_04302,EV_0086,INST_007,2026-04-09,Мастер-класс
VIS_03621,EV_0086,INST_007,2026-04-09,Мастер-класс
VIS_04303,EV_0086,INST_007,2026-04-09,Мастер-класс
VIS_01199,EV_0086,INST_007,2026-04-09,Мастер-класс
VIS_01930,EV_0086,INST_007,2026-04-09,Мастер-класс
VIS_01766,EV_0086,INST_007,2026-04-09,Мастер-класс
VIS_00300,EV_0086,INST_007,2026-04-09,Мастер-класс
VIS_04213,EV_0086,INST_007,2026-04-09,Мастер-класс
VIS_04227,EV_0086,INST_007,2026-04-09,Мастер-класс
VIS_04511,EV_0086,INST_007,2026-04-09,Мастер-класс
VIS_01805,EV_0086,INST_007,2026-04-09,Мастер-класс
VIS_01114,EV_0086,INST_007,2026-04-09,Мастер-класс
VIS_00087,EV_0086,INST_007,2026-04-09,Мастер-класс
VIS_00630,EV_0086,INST_007,2026-04-09,Мастер-класс
VIS_01470,EV_0086,INST_007,2026-04-09,Мастер-класс
VIS_02589,EV_0086,INST_007,2026-04-09,Мастер-класс
VIS_04620,EV_0086,INST_007,2026-04-09,Мастер-класс
VIS_01886,EV_0086,INST_007,2026-04-09,Мастер-класс
VIS_04234,EV_0086,INST_007,2026-04-09,Мастер-класс
VIS_00848,EV_0086,INST_007,2026-04-09,Мастер-класс
VIS_04319,EV_0194,INST_017,2026-04-09,Мастер-класс
VIS_03738,EV_0194,INST_017,2026-04-09,Мастер-класс
VIS_04755,EV_0194,INST_017,2026-04-09,Мастер-класс
VIS_01236,EV_0194,INST_017,2026-04-09,Мастер-класс
VIS_02848,EV_0194,INST_017,2026-04-09,Мастер-класс
VIS_00422,EV_0194,INST_017,2026-04-09,Мастер-класс
VIS_01270,EV_0194,INST_017,2026-04-09,Мастер-класс
VIS_04116,EV_0194,INST_017,2026-04-09,Мастер-класс
VIS_03100,EV_0194,INST_017,2026-04-09,Мастер-класс
VIS_04918,EV_0194,INST_017,2026-04-09,Мастер-класс
VIS_02698,EV_0194,INST_017,2026-04-09,Мастер-класс
VIS_03219,EV_0194,INST_017,2026-04-09,Мастер-класс
VIS_03997,EV_0194,INST_017,2026-04-09,Мастер-класс
VIS_04417,EV_0194,INST_017,2026-04-09,Мастер-класс
VIS_04490,EV_0194,INST_017,2026-04-09,Мастер-класс
VIS_02796,EV_0194,INST_017,2026-04-09,Мастер-класс
VIS_01069,EV_0194,INST_017,2026-04-09,Мастер-класс
VIS_00988,EV_0194,INST_017,2026-04-09,Мастер-класс
VIS_03516,EV_0194,INST_017,2026-04-09,Мастер-класс
VIS_04422,EV_0194,INST_017,2026-04-09,Мастер-класс
VIS_02603,EV_0194,INST_017,2026-04-09,Мастер-класс
VIS_03598,EV_0194,INST_017,2026-04-09,Мастер-класс
VIS_04396,EV_0194,INST_017,2026-04-09,Мастер-класс
VIS_00629,EV_0194,INST_017,2026-04-09,Мастер-класс
VIS_02651,EV_0194,INST_017,2026-04-09,Мастер-класс
VIS_01756,EV_0194,INST_017,2026-04-09,Мастер-класс
VIS_03621,EV_0194,INST_017,2026-04-09,Мастер-класс
VIS_04679,EV_0194,INST_017,2026-04-09,Мастер-класс
VIS_02433,EV_0194,INST_017,2026-04-09,Мастер-класс
VIS_03722,EV_0194,INST_017,2026-04-09,Мастер-класс
VIS_02177,EV_0194,INST_017,2026-04-09,Мастер-класс
VIS_00723,EV_0194,INST_017,2026-04-09,Мастер-класс
VIS_01983,EV_0194,INST_017,2026-04-09,Мастер-класс
VIS_04898,EV_0194,INST_017,2026-04-09,Мастер-класс
VIS_00543,EV_0194,INST_017,2026-04-09,Мастер-класс
VIS_02580,EV_0194,INST_017,2026-04-09,Мастер-класс
VIS_02246,EV_0194,INST_017,2026-04-09,Мастер-класс
VIS_03713,EV_0194,INST_017,2026-04-09,Мастер-класс
VIS_00952,EV_0194,INST_017,2026-04-09,Мастер-класс
VIS_01044,EV_0194,INST_017,2026-04-09,Мастер-класс
VIS_00891,EV_0194,INST_017,2026-04-09,Мастер-класс
VIS_01602,EV_0194,INST_017,2026-04-09,Мастер-класс
VIS_00441,EV_0194,INST_017,2026-04-09,Мастер-класс
VIS_04479,EV_0194,INST_017,2026-04-09,Мастер-класс
VIS_04216,EV_0194,INST_017,2026-04-09,Мастер-класс
VIS_02066,EV_0159,INST_014,2026-04-11,Лекция
VIS_01462,EV_0159,INST_014,2026-04-11,Лекция
VIS_03447,EV_0159,INST_014,2026-04-11,Лекция
VIS_02524,EV_0159,INST_014,2026-04-11,Лекция
VIS_04325,EV_0159,INST_014,2026-04-11,Лекция
VIS_03094,EV_0159,INST_014,2026-04-11,Лекция
VIS_01649,EV_0159,INST_014,2026-04-11,Лекция
VIS_01986,EV_0159,INST_014,2026-04-11,Лекция
VIS_00222,EV_0159,INST_014,2026-04-11,Лекция
VIS_03555,EV_0159,INST_014,2026-04-11,Лекция
VIS_03458,EV_0159,INST_014,2026-04-11,Лекция
VIS_02859,EV_0159,INST_014,2026-04-11,Лекция
VIS_01393,EV_0159,INST_014,2026-04-11,Лекция
VIS_00443,EV_0159,INST_014,2026-04-11,Лекция
VIS_04855,EV_0159,INST_014,2026-04-11,Лекция
VIS_00689,EV_0159,INST_014,2026-04-11,Лекция
VIS_03285,EV_0159,INST_014,2026-04-11,Лекция
VIS_02312,EV_0159,INST_014,2026-04-11,Лекция
VIS_01207,EV_0159,INST_014,2026-04-11,Лекция
VIS_00890,EV_0159,INST_014,2026-04-11,Лекция
VIS_02843,EV_0159,INST_014,2026-04-11,Лекция
VIS_03903,EV_0159,INST_014,2026-04-11,Лекция
VIS_01375,EV_0159,INST_014,2026-04-11,Лекция
VIS_01743,EV_0159,INST_014,2026-04-11,Лекция
VIS_01196,EV_0159,INST_014,2026-04-11,Лекция
VIS_02424,EV_0159,INST_014,2026-04-11,Лекция
VIS_02333,EV_0159,INST_014,2026-04-11,Лекция
VIS_03065,EV_0159,INST_014,2026-04-11,Лекция
VIS_03083,EV_0159,INST_014,2026-04-11,Лекция
VIS_00374,EV_0159,INST_014,2026-04-11,Лекция
VIS_02662,EV_0159,INST_014,2026-04-11,Лекция
VIS_02959,EV_0159,INST_014,2026-04-11,Лекция
VIS_00862,EV_0159,INST_014,2026-04-11,Лекция
VIS_03641,EV_0159,INST_014,2026-04-11,Лекция
VIS_03994,EV_0159,INST_014,2026-04-11,Лекция
VIS_01855,EV_0159,INST_014,2026-04-11,Лекция
VIS_00433,EV_0159,INST_014,2026-04-11,Лекция
VIS_04773,EV_0159,INST_014,2026-04-11,Лекция
VIS_00424,EV_0159,INST_014,2026-04-11,Лекция
VIS_02318,EV_0159,INST_014,2026-04-11,Лекция
VIS_04796,EV_0159,INST_014,2026-04-11,Лекция
VIS_00826,EV_0159,INST_014,2026-04-11,Лекция
VIS_01434,EV_0159,INST_014,2026-04-11,Лекция
VIS_01281,EV_0159,INST_014,2026-04-11,Лекция
VIS_01891,EV_0159,INST_014,2026-04-11,Лекция
VIS_03245,EV_0159,INST_014,2026-04-11,Лекция
VIS_03533,EV_0159,INST_014,2026-04-11,Лекция
VIS_04219,EV_0159,INST_014,2026-04-11,Лекция
VIS_03063,EV_0159,INST_014,2026-04-11,Лекция
VIS_04874,EV_0159,INST_014,2026-04-11,Лекция
VIS_01705,EV_0159,INST_014,2026-04-11,Лекция
VIS_01574,EV_0159,INST_014,2026-04-11,Лекция
VIS_02503,EV_0159,INST_014,2026-04-11,Лекция
VIS_04776,EV_0159,INST_014,2026-04-11,Лекция
VIS_02496,EV_0159,INST_014,2026-04-11,Лекция
VIS_01150,EV_0159,INST_014,2026-04-11,Лекция
VIS_03413,EV_0159,INST_014,2026-04-11,Лекция
VIS_03688,EV_0159,INST_014,2026-04-11,Лекция
VIS_00681,EV_0159,INST_014,2026-04-11,Лекция
VIS_04662,EV_0159,INST_014,2026-04-11,Лекция
VIS_03135,EV_0159,INST_014,2026-04-11,Лекция
VIS_01057,EV_0159,INST_014,2026-04-11,Лекция
VIS_04296,EV_0159,INST_014,2026-04-11,Лекция
VIS_00566,EV_0159,INST_014,2026-04-11,Лекция
VIS_00077,EV_0159,INST_014,2026-04-11,Лекция
VIS_03749,EV_0159,INST_014,2026-04-11,Лекция
VIS_03332,EV_0159,INST_014,2026-04-11,Лекция
VIS_00244,EV_0159,INST_014,2026-04-11,Лекция
VIS_02926,EV_0159,INST_014,2026-04-11,Лекция
VIS_03346,EV_0159,INST_014,2026-04-11,Лекция
VIS_02161,EV_0159,INST_014,2026-04-11,Лекция
VIS_02358,EV_0159,INST_014,2026-04-11,Лекция
VIS_00845,EV_0159,INST_014,2026-04-11,Лекция
VIS_03497,EV_0159,INST_014,2026-04-11,Лекция
VIS_04097,EV_0159,INST_014,2026-04-11,Лекция
VIS_04819,EV_0159,INST_014,2026-04-11,Лекция
VIS_01379,EV_0159,INST_014,2026-04-11,Лекция
VIS_02256,EV_0159,INST_014,2026-04-11,Лекция
VIS_01846,EV_0159,INST_014,2026-04-11,Лекция
VIS_02948,EV_0159,INST_014,2026-04-11,Лекция
VIS_02823,EV_0159,INST_014,2026-04-11,Лекция
VIS_03329,EV_0159,INST_014,2026-04-11,Лекция
VIS_04047,EV_0159,INST_014,2026-04-11,Лекция
VIS_01892,EV_0159,INST_014,2026-04-11,Лекция
VIS_02747,EV_0159,INST_014,2026-04-11,Лекция
VIS_04643,EV_0159,INST_014,2026-04-11,Лекция
VIS_04580,EV_0159,INST_014,2026-04-11,Лекция
VIS_04451,EV_0062,INST_006,2026-04-13,Мастер-класс
VIS_03553,EV_0062,INST_006,2026-04-13,Мастер-класс
VIS_00168,EV_0062,INST_006,2026-04-13,Мастер-класс
VIS_02292,EV_0062,INST_006,2026-04-13,Мастер-класс
VIS_03747,EV_0062,INST_006,2026-04-13,Мастер-класс
VIS_01350,EV_0062,INST_006,2026-04-13,Мастер-класс
VIS_04010,EV_0062,INST_006,2026-04-13,Мастер-класс
VIS_04511,EV_0062,INST_006,2026-04-13,Мастер-класс
VIS_04094,EV_0062,INST_006,2026-04-13,Мастер-класс
VIS_01721,EV_0062,INST_006,2026-04-13,Мастер-класс
VIS_02102,EV_0062,INST_006,2026-04-13,Мастер-класс
VIS_01426,EV_0062,INST_006,2026-04-13,Мастер-класс
VIS_01131,EV_0062,INST_006,2026-04-13,Мастер-класс
VIS_04397,EV_0062,INST_006,2026-04-13,Мастер-класс
VIS_03593,EV_0062,INST_006,2026-04-13,Мастер-класс
VIS_00278,EV_0062,INST_006,2026-04-13,Мастер-класс
VIS_01761,EV_0062,INST_006,2026-04-13,Мастер-класс
VIS_01852,EV_0062,INST_006,2026-04-13,Мастер-класс
VIS_00285,EV_0062,INST_006,2026-04-13,Мастер-класс
VIS_04291,EV_0062,INST_006,2026-04-13,Мастер-класс
VIS_00171,EV_0062,INST_006,2026-04-13,Мастер-класс
VIS_00620,EV_0062,INST_006,2026-04-13,Мастер-класс
VIS_04179,EV_0062,INST_006,2026-04-13,Мастер-класс
VIS_03703,EV_0062,INST_006,2026-04-13,Мастер-класс
VIS_03701,EV_0062,INST_006,2026-04-13,Мастер-класс
VIS_02374,EV_0062,INST_006,2026-04-13,Мастер-класс
VIS_03752,EV_0062,INST_006,2026-04-13,Мастер-класс
VIS_00558,EV_0062,INST_006,2026-04-13,Мастер-класс
VIS_00712,EV_0062,INST_006,2026-04-13,Мастер-класс
VIS_01664,EV_0062,INST_006,2026-04-13,Мастер-класс
VIS_03888,EV_0062,INST_006,2026-04-13,Мастер-класс
VIS_04985,EV_0141,INST_012,2026-04-13,Творческая встреча
VIS_01167,EV_0141,INST_012,2026-04-13,Творческая встреча
VIS_01436,EV_0141,INST_012,2026-04-13,Творческая встреча
VIS_02963,EV_0141,INST_012,2026-04-13,Творческая встреча
VIS_02297,EV_0141,INST_012,2026-04-13,Творческая встреча
VIS_02546,EV_0141,INST_012,2026-04-13,Творческая встреча
VIS_01548,EV_0141,INST_012,2026-04-13,Творческая встреча
VIS_02497,EV_0141,INST_012,2026-04-13,Творческая встреча
VIS_02710,EV_0141,INST_012,2026-04-13,Творческая встреча
VIS_00191,EV_0141,INST_012,2026-04-13,Творческая встреча
VIS_04895,EV_0141,INST_012,2026-04-13,Творческая встреча
VIS_01650,EV_0141,INST_012,2026-04-13,Творческая встреча
VIS_02254,EV_0141,INST_012,2026-04-13,Творческая встреча
VIS_01238,EV_0141,INST_012,2026-04-13,Творческая встреча
VIS_04942,EV_0141,INST_012,2026-04-13,Творческая встреча
VIS_01792,EV_0141,INST_012,2026-04-13,Творческая встреча
VIS_03457,EV_0141,INST_012,2026-04-13,Творческая встреча
VIS_00620,EV_0141,INST_012,2026-04-13,Творческая встреча
VIS_01055,EV_0141,INST_012,2026-04-13,Творческая встреча
VIS_04151,EV_0141,INST_012,2026-04-13,Творческая встреча
VIS_00960,EV_0141,INST_012,2026-04-13,Творческая встреча
VIS_04157,EV_0141,INST_012,2026-04-13,Творческая встреча
VIS_04576,EV_0141,INST_012,2026-04-13,Творческая встреча
VIS_00467,EV_0141,INST_012,2026-04-13,Творческая встреча
VIS_00819,EV_0141,INST_012,2026-04-13,Творческая встреча
VIS_03172,EV_0141,INST_012,2026-04-13,Творческая встреча
VIS_01504,EV_0141,INST_012,2026-04-13,Творческая встреча
VIS_02157,EV_0141,INST_012,2026-04-13,Творческая встреча
VIS_00771,EV_0141,INST_012,2026-04-13,Творческая встреча
VIS_01134,EV_0141,INST_012,2026-04-13,Творческая встреча
VIS_02130,EV_0141,INST_012,2026-04-13,Творческая встреча
VIS_01785,EV_0141,INST_012,2026-04-13,Творческая встреча
VIS_04096,EV_0141,INST_012,2026-04-13,Творческая встреча
VIS_02017,EV_0141,INST_012,2026-04-13,Творческая встреча
VIS_02722,EV_0141,INST_012,2026-04-13,Творческая встреча
VIS_04686,EV_0141,INST_012,2026-04-13,Творческая встреча
VIS_04279,EV_0141,INST_012,2026-04-13,Творческая встреча
VIS_01495,EV_0141,INST_012,2026-04-13,Творческая встреча
VIS_04923,EV_0141,INST_012,2026-04-13,Творческая встреча
VIS_00911,EV_0141,INST_012,2026-04-13,Творческая встреча
VIS_03268,EV_0141,INST_012,2026-04-13,Творческая встреча
VIS_03049,EV_0141,INST_012,2026-04-13,Творческая встреча
VIS_02574,EV_0141,INST_012,2026-04-13,Творческая встреча
VIS_00809,EV_0141,INST_012,2026-04-13,Творческая встреча
VIS_00285,EV_0141,INST_012,2026-04-13,Творческая встреча
VIS_00104,EV_0141,INST_012,2026-04-13,Творческая встреча
VIS_02688,EV_0141,INST_012,2026-04-13,Творческая встреча
VIS_04726,EV_0141,INST_012,2026-04-13,Творческая встреча
VIS_01249,EV_0141,INST_012,2026-04-13,Творческая встреча
VIS_04343,EV_0141,INST_012,2026-04-13,Творческая встреча
VIS_03672,EV_0141,INST_012,2026-04-13,Творческая встреча
VIS_00176,EV_0141,INST_012,2026-04-13,Творческая встреча
VIS_00043,EV_0141,INST_012,2026-04-13,Творческая встреча
VIS_04554,EV_0141,INST_012,2026-04-13,Творческая встреча
VIS_02737,EV_0141,INST_012,2026-04-13,Творческая встреча
VIS_04810,EV_0141,INST_012,2026-04-13,Творческая встреча
VIS_01085,EV_0141,INST_012,2026-04-13,Творческая встреча
VIS_02269,EV_0141,INST_012,2026-04-13,Творческая встреча
VIS_04273,EV_0141,INST_012,2026-04-13,Творческая встреча
VIS_01645,EV_0141,INST_012,2026-04-13,Творческая встреча
VIS_02589,EV_0141,INST_012,2026-04-13,Творческая встреча
VIS_03191,EV_0141,INST_012,2026-04-13,Творческая встреча
VIS_00452,EV_0141,INST_012,2026-04-13,Творческая встреча
VIS_00194,EV_0141,INST_012,2026-04-13,Творческая встреча
VIS_02138,EV_0141,INST_012,2026-04-13,Творческая встреча
VIS_04323,EV_0141,INST_012,2026-04-13,Творческая встреча
VIS_01550,EV_0141,INST_012,2026-04-13,Творческая встреча
VIS_01844,EV_0141,INST_012,2026-04-13,Творческая встреча
VIS_03723,EV_0141,INST_012,2026-04-13,Творческая встреча
VIS_01615,EV_0141,INST_012,2026-04-13,Творческая встреча
VIS_02717,EV_0141,INST_012,2026-04-13,Творческая встреча
VIS_02712,EV_0141,INST_012,2026-04-13,Творческая встреча
VIS_00897,EV_0141,INST_012,2026-04-13,Творческая встреча
VIS_03472,EV_0141,INST_012,2026-04-13,Творческая встреча
VIS_03599,EV_0087,INST_007,2026-04-21,Лекция
VIS_03059,EV_0087,INST_007,2026-04-21,Лекция
VIS_01225,EV_0087,INST_007,2026-04-21,Лекция
VIS_02760,EV_0087,INST_007,2026-04-21,Лекция
VIS_04251,EV_0087,INST_007,2026-04-21,Лекция
VIS_04340,EV_0087,INST_007,2026-04-21,Лекция
VIS_04382,EV_0087,INST_007,2026-04-21,Лекция
VIS_04357,EV_0087,INST_007,2026-04-21,Лекция
VIS_01665,EV_0087,INST_007,2026-04-21,Лекция
VIS_04737,EV_0087,INST_007,2026-04-21,Лекция
VIS_02629,EV_0087,INST_007,2026-04-21,Лекция
VIS_04794,EV_0087,INST_007,2026-04-21,Лекция
VIS_00612,EV_0087,INST_007,2026-04-21,Лекция
VIS_03960,EV_0087,INST_007,2026-04-21,Лекция
VIS_01594,EV_0087,INST_007,2026-04-21,Лекция
VIS_00319,EV_0087,INST_007,2026-04-21,Лекция
VIS_00630,EV_0087,INST_007,2026-04-21,Лекция
VIS_04678,EV_0087,INST_007,2026-04-21,Лекция
VIS_02952,EV_0087,INST_007,2026-04-21,Лекция
VIS_04120,EV_0087,INST_007,2026-04-21,Лекция
VIS_02232,EV_0087,INST_007,2026-04-21,Лекция
VIS_02271,EV_0087,INST_007,2026-04-21,Лекция
VIS_03299,EV_0087,INST_007,2026-04-21,Лекция
VIS_03386,EV_0087,INST_007,2026-04-21,Лекция
VIS_02315,EV_0087,INST_007,2026-04-21,Лекция
VIS_04290,EV_0087,INST_007,2026-04-21,Лекция
VIS_02819,EV_0087,INST_007,2026-04-21,Лекция
VIS_02944,EV_0087,INST_007,2026-04-21,Лекция
VIS_04324,EV_0087,INST_007,2026-04-21,Лекция
VIS_04991,EV_0087,INST_007,2026-04-21,Лекция
VIS_01054,EV_0087,INST_007,2026-04-21,Лекция
VIS_03875,EV_0087,INST_007,2026-04-21,Лекция
VIS_01083,EV_0087,INST_007,2026-04-21,Лекция
VIS_01589,EV_0087,INST_007,2026-04-21,Лекция
VIS_02797,EV_0087,INST_007,2026-04-21,Лекция
VIS_02210,EV_0087,INST_007,2026-04-21,Лекция
VIS_03571,EV_0087,INST_007,2026-04-21,Лекция
VIS_01817,EV_0087,INST_007,2026-04-21,Лекция
VIS_02259,EV_0087,INST_007,2026-04-21,Лекция
VIS_04165,EV_0087,INST_007,2026-04-21,Лекция
VIS_02148,EV_0087,INST_007,2026-04-21,Лекция
VIS_02138,EV_0087,INST_007,2026-04-21,Лекция
VIS_04270,EV_0087,INST_007,2026-04-21,Лекция
VIS_04875,EV_0087,INST_007,2026-04-21,Лекция
VIS_00453,EV_0087,INST_007,2026-04-21,Лекция
VIS_04799,EV_0087,INST_007,2026-04-21,Лекция
VIS_00766,EV_0087,INST_007,2026-04-21,Лекция
VIS_04826,EV_0087,INST_007,2026-04-21,Лекция
VIS_00124,EV_0087,INST_007,2026-04-21,Лекция
VIS_01034,EV_0087,INST_007,2026-04-21,Лекция
VIS_03327,EV_0087,INST_007,2026-04-21,Лекция
VIS_00091,EV_0087,INST_007,2026-04-21,Лекция
VIS_02521,EV_0087,INST_007,2026-04-21,Лекция
VIS_04624,EV_0087,INST_007,2026-04-21,Лекция
VIS_03559,EV_0087,INST_007,2026-04-21,Лекция
VIS_04030,EV_0087,INST_007,2026-04-21,Лекция
VIS_03297,EV_0087,INST_007,2026-04-21,Лекция
VIS_00408,EV_0195,INST_017,2026-04-21,Лекция
VIS_04984,EV_0195,INST_017,2026-04-21,Лекция
VIS_01069,EV_0195,INST_017,2026-04-21,Лекция
VIS_00834,EV_0195,INST_017,2026-04-21,Лекция
VIS_00815,EV_0195,INST_017,2026-04-21,Лекция
VIS_00816,EV_0195,INST_017,2026-04-21,Лекция
VIS_02514,EV_0195,INST_017,2026-04-21,Лекция
VIS_01578,EV_0195,INST_017,2026-04-21,Лекция
VIS_03451,EV_0195,INST_017,2026-04-21,Лекция
VIS_01291,EV_0195,INST_017,2026-04-21,Лекция
VIS_01170,EV_0195,INST_017,2026-04-21,Лекция
VIS_03609,EV_0195,INST_017,2026-04-21,Лекция
VIS_01357,EV_0195,INST_017,2026-04-21,Лекция
VIS_03666,EV_0195,INST_017,2026-04-21,Лекция
VIS_04424,EV_0195,INST_017,2026-04-21,Лекция
VIS_01985,EV_0195,INST_017,2026-04-21,Лекция
VIS_02349,EV_0195,INST_017,2026-04-21,Лекция
VIS_00049,EV_0195,INST_017,2026-04-21,Лекция
VIS_01067,EV_0195,INST_017,2026-04-21,Лекция
VIS_03905,EV_0195,INST_017,2026-04-21,Лекция
VIS_02131,EV_0195,INST_017,2026-04-21,Лекция
VIS_02504,EV_0195,INST_017,2026-04-21,Лекция
VIS_00846,EV_0195,INST_017,2026-04-21,Лекция
VIS_04528,EV_0195,INST_017,2026-04-21,Лекция
VIS_01824,EV_0195,INST_017,2026-04-21,Лекция
VIS_04981,EV_0195,INST_017,2026-04-21,Лекция
VIS_02316,EV_0195,INST_017,2026-04-21,Лекция
VIS_02166,EV_0195,INST_017,2026-04-21,Лекция
VIS_01356,EV_0195,INST_017,2026-04-21,Лекция
VIS_02279,EV_0195,INST_017,2026-04-21,Лекция
VIS_03126,EV_0195,INST_017,2026-04-21,Лекция
VIS_03360,EV_0195,INST_017,2026-04-21,Лекция
VIS_04464,EV_0195,INST_017,2026-04-21,Лекция
VIS_04173,EV_0195,INST_017,2026-04-21,Лекция
VIS_03592,EV_0195,INST_017,2026-04-21,Лекция
VIS_03580,EV_0195,INST_017,2026-04-21,Лекция
VIS_02536,EV_0195,INST_017,2026-04-21,Лекция
VIS_01954,EV_0195,INST_017,2026-04-21,Лекция
VIS_02280,EV_0195,INST_017,2026-04-21,Лекция
VIS_03460,EV_0195,INST_017,2026-04-21,Лекция
VIS_01138,EV_0195,INST_017,2026-04-21,Лекция
VIS_01877,EV_0195,INST_017,2026-04-21,Лекция
VIS_02233,EV_0195,INST_017,2026-04-21,Лекция
VIS_02906,EV_0195,INST_017,2026-04-21,Лекция
VIS_01103,EV_0195,INST_017,2026-04-21,Лекция
VIS_02787,EV_0195,INST_017,2026-04-21,Лекция
VIS_01194,EV_0195,INST_017,2026-04-21,Лекция
VIS_00910,EV_0195,INST_017,2026-04-21,Лекция
VIS_00146,EV_0195,INST_017,2026-04-21,Лекция
VIS_01545,EV_0195,INST_017,2026-04-21,Лекция
VIS_04486,EV_0195,INST_017,2026-04-21,Лекция
VIS_03270,EV_0195,INST_017,2026-04-21,Лекция
VIS_04852,EV_0195,INST_017,2026-04-21,Лекция
VIS_02021,EV_0195,INST_017,2026-04-21,Лекция
VIS_02869,EV_0195,INST_017,2026-04-21,Лекция
VIS_00764,EV_0195,INST_017,2026-04-21,Лекция
VIS_00787,EV_0195,INST_017,2026-04-21,Лекция
VIS_03314,EV_0195,INST_017,2026-04-21,Лекция
VIS_02873,EV_0195,INST_017,2026-04-21,Лекция
VIS_00809,EV_0195,INST_017,2026-04-21,Лекция
VIS_00468,EV_0195,INST_017,2026-04-21,Лекция
VIS_04646,EV_0195,INST_017,2026-04-21,Лекция
VIS_00371,EV_0195,INST_017,2026-04-21,Лекция
VIS_00912,EV_0195,INST_017,2026-04-21,Лекция
VIS_03525,EV_0195,INST_017,2026-04-21,Лекция
VIS_02180,EV_0028,INST_002,2026-04-23,Творческая встреча
VIS_02640,EV_0028,INST_002,2026-04-23,Творческая встреча
VIS_02334,EV_0028,INST_002,2026-04-23,Творческая встреча
VIS_00497,EV_0028,INST_002,2026-04-23,Творческая встреча
VIS_03235,EV_0028,INST_002,2026-04-23,Творческая встреча
VIS_00546,EV_0028,INST_002,2026-04-23,Творческая встреча
VIS_00680,EV_0028,INST_002,2026-04-23,Творческая встреча
VIS_01943,EV_0028,INST_002,2026-04-23,Творческая встреча
VIS_02072,EV_0028,INST_002,2026-04-23,Творческая встреча
VIS_04549,EV_0028,INST_002,2026-04-23,Творческая встреча
VIS_02879,EV_0028,INST_002,2026-04-23,Творческая встреча
VIS_02058,EV_0028,INST_002,2026-04-23,Творческая встреча
VIS_01975,EV_0028,INST_002,2026-04-23,Творческая встреча
VIS_03779,EV_0028,INST_002,2026-04-23,Творческая встреча
VIS_02882,EV_0028,INST_002,2026-04-23,Творческая встреча
VIS_00138,EV_0028,INST_002,2026-04-23,Творческая встреча
VIS_04944,EV_0028,INST_002,2026-04-23,Творческая встреча
VIS_00461,EV_0028,INST_002,2026-04-23,Творческая встреча
VIS_04304,EV_0028,INST_002,2026-04-23,Творческая встреча
VIS_02027,EV_0028,INST_002,2026-04-23,Творческая встреча
VIS_02338,EV_0028,INST_002,2026-04-23,Творческая встреча
VIS_00844,EV_0028,INST_002,2026-04-23,Творческая встреча
VIS_02160,EV_0028,INST_002,2026-04-23,Творческая встреча
VIS_03221,EV_0028,INST_002,2026-04-23,Творческая встреча
VIS_04675,EV_0028,INST_002,2026-04-23,Творческая встреча
VIS_01062,EV_0028,INST_002,2026-04-23,Творческая встреча
VIS_00677,EV_0028,INST_002,2026-04-23,Творческая встреча
VIS_01407,EV_0028,INST_002,2026-04-23,Творческая встреча
VIS_03770,EV_0028,INST_002,2026-04-23,Творческая встреча
VIS_04189,EV_0028,INST_002,2026-04-23,Творческая встреча
VIS_00197,EV_0028,INST_002,2026-04-23,Творческая встреча
VIS_00235,EV_0028,INST_002,2026-04-23,Творческая встреча
VIS_02506,EV_0028,INST_002,2026-04-23,Творческая встреча
VIS_01282,EV_0028,INST_002,2026-04-23,Творческая встреча
VIS_03162,EV_0028,INST_002,2026-04-23,Творческая встреча
VIS_04975,EV_0028,INST_002,2026-04-23,Творческая встреча
VIS_02168,EV_0028,INST_002,2026-04-23,Творческая встреча
VIS_03450,EV_0028,INST_002,2026-04-23,Творческая встреча
VIS_02935,EV_0028,INST_002,2026-04-23,Творческая встреча
VIS_02796,EV_0028,INST_002,2026-04-23,Творческая встреча
VIS_01579,EV_0028,INST_002,2026-04-23,Творческая встреча
VIS_00232,EV_0028,INST_002,2026-04-23,Творческая встреча
VIS_01023,EV_0028,INST_002,2026-04-23,Творческая встреча
VIS_03236,EV_0028,INST_002,2026-04-23,Творческая встреча
VIS_00540,EV_0028,INST_002,2026-04-23,Творческая встреча
VIS_00776,EV_0028,INST_002,2026-04-23,Творческая встреча
VIS_04401,EV_0028,INST_002,2026-04-23,Творческая встреча
VIS_01318,EV_0028,INST_002,2026-04-23,Творческая встреча
VIS_01271,EV_0028,INST_002,2026-04-23,Творческая встреча
VIS_03405,EV_0028,INST_002,2026-04-23,Творческая встреча
VIS_04518,EV_0028,INST_002,2026-04-23,Творческая встреча
VIS_02860,EV_0028,INST_002,2026-04-23,Творческая встреча
VIS_03145,EV_0028,INST_002,2026-04-23,Творческая встреча
VIS_00393,EV_0028,INST_002,2026-04-23,Творческая встреча
VIS_01478,EV_0028,INST_002,2026-04-23,Творческая встреча
VIS_03446,EV_0028,INST_002,2026-04-23,Творческая встреча
VIS_01043,EV_0028,INST_002,2026-04-23,Творческая встреча
VIS_03867,EV_0028,INST_002,2026-04-23,Творческая встреча
VIS_03811,EV_0028,INST_002,2026-04-23,Творческая встреча
VIS_03021,EV_0160,INST_014,2026-04-23,Выставка
VIS_01723,EV_0160,INST_014,2026-04-23,Выставка
VIS_02318,EV_0160,INST_014,2026-04-23,Выставка
VIS_04517,EV_0160,INST_014,2026-04-23,Выставка
VIS_02288,EV_0160,INST_014,2026-04-23,Выставка
VIS_04054,EV_0160,INST_014,2026-04-23,Выставка
VIS_01141,EV_0160,INST_014,2026-04-23,Выставка
VIS_02237,EV_0160,INST_014,2026-04-23,Выставка
VIS_03185,EV_0160,INST_014,2026-04-23,Выставка
VIS_01759,EV_0160,INST_014,2026-04-23,Выставка
VIS_01991,EV_0160,INST_014,2026-04-23,Выставка
VIS_04257,EV_0160,INST_014,2026-04-23,Выставка
VIS_01649,EV_0160,INST_014,2026-04-23,Выставка
VIS_01071,EV_0160,INST_014,2026-04-23,Выставка
VIS_02348,EV_0160,INST_014,2026-04-23,Выставка
VIS_04069,EV_0160,INST_014,2026-04-23,Выставка
VIS_01196,EV_0160,INST_014,2026-04-23,Выставка
VIS_02879,EV_0160,INST_014,2026-04-23,Выставка
VIS_03073,EV_0160,INST_014,2026-04-23,Выставка
VIS_02743,EV_0160,INST_014,2026-04-23,Выставка
VIS_02931,EV_0160,INST_014,2026-04-23,Выставка
VIS_01597,EV_0160,INST_014,2026-04-23,Выставка
VIS_03604,EV_0160,INST_014,2026-04-23,Выставка
VIS_02078,EV_0160,INST_014,2026-04-23,Выставка
VIS_02861,EV_0160,INST_014,2026-04-23,Выставка
VIS_04397,EV_0160,INST_014,2026-04-23,Выставка
VIS_04781,EV_0160,INST_014,2026-04-23,Выставка
VIS_01958,EV_0160,INST_014,2026-04-23,Выставка
VIS_00025,EV_0160,INST_014,2026-04-23,Выставка
VIS_04465,EV_0160,INST_014,2026-04-23,Выставка
VIS_04632,EV_0160,INST_014,2026-04-23,Выставка
VIS_04520,EV_0160,INST_014,2026-04-23,Выставка
VIS_03801,EV_0160,INST_014,2026-04-23,Выставка
VIS_01834,EV_0160,INST_014,2026-04-23,Выставка
VIS_02545,EV_0008,INST_001,2026-04-24,Мастер-класс
VIS_02113,EV_0008,INST_001,2026-04-24,Мастер-класс
VIS_01600,EV_0008,INST_001,2026-04-24,Мастер-класс
VIS_04094,EV_0008,INST_001,2026-04-24,Мастер-класс
VIS_02990,EV_0008,INST_001,2026-04-24,Мастер-класс
VIS_04982,EV_0008,INST_001,2026-04-24,Мастер-класс
VIS_00258,EV_0008,INST_001,2026-04-24,Мастер-класс
VIS_02971,EV_0008,INST_001,2026-04-24,Мастер-класс
VIS_04613,EV_0008,INST_001,2026-04-24,Мастер-класс
VIS_00075,EV_0008,INST_001,2026-04-24,Мастер-класс
VIS_02353,EV_0008,INST_001,2026-04-24,Мастер-класс
VIS_00717,EV_0008,INST_001,2026-04-24,Мастер-класс
VIS_03327,EV_0008,INST_001,2026-04-24,Мастер-класс
VIS_00893,EV_0008,INST_001,2026-04-24,Мастер-класс
VIS_00212,EV_0008,INST_001,2026-04-24,Мастер-класс
VIS_03979,EV_0008,INST_001,2026-04-24,Мастер-класс
VIS_02805,EV_0008,INST_001,2026-04-24,Мастер-класс
VIS_01062,EV_0008,INST_001,2026-04-24,Мастер-класс
VIS_01545,EV_0008,INST_001,2026-04-24,Мастер-класс
VIS_00095,EV_0008,INST_001,2026-04-24,Мастер-класс
VIS_03891,EV_0008,INST_001,2026-04-24,Мастер-класс
VIS_00184,EV_0008,INST_001,2026-04-24,Мастер-класс
VIS_02909,EV_0008,INST_001,2026-04-24,Мастер-класс
VIS_04222,EV_0008,INST_001,2026-04-24,Мастер-класс
VIS_01999,EV_0008,INST_001,2026-04-24,Мастер-класс
VIS_02103,EV_0008,INST_001,2026-04-24,Мастер-класс
VIS_01438,EV_0008,INST_001,2026-04-24,Мастер-класс
VIS_00387,EV_0008,INST_001,2026-04-24,Мастер-класс
VIS_00944,EV_0008,INST_001,2026-04-24,Мастер-класс
VIS_03078,EV_0008,INST_001,2026-04-24,Мастер-класс
VIS_00116,EV_0008,INST_001,2026-04-24,Мастер-класс
VIS_02741,EV_0008,INST_001,2026-04-24,Мастер-класс
VIS_02505,EV_0008,INST_001,2026-04-24,Мастер-класс
VIS_04690,EV_0008,INST_001,2026-04-24,Мастер-класс
VIS_00541,EV_0008,INST_001,2026-04-24,Мастер-класс
VIS_04910,EV_0008,INST_001,2026-04-24,Мастер-класс
VIS_00999,EV_0008,INST_001,2026-04-24,Мастер-класс
VIS_00529,EV_0008,INST_001,2026-04-24,Мастер-класс
VIS_03858,EV_0008,INST_001,2026-04-24,Мастер-класс
VIS_00867,EV_0008,INST_001,2026-04-24,Мастер-класс
VIS_01388,EV_0008,INST_001,2026-04-24,Мастер-класс
VIS_02928,EV_0008,INST_001,2026-04-24,Мастер-класс
VIS_02849,EV_0008,INST_001,2026-04-24,Мастер-класс
VIS_02854,EV_0008,INST_001,2026-04-24,Мастер-класс
VIS_04792,EV_0008,INST_001,2026-04-24,Мастер-класс
VIS_02212,EV_0008,INST_001,2026-04-24,Мастер-класс
VIS_04804,EV_0128,INST_011,2026-04-25,Мастер-класс
VIS_02185,EV_0128,INST_011,2026-04-25,Мастер-класс
VIS_02441,EV_0128,INST_011,2026-04-25,Мастер-класс
VIS_01308,EV_0128,INST_011,2026-04-25,Мастер-класс
VIS_02212,EV_0128,INST_011,2026-04-25,Мастер-класс
VIS_00822,EV_0128,INST_011,2026-04-25,Мастер-класс
VIS_03476,EV_0128,INST_011,2026-04-25,Мастер-класс
VIS_03662,EV_0128,INST_011,2026-04-25,Мастер-класс
VIS_04019,EV_0128,INST_011,2026-04-25,Мастер-класс
VIS_04142,EV_0128,INST_011,2026-04-25,Мастер-класс
VIS_03389,EV_0128,INST_011,2026-04-25,Мастер-класс
VIS_03041,EV_0128,INST_011,2026-04-25,Мастер-класс
VIS_00272,EV_0128,INST_011,2026-04-25,Мастер-класс
VIS_04191,EV_0128,INST_011,2026-04-25,Мастер-класс
VIS_02509,EV_0128,INST_011,2026-04-25,Мастер-класс
VIS_02718,EV_0128,INST_011,2026-04-25,Мастер-класс
VIS_02934,EV_0128,INST_011,2026-04-25,Мастер-класс
VIS_04474,EV_0128,INST_011,2026-04-25,Мастер-класс
VIS_04671,EV_0128,INST_011,2026-04-25,Мастер-класс
VIS_04995,EV_0128,INST_011,2026-04-25,Мастер-класс
VIS_02908,EV_0128,INST_011,2026-04-25,Мастер-класс
VIS_04482,EV_0128,INST_011,2026-04-25,Мастер-класс
VIS_02094,EV_0128,INST_011,2026-04-25,Мастер-класс
VIS_00012,EV_0128,INST_011,2026-04-25,Мастер-класс
VIS_03468,EV_0128,INST_011,2026-04-25,Мастер-класс
VIS_04253,EV_0128,INST_011,2026-04-25,Мастер-класс
VIS_02785,EV_0128,INST_011,2026-04-25,Мастер-класс
VIS_00367,EV_0128,INST_011,2026-04-25,Мастер-класс
VIS_03930,EV_0128,INST_011,2026-04-25,Мастер-класс
VIS_02949,EV_0128,INST_011,2026-04-25,Мастер-класс
VIS_03441,EV_0128,INST_011,2026-04-25,Мастер-класс
VIS_03938,EV_0128,INST_011,2026-04-25,Мастер-класс
VIS_02770,EV_0128,INST_011,2026-04-25,Мастер-класс
VIS_02600,EV_0128,INST_011,2026-04-25,Мастер-класс
VIS_04903,EV_0128,INST_011,2026-04-25,Мастер-класс
VIS_01571,EV_0128,INST_011,2026-04-25,Мастер-класс
VIS_00586,EV_0128,INST_011,2026-04-25,Мастер-класс
VIS_03707,EV_0128,INST_011,2026-04-25,Мастер-класс
VIS_01542,EV_0128,INST_011,2026-04-25,Мастер-класс
VIS_02888,EV_0128,INST_011,2026-04-25,Мастер-класс
VIS_00773,EV_0128,INST_011,2026-04-25,Мастер-класс
VIS_01131,EV_0063,INST_006,2026-04-29,Мастер-класс
VIS_03757,EV_0063,INST_006,2026-04-29,Мастер-класс
VIS_00601,EV_0063,INST_006,2026-04-29,Мастер-класс
VIS_02374,EV_0063,INST_006,2026-04-29,Мастер-класс
VIS_04627,EV_0063,INST_006,2026-04-29,Мастер-класс
VIS_04291,EV_0063,INST_006,2026-04-29,Мастер-класс
VIS_04122,EV_0063,INST_006,2026-04-29,Мастер-класс
VIS_02833,EV_0063,INST_006,2026-04-29,Мастер-класс
VIS_04821,EV_0063,INST_006,2026-04-29,Мастер-класс
VIS_00103,EV_0063,INST_006,2026-04-29,Мастер-класс
VIS_03059,EV_0063,INST_006,2026-04-29,Мастер-класс
VIS_02454,EV_0063,INST_006,2026-04-29,Мастер-класс
VIS_04519,EV_0063,INST_006,2026-04-29,Мастер-класс
VIS_04232,EV_0063,INST_006,2026-04-29,Мастер-класс
VIS_02955,EV_0063,INST_006,2026-04-29,Мастер-класс
VIS_00402,EV_0063,INST_006,2026-04-29,Мастер-класс
VIS_04939,EV_0063,INST_006,2026-04-29,Мастер-класс
VIS_03848,EV_0063,INST_006,2026-04-29,Мастер-класс
VIS_04017,EV_0063,INST_006,2026-04-29,Мастер-класс
VIS_01480,EV_0063,INST_006,2026-04-29,Мастер-класс
VIS_02626,EV_0063,INST_006,2026-04-29,Мастер-класс
VIS_01309,EV_0063,INST_006,2026-04-29,Мастер-класс
VIS_03373,EV_0063,INST_006,2026-04-29,Мастер-класс
VIS_00221,EV_0063,INST_006,2026-04-29,Мастер-класс
VIS_00546,EV_0063,INST_006,2026-04-29,Мастер-класс
VIS_02411,EV_0063,INST_006,2026-04-29,Мастер-класс
VIS_02224,EV_0063,INST_006,2026-04-29,Мастер-класс
VIS_04618,EV_0063,INST_006,2026-04-29,Мастер-класс
VIS_02772,EV_0063,INST_006,2026-04-29,Мастер-класс
VIS_00474,EV_0063,INST_006,2026-04-29,Мастер-класс
VIS_00465,EV_0063,INST_006,2026-04-29,Мастер-класс
VIS_02818,EV_0063,INST_006,2026-04-29,Мастер-класс
VIS_03606,EV_0063,INST_006,2026-04-29,Мастер-класс
VIS_00200,EV_0063,INST_006,2026-04-29,Мастер-класс
VIS_02781,EV_0063,INST_006,2026-04-29,Мастер-класс
VIS_02766,EV_0063,INST_006,2026-04-29,Мастер-класс
VIS_00549,EV_0063,INST_006,2026-04-29,Мастер-класс
VIS_03315,EV_0063,INST_006,2026-04-29,Мастер-класс
VIS_00684,EV_0063,INST_006,2026-04-29,Мастер-класс
VIS_02913,EV_0063,INST_006,2026-04-29,Мастер-класс
VIS_00686,EV_0063,INST_006,2026-04-29,Мастер-класс
VIS_02886,EV_0063,INST_006,2026-04-29,Мастер-класс
VIS_01392,EV_0063,INST_006,2026-04-29,Мастер-класс
VIS_04309,EV_0063,INST_006,2026-04-29,Мастер-класс
VIS_03378,EV_0063,INST_006,2026-04-29,Мастер-класс
VIS_01235,EV_0063,INST_006,2026-04-29,Мастер-класс
VIS_04552,EV_0063,INST_006,2026-04-29,Мастер-класс
VIS_04256,EV_0063,INST_006,2026-04-29,Мастер-класс
VIS_04633,EV_0063,INST_006,2026-04-29,Мастер-класс
VIS_01095,EV_0063,INST_006,2026-04-29,Мастер-класс
VIS_02768,EV_0063,INST_006,2026-04-29,Мастер-класс
VIS_02323,EV_0063,INST_006,2026-04-29,Мастер-класс
VIS_01278,EV_0063,INST_006,2026-04-29,Мастер-класс
VIS_00841,EV_0063,INST_006,2026-04-29,Мастер-класс
VIS_04783,EV_0044,INST_004,2026-05-04,Выставка
VIS_03682,EV_0044,INST_004,2026-05-04,Выставка
VIS_00893,EV_0044,INST_004,2026-05-04,Выставка
VIS_00047,EV_0044,INST_004,2026-05-04,Выставка
VIS_00450,EV_0044,INST_004,2026-05-04,Выставка
VIS_01087,EV_0044,INST_004,2026-05-04,Выставка
VIS_03244,EV_0044,INST_004,2026-05-04,Выставка
VIS_04657,EV_0044,INST_004,2026-05-04,Выставка
VIS_00753,EV_0044,INST_004,2026-05-04,Выставка
VIS_02298,EV_0044,INST_004,2026-05-04,Выставка
VIS_02587,EV_0044,INST_004,2026-05-04,Выставка
VIS_01803,EV_0044,INST_004,2026-05-04,Выставка
VIS_01929,EV_0044,INST_004,2026-05-04,Выставка
VIS_03932,EV_0044,INST_004,2026-05-04,Выставка
VIS_04750,EV_0044,INST_004,2026-05-04,Выставка
VIS_03994,EV_0044,INST_004,2026-05-04,Выставка
VIS_00065,EV_0044,INST_004,2026-05-04,Выставка
VIS_00284,EV_0044,INST_004,2026-05-04,Выставка
VIS_04365,EV_0044,INST_004,2026-05-04,Выставка
VIS_02621,EV_0044,INST_004,2026-05-04,Выставка
VIS_01383,EV_0044,INST_004,2026-05-04,Выставка
VIS_00927,EV_0044,INST_004,2026-05-04,Выставка
VIS_00231,EV_0044,INST_004,2026-05-04,Выставка
VIS_03270,EV_0044,INST_004,2026-05-04,Выставка
VIS_01349,EV_0044,INST_004,2026-05-04,Выставка
VIS_01161,EV_0044,INST_004,2026-05-04,Выставка
VIS_03145,EV_0044,INST_004,2026-05-04,Выставка
VIS_03407,EV_0044,INST_004,2026-05-04,Выставка
VIS_00823,EV_0044,INST_004,2026-05-04,Выставка
VIS_01073,EV_0044,INST_004,2026-05-04,Выставка
VIS_03212,EV_0044,INST_004,2026-05-04,Выставка
VIS_00715,EV_0044,INST_004,2026-05-04,Выставка
VIS_02064,EV_0044,INST_004,2026-05-04,Выставка
VIS_01655,EV_0044,INST_004,2026-05-04,Выставка
VIS_01276,EV_0044,INST_004,2026-05-04,Выставка
VIS_00829,EV_0044,INST_004,2026-05-04,Выставка
VIS_04592,EV_0044,INST_004,2026-05-04,Выставка
VIS_02790,EV_0044,INST_004,2026-05-04,Выставка
VIS_04339,EV_0044,INST_004,2026-05-04,Выставка
VIS_02539,EV_0044,INST_004,2026-05-04,Выставка
VIS_01614,EV_0051,INST_005,2026-05-04,Выставка
VIS_01450,EV_0051,INST_005,2026-05-04,Выставка
VIS_03072,EV_0051,INST_005,2026-05-04,Выставка
VIS_01780,EV_0051,INST_005,2026-05-04,Выставка
VIS_02039,EV_0051,INST_005,2026-05-04,Выставка
VIS_04002,EV_0051,INST_005,2026-05-04,Выставка
VIS_01135,EV_0051,INST_005,2026-05-04,Выставка
VIS_04842,EV_0051,INST_005,2026-05-04,Выставка
VIS_02266,EV_0051,INST_005,2026-05-04,Выставка
VIS_04250,EV_0051,INST_005,2026-05-04,Выставка
VIS_03890,EV_0051,INST_005,2026-05-04,Выставка
VIS_04304,EV_0051,INST_005,2026-05-04,Выставка
VIS_04275,EV_0051,INST_005,2026-05-04,Выставка
VIS_04106,EV_0051,INST_005,2026-05-04,Выставка
VIS_04185,EV_0051,INST_005,2026-05-04,Выставка
VIS_03838,EV_0051,INST_005,2026-05-04,Выставка
VIS_04440,EV_0051,INST_005,2026-05-04,Выставка
VIS_04012,EV_0051,INST_005,2026-05-04,Выставка
VIS_01653,EV_0051,INST_005,2026-05-04,Выставка
VIS_03711,EV_0051,INST_005,2026-05-04,Выставка
VIS_04083,EV_0051,INST_005,2026-05-04,Выставка
VIS_03307,EV_0051,INST_005,2026-05-04,Выставка
VIS_03554,EV_0051,INST_005,2026-05-04,Выставка
VIS_01006,EV_0051,INST_005,2026-05-04,Выставка
VIS_02775,EV_0051,INST_005,2026-05-04,Выставка
VIS_03516,EV_0051,INST_005,2026-05-04,Выставка
VIS_03641,EV_0051,INST_005,2026-05-04,Выставка
VIS_04015,EV_0051,INST_005,2026-05-04,Выставка
VIS_04911,EV_0051,INST_005,2026-05-04,Выставка
VIS_01697,EV_0051,INST_005,2026-05-04,Выставка
VIS_00552,EV_0051,INST_005,2026-05-04,Выставка
VIS_03945,EV_0088,INST_007,2026-05-04,Лекция
VIS_02760,EV_0088,INST_007,2026-05-04,Лекция
VIS_04359,EV_0088,INST_007,2026-05-04,Лекция
VIS_02958,EV_0088,INST_007,2026-05-04,Лекция
VIS_03059,EV_0088,INST_007,2026-05-04,Лекция
VIS_02395,EV_0088,INST_007,2026-05-04,Лекция
VIS_04432,EV_0088,INST_007,2026-05-04,Лекция
VIS_02667,EV_0088,INST_007,2026-05-04,Лекция
VIS_01118,EV_0088,INST_007,2026-05-04,Лекция
VIS_03327,EV_0088,INST_007,2026-05-04,Лекция
VIS_02501,EV_0088,INST_007,2026-05-04,Лекция
VIS_00795,EV_0088,INST_007,2026-05-04,Лекция
VIS_00005,EV_0088,INST_007,2026-05-04,Лекция
VIS_03875,EV_0088,INST_007,2026-05-04,Лекция
VIS_03040,EV_0088,INST_007,2026-05-04,Лекция
VIS_04859,EV_0088,INST_007,2026-05-04,Лекция
VIS_00295,EV_0088,INST_007,2026-05-04,Лекция
VIS_01757,EV_0088,INST_007,2026-05-04,Лекция
VIS_03305,EV_0088,INST_007,2026-05-04,Лекция
VIS_04202,EV_0088,INST_007,2026-05-04,Лекция
VIS_01274,EV_0088,INST_007,2026-05-04,Лекция
VIS_03591,EV_0088,INST_007,2026-05-04,Лекция
VIS_00096,EV_0088,INST_007,2026-05-04,Лекция
VIS_03594,EV_0088,INST_007,2026-05-04,Лекция
VIS_01419,EV_0088,INST_007,2026-05-04,Лекция
VIS_04678,EV_0088,INST_007,2026-05-04,Лекция
VIS_02517,EV_0088,INST_007,2026-05-04,Лекция
VIS_02757,EV_0088,INST_007,2026-05-04,Лекция
VIS_02635,EV_0088,INST_007,2026-05-04,Лекция
VIS_01302,EV_0088,INST_007,2026-05-04,Лекция
VIS_01594,EV_0088,INST_007,2026-05-04,Лекция
VIS_00923,EV_0088,INST_007,2026-05-04,Лекция
VIS_02957,EV_0088,INST_007,2026-05-04,Лекция
VIS_01100,EV_0088,INST_007,2026-05-04,Лекция
VIS_03771,EV_0088,INST_007,2026-05-04,Лекция
VIS_00714,EV_0088,INST_007,2026-05-04,Лекция
VIS_00804,EV_0088,INST_007,2026-05-04,Лекция
VIS_02205,EV_0088,INST_007,2026-05-04,Лекция
VIS_03811,EV_0088,INST_007,2026-05-04,Лекция
VIS_01015,EV_0088,INST_007,2026-05-04,Лекция
VIS_00900,EV_0088,INST_007,2026-05-04,Лекция
VIS_01850,EV_0088,INST_007,2026-05-04,Лекция
VIS_03227,EV_0088,INST_007,2026-05-04,Лекция
VIS_03351,EV_0088,INST_007,2026-05-04,Лекция
VIS_02116,EV_0088,INST_007,2026-05-04,Лекция
VIS_03660,EV_0088,INST_007,2026-05-04,Лекция
VIS_04837,EV_0088,INST_007,2026-05-04,Лекция
VIS_01805,EV_0088,INST_007,2026-05-04,Лекция
VIS_01833,EV_0088,INST_007,2026-05-04,Лекция
VIS_01030,EV_0088,INST_007,2026-05-04,Лекция
VIS_01424,EV_0088,INST_007,2026-05-04,Лекция
VIS_01963,EV_0088,INST_007,2026-05-04,Лекция
VIS_03873,EV_0088,INST_007,2026-05-04,Лекция
VIS_03838,EV_0088,INST_007,2026-05-04,Лекция
VIS_04814,EV_0088,INST_007,2026-05-04,Лекция
VIS_00168,EV_0088,INST_007,2026-05-04,Лекция
VIS_01023,EV_0088,INST_007,2026-05-04,Лекция
VIS_00344,EV_0088,INST_007,2026-05-04,Лекция
VIS_00536,EV_0088,INST_007,2026-05-04,Лекция
VIS_00178,EV_0088,INST_007,2026-05-04,Лекция
VIS_01362,EV_0088,INST_007,2026-05-04,Лекция
VIS_02402,EV_0088,INST_007,2026-05-04,Лекция
VIS_04507,EV_0088,INST_007,2026-05-04,Лекция
VIS_03824,EV_0088,INST_007,2026-05-04,Лекция
VIS_01644,EV_0088,INST_007,2026-05-04,Лекция
VIS_00481,EV_0088,INST_007,2026-05-04,Лекция
VIS_03719,EV_0088,INST_007,2026-05-04,Лекция
VIS_01134,EV_0088,INST_007,2026-05-04,Лекция
VIS_04903,EV_0088,INST_007,2026-05-04,Лекция
VIS_03960,EV_0088,INST_007,2026-05-04,Лекция
VIS_04336,EV_0088,INST_007,2026-05-04,Лекция
VIS_02048,EV_0088,INST_007,2026-05-04,Лекция
VIS_03422,EV_0088,INST_007,2026-05-04,Лекция
VIS_02852,EV_0088,INST_007,2026-05-04,Лекция
VIS_01691,EV_0088,INST_007,2026-05-04,Лекция
VIS_00531,EV_0088,INST_007,2026-05-04,Лекция
VIS_00609,EV_0088,INST_007,2026-05-04,Лекция
VIS_03451,EV_0088,INST_007,2026-05-04,Лекция
VIS_00611,EV_0088,INST_007,2026-05-04,Лекция
VIS_03641,EV_0088,INST_007,2026-05-04,Лекция
VIS_02576,EV_0088,INST_007,2026-05-04,Лекция
VIS_04271,EV_0088,INST_007,2026-05-04,Лекция
VIS_02484,EV_0088,INST_007,2026-05-04,Лекция
VIS_00133,EV_0088,INST_007,2026-05-04,Лекция
VIS_04857,EV_0088,INST_007,2026-05-04,Лекция
VIS_01789,EV_0088,INST_007,2026-05-04,Лекция
VIS_00072,EV_0088,INST_007,2026-05-04,Лекция
VIS_01064,EV_0088,INST_007,2026-05-04,Лекция
VIS_03158,EV_0088,INST_007,2026-05-04,Лекция
VIS_00662,EV_0088,INST_007,2026-05-04,Лекция
VIS_00192,EV_0088,INST_007,2026-05-04,Лекция
VIS_04013,EV_0088,INST_007,2026-05-04,Лекция
VIS_04237,EV_0088,INST_007,2026-05-04,Лекция
VIS_01567,EV_0088,INST_007,2026-05-04,Лекция
VIS_01187,EV_0088,INST_007,2026-05-04,Лекция
VIS_04997,EV_0088,INST_007,2026-05-04,Лекция
VIS_02071,EV_0088,INST_007,2026-05-04,Лекция
VIS_02403,EV_0088,INST_007,2026-05-04,Лекция
VIS_00668,EV_0088,INST_007,2026-05-04,Лекция
VIS_03316,EV_0088,INST_007,2026-05-04,Лекция
VIS_03772,EV_0088,INST_007,2026-05-04,Лекция
VIS_02345,EV_0088,INST_007,2026-05-04,Лекция
VIS_01748,EV_0088,INST_007,2026-05-04,Лекция
VIS_04316,EV_0088,INST_007,2026-05-04,Лекция
VIS_02882,EV_0088,INST_007,2026-05-04,Лекция
VIS_04581,EV_0088,INST_007,2026-05-04,Лекция
VIS_04683,EV_0088,INST_007,2026-05-04,Лекция
VIS_00245,EV_0088,INST_007,2026-05-04,Лекция
VIS_01856,EV_0088,INST_007,2026-05-04,Лекция
VIS_01032,EV_0088,INST_007,2026-05-04,Лекция
VIS_03110,EV_0088,INST_007,2026-05-04,Лекция
VIS_01207,EV_0088,INST_007,2026-05-04,Лекция
VIS_02215,EV_0088,INST_007,2026-05-04,Лекция
VIS_01990,EV_0088,INST_007,2026-05-04,Лекция
VIS_03578,EV_0111,INST_009,2026-05-04,Лекция
VIS_01470,EV_0111,INST_009,2026-05-04,Лекция
VIS_03661,EV_0111,INST_009,2026-05-04,Лекция
VIS_00847,EV_0111,INST_009,2026-05-04,Лекция
VIS_02313,EV_0111,INST_009,2026-05-04,Лекция
VIS_01955,EV_0111,INST_009,2026-05-04,Лекция
VIS_00866,EV_0111,INST_009,2026-05-04,Лекция
VIS_04943,EV_0111,INST_009,2026-05-04,Лекция
VIS_00448,EV_0111,INST_009,2026-05-04,Лекция
VIS_03812,EV_0111,INST_009,2026-05-04,Лекция
VIS_04019,EV_0111,INST_009,2026-05-04,Лекция
VIS_04727,EV_0111,INST_009,2026-05-04,Лекция
VIS_04884,EV_0111,INST_009,2026-05-04,Лекция
VIS_03219,EV_0111,INST_009,2026-05-04,Лекция
VIS_03122,EV_0111,INST_009,2026-05-04,Лекция
VIS_03992,EV_0111,INST_009,2026-05-04,Лекция
VIS_00844,EV_0111,INST_009,2026-05-04,Лекция
VIS_04511,EV_0111,INST_009,2026-05-04,Лекция
VIS_02492,EV_0111,INST_009,2026-05-04,Лекция
VIS_04270,EV_0111,INST_009,2026-05-04,Лекция
VIS_01849,EV_0111,INST_009,2026-05-04,Лекция
VIS_00557,EV_0111,INST_009,2026-05-04,Лекция
VIS_01858,EV_0111,INST_009,2026-05-04,Лекция
VIS_02170,EV_0111,INST_009,2026-05-04,Лекция
VIS_02635,EV_0111,INST_009,2026-05-04,Лекция
VIS_01559,EV_0111,INST_009,2026-05-04,Лекция
VIS_01242,EV_0111,INST_009,2026-05-04,Лекция
VIS_04800,EV_0111,INST_009,2026-05-04,Лекция
VIS_04932,EV_0111,INST_009,2026-05-04,Лекция
VIS_04805,EV_0111,INST_009,2026-05-04,Лекция
VIS_01689,EV_0111,INST_009,2026-05-04,Лекция
VIS_04188,EV_0111,INST_009,2026-05-04,Лекция
VIS_02020,EV_0111,INST_009,2026-05-04,Лекция
VIS_04594,EV_0111,INST_009,2026-05-04,Лекция
VIS_02188,EV_0111,INST_009,2026-05-04,Лекция
VIS_00014,EV_0111,INST_009,2026-05-04,Лекция
VIS_01622,EV_0111,INST_009,2026-05-04,Лекция
VIS_04531,EV_0111,INST_009,2026-05-04,Лекция
VIS_03105,EV_0111,INST_009,2026-05-04,Лекция
VIS_01292,EV_0111,INST_009,2026-05-04,Лекция
VIS_04207,EV_0111,INST_009,2026-05-04,Лекция
VIS_00226,EV_0111,INST_009,2026-05-04,Лекция
VIS_00161,EV_0111,INST_009,2026-05-04,Лекция
VIS_04444,EV_0111,INST_009,2026-05-04,Лекция
VIS_02962,EV_0111,INST_009,2026-05-04,Лекция
VIS_00952,EV_0111,INST_009,2026-05-04,Лекция
VIS_00027,EV_0111,INST_009,2026-05-04,Лекция
VIS_04557,EV_0111,INST_009,2026-05-04,Лекция
VIS_03449,EV_0111,INST_009,2026-05-04,Лекция
VIS_01957,EV_0111,INST_009,2026-05-04,Лекция
VIS_03111,EV_0111,INST_009,2026-05-04,Лекция
VIS_01790,EV_0111,INST_009,2026-05-04,Лекция
VIS_02721,EV_0111,INST_009,2026-05-04,Лекция
VIS_01321,EV_0111,INST_009,2026-05-04,Лекция
VIS_02198,EV_0111,INST_009,2026-05-04,Лекция
VIS_03363,EV_0111,INST_009,2026-05-04,Лекция
VIS_01525,EV_0111,INST_009,2026-05-04,Лекция
VIS_04928,EV_0111,INST_009,2026-05-04,Лекция
VIS_03885,EV_0111,INST_009,2026-05-04,Лекция
VIS_01743,EV_0111,INST_009,2026-05-04,Лекция
VIS_03321,EV_0111,INST_009,2026-05-04,Лекция
VIS_02136,EV_0111,INST_009,2026-05-04,Лекция
VIS_03509,EV_0111,INST_009,2026-05-04,Лекция
VIS_03780,EV_0111,INST_009,2026-05-04,Лекция
VIS_03503,EV_0111,INST_009,2026-05-04,Лекция
VIS_03072,EV_0111,INST_009,2026-05-04,Лекция
VIS_00377,EV_0111,INST_009,2026-05-04,Лекция
VIS_00244,EV_0161,INST_014,2026-05-04,Творческая встреча
VIS_02503,EV_0161,INST_014,2026-05-04,Творческая встреча
VIS_04028,EV_0161,INST_014,2026-05-04,Творческая встреча
VIS_00441,EV_0161,INST_014,2026-05-04,Творческая встреча
VIS_01928,EV_0161,INST_014,2026-05-04,Творческая встреча
VIS_02271,EV_0161,INST_014,2026-05-04,Творческая встреча
VIS_00542,EV_0161,INST_014,2026-05-04,Творческая встреча
VIS_03646,EV_0161,INST_014,2026-05-04,Творческая встреча
VIS_01497,EV_0161,INST_014,2026-05-04,Творческая встреча
VIS_02318,EV_0161,INST_014,2026-05-04,Творческая встреча
VIS_04219,EV_0161,INST_014,2026-05-04,Творческая встреча
VIS_03801,EV_0161,INST_014,2026-05-04,Творческая встреча
VIS_01148,EV_0161,INST_014,2026-05-04,Творческая встреча
VIS_03741,EV_0161,INST_014,2026-05-04,Творческая встреча
VIS_02256,EV_0161,INST_014,2026-05-04,Творческая встреча
VIS_01784,EV_0161,INST_014,2026-05-04,Творческая встреча
VIS_01575,EV_0161,INST_014,2026-05-04,Творческая встреча
VIS_03805,EV_0161,INST_014,2026-05-04,Творческая встреча
VIS_02470,EV_0161,INST_014,2026-05-04,Творческая встреча
VIS_00052,EV_0161,INST_014,2026-05-04,Творческая встреча
VIS_00631,EV_0161,INST_014,2026-05-04,Творческая встреча
VIS_02879,EV_0161,INST_014,2026-05-04,Творческая встреча
VIS_04517,EV_0161,INST_014,2026-05-04,Творческая встреча
VIS_01375,EV_0161,INST_014,2026-05-04,Творческая встреча
VIS_03358,EV_0161,INST_014,2026-05-04,Творческая встреча
VIS_03058,EV_0161,INST_014,2026-05-04,Творческая встреча
VIS_03119,EV_0161,INST_014,2026-05-04,Творческая встреча
VIS_03065,EV_0161,INST_014,2026-05-04,Творческая встреча
VIS_04819,EV_0161,INST_014,2026-05-04,Творческая встреча
VIS_02859,EV_0161,INST_014,2026-05-04,Творческая встреча
VIS_04397,EV_0161,INST_014,2026-05-04,Творческая встреча
VIS_02480,EV_0161,INST_014,2026-05-04,Творческая встреча
VIS_04580,EV_0161,INST_014,2026-05-04,Творческая встреча
VIS_03470,EV_0161,INST_014,2026-05-04,Творческая встреча
VIS_04039,EV_0161,INST_014,2026-05-04,Творческая встреча
VIS_00676,EV_0161,INST_014,2026-05-04,Творческая встреча
VIS_01223,EV_0161,INST_014,2026-05-04,Творческая встреча
VIS_03635,EV_0161,INST_014,2026-05-04,Творческая встреча
VIS_03104,EV_0161,INST_014,2026-05-04,Творческая встреча
VIS_01185,EV_0161,INST_014,2026-05-04,Творческая встреча
VIS_04404,EV_0161,INST_014,2026-05-04,Творческая встреча
VIS_01102,EV_0161,INST_014,2026-05-04,Творческая встреча
VIS_00258,EV_0161,INST_014,2026-05-04,Творческая встреча
VIS_01171,EV_0161,INST_014,2026-05-04,Творческая встреча
VIS_03328,EV_0161,INST_014,2026-05-04,Творческая встреча
VIS_03511,EV_0161,INST_014,2026-05-04,Творческая встреча
VIS_02322,EV_0161,INST_014,2026-05-04,Творческая встреча
VIS_02636,EV_0161,INST_014,2026-05-04,Творческая встреча
VIS_03829,EV_0161,INST_014,2026-05-04,Творческая встреча
VIS_00868,EV_0161,INST_014,2026-05-04,Творческая встреча
VIS_00622,EV_0161,INST_014,2026-05-04,Творческая встреча
VIS_03072,EV_0161,INST_014,2026-05-04,Творческая встреча
VIS_02415,EV_0161,INST_014,2026-05-04,Творческая встреча
VIS_01068,EV_0161,INST_014,2026-05-04,Творческая встреча
VIS_01642,EV_0161,INST_014,2026-05-04,Творческая встреча
VIS_00028,EV_0161,INST_014,2026-05-04,Творческая встреча
VIS_02538,EV_0161,INST_014,2026-05-04,Творческая встреча
VIS_03227,EV_0161,INST_014,2026-05-04,Творческая встреча
VIS_00225,EV_0161,INST_014,2026-05-04,Творческая встреча
VIS_04526,EV_0161,INST_014,2026-05-04,Творческая встреча
VIS_01404,EV_0161,INST_014,2026-05-04,Творческая встреча
VIS_02528,EV_0161,INST_014,2026-05-04,Творческая встреча
VIS_02129,EV_0161,INST_014,2026-05-04,Творческая встреча
VIS_01019,EV_0161,INST_014,2026-05-04,Творческая встреча
VIS_03563,EV_0161,INST_014,2026-05-04,Творческая встреча
VIS_00345,EV_0161,INST_014,2026-05-04,Творческая встреча
VIS_03014,EV_0161,INST_014,2026-05-04,Творческая встреча
VIS_03299,EV_0161,INST_014,2026-05-04,Творческая встреча
VIS_04145,EV_0161,INST_014,2026-05-04,Творческая встреча
VIS_01242,EV_0161,INST_014,2026-05-04,Творческая встреча
VIS_02535,EV_0161,INST_014,2026-05-04,Творческая встреча
VIS_00466,EV_0161,INST_014,2026-05-04,Творческая встреча
VIS_02088,EV_0161,INST_014,2026-05-04,Творческая встреча
VIS_03658,EV_0196,INST_017,2026-05-04,Лекция
VIS_01953,EV_0196,INST_017,2026-05-04,Лекция
VIS_01506,EV_0196,INST_017,2026-05-04,Лекция
VIS_00930,EV_0196,INST_017,2026-05-04,Лекция
VIS_00588,EV_0196,INST_017,2026-05-04,Лекция
VIS_00371,EV_0196,INST_017,2026-05-04,Лекция
VIS_02725,EV_0196,INST_017,2026-05-04,Лекция
VIS_02514,EV_0196,INST_017,2026-05-04,Лекция
VIS_02246,EV_0196,INST_017,2026-05-04,Лекция
VIS_03267,EV_0196,INST_017,2026-05-04,Лекция
VIS_01730,EV_0196,INST_017,2026-05-04,Лекция
VIS_02523,EV_0196,INST_017,2026-05-04,Лекция
VIS_02714,EV_0196,INST_017,2026-05-04,Лекция
VIS_03464,EV_0196,INST_017,2026-05-04,Лекция
VIS_03346,EV_0196,INST_017,2026-05-04,Лекция
VIS_03905,EV_0196,INST_017,2026-05-04,Лекция
VIS_02118,EV_0196,INST_017,2026-05-04,Лекция
VIS_01954,EV_0196,INST_017,2026-05-04,Лекция
VIS_01138,EV_0196,INST_017,2026-05-04,Лекция
VIS_04396,EV_0196,INST_017,2026-05-04,Лекция
VIS_04898,EV_0196,INST_017,2026-05-04,Лекция
VIS_02715,EV_0196,INST_017,2026-05-04,Лекция
VIS_04216,EV_0196,INST_017,2026-05-04,Лекция
VIS_03722,EV_0196,INST_017,2026-05-04,Лекция
VIS_02504,EV_0196,INST_017,2026-05-04,Лекция
VIS_02977,EV_0196,INST_017,2026-05-04,Лекция
VIS_04679,EV_0196,INST_017,2026-05-04,Лекция
VIS_01084,EV_0196,INST_017,2026-05-04,Лекция
VIS_00084,EV_0196,INST_017,2026-05-04,Лекция
VIS_02906,EV_0196,INST_017,2026-05-04,Лекция
VIS_04417,EV_0196,INST_017,2026-05-04,Лекция
VIS_03771,EV_0196,INST_017,2026-05-04,Лекция
VIS_03642,EV_0196,INST_017,2026-05-04,Лекция
VIS_02505,EV_0196,INST_017,2026-05-04,Лекция
VIS_00370,EV_0196,INST_017,2026-05-04,Лекция
VIS_02558,EV_0196,INST_017,2026-05-04,Лекция
VIS_00641,EV_0196,INST_017,2026-05-04,Лекция
VIS_03057,EV_0196,INST_017,2026-05-04,Лекция
VIS_04616,EV_0196,INST_017,2026-05-04,Лекция
VIS_00630,EV_0196,INST_017,2026-05-04,Лекция
VIS_00225,EV_0196,INST_017,2026-05-04,Лекция
VIS_04476,EV_0196,INST_017,2026-05-04,Лекция
VIS_00291,EV_0196,INST_017,2026-05-04,Лекция
VIS_00155,EV_0196,INST_017,2026-05-04,Лекция
VIS_02580,EV_0196,INST_017,2026-05-04,Лекция
VIS_02033,EV_0196,INST_017,2026-05-04,Лекция
VIS_04856,EV_0196,INST_017,2026-05-04,Лекция
VIS_02323,EV_0196,INST_017,2026-05-04,Лекция
VIS_00093,EV_0196,INST_017,2026-05-04,Лекция
VIS_04950,EV_0196,INST_017,2026-05-04,Лекция
VIS_02016,EV_0196,INST_017,2026-05-04,Лекция
VIS_00017,EV_0196,INST_017,2026-05-04,Лекция
VIS_03409,EV_0196,INST_017,2026-05-04,Лекция
VIS_01210,EV_0196,INST_017,2026-05-04,Лекция
VIS_04323,EV_0196,INST_017,2026-05-04,Лекция
VIS_02117,EV_0196,INST_017,2026-05-04,Лекция
VIS_02512,EV_0196,INST_017,2026-05-04,Лекция
VIS_01524,EV_0196,INST_017,2026-05-04,Лекция
VIS_00050,EV_0196,INST_017,2026-05-04,Лекция
VIS_03484,EV_0196,INST_017,2026-05-04,Лекция
VIS_02757,EV_0196,INST_017,2026-05-04,Лекция
VIS_00119,EV_0196,INST_017,2026-05-04,Лекция
VIS_02660,EV_0196,INST_017,2026-05-04,Лекция
VIS_02364,EV_0196,INST_017,2026-05-04,Лекция
VIS_04673,EV_0196,INST_017,2026-05-04,Лекция
VIS_04939,EV_0196,INST_017,2026-05-04,Лекция
VIS_04026,EV_0196,INST_017,2026-05-04,Лекция
VIS_03972,EV_0196,INST_017,2026-05-04,Лекция
VIS_02826,EV_0009,INST_001,2026-05-09,Творческая встреча
VIS_03288,EV_0009,INST_001,2026-05-09,Творческая встреча
VIS_03605,EV_0009,INST_001,2026-05-09,Творческая встреча
VIS_01388,EV_0009,INST_001,2026-05-09,Творческая встреча
VIS_01785,EV_0009,INST_001,2026-05-09,Творческая встреча
VIS_01310,EV_0009,INST_001,2026-05-09,Творческая встреча
VIS_04741,EV_0009,INST_001,2026-05-09,Творческая встреча
VIS_01311,EV_0009,INST_001,2026-05-09,Творческая встреча
VIS_03397,EV_0009,INST_001,2026-05-09,Творческая встреча
VIS_04733,EV_0009,INST_001,2026-05-09,Творческая встреча
VIS_03542,EV_0009,INST_001,2026-05-09,Творческая встреча
VIS_04258,EV_0009,INST_001,2026-05-09,Творческая встреча
VIS_04650,EV_0009,INST_001,2026-05-09,Творческая встреча
VIS_02019,EV_0009,INST_001,2026-05-09,Творческая встреча
VIS_01999,EV_0009,INST_001,2026-05-09,Творческая встреча
VIS_00910,EV_0009,INST_001,2026-05-09,Творческая встреча
VIS_04124,EV_0009,INST_001,2026-05-09,Творческая встреча
VIS_00666,EV_0009,INST_001,2026-05-09,Творческая встреча
VIS_03713,EV_0009,INST_001,2026-05-09,Творческая встреча
VIS_01163,EV_0009,INST_001,2026-05-09,Творческая встреча
VIS_02546,EV_0009,INST_001,2026-05-09,Творческая встреча
VIS_02505,EV_0009,INST_001,2026-05-09,Творческая встреча
VIS_02044,EV_0009,INST_001,2026-05-09,Творческая встреча
VIS_04246,EV_0009,INST_001,2026-05-09,Творческая встреча
VIS_04122,EV_0009,INST_001,2026-05-09,Творческая встреча
VIS_03486,EV_0009,INST_001,2026-05-09,Творческая встреча
VIS_04269,EV_0009,INST_001,2026-05-09,Творческая встреча
VIS_01061,EV_0009,INST_001,2026-05-09,Творческая встреча
VIS_00400,EV_0009,INST_001,2026-05-09,Творческая встреча
VIS_01603,EV_0009,INST_001,2026-05-09,Творческая встреча
VIS_04065,EV_0009,INST_001,2026-05-09,Творческая встреча
VIS_00095,EV_0009,INST_001,2026-05-09,Творческая встреча
VIS_02293,EV_0009,INST_001,2026-05-09,Творческая встреча
VIS_02103,EV_0009,INST_001,2026-05-09,Творческая встреча
VIS_04516,EV_0009,INST_001,2026-05-09,Творческая встреча
VIS_00622,EV_0009,INST_001,2026-05-09,Творческая встреча
VIS_01262,EV_0009,INST_001,2026-05-09,Творческая встреча
VIS_03354,EV_0009,INST_001,2026-05-09,Творческая встреча
VIS_00540,EV_0009,INST_001,2026-05-09,Творческая встреча
VIS_00737,EV_0009,INST_001,2026-05-09,Творческая встреча
VIS_00391,EV_0009,INST_001,2026-05-09,Творческая встреча
VIS_01331,EV_0009,INST_001,2026-05-09,Творческая встреча
VIS_00685,EV_0009,INST_001,2026-05-09,Творческая встреча
VIS_00224,EV_0009,INST_001,2026-05-09,Творческая встреча
VIS_04860,EV_0009,INST_001,2026-05-09,Творческая встреча
VIS_03852,EV_0009,INST_001,2026-05-09,Творческая встреча
VIS_03424,EV_0009,INST_001,2026-05-09,Творческая встреча
VIS_03531,EV_0009,INST_001,2026-05-09,Творческая встреча
VIS_04201,EV_0009,INST_001,2026-05-09,Творческая встреча
VIS_03880,EV_0009,INST_001,2026-05-09,Творческая встреча
VIS_02651,EV_0009,INST_001,2026-05-09,Творческая встреча
VIS_00037,EV_0009,INST_001,2026-05-09,Творческая встреча
VIS_03373,EV_0009,INST_001,2026-05-09,Творческая встреча
VIS_04227,EV_0009,INST_001,2026-05-09,Творческая встреча
VIS_03837,EV_0009,INST_001,2026-05-09,Творческая встреча
VIS_01295,EV_0009,INST_001,2026-05-09,Творческая встреча
VIS_03030,EV_0009,INST_001,2026-05-09,Творческая встреча
VIS_04839,EV_0009,INST_001,2026-05-09,Творческая встреча
VIS_02698,EV_0009,INST_001,2026-05-09,Творческая встреча
VIS_02473,EV_0009,INST_001,2026-05-09,Творческая встреча
VIS_04420,EV_0009,INST_001,2026-05-09,Творческая встреча
VIS_04711,EV_0009,INST_001,2026-05-09,Творческая встреча
VIS_01583,EV_0009,INST_001,2026-05-09,Творческая встреча
VIS_01385,EV_0009,INST_001,2026-05-09,Творческая встреча
VIS_03663,EV_0009,INST_001,2026-05-09,Творческая встреча
VIS_01674,EV_0009,INST_001,2026-05-09,Творческая встреча
VIS_00121,EV_0009,INST_001,2026-05-09,Творческая встреча
VIS_01187,EV_0009,INST_001,2026-05-09,Творческая встреча
VIS_00530,EV_0009,INST_001,2026-05-09,Творческая встреча
VIS_04968,EV_0009,INST_001,2026-05-09,Творческая встреча
VIS_02141,EV_0009,INST_001,2026-05-09,Творческая встреча
VIS_03753,EV_0009,INST_001,2026-05-09,Творческая встреча
VIS_01226,EV_0009,INST_001,2026-05-09,Творческая встреча
VIS_03292,EV_0009,INST_001,2026-05-09,Творческая встреча
VIS_01720,EV_0009,INST_001,2026-05-09,Творческая встреча
VIS_01306,EV_0009,INST_001,2026-05-09,Творческая встреча
VIS_01597,EV_0009,INST_001,2026-05-09,Творческая встреча
VIS_01685,EV_0009,INST_001,2026-05-09,Творческая встреча
VIS_02696,EV_0009,INST_001,2026-05-09,Творческая встреча
VIS_01634,EV_0009,INST_001,2026-05-09,Творческая встреча
VIS_01201,EV_0009,INST_001,2026-05-09,Творческая встреча
VIS_01639,EV_0009,INST_001,2026-05-09,Творческая встреча
VIS_00135,EV_0009,INST_001,2026-05-09,Творческая встреча
VIS_04104,EV_0009,INST_001,2026-05-09,Творческая встреча
VIS_02583,EV_0009,INST_001,2026-05-09,Творческая встреча
VIS_02234,EV_0009,INST_001,2026-05-09,Творческая встреча
VIS_03181,EV_0009,INST_001,2026-05-09,Творческая встреча
VIS_02843,EV_0009,INST_001,2026-05-09,Творческая встреча
VIS_02056,EV_0009,INST_001,2026-05-09,Творческая встреча
VIS_04352,EV_0009,INST_001,2026-05-09,Творческая встреча
VIS_00146,EV_0009,INST_001,2026-05-09,Творческая встреча
VIS_00721,EV_0009,INST_001,2026-05-09,Творческая встреча
VIS_00640,EV_0009,INST_001,2026-05-09,Творческая встреча
VIS_02834,EV_0009,INST_001,2026-05-09,Творческая встреча
VIS_04492,EV_0064,INST_006,2026-05-15,Лекция
VIS_01158,EV_0064,INST_006,2026-05-15,Лекция
VIS_01497,EV_0064,INST_006,2026-05-15,Лекция
VIS_00465,EV_0064,INST_006,2026-05-15,Лекция
VIS_00905,EV_0064,INST_006,2026-05-15,Лекция
VIS_04291,EV_0064,INST_006,2026-05-15,Лекция
VIS_03947,EV_0064,INST_006,2026-05-15,Лекция
VIS_01426,EV_0064,INST_006,2026-05-15,Лекция
VIS_04309,EV_0064,INST_006,2026-05-15,Лекция
VIS_03427,EV_0064,INST_006,2026-05-15,Лекция
VIS_01094,EV_0064,INST_006,2026-05-15,Лекция
VIS_04397,EV_0064,INST_006,2026-05-15,Лекция
VIS_01997,EV_0064,INST_006,2026-05-15,Лекция
VIS_00377,EV_0064,INST_006,2026-05-15,Лекция
VIS_04821,EV_0064,INST_006,2026-05-15,Лекция
VIS_04519,EV_0064,INST_006,2026-05-15,Лекция
VIS_00918,EV_0064,INST_006,2026-05-15,Лекция
VIS_00171,EV_0064,INST_006,2026-05-15,Лекция
VIS_03821,EV_0064,INST_006,2026-05-15,Лекция
VIS_02948,EV_0064,INST_006,2026-05-15,Лекция
VIS_04988,EV_0064,INST_006,2026-05-15,Лекция
VIS_00285,EV_0064,INST_006,2026-05-15,Лекция
VIS_00628,EV_0064,INST_006,2026-05-15,Лекция
VIS_02952,EV_0064,INST_006,2026-05-15,Лекция
VIS_01916,EV_0064,INST_006,2026-05-15,Лекция
VIS_02730,EV_0064,INST_006,2026-05-15,Лекция
VIS_01095,EV_0064,INST_006,2026-05-15,Лекция
VIS_02104,EV_0064,INST_006,2026-05-15,Лекция
VIS_01892,EV_0064,INST_006,2026-05-15,Лекция
VIS_00830,EV_0064,INST_006,2026-05-15,Лекция
VIS_00040,EV_0064,INST_006,2026-05-15,Лекция
VIS_00684,EV_0064,INST_006,2026-05-15,Лекция
VIS_00640,EV_0064,INST_006,2026-05-15,Лекция
VIS_04227,EV_0064,INST_006,2026-05-15,Лекция
VIS_01979,EV_0064,INST_006,2026-05-15,Лекция
VIS_00908,EV_0064,INST_006,2026-05-15,Лекция
VIS_02465,EV_0064,INST_006,2026-05-15,Лекция
VIS_01333,EV_0064,INST_006,2026-05-15,Лекция
VIS_02805,EV_0064,INST_006,2026-05-15,Лекция
VIS_01026,EV_0064,INST_006,2026-05-15,Лекция
VIS_00322,EV_0064,INST_006,2026-05-15,Лекция
VIS_03566,EV_0064,INST_006,2026-05-15,Лекция
VIS_04215,EV_0064,INST_006,2026-05-15,Лекция
VIS_00362,EV_0064,INST_006,2026-05-15,Лекция
VIS_03307,EV_0064,INST_006,2026-05-15,Лекция
VIS_02171,EV_0064,INST_006,2026-05-15,Лекция
VIS_01395,EV_0064,INST_006,2026-05-15,Лекция
VIS_01910,EV_0064,INST_006,2026-05-15,Лекция
VIS_02752,EV_0064,INST_006,2026-05-15,Лекция
VIS_02504,EV_0064,INST_006,2026-05-15,Лекция
VIS_00686,EV_0064,INST_006,2026-05-15,Лекция
VIS_03770,EV_0064,INST_006,2026-05-15,Лекция
VIS_00486,EV_0064,INST_006,2026-05-15,Лекция
VIS_04545,EV_0064,INST_006,2026-05-15,Лекция
VIS_02574,EV_0064,INST_006,2026-05-15,Лекция
VIS_03631,EV_0064,INST_006,2026-05-15,Лекция
VIS_00611,EV_0064,INST_006,2026-05-15,Лекция
VIS_02063,EV_0064,INST_006,2026-05-15,Лекция
VIS_01325,EV_0064,INST_006,2026-05-15,Лекция
VIS_04868,EV_0064,INST_006,2026-05-15,Лекция
VIS_02423,EV_0064,INST_006,2026-05-15,Лекция
VIS_00258,EV_0064,INST_006,2026-05-15,Лекция
VIS_01566,EV_0064,INST_006,2026-05-15,Лекция
VIS_00679,EV_0064,INST_006,2026-05-15,Лекция
VIS_03248,EV_0064,INST_006,2026-05-15,Лекция
VIS_02659,EV_0064,INST_006,2026-05-15,Лекция
VIS_02758,EV_0064,INST_006,2026-05-15,Лекция
VIS_00187,EV_0064,INST_006,2026-05-15,Лекция
VIS_01117,EV_0064,INST_006,2026-05-15,Лекция
VIS_00420,EV_0064,INST_006,2026-05-15,Лекция
VIS_03800,EV_0064,INST_006,2026-05-15,Лекция
VIS_03510,EV_0064,INST_006,2026-05-15,Лекция
VIS_01340,EV_0064,INST_006,2026-05-15,Лекция
VIS_04279,EV_0064,INST_006,2026-05-15,Лекция
VIS_02187,EV_0142,INST_012,2026-05-15,Мастер-класс
VIS_00946,EV_0142,INST_012,2026-05-15,Мастер-класс
VIS_04537,EV_0142,INST_012,2026-05-15,Мастер-класс
VIS_04697,EV_0142,INST_012,2026-05-15,Мастер-класс
VIS_03282,EV_0142,INST_012,2026-05-15,Мастер-класс
VIS_04412,EV_0142,INST_012,2026-05-15,Мастер-класс
VIS_04898,EV_0142,INST_012,2026-05-15,Мастер-класс
VIS_01785,EV_0142,INST_012,2026-05-15,Мастер-класс
VIS_02015,EV_0142,INST_012,2026-05-15,Мастер-класс
VIS_03191,EV_0142,INST_012,2026-05-15,Мастер-класс
VIS_04493,EV_0142,INST_012,2026-05-15,Мастер-класс
VIS_04360,EV_0142,INST_012,2026-05-15,Мастер-класс
VIS_04123,EV_0142,INST_012,2026-05-15,Мастер-класс
VIS_03288,EV_0142,INST_012,2026-05-15,Мастер-класс
VIS_02621,EV_0142,INST_012,2026-05-15,Мастер-класс
VIS_02138,EV_0142,INST_012,2026-05-15,Мастер-класс
VIS_02497,EV_0142,INST_012,2026-05-15,Мастер-класс
VIS_02007,EV_0142,INST_012,2026-05-15,Мастер-класс
VIS_02215,EV_0142,INST_012,2026-05-15,Мастер-класс
VIS_01417,EV_0142,INST_012,2026-05-15,Мастер-класс
VIS_02889,EV_0142,INST_012,2026-05-15,Мастер-класс
VIS_03319,EV_0142,INST_012,2026-05-15,Мастер-класс
VIS_04853,EV_0142,INST_012,2026-05-15,Мастер-класс
VIS_01350,EV_0142,INST_012,2026-05-15,Мастер-класс
VIS_04273,EV_0142,INST_012,2026-05-15,Мастер-класс
VIS_04943,EV_0142,INST_012,2026-05-15,Мастер-класс
VIS_02004,EV_0142,INST_012,2026-05-15,Мастер-класс
VIS_02929,EV_0142,INST_012,2026-05-15,Мастер-класс
VIS_00014,EV_0142,INST_012,2026-05-15,Мастер-класс
VIS_04139,EV_0142,INST_012,2026-05-15,Мастер-класс
VIS_03226,EV_0142,INST_012,2026-05-15,Мастер-класс
VIS_03607,EV_0142,INST_012,2026-05-15,Мастер-класс
VIS_01334,EV_0142,INST_012,2026-05-15,Мастер-класс
VIS_02169,EV_0142,INST_012,2026-05-15,Мастер-класс
VIS_00700,EV_0142,INST_012,2026-05-15,Мастер-класс
VIS_02117,EV_0142,INST_012,2026-05-15,Мастер-класс
VIS_01888,EV_0142,INST_012,2026-05-15,Мастер-класс
VIS_01902,EV_0142,INST_012,2026-05-15,Мастер-класс
VIS_01223,EV_0162,INST_014,2026-05-16,Лекция
VIS_02982,EV_0162,INST_014,2026-05-16,Лекция
VIS_02361,EV_0162,INST_014,2026-05-16,Лекция
VIS_02959,EV_0162,INST_014,2026-05-16,Лекция
VIS_03346,EV_0162,INST_014,2026-05-16,Лекция
VIS_00826,EV_0162,INST_014,2026-05-16,Лекция
VIS_01081,EV_0162,INST_014,2026-05-16,Лекция
VIS_01420,EV_0162,INST_014,2026-05-16,Лекция
VIS_00909,EV_0162,INST_014,2026-05-16,Лекция
VIS_04054,EV_0162,INST_014,2026-05-16,Лекция
VIS_00631,EV_0162,INST_014,2026-05-16,Лекция
VIS_04485,EV_0162,INST_014,2026-05-16,Лекция
VIS_04461,EV_0162,INST_014,2026-05-16,Лекция
VIS_04588,EV_0162,INST_014,2026-05-16,Лекция
VIS_00374,EV_0162,INST_014,2026-05-16,Лекция
VIS_01638,EV_0162,INST_014,2026-05-16,Лекция
VIS_04505,EV_0162,INST_014,2026-05-16,Лекция
VIS_00024,EV_0162,INST_014,2026-05-16,Лекция
VIS_03688,EV_0162,INST_014,2026-05-16,Лекция
VIS_04781,EV_0162,INST_014,2026-05-16,Лекция
VIS_04383,EV_0162,INST_014,2026-05-16,Лекция
VIS_01857,EV_0162,INST_014,2026-05-16,Лекция
VIS_00064,EV_0162,INST_014,2026-05-16,Лекция
VIS_00743,EV_0162,INST_014,2026-05-16,Лекция
VIS_02487,EV_0162,INST_014,2026-05-16,Лекция
VIS_02874,EV_0162,INST_014,2026-05-16,Лекция
VIS_01642,EV_0162,INST_014,2026-05-16,Лекция
VIS_00439,EV_0162,INST_014,2026-05-16,Лекция
VIS_01597,EV_0162,INST_014,2026-05-16,Лекция
VIS_00415,EV_0162,INST_014,2026-05-16,Лекция
VIS_04688,EV_0162,INST_014,2026-05-16,Лекция
VIS_00360,EV_0162,INST_014,2026-05-16,Лекция
VIS_00622,EV_0162,INST_014,2026-05-16,Лекция
VIS_00225,EV_0162,INST_014,2026-05-16,Лекция
VIS_01462,EV_0162,INST_014,2026-05-16,Лекция
VIS_02958,EV_0162,INST_014,2026-05-16,Лекция
VIS_00092,EV_0162,INST_014,2026-05-16,Лекция
VIS_01759,EV_0162,INST_014,2026-05-16,Лекция
VIS_00223,EV_0162,INST_014,2026-05-16,Лекция
VIS_04420,EV_0162,INST_014,2026-05-16,Лекция
VIS_02987,EV_0162,INST_014,2026-05-16,Лекция
VIS_02515,EV_0162,INST_014,2026-05-16,Лекция
VIS_01113,EV_0162,INST_014,2026-05-16,Лекция
VIS_00924,EV_0162,INST_014,2026-05-16,Лекция
VIS_00252,EV_0162,INST_014,2026-05-16,Лекция
VIS_02548,EV_0162,INST_014,2026-05-16,Лекция
VIS_01384,EV_0162,INST_014,2026-05-16,Лекция
VIS_04297,EV_0162,INST_014,2026-05-16,Лекция
VIS_00091,EV_0162,INST_014,2026-05-16,Лекция
VIS_00971,EV_0162,INST_014,2026-05-16,Лекция
VIS_00557,EV_0162,INST_014,2026-05-16,Лекция
VIS_02474,EV_0162,INST_014,2026-05-16,Лекция
VIS_04981,EV_0162,INST_014,2026-05-16,Лекция
VIS_03785,EV_0162,INST_014,2026-05-16,Лекция
VIS_04436,EV_0162,INST_014,2026-05-16,Лекция
VIS_01794,EV_0162,INST_014,2026-05-16,Лекция
VIS_00989,EV_0162,INST_014,2026-05-16,Лекция
VIS_04641,EV_0162,INST_014,2026-05-16,Лекция
VIS_00797,EV_0162,INST_014,2026-05-16,Лекция
VIS_03247,EV_0162,INST_014,2026-05-16,Лекция
VIS_03524,EV_0162,INST_014,2026-05-16,Лекция
VIS_02353,EV_0162,INST_014,2026-05-16,Лекция
VIS_04944,EV_0162,INST_014,2026-05-16,Лекция
VIS_00457,EV_0162,INST_014,2026-05-16,Лекция
VIS_01619,EV_0162,INST_014,2026-05-16,Лекция
VIS_00426,EV_0162,INST_014,2026-05-16,Лекция
VIS_04493,EV_0162,INST_014,2026-05-16,Лекция
VIS_03796,EV_0162,INST_014,2026-05-16,Лекция
VIS_00291,EV_0162,INST_014,2026-05-16,Лекция
VIS_03248,EV_0162,INST_014,2026-05-16,Лекция
VIS_01843,EV_0162,INST_014,2026-05-16,Лекция
VIS_00040,EV_0162,INST_014,2026-05-16,Лекция
VIS_00162,EV_0162,INST_014,2026-05-16,Лекция
VIS_00914,EV_0162,INST_014,2026-05-16,Лекция
VIS_00419,EV_0162,INST_014,2026-05-16,Лекция
VIS_02996,EV_0162,INST_014,2026-05-16,Лекция
VIS_00116,EV_0162,INST_014,2026-05-16,Лекция
VIS_02126,EV_0162,INST_014,2026-05-16,Лекция
VIS_03647,EV_0162,INST_014,2026-05-16,Лекция
VIS_00582,EV_0162,INST_014,2026-05-16,Лекция
VIS_02357,EV_0162,INST_014,2026-05-16,Лекция
VIS_01126,EV_0162,INST_014,2026-05-16,Лекция
VIS_02496,EV_0162,INST_014,2026-05-16,Лекция
VIS_04452,EV_0162,INST_014,2026-05-16,Лекция
VIS_00267,EV_0162,INST_014,2026-05-16,Лекция
VIS_03143,EV_0162,INST_014,2026-05-16,Лекция
VIS_03386,EV_0162,INST_014,2026-05-16,Лекция
VIS_03600,EV_0162,INST_014,2026-05-16,Лекция
VIS_02712,EV_0162,INST_014,2026-05-16,Лекция
VIS_00370,EV_0162,INST_014,2026-05-16,Лекция
VIS_03707,EV_0162,INST_014,2026-05-16,Лекция
VIS_00317,EV_0162,INST_014,2026-05-16,Лекция
VIS_00224,EV_0162,INST_014,2026-05-16,Лекция
VIS_02770,EV_0162,INST_014,2026-05-16,Лекция
VIS_03893,EV_0089,INST_007,2026-05-17,Лекция
VIS_04270,EV_0089,INST_007,2026-05-17,Лекция
VIS_00068,EV_0089,INST_007,2026-05-17,Лекция
VIS_03276,EV_0089,INST_007,2026-05-17,Лекция
VIS_03059,EV_0089,INST_007,2026-05-17,Лекция
VIS_02581,EV_0089,INST_007,2026-05-17,Лекция
VIS_04549,EV_0089,INST_007,2026-05-17,Лекция
VIS_00409,EV_0089,INST_007,2026-05-17,Лекция
VIS_04581,EV_0089,INST_007,2026-05-17,Лекция
VIS_04401,EV_0089,INST_007,2026-05-17,Лекция
VIS_04359,EV_0089,INST_007,2026-05-17,Лекция
VIS_03812,EV_0089,INST_007,2026-05-17,Лекция
VIS_01199,EV_0089,INST_007,2026-05-17,Лекция
VIS_00756,EV_0089,INST_007,2026-05-17,Лекция
VIS_00804,EV_0089,INST_007,2026-05-17,Лекция
VIS_01185,EV_0089,INST_007,2026-05-17,Лекция
VIS_03861,EV_0089,INST_007,2026-05-17,Лекция
VIS_03890,EV_0089,INST_007,2026-05-17,Лекция
VIS_02777,EV_0089,INST_007,2026-05-17,Лекция
VIS_02848,EV_0089,INST_007,2026-05-17,Лекция
VIS_03641,EV_0089,INST_007,2026-05-17,Лекция
VIS_04080,EV_0089,INST_007,2026-05-17,Лекция
VIS_04316,EV_0089,INST_007,2026-05-17,Лекция
VIS_02958,EV_0089,INST_007,2026-05-17,Лекция
VIS_04145,EV_0089,INST_007,2026-05-17,Лекция
VIS_04230,EV_0089,INST_007,2026-05-17,Лекция
VIS_01440,EV_0089,INST_007,2026-05-17,Лекция
VIS_01214,EV_0089,INST_007,2026-05-17,Лекция
VIS_03811,EV_0089,INST_007,2026-05-17,Лекция
VIS_01403,EV_0089,INST_007,2026-05-17,Лекция
VIS_01766,EV_0089,INST_007,2026-05-17,Лекция
VIS_02650,EV_0089,INST_007,2026-05-17,Лекция
VIS_03019,EV_0089,INST_007,2026-05-17,Лекция
VIS_01401,EV_0089,INST_007,2026-05-17,Лекция
VIS_02667,EV_0089,INST_007,2026-05-17,Лекция
VIS_02097,EV_0089,INST_007,2026-05-17,Лекция
VIS_04991,EV_0089,INST_007,2026-05-17,Лекция
VIS_00481,EV_0089,INST_007,2026-05-17,Лекция
VIS_03801,EV_0089,INST_007,2026-05-17,Лекция
VIS_01654,EV_0089,INST_007,2026-05-17,Лекция
VIS_04432,EV_0089,INST_007,2026-05-17,Лекция
VIS_01213,EV_0089,INST_007,2026-05-17,Лекция
VIS_02481,EV_0089,INST_007,2026-05-17,Лекция
VIS_04677,EV_0089,INST_007,2026-05-17,Лекция
VIS_02259,EV_0089,INST_007,2026-05-17,Лекция
VIS_03286,EV_0089,INST_007,2026-05-17,Лекция
VIS_02210,EV_0089,INST_007,2026-05-17,Лекция
VIS_04375,EV_0089,INST_007,2026-05-17,Лекция
VIS_00453,EV_0089,INST_007,2026-05-17,Лекция
VIS_01986,EV_0089,INST_007,2026-05-17,Лекция
VIS_03486,EV_0089,INST_007,2026-05-17,Лекция
VIS_04048,EV_0089,INST_007,2026-05-17,Лекция
VIS_00098,EV_0089,INST_007,2026-05-17,Лекция
VIS_03149,EV_0089,INST_007,2026-05-17,Лекция
VIS_02485,EV_0089,INST_007,2026-05-17,Лекция
VIS_00198,EV_0089,INST_007,2026-05-17,Лекция
VIS_03831,EV_0089,INST_007,2026-05-17,Лекция
VIS_04931,EV_0089,INST_007,2026-05-17,Лекция
VIS_02425,EV_0089,INST_007,2026-05-17,Лекция
VIS_02574,EV_0089,INST_007,2026-05-17,Лекция
VIS_00889,EV_0089,INST_007,2026-05-17,Лекция
VIS_04909,EV_0089,INST_007,2026-05-17,Лекция
VIS_00363,EV_0089,INST_007,2026-05-17,Лекция
VIS_00181,EV_0089,INST_007,2026-05-17,Лекция
VIS_02595,EV_0089,INST_007,2026-05-17,Лекция
VIS_00929,EV_0089,INST_007,2026-05-17,Лекция
VIS_03115,EV_0089,INST_007,2026-05-17,Лекция
VIS_02260,EV_0089,INST_007,2026-05-17,Лекция
VIS_01116,EV_0089,INST_007,2026-05-17,Лекция
VIS_00701,EV_0089,INST_007,2026-05-17,Лекция
VIS_02490,EV_0089,INST_007,2026-05-17,Лекция
VIS_00106,EV_0089,INST_007,2026-05-17,Лекция
VIS_04593,EV_0089,INST_007,2026-05-17,Лекция
VIS_02488,EV_0089,INST_007,2026-05-17,Лекция
VIS_03336,EV_0089,INST_007,2026-05-17,Лекция
VIS_00311,EV_0089,INST_007,2026-05-17,Лекция
VIS_04157,EV_0089,INST_007,2026-05-17,Лекция
VIS_02638,EV_0089,INST_007,2026-05-17,Лекция
VIS_00076,EV_0089,INST_007,2026-05-17,Лекция
VIS_04982,EV_0089,INST_007,2026-05-17,Лекция
VIS_03136,EV_0089,INST_007,2026-05-17,Лекция
VIS_02101,EV_0089,INST_007,2026-05-17,Лекция
VIS_01207,EV_0089,INST_007,2026-05-17,Лекция
VIS_01405,EV_0089,INST_007,2026-05-17,Лекция
VIS_00839,EV_0089,INST_007,2026-05-17,Лекция
VIS_01946,EV_0089,INST_007,2026-05-17,Лекция
VIS_01237,EV_0089,INST_007,2026-05-17,Лекция
VIS_03451,EV_0089,INST_007,2026-05-17,Лекция
VIS_03155,EV_0089,INST_007,2026-05-17,Лекция
VIS_04058,EV_0089,INST_007,2026-05-17,Лекция
VIS_02171,EV_0089,INST_007,2026-05-17,Лекция
VIS_01211,EV_0089,INST_007,2026-05-17,Лекция
VIS_04272,EV_0089,INST_007,2026-05-17,Лекция
VIS_04098,EV_0089,INST_007,2026-05-17,Лекция
VIS_01489,EV_0089,INST_007,2026-05-17,Лекция
VIS_00636,EV_0089,INST_007,2026-05-17,Лекция
VIS_00133,EV_0089,INST_007,2026-05-17,Лекция
VIS_02444,EV_0089,INST_007,2026-05-17,Лекция
VIS_04983,EV_0089,INST_007,2026-05-17,Лекция
VIS_03142,EV_0089,INST_007,2026-05-17,Лекция
VIS_02624,EV_0089,INST_007,2026-05-17,Лекция
VIS_00347,EV_0089,INST_007,2026-05-17,Лекция
VIS_03400,EV_0089,INST_007,2026-05-17,Лекция
VIS_03367,EV_0089,INST_007,2026-05-17,Лекция
VIS_02606,EV_0089,INST_007,2026-05-17,Лекция
VIS_03772,EV_0197,INST_017,2026-05-17,Лекция
VIS_04706,EV_0197,INST_017,2026-05-17,Лекция
VIS_04571,EV_0197,INST_017,2026-05-17,Лекция
VIS_00774,EV_0197,INST_017,2026-05-17,Лекция
VIS_04646,EV_0197,INST_017,2026-05-17,Лекция
VIS_01397,EV_0197,INST_017,2026-05-17,Лекция
VIS_00166,EV_0197,INST_017,2026-05-17,Лекция
VIS_04323,EV_0197,INST_017,2026-05-17,Лекция
VIS_00815,EV_0197,INST_017,2026-05-17,Лекция
VIS_03093,EV_0197,INST_017,2026-05-17,Лекция
VIS_03018,EV_0197,INST_017,2026-05-17,Лекция
VIS_00274,EV_0197,INST_017,2026-05-17,Лекция
VIS_01954,EV_0197,INST_017,2026-05-17,Лекция
VIS_04593,EV_0197,INST_017,2026-05-17,Лекция
VIS_00477,EV_0197,INST_017,2026-05-17,Лекция
VIS_01356,EV_0197,INST_017,2026-05-17,Лекция
VIS_01727,EV_0197,INST_017,2026-05-17,Лекция
VIS_01069,EV_0197,INST_017,2026-05-17,Лекция
VIS_00086,EV_0197,INST_017,2026-05-17,Лекция
VIS_04381,EV_0197,INST_017,2026-05-17,Лекция
VIS_02040,EV_0197,INST_017,2026-05-17,Лекция
VIS_04041,EV_0197,INST_017,2026-05-17,Лекция
VIS_00552,EV_0197,INST_017,2026-05-17,Лекция
VIS_01118,EV_0197,INST_017,2026-05-17,Лекция
VIS_03658,EV_0197,INST_017,2026-05-17,Лекция
VIS_01194,EV_0197,INST_017,2026-05-17,Лекция
VIS_01985,EV_0197,INST_017,2026-05-17,Лекция
VIS_02059,EV_0197,INST_017,2026-05-17,Лекция
VIS_02247,EV_0197,INST_017,2026-05-17,Лекция
VIS_02519,EV_0197,INST_017,2026-05-17,Лекция
VIS_00016,EV_0197,INST_017,2026-05-17,Лекция
VIS_03047,EV_0197,INST_017,2026-05-17,Лекция
VIS_04856,EV_0197,INST_017,2026-05-17,Лекция
VIS_01525,EV_0197,INST_017,2026-05-17,Лекция
VIS_01067,EV_0197,INST_017,2026-05-17,Лекция
VIS_01753,EV_0197,INST_017,2026-05-17,Лекция
VIS_00543,EV_0197,INST_017,2026-05-17,Лекция
VIS_04195,EV_0197,INST_017,2026-05-17,Лекция
VIS_04271,EV_0197,INST_017,2026-05-17,Лекция
VIS_01285,EV_0197,INST_017,2026-05-17,Лекция
VIS_02279,EV_0197,INST_017,2026-05-17,Лекция
VIS_02028,EV_0197,INST_017,2026-05-17,Лекция
VIS_02462,EV_0197,INST_017,2026-05-17,Лекция
VIS_04749,EV_0197,INST_017,2026-05-17,Лекция
VIS_02512,EV_0197,INST_017,2026-05-17,Лекция
VIS_03965,EV_0197,INST_017,2026-05-17,Лекция
VIS_02996,EV_0197,INST_017,2026-05-17,Лекция
VIS_03721,EV_0197,INST_017,2026-05-17,Лекция
VIS_04483,EV_0197,INST_017,2026-05-17,Лекция
VIS_02266,EV_0197,INST_017,2026-05-17,Лекция
VIS_03325,EV_0197,INST_017,2026-05-17,Лекция
VIS_04599,EV_0197,INST_017,2026-05-17,Лекция
VIS_00975,EV_0197,INST_017,2026-05-17,Лекция
VIS_00230,EV_0197,INST_017,2026-05-17,Лекция
VIS_03368,EV_0197,INST_017,2026-05-17,Лекция
VIS_03557,EV_0197,INST_017,2026-05-17,Лекция
VIS_03720,EV_0197,INST_017,2026-05-17,Лекция
VIS_00950,EV_0197,INST_017,2026-05-17,Лекция
VIS_02901,EV_0197,INST_017,2026-05-17,Лекция
VIS_00818,EV_0197,INST_017,2026-05-17,Лекция
VIS_03803,EV_0197,INST_017,2026-05-17,Лекция
VIS_03968,EV_0197,INST_017,2026-05-17,Лекция
VIS_04034,EV_0197,INST_017,2026-05-17,Лекция
VIS_04763,EV_0197,INST_017,2026-05-17,Лекция
VIS_02155,EV_0197,INST_017,2026-05-17,Лекция
VIS_01603,EV_0197,INST_017,2026-05-17,Лекция
VIS_02299,EV_0197,INST_017,2026-05-17,Лекция
VIS_03126,EV_0197,INST_017,2026-05-17,Лекция
VIS_02230,EV_0197,INST_017,2026-05-17,Лекция
VIS_03066,EV_0197,INST_017,2026-05-17,Лекция
VIS_03679,EV_0197,INST_017,2026-05-17,Лекция
VIS_02571,EV_0197,INST_017,2026-05-17,Лекция
VIS_02547,EV_0197,INST_017,2026-05-17,Лекция
VIS_00428,EV_0197,INST_017,2026-05-17,Лекция
VIS_01196,EV_0197,INST_017,2026-05-17,Лекция
VIS_03564,EV_0197,INST_017,2026-05-17,Лекция
VIS_02891,EV_0197,INST_017,2026-05-17,Лекция
VIS_00717,EV_0197,INST_017,2026-05-17,Лекция
VIS_00034,EV_0197,INST_017,2026-05-17,Лекция
VIS_02173,EV_0197,INST_017,2026-05-17,Лекция
VIS_00253,EV_0197,INST_017,2026-05-17,Лекция
VIS_00665,EV_0197,INST_017,2026-05-17,Лекция
VIS_04551,EV_0197,INST_017,2026-05-17,Лекция
VIS_01714,EV_0197,INST_017,2026-05-17,Лекция
VIS_03969,EV_0197,INST_017,2026-05-17,Лекция
VIS_00061,EV_0197,INST_017,2026-05-17,Лекция
VIS_03062,EV_0197,INST_017,2026-05-17,Лекция
VIS_02465,EV_0197,INST_017,2026-05-17,Лекция
VIS_02655,EV_0197,INST_017,2026-05-17,Лекция
VIS_04848,EV_0197,INST_017,2026-05-17,Лекция
VIS_02105,EV_0197,INST_017,2026-05-17,Лекция
VIS_03862,EV_0197,INST_017,2026-05-17,Лекция
VIS_02577,EV_0197,INST_017,2026-05-17,Лекция
VIS_03618,EV_0197,INST_017,2026-05-17,Лекция
VIS_01312,EV_0197,INST_017,2026-05-17,Лекция
VIS_02412,EV_0197,INST_017,2026-05-17,Лекция
VIS_02088,EV_0197,INST_017,2026-05-17,Лекция
VIS_03990,EV_0197,INST_017,2026-05-17,Лекция
VIS_00542,EV_0197,INST_017,2026-05-17,Лекция
VIS_04351,EV_0197,INST_017,2026-05-17,Лекция
VIS_02217,EV_0197,INST_017,2026-05-17,Лекция
VIS_02399,EV_0197,INST_017,2026-05-17,Лекция
VIS_03623,EV_0197,INST_017,2026-05-17,Лекция
VIS_01734,EV_0197,INST_017,2026-05-17,Лекция
VIS_01493,EV_0197,INST_017,2026-05-17,Лекция
VIS_00558,EV_0197,INST_017,2026-05-17,Лекция
VIS_03760,EV_0218,INST_018,2026-05-19,Творческая встреча
VIS_00589,EV_0218,INST_018,2026-05-19,Творческая встреча
VIS_01825,EV_0218,INST_018,2026-05-19,Творческая встреча
VIS_02244,EV_0218,INST_018,2026-05-19,Творческая встреча
VIS_04029,EV_0218,INST_018,2026-05-19,Творческая встреча
VIS_02197,EV_0218,INST_018,2026-05-19,Творческая встреча
VIS_04199,EV_0218,INST_018,2026-05-19,Творческая встреча
VIS_01145,EV_0218,INST_018,2026-05-19,Творческая встреча
VIS_04148,EV_0218,INST_018,2026-05-19,Творческая встреча
VIS_02582,EV_0218,INST_018,2026-05-19,Творческая встреча
VIS_00895,EV_0218,INST_018,2026-05-19,Творческая встреча
VIS_03058,EV_0218,INST_018,2026-05-19,Творческая встреча
VIS_04782,EV_0218,INST_018,2026-05-19,Творческая встреча
VIS_04056,EV_0218,INST_018,2026-05-19,Творческая встреча
VIS_02325,EV_0218,INST_018,2026-05-19,Творческая встреча
VIS_00545,EV_0218,INST_018,2026-05-19,Творческая встреча
VIS_00254,EV_0218,INST_018,2026-05-19,Творческая встреча
VIS_00354,EV_0218,INST_018,2026-05-19,Творческая встреча
VIS_02720,EV_0218,INST_018,2026-05-19,Творческая встреча
VIS_00186,EV_0218,INST_018,2026-05-19,Творческая встреча
VIS_03386,EV_0218,INST_018,2026-05-19,Творческая встреча
VIS_03085,EV_0218,INST_018,2026-05-19,Творческая встреча
VIS_02085,EV_0218,INST_018,2026-05-19,Творческая встреча
VIS_04505,EV_0218,INST_018,2026-05-19,Творческая встреча
VIS_01832,EV_0218,INST_018,2026-05-19,Творческая встреча
VIS_04335,EV_0218,INST_018,2026-05-19,Творческая встреча
VIS_04470,EV_0218,INST_018,2026-05-19,Творческая встреча
VIS_00169,EV_0218,INST_018,2026-05-19,Творческая встреча
VIS_01300,EV_0218,INST_018,2026-05-19,Творческая встреча
VIS_00113,EV_0218,INST_018,2026-05-19,Творческая встреча
VIS_03860,EV_0218,INST_018,2026-05-19,Творческая встреча
VIS_04173,EV_0218,INST_018,2026-05-19,Творческая встреча
VIS_00315,EV_0218,INST_018,2026-05-19,Творческая встреча
VIS_04827,EV_0218,INST_018,2026-05-19,Творческая встреча
VIS_00594,EV_0218,INST_018,2026-05-19,Творческая встреча
VIS_01793,EV_0218,INST_018,2026-05-19,Творческая встреча
VIS_02596,EV_0218,INST_018,2026-05-19,Творческая встреча
VIS_00637,EV_0218,INST_018,2026-05-19,Творческая встреча
VIS_01654,EV_0218,INST_018,2026-05-19,Творческая встреча
VIS_02533,EV_0218,INST_018,2026-05-19,Творческая встреча
VIS_03453,EV_0218,INST_018,2026-05-19,Творческая встреча
VIS_00323,EV_0218,INST_018,2026-05-19,Творческая встреча
VIS_01353,EV_0218,INST_018,2026-05-19,Творческая встреча
VIS_02454,EV_0218,INST_018,2026-05-19,Творческая встреча
VIS_04356,EV_0218,INST_018,2026-05-19,Творческая встреча
VIS_01483,EV_0218,INST_018,2026-05-19,Творческая встреча
VIS_01272,EV_0218,INST_018,2026-05-19,Творческая встреча
VIS_04616,EV_0218,INST_018,2026-05-19,Творческая встреча
VIS_01105,EV_0218,INST_018,2026-05-19,Творческая встреча
VIS_03109,EV_0218,INST_018,2026-05-19,Творческая встреча
VIS_02982,EV_0218,INST_018,2026-05-19,Творческая встреча
VIS_01777,EV_0218,INST_018,2026-05-19,Творческая встреча
VIS_04364,EV_0218,INST_018,2026-05-19,Творческая встреча
VIS_02266,EV_0218,INST_018,2026-05-19,Творческая встреча
VIS_04012,EV_0218,INST_018,2026-05-19,Творческая встреча
VIS_00873,EV_0218,INST_018,2026-05-19,Творческая встреча
VIS_02347,EV_0218,INST_018,2026-05-19,Творческая встреча
VIS_03730,EV_0218,INST_018,2026-05-19,Творческая встреча
VIS_00612,EV_0218,INST_018,2026-05-19,Творческая встреча
VIS_01761,EV_0218,INST_018,2026-05-19,Творческая встреча
VIS_04592,EV_0218,INST_018,2026-05-19,Творческая встреча
VIS_01020,EV_0218,INST_018,2026-05-19,Творческая встреча
VIS_01514,EV_0218,INST_018,2026-05-19,Творческая встреча
VIS_04044,EV_0218,INST_018,2026-05-19,Творческая встреча
VIS_02759,EV_0218,INST_018,2026-05-19,Творческая встреча
VIS_00617,EV_0218,INST_018,2026-05-19,Творческая встреча
VIS_04601,EV_0218,INST_018,2026-05-19,Творческая встреча
VIS_00872,EV_0218,INST_018,2026-05-19,Творческая встреча
VIS_03762,EV_0218,INST_018,2026-05-19,Творческая встреча
VIS_00225,EV_0218,INST_018,2026-05-19,Творческая встреча
VIS_04429,EV_0218,INST_018,2026-05-19,Творческая встреча
VIS_02668,EV_0218,INST_018,2026-05-19,Творческая встреча
VIS_04198,EV_0218,INST_018,2026-05-19,Творческая встреча
VIS_04521,EV_0218,INST_018,2026-05-19,Творческая встреча
VIS_03057,EV_0218,INST_018,2026-05-19,Творческая встреча
VIS_00603,EV_0218,INST_018,2026-05-19,Творческая встреча
VIS_02111,EV_0218,INST_018,2026-05-19,Творческая встреча
VIS_01050,EV_0218,INST_018,2026-05-19,Творческая встреча
VIS_04822,EV_0218,INST_018,2026-05-19,Творческая встреча
VIS_03076,EV_0218,INST_018,2026-05-19,Творческая встреча
VIS_03978,EV_0218,INST_018,2026-05-19,Творческая встреча
VIS_04182,EV_0218,INST_018,2026-05-19,Творческая встреча
VIS_04406,EV_0218,INST_018,2026-05-19,Творческая встреча
VIS_02824,EV_0218,INST_018,2026-05-19,Творческая встреча
VIS_04087,EV_0218,INST_018,2026-05-19,Творческая встреча
VIS_00329,EV_0218,INST_018,2026-05-19,Творческая встреча
VIS_00884,EV_0218,INST_018,2026-05-19,Творческая встреча
VIS_01317,EV_0218,INST_018,2026-05-19,Творческая встреча
VIS_03516,EV_0218,INST_018,2026-05-19,Творческая встреча
VIS_01220,EV_0218,INST_018,2026-05-19,Творческая встреча
VIS_00185,EV_0218,INST_018,2026-05-19,Творческая встреча
VIS_03809,EV_0218,INST_018,2026-05-19,Творческая встреча
VIS_04899,EV_0218,INST_018,2026-05-19,Творческая встреча
VIS_02551,EV_0218,INST_018,2026-05-19,Творческая встреча
VIS_04191,EV_0129,INST_011,2026-05-22,Мастер-класс
VIS_00388,EV_0129,INST_011,2026-05-22,Мастер-класс
VIS_02781,EV_0129,INST_011,2026-05-22,Мастер-класс
VIS_03760,EV_0129,INST_011,2026-05-22,Мастер-класс
VIS_01054,EV_0129,INST_011,2026-05-22,Мастер-класс
VIS_02212,EV_0129,INST_011,2026-05-22,Мастер-класс
VIS_02172,EV_0129,INST_011,2026-05-22,Мастер-класс
VIS_02700,EV_0129,INST_011,2026-05-22,Мастер-класс
VIS_03829,EV_0129,INST_011,2026-05-22,Мастер-класс
VIS_00159,EV_0129,INST_011,2026-05-22,Мастер-класс
VIS_03389,EV_0129,INST_011,2026-05-22,Мастер-класс
VIS_01387,EV_0129,INST_011,2026-05-22,Мастер-класс
VIS_03930,EV_0129,INST_011,2026-05-22,Мастер-класс
VIS_00272,EV_0129,INST_011,2026-05-22,Мастер-класс
VIS_02087,EV_0129,INST_011,2026-05-22,Мастер-класс
VIS_02094,EV_0129,INST_011,2026-05-22,Мастер-класс
VIS_00765,EV_0129,INST_011,2026-05-22,Мастер-класс
VIS_04995,EV_0129,INST_011,2026-05-22,Мастер-класс
VIS_03662,EV_0129,INST_011,2026-05-22,Мастер-класс
VIS_02905,EV_0129,INST_011,2026-05-22,Мастер-класс
VIS_04792,EV_0129,INST_011,2026-05-22,Мастер-класс
VIS_04875,EV_0129,INST_011,2026-05-22,Мастер-класс
VIS_04754,EV_0129,INST_011,2026-05-22,Мастер-класс
VIS_01491,EV_0129,INST_011,2026-05-22,Мастер-класс
VIS_00918,EV_0129,INST_011,2026-05-22,Мастер-класс
VIS_04012,EV_0129,INST_011,2026-05-22,Мастер-класс
VIS_03899,EV_0129,INST_011,2026-05-22,Мастер-класс
VIS_01668,EV_0129,INST_011,2026-05-22,Мастер-класс
VIS_02662,EV_0129,INST_011,2026-05-22,Мастер-класс
VIS_02562,EV_0129,INST_011,2026-05-22,Мастер-класс
VIS_04112,EV_0129,INST_011,2026-05-22,Мастер-класс
VIS_01302,EV_0129,INST_011,2026-05-22,Мастер-класс
VIS_01373,EV_0129,INST_011,2026-05-22,Мастер-класс
VIS_00040,EV_0129,INST_011,2026-05-22,Мастер-класс
VIS_00441,EV_0129,INST_011,2026-05-22,Мастер-класс
VIS_02377,EV_0129,INST_011,2026-05-22,Мастер-класс
VIS_01010,EV_0129,INST_011,2026-05-22,Мастер-класс
VIS_01070,EV_0129,INST_011,2026-05-22,Мастер-класс
VIS_02816,EV_0129,INST_011,2026-05-22,Мастер-класс
VIS_04437,EV_0129,INST_011,2026-05-22,Мастер-класс
VIS_02393,EV_0129,INST_011,2026-05-22,Мастер-класс
VIS_01486,EV_0129,INST_011,2026-05-22,Мастер-класс
VIS_04254,EV_0129,INST_011,2026-05-22,Мастер-класс
VIS_04352,EV_0010,INST_001,2026-05-24,Выставка
VIS_00086,EV_0010,INST_001,2026-05-24,Выставка
VIS_01942,EV_0010,INST_001,2026-05-24,Выставка
VIS_00224,EV_0010,INST_001,2026-05-24,Выставка
VIS_03129,EV_0010,INST_001,2026-05-24,Выставка
VIS_00894,EV_0010,INST_001,2026-05-24,Выставка
VIS_01785,EV_0010,INST_001,2026-05-24,Выставка
VIS_01256,EV_0010,INST_001,2026-05-24,Выставка
VIS_03063,EV_0010,INST_001,2026-05-24,Выставка
VIS_03017,EV_0010,INST_001,2026-05-24,Выставка
VIS_01920,EV_0010,INST_001,2026-05-24,Выставка
VIS_00144,EV_0010,INST_001,2026-05-24,Выставка
VIS_03699,EV_0010,INST_001,2026-05-24,Выставка
VIS_00184,EV_0010,INST_001,2026-05-24,Выставка
VIS_00147,EV_0010,INST_001,2026-05-24,Выставка
VIS_00599,EV_0010,INST_001,2026-05-24,Выставка
VIS_00871,EV_0010,INST_001,2026-05-24,Выставка
VIS_01295,EV_0010,INST_001,2026-05-24,Выставка
VIS_03384,EV_0010,INST_001,2026-05-24,Выставка
VIS_02651,EV_0010,INST_001,2026-05-24,Выставка
VIS_00430,EV_0010,INST_001,2026-05-24,Выставка
VIS_03276,EV_0010,INST_001,2026-05-24,Выставка
VIS_04862,EV_0010,INST_001,2026-05-24,Выставка
VIS_04025,EV_0010,INST_001,2026-05-24,Выставка
VIS_04273,EV_0010,INST_001,2026-05-24,Выставка
VIS_04153,EV_0010,INST_001,2026-05-24,Выставка
VIS_00444,EV_0010,INST_001,2026-05-24,Выставка
VIS_02176,EV_0010,INST_001,2026-05-24,Выставка
VIS_03879,EV_0010,INST_001,2026-05-24,Выставка
VIS_03381,EV_0010,INST_001,2026-05-24,Выставка
VIS_00945,EV_0010,INST_001,2026-05-24,Выставка
VIS_03206,EV_0010,INST_001,2026-05-24,Выставка
VIS_04017,EV_0010,INST_001,2026-05-24,Выставка
VIS_00594,EV_0010,INST_001,2026-05-24,Выставка
VIS_01845,EV_0010,INST_001,2026-05-24,Выставка
VIS_02954,EV_0010,INST_001,2026-05-24,Выставка
VIS_03857,EV_0010,INST_001,2026-05-24,Выставка
VIS_03485,EV_0010,INST_001,2026-05-24,Выставка
VIS_03050,EV_0010,INST_001,2026-05-24,Выставка
VIS_02620,EV_0010,INST_001,2026-05-24,Выставка
VIS_03945,EV_0010,INST_001,2026-05-24,Выставка
VIS_03336,EV_0010,INST_001,2026-05-24,Выставка
VIS_04937,EV_0010,INST_001,2026-05-24,Выставка
VIS_01594,EV_0010,INST_001,2026-05-24,Выставка
VIS_01634,EV_0010,INST_001,2026-05-24,Выставка
VIS_00414,EV_0029,INST_002,2026-05-27,Выставка
VIS_04549,EV_0029,INST_002,2026-05-27,Выставка
VIS_02640,EV_0029,INST_002,2026-05-27,Выставка
VIS_04203,EV_0029,INST_002,2026-05-27,Выставка
VIS_00232,EV_0029,INST_002,2026-05-27,Выставка
VIS_04478,EV_0029,INST_002,2026-05-27,Выставка
VIS_00262,EV_0029,INST_002,2026-05-27,Выставка
VIS_04300,EV_0029,INST_002,2026-05-27,Выставка
VIS_00188,EV_0029,INST_002,2026-05-27,Выставка
VIS_03327,EV_0029,INST_002,2026-05-27,Выставка
VIS_02486,EV_0029,INST_002,2026-05-27,Выставка
VIS_01023,EV_0029,INST_002,2026-05-27,Выставка
VIS_02506,EV_0029,INST_002,2026-05-27,Выставка
VIS_02235,EV_0029,INST_002,2026-05-27,Выставка
VIS_04518,EV_0029,INST_002,2026-05-27,Выставка
VIS_00783,EV_0029,INST_002,2026-05-27,Выставка
VIS_02870,EV_0029,INST_002,2026-05-27,Выставка
VIS_02310,EV_0029,INST_002,2026-05-27,Выставка
VIS_01968,EV_0029,INST_002,2026-05-27,Выставка
VIS_00735,EV_0029,INST_002,2026-05-27,Выставка
VIS_04456,EV_0029,INST_002,2026-05-27,Выставка
VIS_04297,EV_0029,INST_002,2026-05-27,Выставка
VIS_04010,EV_0029,INST_002,2026-05-27,Выставка
VIS_04491,EV_0029,INST_002,2026-05-27,Выставка
VIS_00930,EV_0029,INST_002,2026-05-27,Выставка
VIS_00821,EV_0029,INST_002,2026-05-27,Выставка
VIS_04044,EV_0029,INST_002,2026-05-27,Выставка
VIS_03071,EV_0029,INST_002,2026-05-27,Выставка
VIS_00051,EV_0029,INST_002,2026-05-27,Выставка
VIS_01200,EV_0029,INST_002,2026-05-27,Выставка
VIS_04469,EV_0029,INST_002,2026-05-27,Выставка
VIS_00751,EV_0029,INST_002,2026-05-27,Выставка
VIS_02636,EV_0029,INST_002,2026-05-27,Выставка
VIS_02989,EV_0029,INST_002,2026-05-27,Выставка
VIS_02949,EV_0029,INST_002,2026-05-27,Выставка
VIS_03207,EV_0029,INST_002,2026-05-27,Выставка
VIS_00878,EV_0029,INST_002,2026-05-27,Выставка
VIS_01240,EV_0029,INST_002,2026-05-27,Выставка
VIS_04314,EV_0029,INST_002,2026-05-27,Выставка
VIS_03945,EV_0029,INST_002,2026-05-27,Выставка
VIS_00411,EV_0029,INST_002,2026-05-27,Выставка
VIS_01762,EV_0029,INST_002,2026-05-27,Выставка
VIS_00711,EV_0029,INST_002,2026-05-27,Выставка
VIS_02181,EV_0029,INST_002,2026-05-27,Выставка
VIS_00152,EV_0038,INST_003,2026-05-27,Выставка
VIS_02165,EV_0038,INST_003,2026-05-27,Выставка
VIS_01586,EV_0038,INST_003,2026-05-27,Выставка
VIS_00290,EV_0038,INST_003,2026-05-27,Выставка
VIS_02808,EV_0038,INST_003,2026-05-27,Выставка
VIS_00665,EV_0038,INST_003,2026-05-27,Выставка
VIS_03788,EV_0038,INST_003,2026-05-27,Выставка
VIS_01242,EV_0038,INST_003,2026-05-27,Выставка
VIS_02144,EV_0038,INST_003,2026-05-27,Выставка
VIS_00757,EV_0038,INST_003,2026-05-27,Выставка
VIS_01140,EV_0038,INST_003,2026-05-27,Выставка
VIS_04465,EV_0038,INST_003,2026-05-27,Выставка
VIS_02795,EV_0038,INST_003,2026-05-27,Выставка
VIS_04723,EV_0038,INST_003,2026-05-27,Выставка
VIS_01488,EV_0038,INST_003,2026-05-27,Выставка
VIS_01176,EV_0038,INST_003,2026-05-27,Выставка
VIS_04337,EV_0038,INST_003,2026-05-27,Выставка
VIS_03582,EV_0038,INST_003,2026-05-27,Выставка
VIS_01860,EV_0038,INST_003,2026-05-27,Выставка
VIS_03002,EV_0038,INST_003,2026-05-27,Выставка
VIS_03756,EV_0038,INST_003,2026-05-27,Выставка
VIS_00871,EV_0038,INST_003,2026-05-27,Выставка
VIS_01250,EV_0038,INST_003,2026-05-27,Выставка
VIS_02849,EV_0038,INST_003,2026-05-27,Выставка
VIS_01781,EV_0038,INST_003,2026-05-27,Выставка
VIS_02090,EV_0038,INST_003,2026-05-27,Выставка
VIS_01075,EV_0038,INST_003,2026-05-27,Выставка
VIS_02874,EV_0038,INST_003,2026-05-27,Выставка
VIS_02635,EV_0038,INST_003,2026-05-27,Выставка
VIS_03249,EV_0038,INST_003,2026-05-27,Выставка
VIS_03478,EV_0038,INST_003,2026-05-27,Выставка
VIS_00741,EV_0038,INST_003,2026-05-27,Выставка
VIS_02726,EV_0038,INST_003,2026-05-27,Выставка
VIS_04977,EV_0038,INST_003,2026-05-27,Выставка
VIS_01008,EV_0038,INST_003,2026-05-27,Выставка
VIS_02793,EV_0038,INST_003,2026-05-27,Выставка
VIS_01637,EV_0038,INST_003,2026-05-27,Выставка
VIS_02903,EV_0038,INST_003,2026-05-27,Выставка
VIS_02055,EV_0038,INST_003,2026-05-27,Выставка
VIS_02299,EV_0038,INST_003,2026-05-27,Выставка
VIS_01440,EV_0038,INST_003,2026-05-27,Выставка
VIS_02599,EV_0038,INST_003,2026-05-27,Выставка
VIS_00491,EV_0120,INST_010,2026-05-27,Мастер-класс
VIS_00387,EV_0120,INST_010,2026-05-27,Мастер-класс
VIS_03465,EV_0120,INST_010,2026-05-27,Мастер-класс
VIS_02703,EV_0120,INST_010,2026-05-27,Мастер-класс
VIS_03051,EV_0120,INST_010,2026-05-27,Мастер-класс
VIS_00656,EV_0120,INST_010,2026-05-27,Мастер-класс
VIS_00342,EV_0120,INST_010,2026-05-27,Мастер-класс
VIS_04011,EV_0120,INST_010,2026-05-27,Мастер-класс
VIS_03627,EV_0120,INST_010,2026-05-27,Мастер-класс
VIS_04381,EV_0120,INST_010,2026-05-27,Мастер-класс
VIS_02184,EV_0120,INST_010,2026-05-27,Мастер-класс
VIS_00020,EV_0120,INST_010,2026-05-27,Мастер-класс
VIS_00124,EV_0120,INST_010,2026-05-27,Мастер-класс
VIS_03004,EV_0120,INST_010,2026-05-27,Мастер-класс
VIS_03020,EV_0120,INST_010,2026-05-27,Мастер-класс
VIS_02366,EV_0120,INST_010,2026-05-27,Мастер-класс
VIS_03601,EV_0120,INST_010,2026-05-27,Мастер-класс
VIS_00770,EV_0120,INST_010,2026-05-27,Мастер-класс
VIS_02857,EV_0120,INST_010,2026-05-27,Мастер-класс
VIS_04333,EV_0120,INST_010,2026-05-27,Мастер-класс
VIS_02254,EV_0120,INST_010,2026-05-27,Мастер-класс
VIS_04567,EV_0120,INST_010,2026-05-27,Мастер-класс
VIS_01613,EV_0120,INST_010,2026-05-27,Мастер-класс
VIS_04965,EV_0120,INST_010,2026-05-27,Мастер-класс
VIS_01647,EV_0120,INST_010,2026-05-27,Мастер-класс
VIS_04013,EV_0120,INST_010,2026-05-27,Мастер-класс
VIS_02499,EV_0120,INST_010,2026-05-27,Мастер-класс
VIS_02239,EV_0120,INST_010,2026-05-27,Мастер-класс
VIS_03203,EV_0120,INST_010,2026-05-27,Мастер-класс
VIS_04849,EV_0120,INST_010,2026-05-27,Мастер-класс
VIS_04715,EV_0120,INST_010,2026-05-27,Мастер-класс
VIS_02341,EV_0120,INST_010,2026-05-27,Мастер-класс
VIS_02844,EV_0120,INST_010,2026-05-27,Мастер-класс
VIS_00151,EV_0120,INST_010,2026-05-27,Мастер-класс
VIS_00183,EV_0120,INST_010,2026-05-27,Мастер-класс
VIS_03066,EV_0120,INST_010,2026-05-27,Мастер-класс
VIS_00296,EV_0120,INST_010,2026-05-27,Мастер-класс
VIS_00133,EV_0120,INST_010,2026-05-27,Мастер-класс
VIS_03608,EV_0120,INST_010,2026-05-27,Мастер-класс
VIS_00899,EV_0163,INST_014,2026-05-27,Лекция
VIS_00591,EV_0163,INST_014,2026-05-27,Лекция
VIS_01987,EV_0163,INST_014,2026-05-27,Лекция
VIS_01718,EV_0163,INST_014,2026-05-27,Лекция
VIS_00736,EV_0163,INST_014,2026-05-27,Лекция
VIS_01454,EV_0163,INST_014,2026-05-27,Лекция
VIS_03135,EV_0163,INST_014,2026-05-27,Лекция
VIS_00774,EV_0163,INST_014,2026-05-27,Лекция
VIS_00406,EV_0163,INST_014,2026-05-27,Лекция
VIS_04372,EV_0163,INST_014,2026-05-27,Лекция
VIS_04401,EV_0163,INST_014,2026-05-27,Лекция
VIS_02126,EV_0163,INST_014,2026-05-27,Лекция
VIS_03058,EV_0163,INST_014,2026-05-27,Лекция
VIS_03413,EV_0163,INST_014,2026-05-27,Лекция
VIS_03903,EV_0163,INST_014,2026-05-27,Лекция
VIS_00225,EV_0163,INST_014,2026-05-27,Лекция
VIS_02678,EV_0163,INST_014,2026-05-27,Лекция
VIS_01913,EV_0163,INST_014,2026-05-27,Лекция
VIS_01242,EV_0163,INST_014,2026-05-27,Лекция
VIS_03285,EV_0163,INST_014,2026-05-27,Лекция
VIS_02985,EV_0163,INST_014,2026-05-27,Лекция
VIS_03073,EV_0163,INST_014,2026-05-27,Лекция
VIS_03104,EV_0163,INST_014,2026-05-27,Лекция
VIS_04316,EV_0163,INST_014,2026-05-27,Лекция
VIS_01172,EV_0163,INST_014,2026-05-27,Лекция
VIS_02288,EV_0163,INST_014,2026-05-27,Лекция
VIS_01113,EV_0163,INST_014,2026-05-27,Лекция
VIS_02861,EV_0163,INST_014,2026-05-27,Лекция
VIS_04838,EV_0163,INST_014,2026-05-27,Лекция
VIS_03613,EV_0163,INST_014,2026-05-27,Лекция
VIS_02968,EV_0163,INST_014,2026-05-27,Лекция
VIS_02092,EV_0163,INST_014,2026-05-27,Лекция
VIS_03678,EV_0163,INST_014,2026-05-27,Лекция
VIS_00980,EV_0163,INST_014,2026-05-27,Лекция
VIS_04904,EV_0163,INST_014,2026-05-27,Лекция
VIS_00803,EV_0163,INST_014,2026-05-27,Лекция
VIS_00219,EV_0163,INST_014,2026-05-27,Лекция
VIS_03694,EV_0163,INST_014,2026-05-27,Лекция
VIS_01739,EV_0163,INST_014,2026-05-27,Лекция
VIS_01724,EV_0163,INST_014,2026-05-27,Лекция
VIS_04670,EV_0163,INST_014,2026-05-27,Лекция
VIS_02414,EV_0163,INST_014,2026-05-27,Лекция
VIS_01443,EV_0163,INST_014,2026-05-27,Лекция
VIS_01439,EV_0163,INST_014,2026-05-27,Лекция
VIS_02190,EV_0163,INST_014,2026-05-27,Лекция
VIS_03027,EV_0163,INST_014,2026-05-27,Лекция
VIS_02783,EV_0163,INST_014,2026-05-27,Лекция
VIS_03334,EV_0163,INST_014,2026-05-27,Лекция
VIS_02770,EV_0163,INST_014,2026-05-27,Лекция
VIS_02532,EV_0163,INST_014,2026-05-27,Лекция
VIS_01791,EV_0163,INST_014,2026-05-27,Лекция
VIS_00869,EV_0163,INST_014,2026-05-27,Лекция
VIS_04683,EV_0163,INST_014,2026-05-27,Лекция
VIS_03983,EV_0163,INST_014,2026-05-27,Лекция
VIS_01802,EV_0163,INST_014,2026-05-27,Лекция
VIS_02224,EV_0163,INST_014,2026-05-27,Лекция
VIS_02072,EV_0163,INST_014,2026-05-27,Лекция
VIS_00995,EV_0163,INST_014,2026-05-27,Лекция
VIS_03128,EV_0163,INST_014,2026-05-27,Лекция
VIS_01503,EV_0163,INST_014,2026-05-27,Лекция
VIS_03368,EV_0163,INST_014,2026-05-27,Лекция
VIS_03496,EV_0163,INST_014,2026-05-27,Лекция
VIS_03947,EV_0065,INST_006,2026-05-30,Мастер-класс
VIS_03374,EV_0065,INST_006,2026-05-30,Мастер-класс
VIS_03315,EV_0065,INST_006,2026-05-30,Мастер-класс
VIS_00269,EV_0065,INST_006,2026-05-30,Мастер-класс
VIS_03011,EV_0065,INST_006,2026-05-30,Мастер-класс
VIS_00752,EV_0065,INST_006,2026-05-30,Мастер-класс
VIS_03501,EV_0065,INST_006,2026-05-30,Мастер-класс
VIS_03848,EV_0065,INST_006,2026-05-30,Мастер-класс
VIS_04227,EV_0065,INST_006,2026-05-30,Мастер-класс
VIS_00496,EV_0065,INST_006,2026-05-30,Мастер-класс
VIS_00292,EV_0065,INST_006,2026-05-30,Мастер-класс
VIS_04569,EV_0065,INST_006,2026-05-30,Мастер-класс
VIS_01241,EV_0065,INST_006,2026-05-30,Мастер-класс
VIS_04122,EV_0065,INST_006,2026-05-30,Мастер-класс
VIS_03510,EV_0065,INST_006,2026-05-30,Мастер-класс
VIS_01899,EV_0065,INST_006,2026-05-30,Мастер-класс
VIS_00558,EV_0065,INST_006,2026-05-30,Мастер-класс
VIS_02655,EV_0065,INST_006,2026-05-30,Мастер-класс
VIS_00126,EV_0065,INST_006,2026-05-30,Мастер-класс
VIS_00774,EV_0065,INST_006,2026-05-30,Мастер-класс
VIS_02017,EV_0065,INST_006,2026-05-30,Мастер-класс
VIS_00871,EV_0065,INST_006,2026-05-30,Мастер-класс
VIS_03655,EV_0065,INST_006,2026-05-30,Мастер-класс
VIS_04565,EV_0065,INST_006,2026-05-30,Мастер-класс
VIS_03498,EV_0065,INST_006,2026-05-30,Мастер-класс
VIS_02196,EV_0065,INST_006,2026-05-30,Мастер-класс
VIS_04899,EV_0065,INST_006,2026-05-30,Мастер-класс
VIS_00065,EV_0065,INST_006,2026-05-30,Мастер-класс
VIS_03882,EV_0065,INST_006,2026-05-30,Мастер-класс
VIS_00420,EV_0065,INST_006,2026-05-30,Мастер-класс
VIS_00870,EV_0065,INST_006,2026-05-30,Мастер-класс
VIS_03978,EV_0065,INST_006,2026-05-30,Мастер-класс
VIS_02992,EV_0065,INST_006,2026-05-30,Мастер-класс
VIS_04994,EV_0065,INST_006,2026-05-30,Мастер-класс
VIS_04440,EV_0065,INST_006,2026-05-30,Мастер-класс
VIS_01149,EV_0065,INST_006,2026-05-30,Мастер-класс
VIS_04522,EV_0065,INST_006,2026-05-30,Мастер-класс
VIS_03415,EV_0065,INST_006,2026-05-30,Мастер-класс
VIS_00462,EV_0065,INST_006,2026-05-30,Мастер-класс
VIS_01249,EV_0090,INST_007,2026-05-30,Выставка
VIS_04174,EV_0090,INST_007,2026-05-30,Выставка
VIS_03142,EV_0090,INST_007,2026-05-30,Выставка
VIS_01182,EV_0090,INST_007,2026-05-30,Выставка
VIS_04593,EV_0090,INST_007,2026-05-30,Выставка
VIS_04903,EV_0090,INST_007,2026-05-30,Выставка
VIS_03924,EV_0090,INST_007,2026-05-30,Выставка
VIS_04382,EV_0090,INST_007,2026-05-30,Выставка
VIS_03945,EV_0090,INST_007,2026-05-30,Выставка
VIS_04080,EV_0090,INST_007,2026-05-30,Выставка
VIS_02223,EV_0090,INST_007,2026-05-30,Выставка
VIS_00929,EV_0090,INST_007,2026-05-30,Выставка
VIS_02501,EV_0090,INST_007,2026-05-30,Выставка
VIS_03486,EV_0090,INST_007,2026-05-30,Выставка
VIS_00357,EV_0090,INST_007,2026-05-30,Выставка
VIS_01561,EV_0090,INST_007,2026-05-30,Выставка
VIS_04507,EV_0090,INST_007,2026-05-30,Выставка
VIS_02395,EV_0090,INST_007,2026-05-30,Выставка
VIS_03451,EV_0090,INST_007,2026-05-30,Выставка
VIS_03811,EV_0090,INST_007,2026-05-30,Выставка
VIS_01199,EV_0090,INST_007,2026-05-30,Выставка
VIS_02645,EV_0090,INST_007,2026-05-30,Выставка
VIS_01723,EV_0090,INST_007,2026-05-30,Выставка
VIS_04779,EV_0090,INST_007,2026-05-30,Выставка
VIS_02821,EV_0090,INST_007,2026-05-30,Выставка
VIS_00481,EV_0090,INST_007,2026-05-30,Выставка
VIS_00891,EV_0090,INST_007,2026-05-30,Выставка
VIS_01654,EV_0090,INST_007,2026-05-30,Выставка
VIS_04498,EV_0090,INST_007,2026-05-30,Выставка
VIS_02240,EV_0090,INST_007,2026-05-30,Выставка
VIS_03445,EV_0090,INST_007,2026-05-30,Выставка
VIS_04000,EV_0090,INST_007,2026-05-30,Выставка
VIS_03563,EV_0090,INST_007,2026-05-30,Выставка
VIS_00555,EV_0090,INST_007,2026-05-30,Выставка
VIS_00864,EV_0090,INST_007,2026-05-30,Выставка
VIS_03294,EV_0090,INST_007,2026-05-30,Выставка
VIS_01760,EV_0090,INST_007,2026-05-30,Выставка
VIS_03902,EV_0090,INST_007,2026-05-30,Выставка
VIS_04629,EV_0090,INST_007,2026-05-30,Выставка
VIS_03137,EV_0090,INST_007,2026-05-30,Выставка
VIS_01972,EV_0090,INST_007,2026-05-30,Выставка
VIS_00989,EV_0090,INST_007,2026-05-30,Выставка
VIS_04113,EV_0090,INST_007,2026-05-30,Выставка
VIS_01612,EV_0090,INST_007,2026-05-30,Выставка
VIS_04639,EV_0090,INST_007,2026-05-30,Выставка
VIS_01188,EV_0090,INST_007,2026-05-30,Выставка
VIS_03327,EV_0090,INST_007,2026-05-30,Выставка
VIS_04921,EV_0090,INST_007,2026-05-30,Выставка
VIS_02303,EV_0090,INST_007,2026-05-30,Выставка
VIS_04868,EV_0090,INST_007,2026-05-30,Выставка
VIS_01943,EV_0090,INST_007,2026-05-30,Выставка
VIS_01906,EV_0090,INST_007,2026-05-30,Выставка
VIS_01356,EV_0090,INST_007,2026-05-30,Выставка
VIS_01988,EV_0090,INST_007,2026-05-30,Выставка
VIS_00219,EV_0090,INST_007,2026-05-30,Выставка
VIS_03097,EV_0090,INST_007,2026-05-30,Выставка
VIS_02225,EV_0090,INST_007,2026-05-30,Выставка
VIS_01097,EV_0090,INST_007,2026-05-30,Выставка
VIS_03192,EV_0090,INST_007,2026-05-30,Выставка
VIS_02096,EV_0090,INST_007,2026-05-30,Выставка
VIS_04216,EV_0198,INST_017,2026-05-30,Лекция
VIS_03598,EV_0198,INST_017,2026-05-30,Лекция
VIS_04570,EV_0198,INST_017,2026-05-30,Лекция
VIS_03621,EV_0198,INST_017,2026-05-30,Лекция
VIS_03695,EV_0198,INST_017,2026-05-30,Лекция
VIS_04571,EV_0198,INST_017,2026-05-30,Лекция
VIS_03557,EV_0198,INST_017,2026-05-30,Лекция
VIS_02412,EV_0198,INST_017,2026-05-30,Лекция
VIS_01356,EV_0198,INST_017,2026-05-30,Лекция
VIS_04748,EV_0198,INST_017,2026-05-30,Лекция
VIS_03057,EV_0198,INST_017,2026-05-30,Лекция
VIS_01666,EV_0198,INST_017,2026-05-30,Лекция
VIS_04939,EV_0198,INST_017,2026-05-30,Лекция
VIS_01874,EV_0198,INST_017,2026-05-30,Лекция
VIS_02456,EV_0198,INST_017,2026-05-30,Лекция
VIS_01483,EV_0198,INST_017,2026-05-30,Лекция
VIS_00629,EV_0198,INST_017,2026-05-30,Лекция
VIS_00558,EV_0198,INST_017,2026-05-30,Лекция
VIS_02542,EV_0198,INST_017,2026-05-30,Лекция
VIS_00752,EV_0198,INST_017,2026-05-30,Лекция
VIS_04749,EV_0198,INST_017,2026-05-30,Лекция
VIS_04240,EV_0198,INST_017,2026-05-30,Лекция
VIS_02873,EV_0198,INST_017,2026-05-30,Лекция
VIS_01578,EV_0198,INST_017,2026-05-30,Лекция
VIS_03771,EV_0198,INST_017,2026-05-30,Лекция
VIS_02033,EV_0198,INST_017,2026-05-30,Лекция
VIS_03461,EV_0198,INST_017,2026-05-30,Лекция
VIS_02330,EV_0198,INST_017,2026-05-30,Лекция
VIS_04699,EV_0198,INST_017,2026-05-30,Лекция
VIS_02655,EV_0198,INST_017,2026-05-30,Лекция
VIS_03679,EV_0198,INST_017,2026-05-30,Лекция
VIS_01308,EV_0198,INST_017,2026-05-30,Лекция
VIS_02504,EV_0198,INST_017,2026-05-30,Лекция
VIS_02395,EV_0198,INST_017,2026-05-30,Лекция
VIS_01734,EV_0198,INST_017,2026-05-30,Лекция
VIS_04088,EV_0198,INST_017,2026-05-30,Лекция
VIS_02016,EV_0198,INST_017,2026-05-30,Лекция
VIS_03066,EV_0198,INST_017,2026-05-30,Лекция
VIS_04900,EV_0198,INST_017,2026-05-30,Лекция
VIS_00630,EV_0198,INST_017,2026-05-30,Лекция
VIS_04328,EV_0198,INST_017,2026-05-30,Лекция
VIS_04979,EV_0198,INST_017,2026-05-30,Лекция
VIS_04276,EV_0198,INST_017,2026-05-30,Лекция
VIS_01068,EV_0198,INST_017,2026-05-30,Лекция
VIS_00098,EV_0198,INST_017,2026-05-30,Лекция
VIS_03636,EV_0198,INST_017,2026-05-30,Лекция
VIS_03274,EV_0198,INST_017,2026-05-30,Лекция
VIS_03991,EV_0198,INST_017,2026-05-30,Лекция
VIS_01519,EV_0198,INST_017,2026-05-30,Лекция
VIS_02002,EV_0198,INST_017,2026-05-30,Лекция
VIS_01465,EV_0198,INST_017,2026-05-30,Лекция
VIS_00111,EV_0198,INST_017,2026-05-30,Лекция
VIS_04538,EV_0198,INST_017,2026-05-30,Лекция
VIS_00565,EV_0198,INST_017,2026-05-30,Лекция
VIS_03813,EV_0198,INST_017,2026-05-30,Лекция
VIS_04327,EV_0198,INST_017,2026-05-30,Лекция
VIS_04094,EV_0198,INST_017,2026-05-30,Лекция
VIS_04081,EV_0198,INST_017,2026-05-30,Лекция
VIS_03606,EV_0198,INST_017,2026-05-30,Лекция
VIS_01045,EV_0198,INST_017,2026-05-30,Лекция
VIS_01727,EV_0198,INST_017,2026-05-30,Лекция
VIS_02455,EV_0198,INST_017,2026-05-30,Лекция
VIS_03623,EV_0198,INST_017,2026-05-30,Лекция
VIS_02286,EV_0198,INST_017,2026-05-30,Лекция
VIS_01430,EV_0198,INST_017,2026-05-30,Лекция
VIS_00434,EV_0198,INST_017,2026-05-30,Лекция
VIS_01770,EV_0198,INST_017,2026-05-30,Лекция
VIS_03707,EV_0198,INST_017,2026-05-30,Лекция
VIS_03103,EV_0198,INST_017,2026-05-30,Лекция
VIS_02787,EV_0198,INST_017,2026-05-30,Лекция
VIS_02252,EV_0198,INST_017,2026-05-30,Лекция
VIS_00013,EV_0198,INST_017,2026-05-30,Лекция
VIS_04692,EV_0198,INST_017,2026-05-30,Лекция
VIS_00480,EV_0198,INST_017,2026-05-30,Лекция
VIS_04958,EV_0198,INST_017,2026-05-30,Лекция
VIS_00523,EV_0198,INST_017,2026-05-30,Лекция
VIS_04797,EV_0198,INST_017,2026-05-30,Лекция
VIS_02367,EV_0198,INST_017,2026-05-30,Лекция
VIS_04111,EV_0198,INST_017,2026-05-30,Лекция
VIS_04520,EV_0198,INST_017,2026-05-30,Лекция
VIS_00241,EV_0198,INST_017,2026-05-30,Лекция
VIS_04994,EV_0198,INST_017,2026-05-30,Лекция
VIS_03394,EV_0198,INST_017,2026-05-30,Лекция
VIS_00163,EV_0198,INST_017,2026-05-30,Лекция
VIS_02984,EV_0198,INST_017,2026-05-30,Лекция
VIS_02721,EV_0198,INST_017,2026-05-30,Лекция
VIS_01631,EV_0198,INST_017,2026-05-30,Лекция
VIS_03515,EV_0198,INST_017,2026-05-30,Лекция
VIS_03424,EV_0011,INST_001,2026-06-08,Мастер-класс
VIS_02403,EV_0011,INST_001,2026-06-08,Мастер-класс
VIS_04907,EV_0011,INST_001,2026-06-08,Мастер-класс
VIS_02293,EV_0011,INST_001,2026-06-08,Мастер-класс
VIS_04171,EV_0011,INST_001,2026-06-08,Мастер-класс
VIS_02214,EV_0011,INST_001,2026-06-08,Мастер-класс
VIS_01545,EV_0011,INST_001,2026-06-08,Мастер-класс
VIS_01306,EV_0011,INST_001,2026-06-08,Мастер-класс
VIS_00484,EV_0011,INST_001,2026-06-08,Мастер-класс
VIS_03665,EV_0011,INST_001,2026-06-08,Мастер-класс
VIS_01603,EV_0011,INST_001,2026-06-08,Мастер-класс
VIS_04886,EV_0011,INST_001,2026-06-08,Мастер-класс
VIS_03653,EV_0011,INST_001,2026-06-08,Мастер-класс
VIS_03545,EV_0011,INST_001,2026-06-08,Мастер-класс
VIS_02409,EV_0011,INST_001,2026-06-08,Мастер-класс
VIS_02236,EV_0011,INST_001,2026-06-08,Мастер-класс
VIS_03543,EV_0011,INST_001,2026-06-08,Мастер-класс
VIS_04592,EV_0011,INST_001,2026-06-08,Мастер-класс
VIS_03534,EV_0011,INST_001,2026-06-08,Мастер-класс
VIS_02507,EV_0011,INST_001,2026-06-08,Мастер-класс
VIS_03879,EV_0011,INST_001,2026-06-08,Мастер-класс
VIS_00894,EV_0011,INST_001,2026-06-08,Мастер-класс
VIS_00356,EV_0011,INST_001,2026-06-08,Мастер-класс
VIS_02907,EV_0011,INST_001,2026-06-08,Мастер-класс
VIS_03744,EV_0011,INST_001,2026-06-08,Мастер-класс
VIS_02042,EV_0011,INST_001,2026-06-08,Мастер-класс
VIS_04665,EV_0011,INST_001,2026-06-08,Мастер-класс
VIS_00463,EV_0011,INST_001,2026-06-08,Мастер-класс
VIS_04202,EV_0011,INST_001,2026-06-08,Мастер-класс
VIS_02846,EV_0011,INST_001,2026-06-08,Мастер-класс
VIS_00191,EV_0011,INST_001,2026-06-08,Мастер-класс
VIS_01501,EV_0011,INST_001,2026-06-08,Мастер-класс
VIS_02216,EV_0011,INST_001,2026-06-08,Мастер-класс
VIS_04398,EV_0011,INST_001,2026-06-08,Мастер-класс
VIS_01790,EV_0011,INST_001,2026-06-08,Мастер-класс
VIS_02996,EV_0011,INST_001,2026-06-08,Мастер-класс
VIS_00132,EV_0011,INST_001,2026-06-08,Мастер-класс
VIS_01953,EV_0011,INST_001,2026-06-08,Мастер-класс
VIS_02016,EV_0011,INST_001,2026-06-08,Мастер-класс
VIS_00639,EV_0011,INST_001,2026-06-08,Мастер-класс
VIS_01135,EV_0011,INST_001,2026-06-08,Мастер-класс
VIS_02256,EV_0011,INST_001,2026-06-08,Мастер-класс
VIS_03777,EV_0011,INST_001,2026-06-08,Мастер-класс
VIS_02358,EV_0011,INST_001,2026-06-08,Мастер-класс
VIS_00807,EV_0011,INST_001,2026-06-08,Мастер-класс
VIS_02326,EV_0011,INST_001,2026-06-08,Мастер-класс
VIS_03366,EV_0011,INST_001,2026-06-08,Мастер-класс
VIS_00326,EV_0011,INST_001,2026-06-08,Мастер-класс
VIS_00061,EV_0011,INST_001,2026-06-08,Мастер-класс
VIS_03811,EV_0011,INST_001,2026-06-08,Мастер-класс
VIS_02876,EV_0011,INST_001,2026-06-08,Мастер-класс
VIS_03327,EV_0011,INST_001,2026-06-08,Мастер-класс
VIS_03329,EV_0011,INST_001,2026-06-08,Мастер-класс
VIS_04778,EV_0011,INST_001,2026-06-08,Мастер-класс
VIS_02164,EV_0011,INST_001,2026-06-08,Мастер-класс
VIS_04440,EV_0164,INST_014,2026-06-08,Выставка
VIS_02859,EV_0164,INST_014,2026-06-08,Выставка
VIS_02766,EV_0164,INST_014,2026-06-08,Выставка
VIS_00117,EV_0164,INST_014,2026-06-08,Выставка
VIS_00224,EV_0164,INST_014,2026-06-08,Выставка
VIS_02743,EV_0164,INST_014,2026-06-08,Выставка
VIS_01910,EV_0164,INST_014,2026-06-08,Выставка
VIS_03470,EV_0164,INST_014,2026-06-08,Выставка
VIS_00374,EV_0164,INST_014,2026-06-08,Выставка
VIS_04773,EV_0164,INST_014,2026-06-08,Выставка
VIS_00252,EV_0164,INST_014,2026-06-08,Выставка
VIS_01280,EV_0164,INST_014,2026-06-08,Выставка
VIS_01723,EV_0164,INST_014,2026-06-08,Выставка
VIS_01739,EV_0164,INST_014,2026-06-08,Выставка
VIS_03829,EV_0164,INST_014,2026-06-08,Выставка
VIS_04463,EV_0164,INST_014,2026-06-08,Выставка
VIS_03458,EV_0164,INST_014,2026-06-08,Выставка
VIS_04688,EV_0164,INST_014,2026-06-08,Выставка
VIS_00360,EV_0164,INST_014,2026-06-08,Выставка
VIS_00845,EV_0164,INST_014,2026-06-08,Выставка
VIS_03175,EV_0164,INST_014,2026-06-08,Выставка
VIS_02823,EV_0164,INST_014,2026-06-08,Выставка
VIS_02496,EV_0164,INST_014,2026-06-08,Выставка
VIS_01393,EV_0164,INST_014,2026-06-08,Выставка
VIS_02951,EV_0164,INST_014,2026-06-08,Выставка
VIS_04973,EV_0164,INST_014,2026-06-08,Выставка
VIS_02502,EV_0164,INST_014,2026-06-08,Выставка
VIS_04621,EV_0164,INST_014,2026-06-08,Выставка
VIS_01502,EV_0164,INST_014,2026-06-08,Выставка
VIS_03681,EV_0164,INST_014,2026-06-08,Выставка
VIS_04215,EV_0164,INST_014,2026-06-08,Выставка
VIS_00060,EV_0164,INST_014,2026-06-08,Выставка
VIS_02335,EV_0164,INST_014,2026-06-08,Выставка
VIS_00842,EV_0164,INST_014,2026-06-08,Выставка
VIS_02646,EV_0164,INST_014,2026-06-08,Выставка
VIS_00509,EV_0164,INST_014,2026-06-08,Выставка
VIS_04675,EV_0164,INST_014,2026-06-08,Выставка
VIS_01269,EV_0164,INST_014,2026-06-08,Выставка
VIS_01547,EV_0164,INST_014,2026-06-08,Выставка
VIS_04248,EV_0164,INST_014,2026-06-08,Выставка
VIS_03745,EV_0164,INST_014,2026-06-08,Выставка
VIS_03459,EV_0164,INST_014,2026-06-08,Выставка
VIS_02819,EV_0164,INST_014,2026-06-08,Выставка
VIS_01922,EV_0164,INST_014,2026-06-08,Выставка
VIS_03177,EV_0164,INST_014,2026-06-08,Выставка
VIS_02116,EV_0164,INST_014,2026-06-08,Выставка
VIS_04535,EV_0164,INST_014,2026-06-08,Выставка
VIS_02896,EV_0164,INST_014,2026-06-08,Выставка
VIS_03935,EV_0164,INST_014,2026-06-08,Выставка
VIS_00644,EV_0164,INST_014,2026-06-08,Выставка
VIS_00851,EV_0164,INST_014,2026-06-08,Выставка
VIS_03609,EV_0164,INST_014,2026-06-08,Выставка
VIS_01838,EV_0164,INST_014,2026-06-08,Выставка
VIS_04159,EV_0164,INST_014,2026-06-08,Выставка
VIS_03061,EV_0164,INST_014,2026-06-08,Выставка
VIS_02703,EV_0164,INST_014,2026-06-08,Выставка
VIS_03273,EV_0164,INST_014,2026-06-08,Выставка
VIS_03157,EV_0164,INST_014,2026-06-08,Выставка
VIS_04610,EV_0164,INST_014,2026-06-08,Выставка
VIS_03982,EV_0164,INST_014,2026-06-08,Выставка
VIS_03875,EV_0091,INST_007,2026-06-11,Мастер-класс
VIS_00541,EV_0091,INST_007,2026-06-11,Мастер-класс
VIS_02819,EV_0091,INST_007,2026-06-11,Мастер-класс
VIS_01132,EV_0091,INST_007,2026-06-11,Мастер-класс
VIS_01405,EV_0091,INST_007,2026-06-11,Мастер-класс
VIS_02226,EV_0091,INST_007,2026-06-11,Мастер-класс
VIS_03019,EV_0091,INST_007,2026-06-11,Мастер-класс
VIS_01723,EV_0091,INST_007,2026-06-11,Мастер-класс
VIS_00198,EV_0091,INST_007,2026-06-11,Мастер-класс
VIS_00409,EV_0091,INST_007,2026-06-11,Мастер-класс
VIS_01402,EV_0091,INST_007,2026-06-11,Мастер-класс
VIS_04113,EV_0091,INST_007,2026-06-11,Мастер-класс
VIS_02802,EV_0091,INST_007,2026-06-11,Мастер-класс
VIS_04428,EV_0091,INST_007,2026-06-11,Мастер-класс
VIS_02124,EV_0091,INST_007,2026-06-11,Мастер-класс
VIS_01118,EV_0091,INST_007,2026-06-11,Мастер-класс
VIS_04098,EV_0091,INST_007,2026-06-11,Мастер-класс
VIS_00087,EV_0091,INST_007,2026-06-11,Мастер-класс
VIS_04859,EV_0091,INST_007,2026-06-11,Мастер-класс
VIS_03898,EV_0091,INST_007,2026-06-11,Мастер-класс
VIS_00650,EV_0091,INST_007,2026-06-11,Мастер-класс
VIS_03960,EV_0091,INST_007,2026-06-11,Мастер-класс
VIS_04768,EV_0091,INST_007,2026-06-11,Мастер-класс
VIS_03887,EV_0091,INST_007,2026-06-11,Мастер-класс
VIS_02260,EV_0091,INST_007,2026-06-11,Мастер-класс
VIS_01612,EV_0091,INST_007,2026-06-11,Мастер-класс
VIS_01850,EV_0091,INST_007,2026-06-11,Мастер-класс
VIS_03847,EV_0091,INST_007,2026-06-11,Мастер-класс
VIS_00539,EV_0091,INST_007,2026-06-11,Мастер-класс
VIS_04825,EV_0091,INST_007,2026-06-11,Мастер-класс
VIS_03223,EV_0091,INST_007,2026-06-11,Мастер-класс
VIS_00567,EV_0091,INST_007,2026-06-11,Мастер-класс
VIS_04946,EV_0091,INST_007,2026-06-11,Мастер-класс
VIS_02706,EV_0091,INST_007,2026-06-11,Мастер-класс
VIS_03269,EV_0091,INST_007,2026-06-11,Мастер-класс
VIS_01568,EV_0091,INST_007,2026-06-11,Мастер-класс
VIS_00065,EV_0091,INST_007,2026-06-11,Мастер-класс
VIS_00882,EV_0091,INST_007,2026-06-11,Мастер-класс
VIS_02804,EV_0091,INST_007,2026-06-11,Мастер-класс
VIS_04006,EV_0091,INST_007,2026-06-11,Мастер-класс
VIS_00448,EV_0091,INST_007,2026-06-11,Мастер-класс
VIS_02812,EV_0091,INST_007,2026-06-11,Мастер-класс
VIS_02644,EV_0091,INST_007,2026-06-11,Мастер-класс
VIS_04683,EV_0091,INST_007,2026-06-11,Мастер-класс
VIS_00476,EV_0091,INST_007,2026-06-11,Мастер-класс
VIS_01943,EV_0091,INST_007,2026-06-11,Мастер-класс
VIS_00767,EV_0091,INST_007,2026-06-11,Мастер-класс
VIS_04345,EV_0091,INST_007,2026-06-11,Мастер-класс
VIS_03561,EV_0091,INST_007,2026-06-11,Мастер-класс
VIS_03754,EV_0091,INST_007,2026-06-11,Мастер-класс
VIS_01877,EV_0091,INST_007,2026-06-11,Мастер-класс
VIS_03695,EV_0091,INST_007,2026-06-11,Мастер-класс
VIS_04179,EV_0091,INST_007,2026-06-11,Мастер-класс
VIS_02271,EV_0091,INST_007,2026-06-11,Мастер-класс
VIS_01938,EV_0091,INST_007,2026-06-11,Мастер-класс
VIS_01742,EV_0091,INST_007,2026-06-11,Мастер-класс
VIS_02103,EV_0091,INST_007,2026-06-11,Мастер-класс
VIS_03402,EV_0091,INST_007,2026-06-11,Мастер-класс
VIS_00030,EV_0091,INST_007,2026-06-11,Мастер-класс
VIS_01981,EV_0091,INST_007,2026-06-11,Мастер-класс
VIS_03407,EV_0112,INST_009,2026-06-11,Творческая встреча
VIS_01321,EV_0112,INST_009,2026-06-11,Творческая встреча
VIS_04878,EV_0112,INST_009,2026-06-11,Творческая встреча
VIS_02721,EV_0112,INST_009,2026-06-11,Творческая встреча
VIS_04458,EV_0112,INST_009,2026-06-11,Творческая встреча
VIS_04444,EV_0112,INST_009,2026-06-11,Творческая встреча
VIS_01292,EV_0112,INST_009,2026-06-11,Творческая встреча
VIS_01858,EV_0112,INST_009,2026-06-11,Творческая встреча
VIS_03509,EV_0112,INST_009,2026-06-11,Творческая встреча
VIS_03885,EV_0112,INST_009,2026-06-11,Творческая встреча
VIS_03780,EV_0112,INST_009,2026-06-11,Творческая встреча
VIS_00161,EV_0112,INST_009,2026-06-11,Творческая встреча
VIS_03254,EV_0112,INST_009,2026-06-11,Творческая встреча
VIS_02295,EV_0112,INST_009,2026-06-11,Творческая встреча
VIS_02539,EV_0112,INST_009,2026-06-11,Творческая встреча
VIS_01743,EV_0112,INST_009,2026-06-11,Творческая встреча
VIS_02170,EV_0112,INST_009,2026-06-11,Творческая встреча
VIS_03996,EV_0112,INST_009,2026-06-11,Творческая встреча
VIS_03671,EV_0112,INST_009,2026-06-11,Творческая встреча
VIS_03010,EV_0112,INST_009,2026-06-11,Творческая встреча
VIS_02885,EV_0112,INST_009,2026-06-11,Творческая встреча
VIS_02136,EV_0112,INST_009,2026-06-11,Творческая встреча
VIS_00448,EV_0112,INST_009,2026-06-11,Творческая встреча
VIS_04911,EV_0112,INST_009,2026-06-11,Творческая встреча
VIS_00014,EV_0112,INST_009,2026-06-11,Творческая встреча
VIS_03219,EV_0112,INST_009,2026-06-11,Творческая встреча
VIS_01498,EV_0112,INST_009,2026-06-11,Творческая встреча
VIS_01657,EV_0112,INST_009,2026-06-11,Творческая встреча
VIS_04897,EV_0112,INST_009,2026-06-11,Творческая встреча
VIS_00603,EV_0112,INST_009,2026-06-11,Творческая встреча
VIS_02559,EV_0112,INST_009,2026-06-11,Творческая встреча
VIS_03069,EV_0112,INST_009,2026-06-11,Творческая встреча
VIS_01508,EV_0112,INST_009,2026-06-11,Творческая встреча
VIS_02171,EV_0112,INST_009,2026-06-11,Творческая встреча
VIS_04166,EV_0112,INST_009,2026-06-11,Творческая встреча
VIS_01897,EV_0112,INST_009,2026-06-11,Творческая встреча
VIS_04975,EV_0112,INST_009,2026-06-11,Творческая встреча
VIS_02585,EV_0112,INST_009,2026-06-11,Творческая встреча
VIS_00623,EV_0112,INST_009,2026-06-11,Творческая встреча
VIS_03385,EV_0112,INST_009,2026-06-11,Творческая встреча
VIS_00060,EV_0112,INST_009,2026-06-11,Творческая встреча
VIS_02263,EV_0112,INST_009,2026-06-11,Творческая встреча
VIS_03259,EV_0112,INST_009,2026-06-11,Творческая встреча
VIS_00617,EV_0112,INST_009,2026-06-11,Творческая встреча
VIS_01348,EV_0112,INST_009,2026-06-11,Творческая встреча
VIS_02578,EV_0112,INST_009,2026-06-11,Творческая встреча
VIS_04030,EV_0112,INST_009,2026-06-11,Творческая встреча
VIS_02458,EV_0112,INST_009,2026-06-11,Творческая встреча
VIS_03392,EV_0112,INST_009,2026-06-11,Творческая встреча
VIS_01661,EV_0112,INST_009,2026-06-11,Творческая встреча
VIS_00579,EV_0112,INST_009,2026-06-11,Творческая встреча
VIS_00194,EV_0112,INST_009,2026-06-11,Творческая встреча
VIS_03466,EV_0112,INST_009,2026-06-11,Творческая встреча
VIS_03042,EV_0112,INST_009,2026-06-11,Творческая встреча
VIS_04742,EV_0112,INST_009,2026-06-11,Творческая встреча
VIS_00318,EV_0112,INST_009,2026-06-11,Творческая встреча
VIS_00562,EV_0112,INST_009,2026-06-11,Творческая встреча
VIS_00967,EV_0112,INST_009,2026-06-11,Творческая встреча
VIS_03893,EV_0112,INST_009,2026-06-11,Творческая встреча
VIS_00656,EV_0199,INST_017,2026-06-11,Лекция
VIS_00149,EV_0199,INST_017,2026-06-11,Лекция
VIS_00163,EV_0199,INST_017,2026-06-11,Лекция
VIS_03437,EV_0199,INST_017,2026-06-11,Лекция
VIS_01545,EV_0199,INST_017,2026-06-11,Лекция
VIS_00166,EV_0199,INST_017,2026-06-11,Лекция
VIS_03464,EV_0199,INST_017,2026-06-11,Лекция
VIS_04735,EV_0199,INST_017,2026-06-11,Лекция
VIS_01069,EV_0199,INST_017,2026-06-11,Лекция
VIS_02459,EV_0199,INST_017,2026-06-11,Лекция
VIS_00214,EV_0199,INST_017,2026-06-11,Лекция
VIS_03062,EV_0199,INST_017,2026-06-11,Лекция
VIS_01012,EV_0199,INST_017,2026-06-11,Лекция
VIS_01305,EV_0199,INST_017,2026-06-11,Лекция
VIS_04193,EV_0199,INST_017,2026-06-11,Лекция
VIS_03479,EV_0199,INST_017,2026-06-11,Лекция
VIS_02433,EV_0199,INST_017,2026-06-11,Лекция
VIS_04749,EV_0199,INST_017,2026-06-11,Лекция
VIS_04898,EV_0199,INST_017,2026-06-11,Лекция
VIS_04538,EV_0199,INST_017,2026-06-11,Лекция
VIS_00752,EV_0199,INST_017,2026-06-11,Лекция
VIS_03822,EV_0199,INST_017,2026-06-11,Лекция
VIS_01103,EV_0199,INST_017,2026-06-11,Лекция
VIS_03721,EV_0199,INST_017,2026-06-11,Лекция
VIS_02451,EV_0199,INST_017,2026-06-11,Лекция
VIS_03394,EV_0199,INST_017,2026-06-11,Лекция
VIS_01273,EV_0199,INST_017,2026-06-11,Лекция
VIS_01044,EV_0199,INST_017,2026-06-11,Лекция
VIS_00470,EV_0199,INST_017,2026-06-11,Лекция
VIS_04763,EV_0199,INST_017,2026-06-11,Лекция
VIS_03642,EV_0199,INST_017,2026-06-11,Лекция
VIS_02603,EV_0199,INST_017,2026-06-11,Лекция
VIS_03093,EV_0199,INST_017,2026-06-11,Лекция
VIS_02514,EV_0199,INST_017,2026-06-11,Лекция
VIS_01270,EV_0199,INST_017,2026-06-11,Лекция
VIS_04994,EV_0199,INST_017,2026-06-11,Лекция
VIS_01138,EV_0199,INST_017,2026-06-11,Лекция
VIS_03451,EV_0199,INST_017,2026-06-11,Лекция
VIS_01194,EV_0199,INST_017,2026-06-11,Лекция
VIS_04979,EV_0199,INST_017,2026-06-11,Лекция
VIS_03968,EV_0199,INST_017,2026-06-11,Лекция
VIS_02746,EV_0199,INST_017,2026-06-11,Лекция
VIS_04750,EV_0199,INST_017,2026-06-11,Лекция
VIS_03384,EV_0199,INST_017,2026-06-11,Лекция
VIS_02413,EV_0199,INST_017,2026-06-11,Лекция
VIS_00247,EV_0199,INST_017,2026-06-11,Лекция
VIS_04990,EV_0199,INST_017,2026-06-11,Лекция
VIS_04181,EV_0199,INST_017,2026-06-11,Лекция
VIS_04265,EV_0199,INST_017,2026-06-11,Лекция
VIS_00404,EV_0199,INST_017,2026-06-11,Лекция
VIS_00922,EV_0199,INST_017,2026-06-11,Лекция
VIS_00261,EV_0199,INST_017,2026-06-11,Лекция
VIS_02370,EV_0199,INST_017,2026-06-11,Лекция
VIS_03801,EV_0199,INST_017,2026-06-11,Лекция
VIS_04448,EV_0199,INST_017,2026-06-11,Лекция
VIS_04730,EV_0199,INST_017,2026-06-11,Лекция
VIS_01901,EV_0199,INST_017,2026-06-11,Лекция
VIS_04249,EV_0199,INST_017,2026-06-11,Лекция
VIS_02709,EV_0199,INST_017,2026-06-11,Лекция
VIS_03492,EV_0199,INST_017,2026-06-11,Лекция
VIS_00725,EV_0199,INST_017,2026-06-11,Лекция
VIS_02925,EV_0199,INST_017,2026-06-11,Лекция
VIS_03885,EV_0199,INST_017,2026-06-11,Лекция
VIS_04527,EV_0199,INST_017,2026-06-11,Лекция
VIS_01153,EV_0199,INST_017,2026-06-11,Лекция
VIS_03728,EV_0199,INST_017,2026-06-11,Лекция
VIS_04387,EV_0199,INST_017,2026-06-11,Лекция
VIS_04726,EV_0199,INST_017,2026-06-11,Лекция
VIS_03136,EV_0199,INST_017,2026-06-11,Лекция
VIS_03752,EV_0199,INST_017,2026-06-11,Лекция
VIS_04470,EV_0199,INST_017,2026-06-11,Лекция
VIS_03000,EV_0199,INST_017,2026-06-11,Лекция
VIS_03138,EV_0199,INST_017,2026-06-11,Лекция
VIS_00241,EV_0199,INST_017,2026-06-11,Лекция
VIS_04133,EV_0199,INST_017,2026-06-11,Лекция
VIS_01898,EV_0199,INST_017,2026-06-11,Лекция
VIS_01365,EV_0199,INST_017,2026-06-11,Лекция
VIS_03877,EV_0199,INST_017,2026-06-11,Лекция
VIS_00321,EV_0199,INST_017,2026-06-11,Лекция
VIS_01505,EV_0199,INST_017,2026-06-11,Лекция
VIS_02578,EV_0199,INST_017,2026-06-11,Лекция
VIS_00679,EV_0199,INST_017,2026-06-11,Лекция
VIS_00786,EV_0199,INST_017,2026-06-11,Лекция
VIS_01798,EV_0199,INST_017,2026-06-11,Лекция
VIS_00294,EV_0199,INST_017,2026-06-11,Лекция
VIS_03191,EV_0199,INST_017,2026-06-11,Лекция
VIS_02432,EV_0199,INST_017,2026-06-11,Лекция
VIS_00106,EV_0199,INST_017,2026-06-11,Лекция
VIS_02257,EV_0199,INST_017,2026-06-11,Лекция
VIS_04275,EV_0199,INST_017,2026-06-11,Лекция
VIS_04668,EV_0199,INST_017,2026-06-11,Лекция
VIS_01664,EV_0066,INST_006,2026-06-15,Выставка
VIS_01340,EV_0066,INST_006,2026-06-15,Выставка
VIS_01241,EV_0066,INST_006,2026-06-15,Выставка
VIS_01325,EV_0066,INST_006,2026-06-15,Выставка
VIS_02465,EV_0066,INST_006,2026-06-15,Выставка
VIS_00871,EV_0066,INST_006,2026-06-15,Выставка
VIS_04336,EV_0066,INST_006,2026-06-15,Выставка
VIS_02219,EV_0066,INST_006,2026-06-15,Выставка
VIS_01852,EV_0066,INST_006,2026-06-15,Выставка
VIS_03248,EV_0066,INST_006,2026-06-15,Выставка
VIS_00908,EV_0066,INST_006,2026-06-15,Выставка
VIS_01309,EV_0066,INST_006,2026-06-15,Выставка
VIS_00103,EV_0066,INST_006,2026-06-15,Выставка
VIS_00978,EV_0066,INST_006,2026-06-15,Выставка
VIS_02781,EV_0066,INST_006,2026-06-15,Выставка
VIS_02071,EV_0066,INST_006,2026-06-15,Выставка
VIS_04170,EV_0066,INST_006,2026-06-15,Выставка
VIS_03144,EV_0066,INST_006,2026-06-15,Выставка
VIS_02784,EV_0066,INST_006,2026-06-15,Выставка
VIS_00422,EV_0066,INST_006,2026-06-15,Выставка
VIS_02766,EV_0066,INST_006,2026-06-15,Выставка
VIS_03373,EV_0066,INST_006,2026-06-15,Выставка
VIS_03593,EV_0066,INST_006,2026-06-15,Выставка
VIS_00505,EV_0066,INST_006,2026-06-15,Выставка
VIS_01117,EV_0066,INST_006,2026-06-15,Выставка
VIS_02806,EV_0066,INST_006,2026-06-15,Выставка
VIS_01120,EV_0066,INST_006,2026-06-15,Выставка
VIS_03937,EV_0066,INST_006,2026-06-15,Выставка
VIS_04371,EV_0066,INST_006,2026-06-15,Выставка
VIS_02916,EV_0066,INST_006,2026-06-15,Выставка
VIS_04703,EV_0066,INST_006,2026-06-15,Выставка
VIS_04416,EV_0066,INST_006,2026-06-15,Выставка
VIS_03955,EV_0066,INST_006,2026-06-15,Выставка
VIS_00248,EV_0066,INST_006,2026-06-15,Выставка
VIS_03176,EV_0066,INST_006,2026-06-15,Выставка
VIS_04265,EV_0066,INST_006,2026-06-15,Выставка
VIS_02290,EV_0066,INST_006,2026-06-15,Выставка
VIS_01376,EV_0066,INST_006,2026-06-15,Выставка
VIS_01252,EV_0066,INST_006,2026-06-15,Выставка
VIS_03942,EV_0066,INST_006,2026-06-15,Выставка
VIS_04527,EV_0066,INST_006,2026-06-15,Выставка
VIS_02303,EV_0066,INST_006,2026-06-15,Выставка
VIS_01247,EV_0066,INST_006,2026-06-15,Выставка
VIS_04881,EV_0066,INST_006,2026-06-15,Выставка
VIS_03956,EV_0066,INST_006,2026-06-15,Выставка
VIS_02273,EV_0066,INST_006,2026-06-15,Выставка
VIS_03909,EV_0066,INST_006,2026-06-15,Выставка
VIS_02368,EV_0066,INST_006,2026-06-15,Выставка
VIS_04082,EV_0066,INST_006,2026-06-15,Выставка
VIS_01428,EV_0066,INST_006,2026-06-15,Выставка
VIS_02592,EV_0066,INST_006,2026-06-15,Выставка
VIS_04597,EV_0066,INST_006,2026-06-15,Выставка
VIS_01645,EV_0066,INST_006,2026-06-15,Выставка
VIS_01876,EV_0066,INST_006,2026-06-15,Выставка
VIS_00769,EV_0066,INST_006,2026-06-15,Выставка
VIS_03586,EV_0066,INST_006,2026-06-15,Выставка
VIS_03785,EV_0066,INST_006,2026-06-15,Выставка
VIS_02856,EV_0066,INST_006,2026-06-15,Выставка
VIS_01870,EV_0066,INST_006,2026-06-15,Выставка
VIS_02767,EV_0066,INST_006,2026-06-15,Выставка
VIS_00976,EV_0143,INST_012,2026-06-15,Выставка
VIS_02497,EV_0143,INST_012,2026-06-15,Выставка
VIS_00620,EV_0143,INST_012,2026-06-15,Выставка
VIS_01504,EV_0143,INST_012,2026-06-15,Выставка
VIS_00202,EV_0143,INST_012,2026-06-15,Выставка
VIS_03226,EV_0143,INST_012,2026-06-15,Выставка
VIS_01785,EV_0143,INST_012,2026-06-15,Выставка
VIS_01548,EV_0143,INST_012,2026-06-15,Выставка
VIS_00973,EV_0143,INST_012,2026-06-15,Выставка
VIS_03191,EV_0143,INST_012,2026-06-15,Выставка
VIS_00075,EV_0143,INST_012,2026-06-15,Выставка
VIS_04810,EV_0143,INST_012,2026-06-15,Выставка
VIS_02130,EV_0143,INST_012,2026-06-15,Выставка
VIS_04157,EV_0143,INST_012,2026-06-15,Выставка
VIS_00140,EV_0143,INST_012,2026-06-15,Выставка
VIS_00968,EV_0143,INST_012,2026-06-15,Выставка
VIS_04774,EV_0143,INST_012,2026-06-15,Выставка
VIS_01615,EV_0143,INST_012,2026-06-15,Выставка
VIS_03319,EV_0143,INST_012,2026-06-15,Выставка
VIS_03672,EV_0143,INST_012,2026-06-15,Выставка
VIS_01954,EV_0143,INST_012,2026-06-15,Выставка
VIS_01792,EV_0143,INST_012,2026-06-15,Выставка
VIS_02712,EV_0143,INST_012,2026-06-15,Выставка
VIS_00705,EV_0143,INST_012,2026-06-15,Выставка
VIS_01029,EV_0143,INST_012,2026-06-15,Выставка
VIS_02646,EV_0143,INST_012,2026-06-15,Выставка
VIS_04858,EV_0143,INST_012,2026-06-15,Выставка
VIS_03019,EV_0143,INST_012,2026-06-15,Выставка
VIS_04414,EV_0143,INST_012,2026-06-15,Выставка
VIS_02904,EV_0143,INST_012,2026-06-15,Выставка
VIS_00319,EV_0143,INST_012,2026-06-15,Выставка
VIS_01197,EV_0143,INST_012,2026-06-15,Выставка
VIS_04049,EV_0143,INST_012,2026-06-15,Выставка
VIS_02160,EV_0143,INST_012,2026-06-15,Выставка
VIS_00201,EV_0143,INST_012,2026-06-15,Выставка
VIS_02671,EV_0143,INST_012,2026-06-15,Выставка
VIS_02328,EV_0143,INST_012,2026-06-15,Выставка
VIS_04759,EV_0143,INST_012,2026-06-15,Выставка
VIS_00847,EV_0143,INST_012,2026-06-15,Выставка
VIS_01770,EV_0143,INST_012,2026-06-15,Выставка
VIS_01610,EV_0143,INST_012,2026-06-15,Выставка
VIS_01623,EV_0143,INST_012,2026-06-15,Выставка
VIS_04752,EV_0143,INST_012,2026-06-15,Выставка
VIS_01813,EV_0143,INST_012,2026-06-15,Выставка
VIS_04322,EV_0143,INST_012,2026-06-15,Выставка
VIS_02825,EV_0143,INST_012,2026-06-15,Выставка
VIS_04812,EV_0143,INST_012,2026-06-15,Выставка
VIS_02439,EV_0143,INST_012,2026-06-15,Выставка
VIS_04130,EV_0143,INST_012,2026-06-15,Выставка
VIS_01046,EV_0143,INST_012,2026-06-15,Выставка
VIS_00547,EV_0143,INST_012,2026-06-15,Выставка
VIS_00822,EV_0130,INST_011,2026-06-17,Мастер-класс
VIS_04265,EV_0130,INST_011,2026-06-17,Мастер-класс
VIS_00765,EV_0130,INST_011,2026-06-17,Мастер-класс
VIS_02352,EV_0130,INST_011,2026-06-17,Мастер-класс
VIS_03318,EV_0130,INST_011,2026-06-17,Мастер-класс
VIS_00802,EV_0130,INST_011,2026-06-17,Мастер-класс
VIS_02949,EV_0130,INST_011,2026-06-17,Мастер-класс
VIS_04399,EV_0130,INST_011,2026-06-17,Мастер-класс
VIS_01486,EV_0130,INST_011,2026-06-17,Мастер-класс
VIS_00921,EV_0130,INST_011,2026-06-17,Мастер-класс
VIS_02515,EV_0130,INST_011,2026-06-17,Мастер-класс
VIS_03058,EV_0130,INST_011,2026-06-17,Мастер-класс
VIS_00850,EV_0130,INST_011,2026-06-17,Мастер-класс
VIS_00023,EV_0130,INST_011,2026-06-17,Мастер-класс
VIS_03533,EV_0130,INST_011,2026-06-17,Мастер-класс
VIS_04337,EV_0130,INST_011,2026-06-17,Мастер-класс
VIS_04988,EV_0130,INST_011,2026-06-17,Мастер-класс
VIS_02662,EV_0130,INST_011,2026-06-17,Мастер-класс
VIS_01543,EV_0130,INST_011,2026-06-17,Мастер-класс
VIS_02925,EV_0130,INST_011,2026-06-17,Мастер-класс
VIS_02022,EV_0130,INST_011,2026-06-17,Мастер-класс
VIS_00034,EV_0130,INST_011,2026-06-17,Мастер-класс
VIS_01023,EV_0130,INST_011,2026-06-17,Мастер-класс
VIS_04544,EV_0130,INST_011,2026-06-17,Мастер-класс
VIS_03876,EV_0130,INST_011,2026-06-17,Мастер-класс
VIS_00243,EV_0130,INST_011,2026-06-17,Мастер-класс
VIS_00975,EV_0130,INST_011,2026-06-17,Мастер-класс
VIS_02707,EV_0130,INST_011,2026-06-17,Мастер-класс
VIS_02824,EV_0130,INST_011,2026-06-17,Мастер-класс
VIS_02879,EV_0130,INST_011,2026-06-17,Мастер-класс
VIS_00021,EV_0130,INST_011,2026-06-17,Мастер-класс
VIS_01845,EV_0130,INST_011,2026-06-17,Мастер-класс
VIS_02077,EV_0130,INST_011,2026-06-17,Мастер-класс
VIS_02256,EV_0130,INST_011,2026-06-17,Мастер-класс
VIS_01077,EV_0130,INST_011,2026-06-17,Мастер-класс
VIS_01884,EV_0130,INST_011,2026-06-17,Мастер-класс
VIS_03906,EV_0130,INST_011,2026-06-17,Мастер-класс
VIS_04836,EV_0130,INST_011,2026-06-17,Мастер-класс
VIS_00571,EV_0130,INST_011,2026-06-17,Мастер-класс
VIS_04754,EV_0130,INST_011,2026-06-17,Мастер-класс
VIS_03489,EV_0130,INST_011,2026-06-17,Мастер-класс
VIS_03563,EV_0130,INST_011,2026-06-17,Мастер-класс
VIS_03673,EV_0130,INST_011,2026-06-17,Мастер-класс
VIS_02154,EV_0130,INST_011,2026-06-17,Мастер-класс
VIS_02150,EV_0130,INST_011,2026-06-17,Мастер-класс
VIS_04621,EV_0165,INST_014,2026-06-19,Мастер-класс
VIS_02548,EV_0165,INST_014,2026-06-19,Мастер-класс
VIS_01502,EV_0165,INST_014,2026-06-19,Мастер-класс
VIS_04848,EV_0165,INST_014,2026-06-19,Мастер-класс
VIS_02088,EV_0165,INST_014,2026-06-19,Мастер-класс
VIS_03456,EV_0165,INST_014,2026-06-19,Мастер-класс
VIS_04420,EV_0165,INST_014,2026-06-19,Мастер-класс
VIS_02874,EV_0165,INST_014,2026-06-19,Мастер-класс
VIS_00028,EV_0165,INST_014,2026-06-19,Мастер-класс
VIS_04781,EV_0165,INST_014,2026-06-19,Мастер-класс
VIS_01208,EV_0165,INST_014,2026-06-19,Мастер-класс
VIS_00932,EV_0165,INST_014,2026-06-19,Мастер-класс
VIS_00406,EV_0165,INST_014,2026-06-19,Мастер-класс
VIS_00101,EV_0165,INST_014,2026-06-19,Мастер-класс
VIS_04440,EV_0165,INST_014,2026-06-19,Мастер-класс
VIS_01171,EV_0165,INST_014,2026-06-19,Мастер-класс
VIS_00580,EV_0165,INST_014,2026-06-19,Мастер-класс
VIS_02072,EV_0165,INST_014,2026-06-19,Мастер-класс
VIS_02237,EV_0165,INST_014,2026-06-19,Мастер-класс
VIS_03189,EV_0165,INST_014,2026-06-19,Мастер-класс
VIS_01265,EV_0165,INST_014,2026-06-19,Мастер-класс
VIS_03401,EV_0165,INST_014,2026-06-19,Мастер-класс
VIS_03575,EV_0165,INST_014,2026-06-19,Мастер-класс
VIS_01589,EV_0165,INST_014,2026-06-19,Мастер-класс
VIS_03849,EV_0165,INST_014,2026-06-19,Мастер-класс
VIS_01283,EV_0165,INST_014,2026-06-19,Мастер-класс
VIS_01398,EV_0165,INST_014,2026-06-19,Мастер-класс
VIS_02329,EV_0165,INST_014,2026-06-19,Мастер-класс
VIS_00874,EV_0165,INST_014,2026-06-19,Мастер-класс
VIS_00506,EV_0165,INST_014,2026-06-19,Мастер-класс
VIS_02867,EV_0165,INST_014,2026-06-19,Мастер-класс
VIS_04457,EV_0165,INST_014,2026-06-19,Мастер-класс
VIS_04659,EV_0165,INST_014,2026-06-19,Мастер-класс
VIS_02583,EV_0165,INST_014,2026-06-19,Мастер-класс
VIS_04113,EV_0165,INST_014,2026-06-19,Мастер-класс
VIS_03753,EV_0165,INST_014,2026-06-19,Мастер-класс
VIS_01814,EV_0165,INST_014,2026-06-19,Мастер-класс
VIS_00568,EV_0165,INST_014,2026-06-19,Мастер-класс
VIS_03058,EV_0165,INST_014,2026-06-19,Мастер-класс
VIS_00144,EV_0165,INST_014,2026-06-19,Мастер-класс
VIS_00674,EV_0165,INST_014,2026-06-19,Мастер-класс
VIS_01175,EV_0165,INST_014,2026-06-19,Мастер-класс
VIS_01932,EV_0165,INST_014,2026-06-19,Мастер-класс
VIS_01284,EV_0012,INST_001,2026-06-23,Творческая встреча
VIS_00640,EV_0012,INST_001,2026-06-23,Творческая встреча
VIS_00387,EV_0012,INST_001,2026-06-23,Творческая встреча
VIS_00258,EV_0012,INST_001,2026-06-23,Творческая встреча
VIS_02739,EV_0012,INST_001,2026-06-23,Творческая встреча
VIS_01306,EV_0012,INST_001,2026-06-23,Творческая встреча
VIS_00831,EV_0012,INST_001,2026-06-23,Творческая встреча
VIS_03577,EV_0012,INST_001,2026-06-23,Творческая встреча
VIS_00781,EV_0012,INST_001,2026-06-23,Творческая встреча
VIS_00849,EV_0012,INST_001,2026-06-23,Творческая встреча
VIS_04665,EV_0012,INST_001,2026-06-23,Творческая встреча
VIS_02581,EV_0012,INST_001,2026-06-23,Творческая встреча
VIS_00220,EV_0012,INST_001,2026-06-23,Творческая встреча
VIS_00622,EV_0012,INST_001,2026-06-23,Творческая встреча
VIS_04907,EV_0012,INST_001,2026-06-23,Творческая встреча
VIS_03699,EV_0012,INST_001,2026-06-23,Творческая встреча
VIS_03798,EV_0012,INST_001,2026-06-23,Творческая встреча
VIS_01769,EV_0012,INST_001,2026-06-23,Творческая встреча
VIS_01341,EV_0012,INST_001,2026-06-23,Творческая встреча
VIS_03776,EV_0012,INST_001,2026-06-23,Творческая встреча
VIS_01608,EV_0012,INST_001,2026-06-23,Творческая встреча
VIS_02387,EV_0012,INST_001,2026-06-23,Творческая встреча
VIS_04267,EV_0012,INST_001,2026-06-23,Творческая встреча
VIS_01807,EV_0012,INST_001,2026-06-23,Творческая встреча
VIS_04157,EV_0012,INST_001,2026-06-23,Творческая встреча
VIS_02932,EV_0012,INST_001,2026-06-23,Творческая встреча
VIS_03531,EV_0012,INST_001,2026-06-23,Творческая встреча
VIS_04414,EV_0012,INST_001,2026-06-23,Творческая встреча
VIS_01685,EV_0012,INST_001,2026-06-23,Творческая встреча
VIS_00184,EV_0012,INST_001,2026-06-23,Творческая встреча
VIS_00037,EV_0012,INST_001,2026-06-23,Творческая встреча
VIS_00494,EV_0012,INST_001,2026-06-23,Творческая встреча
VIS_00910,EV_0012,INST_001,2026-06-23,Творческая встреча
VIS_00893,EV_0012,INST_001,2026-06-23,Творческая встреча
VIS_04516,EV_0012,INST_001,2026-06-23,Творческая встреча
VIS_03814,EV_0012,INST_001,2026-06-23,Творческая встреча
VIS_00945,EV_0012,INST_001,2026-06-23,Творческая встреча
VIS_02375,EV_0012,INST_001,2026-06-23,Творческая встреча
VIS_01722,EV_0012,INST_001,2026-06-23,Творческая встреча
VIS_04124,EV_0012,INST_001,2026-06-23,Творческая встреча
VIS_03943,EV_0012,INST_001,2026-06-23,Творческая встреча
VIS_00462,EV_0012,INST_001,2026-06-23,Творческая встреча
VIS_04659,EV_0012,INST_001,2026-06-23,Творческая встреча
VIS_00891,EV_0012,INST_001,2026-06-23,Творческая встреча
VIS_00351,EV_0012,INST_001,2026-06-23,Творческая встреча
VIS_02689,EV_0012,INST_001,2026-06-23,Творческая встреча
VIS_01261,EV_0012,INST_001,2026-06-23,Творческая встреча
VIS_02120,EV_0012,INST_001,2026-06-23,Творческая встреча
VIS_00541,EV_0012,INST_001,2026-06-23,Творческая встреча
VIS_01364,EV_0012,INST_001,2026-06-23,Творческая встреча
VIS_02840,EV_0012,INST_001,2026-06-23,Творческая встреча
VIS_01474,EV_0012,INST_001,2026-06-23,Творческая встреча
VIS_03220,EV_0012,INST_001,2026-06-23,Творческая встреча
VIS_01286,EV_0012,INST_001,2026-06-23,Творческая встреча
VIS_04461,EV_0012,INST_001,2026-06-23,Творческая встреча
VIS_00901,EV_0012,INST_001,2026-06-23,Творческая встреча
VIS_02399,EV_0012,INST_001,2026-06-23,Творческая встреча
VIS_04989,EV_0012,INST_001,2026-06-23,Творческая встреча
VIS_01458,EV_0012,INST_001,2026-06-23,Творческая встреча
VIS_03801,EV_0012,INST_001,2026-06-23,Творческая встреча
VIS_04108,EV_0012,INST_001,2026-06-23,Творческая встреча
VIS_03834,EV_0012,INST_001,2026-06-23,Творческая встреча
VIS_02294,EV_0012,INST_001,2026-06-23,Творческая встреча
VIS_03319,EV_0012,INST_001,2026-06-23,Творческая встреча
VIS_01252,EV_0012,INST_001,2026-06-23,Творческая встреча
VIS_03467,EV_0012,INST_001,2026-06-23,Творческая встреча
VIS_00336,EV_0012,INST_001,2026-06-23,Творческая встреча
VIS_02795,EV_0012,INST_001,2026-06-23,Творческая встреча
VIS_01257,EV_0012,INST_001,2026-06-23,Творческая встреча
VIS_00167,EV_0012,INST_001,2026-06-23,Творческая встреча
VIS_01494,EV_0012,INST_001,2026-06-23,Творческая встреча
VIS_04692,EV_0012,INST_001,2026-06-23,Творческая встреча
VIS_01036,EV_0012,INST_001,2026-06-23,Творческая встреча
VIS_02850,EV_0012,INST_001,2026-06-23,Творческая встреча
VIS_02189,EV_0012,INST_001,2026-06-23,Творческая встреча
VIS_02056,EV_0012,INST_001,2026-06-23,Творческая встреча
VIS_03036,EV_0012,INST_001,2026-06-23,Творческая встреча
VIS_01822,EV_0012,INST_001,2026-06-23,Творческая встреча
VIS_01572,EV_0012,INST_001,2026-06-23,Творческая встреча
VIS_00239,EV_0012,INST_001,2026-06-23,Творческая встреча
VIS_00244,EV_0012,INST_001,2026-06-23,Творческая встреча
VIS_02816,EV_0012,INST_001,2026-06-23,Творческая встреча
VIS_03973,EV_0012,INST_001,2026-06-23,Творческая встреча
VIS_04561,EV_0012,INST_001,2026-06-23,Творческая встреча
VIS_04951,EV_0012,INST_001,2026-06-23,Творческая встреча
VIS_01104,EV_0012,INST_001,2026-06-23,Творческая встреча
VIS_02001,EV_0012,INST_001,2026-06-23,Творческая встреча
VIS_02045,EV_0012,INST_001,2026-06-23,Творческая встреча
VIS_01064,EV_0012,INST_001,2026-06-23,Творческая встреча
VIS_03573,EV_0012,INST_001,2026-06-23,Творческая встреча
VIS_02101,EV_0092,INST_007,2026-06-24,Мастер-класс
VIS_00885,EV_0092,INST_007,2026-06-24,Мастер-класс
VIS_00882,EV_0092,INST_007,2026-06-24,Мастер-класс
VIS_01769,EV_0092,INST_007,2026-06-24,Мастер-класс
VIS_04509,EV_0092,INST_007,2026-06-24,Мастер-класс
VIS_02226,EV_0092,INST_007,2026-06-24,Мастер-класс
VIS_01568,EV_0092,INST_007,2026-06-24,Мастер-класс
VIS_01401,EV_0092,INST_007,2026-06-24,Мастер-класс
VIS_04665,EV_0092,INST_007,2026-06-24,Мастер-класс
VIS_02270,EV_0092,INST_007,2026-06-24,Мастер-класс
VIS_03115,EV_0092,INST_007,2026-06-24,Мастер-класс
VIS_04290,EV_0092,INST_007,2026-06-24,Мастер-класс
VIS_02370,EV_0092,INST_007,2026-06-24,Мастер-класс
VIS_00245,EV_0092,INST_007,2026-06-24,Мастер-класс
VIS_00250,EV_0092,INST_007,2026-06-24,Мастер-класс
VIS_02444,EV_0092,INST_007,2026-06-24,Мастер-класс
VIS_01938,EV_0092,INST_007,2026-06-24,Мастер-класс
VIS_04057,EV_0092,INST_007,2026-06-24,Мастер-класс
VIS_02303,EV_0092,INST_007,2026-06-24,Мастер-класс
VIS_04302,EV_0092,INST_007,2026-06-24,Мастер-класс
VIS_04230,EV_0092,INST_007,2026-06-24,Мастер-класс
VIS_02804,EV_0092,INST_007,2026-06-24,Мастер-класс
VIS_01906,EV_0092,INST_007,2026-06-24,Мастер-класс
VIS_00178,EV_0092,INST_007,2026-06-24,Мастер-класс
VIS_02225,EV_0092,INST_007,2026-06-24,Мастер-класс
VIS_02919,EV_0092,INST_007,2026-06-24,Мастер-класс
VIS_03880,EV_0092,INST_007,2026-06-24,Мастер-класс
VIS_03549,EV_0092,INST_007,2026-06-24,Мастер-класс
VIS_00631,EV_0092,INST_007,2026-06-24,Мастер-класс
VIS_03436,EV_0092,INST_007,2026-06-24,Мастер-класс
VIS_04202,EV_0092,INST_007,2026-06-24,Мастер-класс
VIS_01321,EV_0092,INST_007,2026-06-24,Мастер-класс
VIS_04215,EV_0092,INST_007,2026-06-24,Мастер-класс
VIS_00793,EV_0092,INST_007,2026-06-24,Мастер-класс
VIS_03995,EV_0092,INST_007,2026-06-24,Мастер-класс
VIS_04633,EV_0092,INST_007,2026-06-24,Мастер-класс
VIS_04297,EV_0092,INST_007,2026-06-24,Мастер-класс
VIS_04285,EV_0092,INST_007,2026-06-24,Мастер-класс
VIS_01499,EV_0092,INST_007,2026-06-24,Мастер-класс
VIS_00874,EV_0092,INST_007,2026-06-24,Мастер-класс
VIS_04295,EV_0092,INST_007,2026-06-24,Мастер-класс
VIS_02924,EV_0092,INST_007,2026-06-24,Мастер-класс
VIS_03917,EV_0092,INST_007,2026-06-24,Мастер-класс
VIS_02052,EV_0092,INST_007,2026-06-24,Мастер-класс
VIS_03583,EV_0092,INST_007,2026-06-24,Мастер-класс
VIS_03367,EV_0092,INST_007,2026-06-24,Мастер-класс
VIS_03354,EV_0092,INST_007,2026-06-24,Мастер-класс
VIS_02733,EV_0092,INST_007,2026-06-24,Мастер-класс
VIS_01988,EV_0092,INST_007,2026-06-24,Мастер-класс
VIS_02683,EV_0092,INST_007,2026-06-24,Мастер-класс
VIS_03148,EV_0092,INST_007,2026-06-24,Мастер-класс
VIS_04133,EV_0092,INST_007,2026-06-24,Мастер-класс
VIS_02243,EV_0092,INST_007,2026-06-24,Мастер-класс
VIS_00965,EV_0092,INST_007,2026-06-24,Мастер-класс
VIS_01753,EV_0092,INST_007,2026-06-24,Мастер-класс
VIS_02827,EV_0092,INST_007,2026-06-24,Мастер-класс
VIS_03784,EV_0200,INST_017,2026-06-24,Мастер-класс
VIS_03270,EV_0200,INST_017,2026-06-24,Мастер-класс
VIS_01177,EV_0200,INST_017,2026-06-24,Мастер-класс
VIS_04949,EV_0200,INST_017,2026-06-24,Мастер-класс
VIS_03525,EV_0200,INST_017,2026-06-24,Мастер-класс
VIS_04900,EV_0200,INST_017,2026-06-24,Мастер-класс
VIS_00050,EV_0200,INST_017,2026-06-24,Мастер-класс
VIS_02412,EV_0200,INST_017,2026-06-24,Мастер-класс
VIS_03207,EV_0200,INST_017,2026-06-24,Мастер-класс
VIS_01138,EV_0200,INST_017,2026-06-24,Мастер-класс
VIS_04950,EV_0200,INST_017,2026-06-24,Мастер-класс
VIS_00786,EV_0200,INST_017,2026-06-24,Мастер-класс
VIS_04648,EV_0200,INST_017,2026-06-24,Мастер-класс
VIS_03642,EV_0200,INST_017,2026-06-24,Мастер-класс
VIS_01004,EV_0200,INST_017,2026-06-24,Мастер-класс
VIS_04095,EV_0200,INST_017,2026-06-24,Мастер-класс
VIS_04990,EV_0200,INST_017,2026-06-24,Мастер-класс
VIS_04181,EV_0200,INST_017,2026-06-24,Мастер-класс
VIS_01525,EV_0200,INST_017,2026-06-24,Мастер-класс
VIS_04903,EV_0200,INST_017,2026-06-24,Мастер-класс
VIS_04088,EV_0200,INST_017,2026-06-24,Мастер-класс
VIS_04694,EV_0200,INST_017,2026-06-24,Мастер-класс
VIS_03286,EV_0200,INST_017,2026-06-24,Мастер-класс
VIS_02717,EV_0200,INST_017,2026-06-24,Мастер-класс
VIS_01114,EV_0200,INST_017,2026-06-24,Мастер-класс
VIS_00918,EV_0200,INST_017,2026-06-24,Мастер-класс
VIS_02775,EV_0200,INST_017,2026-06-24,Мастер-класс
VIS_00379,EV_0200,INST_017,2026-06-24,Мастер-класс
VIS_03319,EV_0200,INST_017,2026-06-24,Мастер-класс
VIS_01704,EV_0200,INST_017,2026-06-24,Мастер-класс
VIS_03443,EV_0200,INST_017,2026-06-24,Мастер-класс
VIS_02504,EV_0200,INST_017,2026-06-24,Мастер-класс
VIS_03187,EV_0200,INST_017,2026-06-24,Мастер-класс
VIS_02204,EV_0200,INST_017,2026-06-24,Мастер-класс
VIS_02288,EV_0200,INST_017,2026-06-24,Мастер-класс
VIS_00602,EV_0200,INST_017,2026-06-24,Мастер-класс
VIS_02358,EV_0200,INST_017,2026-06-24,Мастер-класс
VIS_02711,EV_0200,INST_017,2026-06-24,Мастер-класс
VIS_00459,EV_0200,INST_017,2026-06-24,Мастер-класс
VIS_04959,EV_0200,INST_017,2026-06-24,Мастер-класс
VIS_01866,EV_0200,INST_017,2026-06-24,Мастер-класс
VIS_03559,EV_0200,INST_017,2026-06-24,Мастер-класс
VIS_03483,EV_0200,INST_017,2026-06-24,Мастер-класс
VIS_04495,EV_0200,INST_017,2026-06-24,Мастер-класс
VIS_01836,EV_0200,INST_017,2026-06-24,Мастер-класс
VIS_02482,EV_0200,INST_017,2026-06-24,Мастер-класс
VIS_00821,EV_0030,INST_002,2026-07-01,Лекция
VIS_02692,EV_0030,INST_002,2026-07-01,Лекция
VIS_00113,EV_0030,INST_002,2026-07-01,Лекция
VIS_04456,EV_0030,INST_002,2026-07-01,Лекция
VIS_00461,EV_0030,INST_002,2026-07-01,Лекция
VIS_03493,EV_0030,INST_002,2026-07-01,Лекция
VIS_01114,EV_0030,INST_002,2026-07-01,Лекция
VIS_00466,EV_0030,INST_002,2026-07-01,Лекция
VIS_03697,EV_0030,INST_002,2026-07-01,Лекция
VIS_02150,EV_0030,INST_002,2026-07-01,Лекция
VIS_04035,EV_0030,INST_002,2026-07-01,Лекция
VIS_02735,EV_0030,INST_002,2026-07-01,Лекция
VIS_02329,EV_0030,INST_002,2026-07-01,Лекция
VIS_02037,EV_0030,INST_002,2026-07-01,Лекция
VIS_01200,EV_0030,INST_002,2026-07-01,Лекция
VIS_01921,EV_0030,INST_002,2026-07-01,Лекция
VIS_02427,EV_0030,INST_002,2026-07-01,Лекция
VIS_00414,EV_0030,INST_002,2026-07-01,Лекция
VIS_00188,EV_0030,INST_002,2026-07-01,Лекция
VIS_00878,EV_0030,INST_002,2026-07-01,Лекция
VIS_03921,EV_0030,INST_002,2026-07-01,Лекция
VIS_03094,EV_0030,INST_002,2026-07-01,Лекция
VIS_04539,EV_0030,INST_002,2026-07-01,Лекция
VIS_03521,EV_0030,INST_002,2026-07-01,Лекция
VIS_01799,EV_0030,INST_002,2026-07-01,Лекция
VIS_02221,EV_0030,INST_002,2026-07-01,Лекция
VIS_02844,EV_0030,INST_002,2026-07-01,Лекция
VIS_03303,EV_0030,INST_002,2026-07-01,Лекция
VIS_03426,EV_0030,INST_002,2026-07-01,Лекция
VIS_01753,EV_0030,INST_002,2026-07-01,Лекция
VIS_03736,EV_0030,INST_002,2026-07-01,Лекция
VIS_02407,EV_0030,INST_002,2026-07-01,Лекция
VIS_03057,EV_0030,INST_002,2026-07-01,Лекция
VIS_00975,EV_0030,INST_002,2026-07-01,Лекция
VIS_02593,EV_0030,INST_002,2026-07-01,Лекция
VIS_04551,EV_0030,INST_002,2026-07-01,Лекция
VIS_04157,EV_0030,INST_002,2026-07-01,Лекция
VIS_03935,EV_0030,INST_002,2026-07-01,Лекция
VIS_03810,EV_0030,INST_002,2026-07-01,Лекция
VIS_04246,EV_0030,INST_002,2026-07-01,Лекция
VIS_01688,EV_0030,INST_002,2026-07-01,Лекция
VIS_04079,EV_0030,INST_002,2026-07-01,Лекция
VIS_04818,EV_0030,INST_002,2026-07-01,Лекция
VIS_04339,EV_0030,INST_002,2026-07-01,Лекция
VIS_01972,EV_0030,INST_002,2026-07-01,Лекция
VIS_04370,EV_0030,INST_002,2026-07-01,Лекция
VIS_01790,EV_0030,INST_002,2026-07-01,Лекция
VIS_00462,EV_0030,INST_002,2026-07-01,Лекция
VIS_00915,EV_0030,INST_002,2026-07-01,Лекция
VIS_01134,EV_0045,INST_004,2026-07-01,Творческая встреча
VIS_00047,EV_0045,INST_004,2026-07-01,Творческая встреча
VIS_00693,EV_0045,INST_004,2026-07-01,Творческая встреча
VIS_00629,EV_0045,INST_004,2026-07-01,Творческая встреча
VIS_00753,EV_0045,INST_004,2026-07-01,Творческая встреча
VIS_00192,EV_0045,INST_004,2026-07-01,Творческая встреча
VIS_04738,EV_0045,INST_004,2026-07-01,Творческая встреча
VIS_00043,EV_0045,INST_004,2026-07-01,Творческая встреча
VIS_01390,EV_0045,INST_004,2026-07-01,Творческая встреча
VIS_00341,EV_0045,INST_004,2026-07-01,Творческая встреча
VIS_03564,EV_0045,INST_004,2026-07-01,Творческая встреча
VIS_00443,EV_0045,INST_004,2026-07-01,Творческая встреча
VIS_00108,EV_0045,INST_004,2026-07-01,Творческая встреча
VIS_04713,EV_0045,INST_004,2026-07-01,Творческая встреча
VIS_03919,EV_0045,INST_004,2026-07-01,Творческая встреча
VIS_02853,EV_0045,INST_004,2026-07-01,Творческая встреча
VIS_02621,EV_0045,INST_004,2026-07-01,Творческая встреча
VIS_03597,EV_0045,INST_004,2026-07-01,Творческая встреча
VIS_01942,EV_0045,INST_004,2026-07-01,Творческая встреча
VIS_04561,EV_0045,INST_004,2026-07-01,Творческая встреча
VIS_03883,EV_0045,INST_004,2026-07-01,Творческая встреча
VIS_01404,EV_0045,INST_004,2026-07-01,Творческая встреча
VIS_01582,EV_0045,INST_004,2026-07-01,Творческая встреча
VIS_01128,EV_0045,INST_004,2026-07-01,Творческая встреча
VIS_04750,EV_0045,INST_004,2026-07-01,Творческая встреча
VIS_01304,EV_0045,INST_004,2026-07-01,Творческая встреча
VIS_04079,EV_0045,INST_004,2026-07-01,Творческая встреча
VIS_04004,EV_0045,INST_004,2026-07-01,Творческая встреча
VIS_02828,EV_0045,INST_004,2026-07-01,Творческая встреча
VIS_04685,EV_0045,INST_004,2026-07-01,Творческая встреча
VIS_01276,EV_0045,INST_004,2026-07-01,Творческая встреча
VIS_01744,EV_0045,INST_004,2026-07-01,Творческая встреча
VIS_01349,EV_0045,INST_004,2026-07-01,Творческая встреча
VIS_02496,EV_0045,INST_004,2026-07-01,Творческая встреча
VIS_03261,EV_0045,INST_004,2026-07-01,Творческая встреча
VIS_01814,EV_0045,INST_004,2026-07-01,Творческая встреча
VIS_04592,EV_0045,INST_004,2026-07-01,Творческая встреча
VIS_01783,EV_0045,INST_004,2026-07-01,Творческая встреча
VIS_02682,EV_0045,INST_004,2026-07-01,Творческая встреча
VIS_02963,EV_0045,INST_004,2026-07-01,Творческая встреча
VIS_00187,EV_0045,INST_004,2026-07-01,Творческая встреча
VIS_00008,EV_0045,INST_004,2026-07-01,Творческая встреча
VIS_02983,EV_0045,INST_004,2026-07-01,Творческая встреча
VIS_04503,EV_0045,INST_004,2026-07-01,Творческая встреча
VIS_03030,EV_0045,INST_004,2026-07-01,Творческая встреча
VIS_01555,EV_0045,INST_004,2026-07-01,Творческая встреча
VIS_02348,EV_0045,INST_004,2026-07-01,Творческая встреча
VIS_03111,EV_0045,INST_004,2026-07-01,Творческая встреча
VIS_02083,EV_0045,INST_004,2026-07-01,Творческая встреча
VIS_01849,EV_0045,INST_004,2026-07-01,Творческая встреча
VIS_04518,EV_0045,INST_004,2026-07-01,Творческая встреча
VIS_01621,EV_0045,INST_004,2026-07-01,Творческая встреча
VIS_02774,EV_0045,INST_004,2026-07-01,Творческая встреча
VIS_01794,EV_0045,INST_004,2026-07-01,Творческая встреча
VIS_02330,EV_0045,INST_004,2026-07-01,Творческая встреча
VIS_00340,EV_0045,INST_004,2026-07-01,Творческая встреча
VIS_00017,EV_0045,INST_004,2026-07-01,Творческая встреча
VIS_01024,EV_0045,INST_004,2026-07-01,Творческая встреча
VIS_03861,EV_0045,INST_004,2026-07-01,Творческая встреча
VIS_03429,EV_0045,INST_004,2026-07-01,Творческая встреча
VIS_01411,EV_0045,INST_004,2026-07-01,Творческая встреча
VIS_04180,EV_0045,INST_004,2026-07-01,Творческая встреча
VIS_03739,EV_0045,INST_004,2026-07-01,Творческая встреча
VIS_02720,EV_0045,INST_004,2026-07-01,Творческая встреча
VIS_02599,EV_0045,INST_004,2026-07-01,Творческая встреча
VIS_02937,EV_0045,INST_004,2026-07-01,Творческая встреча
VIS_02923,EV_0045,INST_004,2026-07-01,Творческая встреча
VIS_00792,EV_0045,INST_004,2026-07-01,Творческая встреча
VIS_02080,EV_0045,INST_004,2026-07-01,Творческая встреча
VIS_00034,EV_0045,INST_004,2026-07-01,Творческая встреча
VIS_01142,EV_0045,INST_004,2026-07-01,Творческая встреча
VIS_04643,EV_0045,INST_004,2026-07-01,Творческая встреча
VIS_04587,EV_0045,INST_004,2026-07-01,Творческая встреча
VIS_03712,EV_0045,INST_004,2026-07-01,Творческая встреча
VIS_00714,EV_0045,INST_004,2026-07-01,Творческая встреча
VIS_03865,EV_0045,INST_004,2026-07-01,Творческая встреча
VIS_02199,EV_0045,INST_004,2026-07-01,Творческая встреча
VIS_04201,EV_0045,INST_004,2026-07-01,Творческая встреча
VIS_01809,EV_0045,INST_004,2026-07-01,Творческая встреча
VIS_04990,EV_0045,INST_004,2026-07-01,Творческая встреча
VIS_01958,EV_0045,INST_004,2026-07-01,Творческая встреча
VIS_00381,EV_0045,INST_004,2026-07-01,Творческая встреча
VIS_04829,EV_0045,INST_004,2026-07-01,Творческая встреча
VIS_03838,EV_0045,INST_004,2026-07-01,Творческая встреча
VIS_01530,EV_0045,INST_004,2026-07-01,Творческая встреча
VIS_04367,EV_0045,INST_004,2026-07-01,Творческая встреча
VIS_04360,EV_0045,INST_004,2026-07-01,Творческая встреча
VIS_02332,EV_0045,INST_004,2026-07-01,Творческая встреча
VIS_01890,EV_0052,INST_005,2026-07-01,Выставка
VIS_03756,EV_0052,INST_005,2026-07-01,Выставка
VIS_01308,EV_0052,INST_005,2026-07-01,Выставка
VIS_00521,EV_0052,INST_005,2026-07-01,Выставка
VIS_03147,EV_0052,INST_005,2026-07-01,Выставка
VIS_03516,EV_0052,INST_005,2026-07-01,Выставка
VIS_04250,EV_0052,INST_005,2026-07-01,Выставка
VIS_01267,EV_0052,INST_005,2026-07-01,Выставка
VIS_01662,EV_0052,INST_005,2026-07-01,Выставка
VIS_01801,EV_0052,INST_005,2026-07-01,Выставка
VIS_02171,EV_0052,INST_005,2026-07-01,Выставка
VIS_00010,EV_0052,INST_005,2026-07-01,Выставка
VIS_04012,EV_0052,INST_005,2026-07-01,Выставка
VIS_04450,EV_0052,INST_005,2026-07-01,Выставка
VIS_00512,EV_0052,INST_005,2026-07-01,Выставка
VIS_01533,EV_0052,INST_005,2026-07-01,Выставка
VIS_04753,EV_0052,INST_005,2026-07-01,Выставка
VIS_03230,EV_0052,INST_005,2026-07-01,Выставка
VIS_00067,EV_0052,INST_005,2026-07-01,Выставка
VIS_02850,EV_0052,INST_005,2026-07-01,Выставка
VIS_04599,EV_0052,INST_005,2026-07-01,Выставка
VIS_00004,EV_0052,INST_005,2026-07-01,Выставка
VIS_01287,EV_0052,INST_005,2026-07-01,Выставка
VIS_04180,EV_0052,INST_005,2026-07-01,Выставка
VIS_03710,EV_0052,INST_005,2026-07-01,Выставка
VIS_02691,EV_0052,INST_005,2026-07-01,Выставка
VIS_01808,EV_0052,INST_005,2026-07-01,Выставка
VIS_01967,EV_0052,INST_005,2026-07-01,Выставка
VIS_02552,EV_0052,INST_005,2026-07-01,Выставка
VIS_02820,EV_0052,INST_005,2026-07-01,Выставка
VIS_03844,EV_0052,INST_005,2026-07-01,Выставка
VIS_04717,EV_0052,INST_005,2026-07-01,Выставка
VIS_01289,EV_0052,INST_005,2026-07-01,Выставка
VIS_03739,EV_0052,INST_005,2026-07-01,Выставка
VIS_01348,EV_0052,INST_005,2026-07-01,Выставка
VIS_04391,EV_0052,INST_005,2026-07-01,Выставка
VIS_03811,EV_0052,INST_005,2026-07-01,Выставка
VIS_04958,EV_0052,INST_005,2026-07-01,Выставка
VIS_03136,EV_0052,INST_005,2026-07-01,Выставка
VIS_04832,EV_0067,INST_006,2026-07-01,Мастер-класс
VIS_03778,EV_0067,INST_006,2026-07-01,Мастер-класс
VIS_01894,EV_0067,INST_006,2026-07-01,Мастер-класс
VIS_02781,EV_0067,INST_006,2026-07-01,Мастер-класс
VIS_02170,EV_0067,INST_006,2026-07-01,Мастер-класс
VIS_00013,EV_0067,INST_006,2026-07-01,Мастер-класс
VIS_03520,EV_0067,INST_006,2026-07-01,Мастер-класс
VIS_00686,EV_0067,INST_006,2026-07-01,Мастер-класс
VIS_00706,EV_0067,INST_006,2026-07-01,Мастер-класс
VIS_02766,EV_0067,INST_006,2026-07-01,Мастер-класс
VIS_02391,EV_0067,INST_006,2026-07-01,Мастер-класс
VIS_03011,EV_0067,INST_006,2026-07-01,Мастер-класс
VIS_02772,EV_0067,INST_006,2026-07-01,Мастер-класс
VIS_01241,EV_0067,INST_006,2026-07-01,Мастер-класс
VIS_03363,EV_0067,INST_006,2026-07-01,Мастер-класс
VIS_00200,EV_0067,INST_006,2026-07-01,Мастер-класс
VIS_01278,EV_0067,INST_006,2026-07-01,Мастер-класс
VIS_01997,EV_0067,INST_006,2026-07-01,Мастер-класс
VIS_01270,EV_0067,INST_006,2026-07-01,Мастер-класс
VIS_02452,EV_0067,INST_006,2026-07-01,Мастер-класс
VIS_04451,EV_0067,INST_006,2026-07-01,Мастер-класс
VIS_02506,EV_0067,INST_006,2026-07-01,Мастер-класс
VIS_00572,EV_0067,INST_006,2026-07-01,Мастер-класс
VIS_00903,EV_0067,INST_006,2026-07-01,Мастер-класс
VIS_02373,EV_0067,INST_006,2026-07-01,Мастер-класс
VIS_04956,EV_0067,INST_006,2026-07-01,Мастер-класс
VIS_00722,EV_0067,INST_006,2026-07-01,Мастер-класс
VIS_01763,EV_0067,INST_006,2026-07-01,Мастер-класс
VIS_01361,EV_0067,INST_006,2026-07-01,Мастер-класс
VIS_00714,EV_0067,INST_006,2026-07-01,Мастер-класс
VIS_00755,EV_0067,INST_006,2026-07-01,Мастер-класс
VIS_00236,EV_0067,INST_006,2026-07-01,Мастер-класс
VIS_03228,EV_0067,INST_006,2026-07-01,Мастер-класс
VIS_03433,EV_0067,INST_006,2026-07-01,Мастер-класс
VIS_03229,EV_0067,INST_006,2026-07-01,Мастер-класс
VIS_04909,EV_0067,INST_006,2026-07-01,Мастер-класс
VIS_00044,EV_0067,INST_006,2026-07-01,Мастер-класс
VIS_01034,EV_0067,INST_006,2026-07-01,Мастер-класс
VIS_03567,EV_0067,INST_006,2026-07-01,Мастер-класс
VIS_04874,EV_0067,INST_006,2026-07-01,Мастер-класс
VIS_02222,EV_0067,INST_006,2026-07-01,Мастер-класс
VIS_02382,EV_0067,INST_006,2026-07-01,Мастер-класс
VIS_02752,EV_0067,INST_006,2026-07-01,Мастер-класс
VIS_03065,EV_0067,INST_006,2026-07-01,Мастер-класс
VIS_00314,EV_0067,INST_006,2026-07-01,Мастер-класс
VIS_03698,EV_0067,INST_006,2026-07-01,Мастер-класс
VIS_01280,EV_0166,INST_014,2026-07-01,Творческая встреча
VIS_00090,EV_0166,INST_014,2026-07-01,Творческая встреча
VIS_04080,EV_0166,INST_014,2026-07-01,Творческая встреча
VIS_03299,EV_0166,INST_014,2026-07-01,Творческая встреча
VIS_01246,EV_0166,INST_014,2026-07-01,Творческая встреча
VIS_02532,EV_0166,INST_014,2026-07-01,Творческая встреча
VIS_04621,EV_0166,INST_014,2026-07-01,Творческая встреча
VIS_02112,EV_0166,INST_014,2026-07-01,Творческая встреча
VIS_03334,EV_0166,INST_014,2026-07-01,Творческая встреча
VIS_00443,EV_0166,INST_014,2026-07-01,Творческая встреча
VIS_02531,EV_0166,INST_014,2026-07-01,Творческая встреча
VIS_03328,EV_0166,INST_014,2026-07-01,Творческая встреча
VIS_02931,EV_0166,INST_014,2026-07-01,Творческая встреча
VIS_01958,EV_0166,INST_014,2026-07-01,Творческая встреча
VIS_03678,EV_0166,INST_014,2026-07-01,Творческая встреча
VIS_02129,EV_0166,INST_014,2026-07-01,Творческая встреча
VIS_00156,EV_0166,INST_014,2026-07-01,Творческая встреча
VIS_03458,EV_0166,INST_014,2026-07-01,Творческая встреча
VIS_02798,EV_0166,INST_014,2026-07-01,Творческая встреча
VIS_03497,EV_0166,INST_014,2026-07-01,Творческая встреча
VIS_04219,EV_0166,INST_014,2026-07-01,Творческая встреча
VIS_00842,EV_0166,INST_014,2026-07-01,Творческая встреча
VIS_01485,EV_0166,INST_014,2026-07-01,Творческая встреча
VIS_00466,EV_0166,INST_014,2026-07-01,Творческая встреча
VIS_04719,EV_0166,INST_014,2026-07-01,Творческая встреча
VIS_00644,EV_0166,INST_014,2026-07-01,Творческая встреча
VIS_00561,EV_0166,INST_014,2026-07-01,Творческая встреча
VIS_01404,EV_0166,INST_014,2026-07-01,Творческая встреча
VIS_04874,EV_0166,INST_014,2026-07-01,Творческая встреча
VIS_04659,EV_0166,INST_014,2026-07-01,Творческая встреча
VIS_02237,EV_0166,INST_014,2026-07-01,Творческая встреча
VIS_04721,EV_0166,INST_014,2026-07-01,Творческая встреча
VIS_01420,EV_0166,INST_014,2026-07-01,Творческая встреча
VIS_00152,EV_0166,INST_014,2026-07-01,Творческая встреча
VIS_00414,EV_0166,INST_014,2026-07-01,Творческая встреча
VIS_04819,EV_0166,INST_014,2026-07-01,Творческая встреча
VIS_00042,EV_0166,INST_014,2026-07-01,Творческая встреча
VIS_01379,EV_0166,INST_014,2026-07-01,Творческая встреча
VIS_03666,EV_0166,INST_014,2026-07-01,Творческая встреча
VIS_01207,EV_0166,INST_014,2026-07-01,Творческая встреча
VIS_02224,EV_0166,INST_014,2026-07-01,Творческая встреча
VIS_03135,EV_0166,INST_014,2026-07-01,Творческая встреча
VIS_00223,EV_0166,INST_014,2026-07-01,Творческая встреча
VIS_01669,EV_0166,INST_014,2026-07-01,Творческая встреча
VIS_03122,EV_0166,INST_014,2026-07-01,Творческая встреча
VIS_02173,EV_0166,INST_014,2026-07-01,Творческая встреча
VIS_02560,EV_0166,INST_014,2026-07-01,Творческая встреча
VIS_01167,EV_0166,INST_014,2026-07-01,Творческая встреча
VIS_01269,EV_0166,INST_014,2026-07-01,Творческая встреча
VIS_01081,EV_0166,INST_014,2026-07-01,Творческая встреча
VIS_00610,EV_0166,INST_014,2026-07-01,Творческая встреча
VIS_02783,EV_0166,INST_014,2026-07-01,Творческая встреча
VIS_04022,EV_0166,INST_014,2026-07-01,Творческая встреча
VIS_00931,EV_0166,INST_014,2026-07-01,Творческая встреча
VIS_01964,EV_0166,INST_014,2026-07-01,Творческая встреча
VIS_04614,EV_0166,INST_014,2026-07-01,Творческая встреча
VIS_01861,EV_0166,INST_014,2026-07-01,Творческая встреча
VIS_02590,EV_0166,INST_014,2026-07-01,Творческая встреча
VIS_03065,EV_0166,INST_014,2026-07-01,Творческая встреча
VIS_02142,EV_0166,INST_014,2026-07-01,Творческая встреча
VIS_03782,EV_0166,INST_014,2026-07-01,Творческая встреча
VIS_01109,EV_0166,INST_014,2026-07-01,Творческая встреча
VIS_00503,EV_0166,INST_014,2026-07-01,Творческая встреча
VIS_01025,EV_0166,INST_014,2026-07-01,Творческая встреча
VIS_04188,EV_0166,INST_014,2026-07-01,Творческая встреча
VIS_03999,EV_0166,INST_014,2026-07-01,Творческая встреча
VIS_00041,EV_0166,INST_014,2026-07-01,Творческая встреча
VIS_00552,EV_0166,INST_014,2026-07-01,Творческая встреча
VIS_03329,EV_0166,INST_014,2026-07-01,Творческая встреча
VIS_04611,EV_0166,INST_014,2026-07-01,Творческая встреча
VIS_04180,EV_0166,INST_014,2026-07-01,Творческая встреча
VIS_02116,EV_0166,INST_014,2026-07-01,Творческая встреча
VIS_02435,EV_0166,INST_014,2026-07-01,Творческая встреча
VIS_00569,EV_0166,INST_014,2026-07-01,Творческая встреча
VIS_03820,EV_0166,INST_014,2026-07-01,Творческая встреча
VIS_04241,EV_0166,INST_014,2026-07-01,Творческая встреча
VIS_00686,EV_0166,INST_014,2026-07-01,Творческая встреча
VIS_01818,EV_0166,INST_014,2026-07-01,Творческая встреча
VIS_01204,EV_0166,INST_014,2026-07-01,Творческая встреча
VIS_01800,EV_0166,INST_014,2026-07-01,Творческая встреча
VIS_02172,EV_0166,INST_014,2026-07-01,Творческая встреча
VIS_02016,EV_0166,INST_014,2026-07-01,Творческая встреча
VIS_01587,EV_0166,INST_014,2026-07-01,Творческая встреча
VIS_04751,EV_0166,INST_014,2026-07-01,Творческая встреча
VIS_03966,EV_0166,INST_014,2026-07-01,Творческая встреча
VIS_03517,EV_0166,INST_014,2026-07-01,Творческая встреча
VIS_00524,EV_0166,INST_014,2026-07-01,Творческая встреча
VIS_03947,EV_0166,INST_014,2026-07-01,Творческая встреча
VIS_04320,EV_0166,INST_014,2026-07-01,Творческая встреча
VIS_03723,EV_0166,INST_014,2026-07-01,Творческая встреча
VIS_04442,EV_0166,INST_014,2026-07-01,Творческая встреча
VIS_02080,EV_0166,INST_014,2026-07-01,Творческая встреча
VIS_01295,EV_0166,INST_014,2026-07-01,Творческая встреча
VIS_02194,EV_0166,INST_014,2026-07-01,Творческая встреча
VIS_03572,EV_0166,INST_014,2026-07-01,Творческая встреча
VIS_02576,EV_0166,INST_014,2026-07-01,Творческая встреча
VIS_00632,EV_0183,INST_015,2026-07-01,Концерт
VIS_04165,EV_0183,INST_015,2026-07-01,Концерт
VIS_04099,EV_0183,INST_015,2026-07-01,Концерт
VIS_00394,EV_0183,INST_015,2026-07-01,Концерт
VIS_00302,EV_0183,INST_015,2026-07-01,Концерт
VIS_04424,EV_0183,INST_015,2026-07-01,Концерт
VIS_02249,EV_0183,INST_015,2026-07-01,Концерт
VIS_04610,EV_0183,INST_015,2026-07-01,Концерт
VIS_02597,EV_0183,INST_015,2026-07-01,Концерт
VIS_02088,EV_0183,INST_015,2026-07-01,Концерт
VIS_02443,EV_0183,INST_015,2026-07-01,Концерт
VIS_03154,EV_0183,INST_015,2026-07-01,Концерт
VIS_03135,EV_0183,INST_015,2026-07-01,Концерт
VIS_04863,EV_0183,INST_015,2026-07-01,Концерт
VIS_01677,EV_0183,INST_015,2026-07-01,Концерт
VIS_04742,EV_0183,INST_015,2026-07-01,Концерт
VIS_04299,EV_0183,INST_015,2026-07-01,Концерт
VIS_01992,EV_0183,INST_015,2026-07-01,Концерт
VIS_04923,EV_0183,INST_015,2026-07-01,Концерт
VIS_04472,EV_0183,INST_015,2026-07-01,Концерт
VIS_04597,EV_0183,INST_015,2026-07-01,Концерт
VIS_01935,EV_0183,INST_015,2026-07-01,Концерт
VIS_03790,EV_0183,INST_015,2026-07-01,Концерт
VIS_00184,EV_0183,INST_015,2026-07-01,Концерт
VIS_03945,EV_0183,INST_015,2026-07-01,Концерт
VIS_03279,EV_0183,INST_015,2026-07-01,Концерт
VIS_02935,EV_0183,INST_015,2026-07-01,Концерт
VIS_02901,EV_0183,INST_015,2026-07-01,Концерт
VIS_02972,EV_0183,INST_015,2026-07-01,Концерт
VIS_00775,EV_0183,INST_015,2026-07-01,Концерт
VIS_00469,EV_0183,INST_015,2026-07-01,Концерт
VIS_02000,EV_0183,INST_015,2026-07-01,Концерт
VIS_04302,EV_0183,INST_015,2026-07-01,Концерт
VIS_04447,EV_0183,INST_015,2026-07-01,Концерт
VIS_00236,EV_0183,INST_015,2026-07-01,Концерт
VIS_00197,EV_0183,INST_015,2026-07-01,Концерт
VIS_00740,EV_0183,INST_015,2026-07-01,Концерт
VIS_02499,EV_0183,INST_015,2026-07-01,Концерт
VIS_01250,EV_0183,INST_015,2026-07-01,Концерт
VIS_03337,EV_0183,INST_015,2026-07-01,Концерт
VIS_01502,EV_0183,INST_015,2026-07-01,Концерт
VIS_04312,EV_0183,INST_015,2026-07-01,Концерт
VIS_01188,EV_0183,INST_015,2026-07-01,Концерт
VIS_02751,EV_0183,INST_015,2026-07-01,Концерт
VIS_03550,EV_0183,INST_015,2026-07-01,Концерт
VIS_01981,EV_0183,INST_015,2026-07-01,Концерт
VIS_03398,EV_0183,INST_015,2026-07-01,Концерт
VIS_04192,EV_0183,INST_015,2026-07-01,Концерт
VIS_03088,EV_0183,INST_015,2026-07-01,Концерт
VIS_04749,EV_0183,INST_015,2026-07-01,Концерт
VIS_00520,EV_0183,INST_015,2026-07-01,Концерт
VIS_04861,EV_0183,INST_015,2026-07-01,Концерт
VIS_04824,EV_0183,INST_015,2026-07-01,Концерт
VIS_01826,EV_0183,INST_015,2026-07-01,Концерт
VIS_03920,EV_0183,INST_015,2026-07-01,Концерт
VIS_02705,EV_0183,INST_015,2026-07-01,Концерт
VIS_01314,EV_0183,INST_015,2026-07-01,Концерт
VIS_04669,EV_0183,INST_015,2026-07-01,Концерт
VIS_02712,EV_0183,INST_015,2026-07-01,Концерт
VIS_02536,EV_0183,INST_015,2026-07-01,Концерт
VIS_04865,EV_0183,INST_015,2026-07-01,Концерт
VIS_03879,EV_0183,INST_015,2026-07-01,Концерт
VIS_04859,EV_0183,INST_015,2026-07-01,Концерт
VIS_04573,EV_0183,INST_015,2026-07-01,Концерт
VIS_00769,EV_0183,INST_015,2026-07-01,Концерт
VIS_03137,EV_0183,INST_015,2026-07-01,Концерт
VIS_02137,EV_0183,INST_015,2026-07-01,Концерт
VIS_04282,EV_0183,INST_015,2026-07-01,Концерт
VIS_00720,EV_0183,INST_015,2026-07-01,Концерт
VIS_01449,EV_0183,INST_015,2026-07-01,Концерт
VIS_01670,EV_0183,INST_015,2026-07-01,Концерт
VIS_01448,EV_0183,INST_015,2026-07-01,Концерт
VIS_00194,EV_0183,INST_015,2026-07-01,Концерт
VIS_01196,EV_0183,INST_015,2026-07-01,Концерт
VIS_02053,EV_0183,INST_015,2026-07-01,Концерт
VIS_00885,EV_0183,INST_015,2026-07-01,Концерт
VIS_04375,EV_0183,INST_015,2026-07-01,Концерт
VIS_03708,EV_0183,INST_015,2026-07-01,Концерт
VIS_04702,EV_0183,INST_015,2026-07-01,Концерт
VIS_03410,EV_0183,INST_015,2026-07-01,Концерт
VIS_00097,EV_0183,INST_015,2026-07-01,Концерт
VIS_00585,EV_0183,INST_015,2026-07-01,Концерт
VIS_03138,EV_0183,INST_015,2026-07-01,Концерт
VIS_02384,EV_0183,INST_015,2026-07-01,Концерт
VIS_00112,EV_0183,INST_015,2026-07-01,Концерт
VIS_00375,EV_0183,INST_015,2026-07-01,Концерт
VIS_04764,EV_0183,INST_015,2026-07-01,Концерт
VIS_03841,EV_0183,INST_015,2026-07-01,Концерт
VIS_03500,EV_0183,INST_015,2026-07-01,Концерт
VIS_01513,EV_0183,INST_015,2026-07-01,Концерт
VIS_04108,EV_0183,INST_015,2026-07-01,Концерт
VIS_04986,EV_0183,INST_015,2026-07-01,Концерт
VIS_02411,EV_0183,INST_015,2026-07-01,Концерт
VIS_01742,EV_0183,INST_015,2026-07-01,Концерт
VIS_04623,EV_0183,INST_015,2026-07-01,Концерт
VIS_03676,EV_0183,INST_015,2026-07-01,Концерт
VIS_00664,EV_0183,INST_015,2026-07-01,Концерт
VIS_01366,EV_0183,INST_015,2026-07-01,Концерт
VIS_04720,EV_0183,INST_015,2026-07-01,Концерт
VIS_04885,EV_0183,INST_015,2026-07-01,Концерт
VIS_03539,EV_0183,INST_015,2026-07-01,Концерт
VIS_00069,EV_0183,INST_015,2026-07-01,Концерт
VIS_01554,EV_0183,INST_015,2026-07-01,Концерт
VIS_02647,EV_0183,INST_015,2026-07-01,Концерт
VIS_02085,EV_0183,INST_015,2026-07-01,Концерт
VIS_00315,EV_0183,INST_015,2026-07-01,Концерт
VIS_01430,EV_0183,INST_015,2026-07-01,Концерт
VIS_03440,EV_0183,INST_015,2026-07-01,Концерт
VIS_03944,EV_0183,INST_015,2026-07-01,Концерт
VIS_02642,EV_0183,INST_015,2026-07-01,Концерт
VIS_02047,EV_0183,INST_015,2026-07-01,Концерт
VIS_01509,EV_0183,INST_015,2026-07-01,Концерт
VIS_01769,EV_0183,INST_015,2026-07-01,Концерт
VIS_04763,EV_0183,INST_015,2026-07-01,Концерт
VIS_01617,EV_0183,INST_015,2026-07-01,Концерт
VIS_01034,EV_0183,INST_015,2026-07-01,Концерт
VIS_04427,EV_0183,INST_015,2026-07-01,Концерт
VIS_00732,EV_0183,INST_015,2026-07-01,Концерт
VIS_00844,EV_0183,INST_015,2026-07-01,Концерт
VIS_02966,EV_0183,INST_015,2026-07-01,Концерт
VIS_00057,EV_0183,INST_015,2026-07-01,Концерт
VIS_01528,EV_0183,INST_015,2026-07-01,Концерт
VIS_01941,EV_0183,INST_015,2026-07-01,Концерт
VIS_03955,EV_0183,INST_015,2026-07-01,Концерт
VIS_01547,EV_0183,INST_015,2026-07-01,Концерт
VIS_02619,EV_0183,INST_015,2026-07-01,Концерт
VIS_02833,EV_0183,INST_015,2026-07-01,Концерт
VIS_00928,EV_0183,INST_015,2026-07-01,Концерт
VIS_03373,EV_0183,INST_015,2026-07-01,Концерт
VIS_02894,EV_0183,INST_015,2026-07-01,Концерт
VIS_02942,EV_0183,INST_015,2026-07-01,Концерт
VIS_02313,EV_0183,INST_015,2026-07-01,Концерт
VIS_04127,EV_0183,INST_015,2026-07-01,Концерт
VIS_02820,EV_0183,INST_015,2026-07-01,Концерт
VIS_01153,EV_0183,INST_015,2026-07-01,Концерт
VIS_02090,EV_0183,INST_015,2026-07-01,Концерт
VIS_01536,EV_0183,INST_015,2026-07-01,Концерт
VIS_04814,EV_0183,INST_015,2026-07-01,Концерт
VIS_04399,EV_0183,INST_015,2026-07-01,Концерт
VIS_03178,EV_0183,INST_015,2026-07-01,Концерт
VIS_04583,EV_0183,INST_015,2026-07-01,Концерт
VIS_00274,EV_0183,INST_015,2026-07-01,Концерт
VIS_02646,EV_0183,INST_015,2026-07-01,Концерт
VIS_02585,EV_0183,INST_015,2026-07-01,Концерт
VIS_02844,EV_0183,INST_015,2026-07-01,Концерт
VIS_01516,EV_0183,INST_015,2026-07-01,Концерт
VIS_00568,EV_0183,INST_015,2026-07-01,Концерт
VIS_04016,EV_0183,INST_015,2026-07-01,Концерт
VIS_00248,EV_0183,INST_015,2026-07-01,Концерт
VIS_00238,EV_0183,INST_015,2026-07-01,Концерт
VIS_02736,EV_0183,INST_015,2026-07-01,Концерт
VIS_03296,EV_0183,INST_015,2026-07-01,Концерт
VIS_01525,EV_0183,INST_015,2026-07-01,Концерт
VIS_01879,EV_0183,INST_015,2026-07-01,Концерт
VIS_03075,EV_0183,INST_015,2026-07-01,Концерт
VIS_00785,EV_0183,INST_015,2026-07-01,Концерт
VIS_02914,EV_0183,INST_015,2026-07-01,Концерт
VIS_03757,EV_0183,INST_015,2026-07-01,Концерт
VIS_00485,EV_0183,INST_015,2026-07-01,Концерт
VIS_00678,EV_0183,INST_015,2026-07-01,Концерт
VIS_04506,EV_0183,INST_015,2026-07-01,Концерт
VIS_03988,EV_0183,INST_015,2026-07-01,Концерт
VIS_03730,EV_0219,INST_018,2026-07-01,Выставка
VIS_03904,EV_0219,INST_018,2026-07-01,Выставка
VIS_02308,EV_0219,INST_018,2026-07-01,Выставка
VIS_00186,EV_0219,INST_018,2026-07-01,Выставка
VIS_04056,EV_0219,INST_018,2026-07-01,Выставка
VIS_01948,EV_0219,INST_018,2026-07-01,Выставка
VIS_00617,EV_0219,INST_018,2026-07-01,Выставка
VIS_00598,EV_0219,INST_018,2026-07-01,Выставка
VIS_04592,EV_0219,INST_018,2026-07-01,Выставка
VIS_01483,EV_0219,INST_018,2026-07-01,Выставка
VIS_00535,EV_0219,INST_018,2026-07-01,Выставка
VIS_02197,EV_0219,INST_018,2026-07-01,Выставка
VIS_02582,EV_0219,INST_018,2026-07-01,Выставка
VIS_03058,EV_0219,INST_018,2026-07-01,Выставка
VIS_01353,EV_0219,INST_018,2026-07-01,Выставка
VIS_04470,EV_0219,INST_018,2026-07-01,Выставка
VIS_00689,EV_0219,INST_018,2026-07-01,Выставка
VIS_03760,EV_0219,INST_018,2026-07-01,Выставка
VIS_04980,EV_0219,INST_018,2026-07-01,Выставка
VIS_03520,EV_0219,INST_018,2026-07-01,Выставка
VIS_00055,EV_0219,INST_018,2026-07-01,Выставка
VIS_04077,EV_0219,INST_018,2026-07-01,Выставка
VIS_02942,EV_0219,INST_018,2026-07-01,Выставка
VIS_03424,EV_0219,INST_018,2026-07-01,Выставка
VIS_04456,EV_0219,INST_018,2026-07-01,Выставка
VIS_03209,EV_0219,INST_018,2026-07-01,Выставка
VIS_04071,EV_0219,INST_018,2026-07-01,Выставка
VIS_03245,EV_0219,INST_018,2026-07-01,Выставка
VIS_04522,EV_0219,INST_018,2026-07-01,Выставка
VIS_00737,EV_0219,INST_018,2026-07-01,Выставка
VIS_03725,EV_0219,INST_018,2026-07-01,Выставка
VIS_01382,EV_0219,INST_018,2026-07-01,Выставка
VIS_04985,EV_0219,INST_018,2026-07-01,Выставка
VIS_01127,EV_0219,INST_018,2026-07-01,Выставка
VIS_03007,EV_0219,INST_018,2026-07-01,Выставка
VIS_02424,EV_0219,INST_018,2026-07-01,Выставка
VIS_03142,EV_0219,INST_018,2026-07-01,Выставка
VIS_03328,EV_0219,INST_018,2026-07-01,Выставка
VIS_04164,EV_0219,INST_018,2026-07-01,Выставка
VIS_00158,EV_0093,INST_007,2026-07-07,Лекция
VIS_01877,EV_0093,INST_007,2026-07-07,Лекция
VIS_04077,EV_0093,INST_007,2026-07-07,Лекция
VIS_01589,EV_0093,INST_007,2026-07-07,Лекция
VIS_03305,EV_0093,INST_007,2026-07-07,Лекция
VIS_04045,EV_0093,INST_007,2026-07-07,Лекция
VIS_04432,EV_0093,INST_007,2026-07-07,Лекция
VIS_03818,EV_0093,INST_007,2026-07-07,Лекция
VIS_02295,EV_0093,INST_007,2026-07-07,Лекция
VIS_01224,EV_0093,INST_007,2026-07-07,Лекция
VIS_02270,EV_0093,INST_007,2026-07-07,Лекция
VIS_04838,EV_0093,INST_007,2026-07-07,Лекция
VIS_01188,EV_0093,INST_007,2026-07-07,Лекция
VIS_04869,EV_0093,INST_007,2026-07-07,Лекция
VIS_04357,EV_0093,INST_007,2026-07-07,Лекция
VIS_00091,EV_0093,INST_007,2026-07-07,Лекция
VIS_02231,EV_0093,INST_007,2026-07-07,Лекция
VIS_00250,EV_0093,INST_007,2026-07-07,Лекция
VIS_03486,EV_0093,INST_007,2026-07-07,Лекция
VIS_03231,EV_0093,INST_007,2026-07-07,Лекция
VIS_03286,EV_0093,INST_007,2026-07-07,Лекция
VIS_04507,EV_0093,INST_007,2026-07-07,Лекция
VIS_03269,EV_0093,INST_007,2026-07-07,Лекция
VIS_02944,EV_0093,INST_007,2026-07-07,Лекция
VIS_01054,EV_0093,INST_007,2026-07-07,Лекция
VIS_00949,EV_0093,INST_007,2026-07-07,Лекция
VIS_00072,EV_0093,INST_007,2026-07-07,Лекция
VIS_04166,EV_0093,INST_007,2026-07-07,Лекция
VIS_02162,EV_0093,INST_007,2026-07-07,Лекция
VIS_04875,EV_0093,INST_007,2026-07-07,Лекция
VIS_01691,EV_0093,INST_007,2026-07-07,Лекция
VIS_00555,EV_0093,INST_007,2026-07-07,Лекция
VIS_04645,EV_0093,INST_007,2026-07-07,Лекция
VIS_02227,EV_0093,INST_007,2026-07-07,Лекция
VIS_02725,EV_0093,INST_007,2026-07-07,Лекция
VIS_01530,EV_0093,INST_007,2026-07-07,Лекция
VIS_01838,EV_0093,INST_007,2026-07-07,Лекция
VIS_04633,EV_0093,INST_007,2026-07-07,Лекция
VIS_00491,EV_0093,INST_007,2026-07-07,Лекция
VIS_04696,EV_0093,INST_007,2026-07-07,Лекция
VIS_02170,EV_0093,INST_007,2026-07-07,Лекция
VIS_01139,EV_0093,INST_007,2026-07-07,Лекция
VIS_03563,EV_0093,INST_007,2026-07-07,Лекция
VIS_04174,EV_0093,INST_007,2026-07-07,Лекция
VIS_04674,EV_0093,INST_007,2026-07-07,Лекция
VIS_01626,EV_0093,INST_007,2026-07-07,Лекция
VIS_03988,EV_0093,INST_007,2026-07-07,Лекция
VIS_00510,EV_0093,INST_007,2026-07-07,Лекция
VIS_03622,EV_0093,INST_007,2026-07-07,Лекция
VIS_04230,EV_0093,INST_007,2026-07-07,Лекция
VIS_02391,EV_0093,INST_007,2026-07-07,Лекция
VIS_03694,EV_0093,INST_007,2026-07-07,Лекция
VIS_03368,EV_0093,INST_007,2026-07-07,Лекция
VIS_03348,EV_0093,INST_007,2026-07-07,Лекция
VIS_02549,EV_0093,INST_007,2026-07-07,Лекция
VIS_00987,EV_0093,INST_007,2026-07-07,Лекция
VIS_03128,EV_0093,INST_007,2026-07-07,Лекция
VIS_03283,EV_0093,INST_007,2026-07-07,Лекция
VIS_03042,EV_0093,INST_007,2026-07-07,Лекция
VIS_04227,EV_0093,INST_007,2026-07-07,Лекция
VIS_03957,EV_0093,INST_007,2026-07-07,Лекция
VIS_01628,EV_0093,INST_007,2026-07-07,Лекция
VIS_03340,EV_0093,INST_007,2026-07-07,Лекция
VIS_00807,EV_0093,INST_007,2026-07-07,Лекция
VIS_03504,EV_0093,INST_007,2026-07-07,Лекция
VIS_00034,EV_0093,INST_007,2026-07-07,Лекция
VIS_01451,EV_0093,INST_007,2026-07-07,Лекция
VIS_01269,EV_0093,INST_007,2026-07-07,Лекция
VIS_01609,EV_0093,INST_007,2026-07-07,Лекция
VIS_00734,EV_0093,INST_007,2026-07-07,Лекция
VIS_01095,EV_0093,INST_007,2026-07-07,Лекция
VIS_03662,EV_0093,INST_007,2026-07-07,Лекция
VIS_00086,EV_0093,INST_007,2026-07-07,Лекция
VIS_03337,EV_0093,INST_007,2026-07-07,Лекция
VIS_02028,EV_0201,INST_017,2026-07-07,Мастер-класс
VIS_03826,EV_0201,INST_017,2026-07-07,Мастер-класс
VIS_00028,EV_0201,INST_017,2026-07-07,Мастер-класс
VIS_04924,EV_0201,INST_017,2026-07-07,Мастер-класс
VIS_03310,EV_0201,INST_017,2026-07-07,Мастер-класс
VIS_04379,EV_0201,INST_017,2026-07-07,Мастер-класс
VIS_01430,EV_0201,INST_017,2026-07-07,Мастер-класс
VIS_03100,EV_0201,INST_017,2026-07-07,Мастер-класс
VIS_03464,EV_0201,INST_017,2026-07-07,Мастер-класс
VIS_01877,EV_0201,INST_017,2026-07-07,Мастер-класс
VIS_01068,EV_0201,INST_017,2026-07-07,Мастер-класс
VIS_01578,EV_0201,INST_017,2026-07-07,Мастер-класс
VIS_04659,EV_0201,INST_017,2026-07-07,Мастер-класс
VIS_03191,EV_0201,INST_017,2026-07-07,Мастер-класс
VIS_01483,EV_0201,INST_017,2026-07-07,Мастер-класс
VIS_00565,EV_0201,INST_017,2026-07-07,Мастер-класс
VIS_03372,EV_0201,INST_017,2026-07-07,Мастер-класс
VIS_00816,EV_0201,INST_017,2026-07-07,Мастер-класс
VIS_04750,EV_0201,INST_017,2026-07-07,Мастер-класс
VIS_01714,EV_0201,INST_017,2026-07-07,Мастер-класс
VIS_01084,EV_0201,INST_017,2026-07-07,Мастер-класс
VIS_04154,EV_0201,INST_017,2026-07-07,Мастер-класс
VIS_02505,EV_0201,INST_017,2026-07-07,Мастер-класс
VIS_01866,EV_0201,INST_017,2026-07-07,Мастер-класс
VIS_00517,EV_0201,INST_017,2026-07-07,Мастер-класс
VIS_03400,EV_0201,INST_017,2026-07-07,Мастер-класс
VIS_03169,EV_0201,INST_017,2026-07-07,Мастер-класс
VIS_04500,EV_0201,INST_017,2026-07-07,Мастер-класс
VIS_01674,EV_0201,INST_017,2026-07-07,Мастер-класс
VIS_04229,EV_0201,INST_017,2026-07-07,Мастер-класс
VIS_01675,EV_0201,INST_017,2026-07-07,Мастер-класс
VIS_04206,EV_0201,INST_017,2026-07-07,Мастер-класс
VIS_02607,EV_0201,INST_017,2026-07-07,Мастер-класс
VIS_04005,EV_0201,INST_017,2026-07-07,Мастер-класс
VIS_04804,EV_0201,INST_017,2026-07-07,Мастер-класс
VIS_04236,EV_0201,INST_017,2026-07-07,Мастер-класс
VIS_03541,EV_0201,INST_017,2026-07-07,Мастер-класс
VIS_02040,EV_0201,INST_017,2026-07-07,Мастер-класс
VIS_03810,EV_0201,INST_017,2026-07-07,Мастер-класс
VIS_04951,EV_0201,INST_017,2026-07-07,Мастер-класс
VIS_04355,EV_0201,INST_017,2026-07-07,Мастер-класс
VIS_04903,EV_0201,INST_017,2026-07-07,Мастер-класс
VIS_02767,EV_0201,INST_017,2026-07-07,Мастер-класс
VIS_04077,EV_0201,INST_017,2026-07-07,Мастер-класс
VIS_04202,EV_0201,INST_017,2026-07-07,Мастер-класс
VIS_03111,EV_0201,INST_017,2026-07-07,Мастер-класс
VIS_03501,EV_0201,INST_017,2026-07-07,Мастер-класс
VIS_04897,EV_0201,INST_017,2026-07-07,Мастер-класс
VIS_00527,EV_0201,INST_017,2026-07-07,Мастер-класс
VIS_02873,EV_0201,INST_017,2026-07-07,Мастер-класс
VIS_00811,EV_0013,INST_001,2026-07-08,Мастер-класс
VIS_01440,EV_0013,INST_001,2026-07-08,Мастер-класс
VIS_03945,EV_0013,INST_001,2026-07-08,Мастер-класс
VIS_03605,EV_0013,INST_001,2026-07-08,Мастер-класс
VIS_00907,EV_0013,INST_001,2026-07-08,Мастер-класс
VIS_01550,EV_0013,INST_001,2026-07-08,Мастер-класс
VIS_04124,EV_0013,INST_001,2026-07-08,Мастер-класс
VIS_02698,EV_0013,INST_001,2026-07-08,Мастер-класс
VIS_03973,EV_0013,INST_001,2026-07-08,Мастер-класс
VIS_00207,EV_0013,INST_001,2026-07-08,Мастер-класс
VIS_00529,EV_0013,INST_001,2026-07-08,Мастер-класс
VIS_00991,EV_0013,INST_001,2026-07-08,Мастер-класс
VIS_03935,EV_0013,INST_001,2026-07-08,Мастер-класс
VIS_03133,EV_0013,INST_001,2026-07-08,Мастер-класс
VIS_00038,EV_0013,INST_001,2026-07-08,Мастер-класс
VIS_00894,EV_0013,INST_001,2026-07-08,Мастер-класс
VIS_01064,EV_0013,INST_001,2026-07-08,Мастер-класс
VIS_01808,EV_0013,INST_001,2026-07-08,Мастер-класс
VIS_04374,EV_0013,INST_001,2026-07-08,Мастер-класс
VIS_01696,EV_0013,INST_001,2026-07-08,Мастер-класс
VIS_04109,EV_0013,INST_001,2026-07-08,Мастер-класс
VIS_00656,EV_0013,INST_001,2026-07-08,Мастер-класс
VIS_02111,EV_0013,INST_001,2026-07-08,Мастер-класс
VIS_00179,EV_0013,INST_001,2026-07-08,Мастер-класс
VIS_02454,EV_0013,INST_001,2026-07-08,Мастер-класс
VIS_04537,EV_0013,INST_001,2026-07-08,Мастер-класс
VIS_03794,EV_0013,INST_001,2026-07-08,Мастер-класс
VIS_04598,EV_0013,INST_001,2026-07-08,Мастер-класс
VIS_04078,EV_0013,INST_001,2026-07-08,Мастер-класс
VIS_03765,EV_0013,INST_001,2026-07-08,Мастер-класс
VIS_02685,EV_0013,INST_001,2026-07-08,Мастер-класс
VIS_01292,EV_0013,INST_001,2026-07-08,Мастер-класс
VIS_02374,EV_0013,INST_001,2026-07-08,Мастер-класс
VIS_03457,EV_0013,INST_001,2026-07-08,Мастер-класс
VIS_04113,EV_0013,INST_001,2026-07-08,Мастер-класс
VIS_03410,EV_0013,INST_001,2026-07-08,Мастер-класс
VIS_00445,EV_0013,INST_001,2026-07-08,Мастер-класс
VIS_04138,EV_0167,INST_014,2026-07-12,Мастер-класс
VIS_04659,EV_0167,INST_014,2026-07-12,Мастер-класс
VIS_00566,EV_0167,INST_014,2026-07-12,Мастер-класс
VIS_03278,EV_0167,INST_014,2026-07-12,Мастер-класс
VIS_03805,EV_0167,INST_014,2026-07-12,Мастер-класс
VIS_01185,EV_0167,INST_014,2026-07-12,Мастер-класс
VIS_00419,EV_0167,INST_014,2026-07-12,Мастер-класс
VIS_01489,EV_0167,INST_014,2026-07-12,Мастер-класс
VIS_04580,EV_0167,INST_014,2026-07-12,Мастер-класс
VIS_04635,EV_0167,INST_014,2026-07-12,Мастер-класс
VIS_02102,EV_0167,INST_014,2026-07-12,Мастер-класс
VIS_01861,EV_0167,INST_014,2026-07-12,Мастер-класс
VIS_02357,EV_0167,INST_014,2026-07-12,Мастер-класс
VIS_01204,EV_0167,INST_014,2026-07-12,Мастер-класс
VIS_01439,EV_0167,INST_014,2026-07-12,Мастер-класс
VIS_03245,EV_0167,INST_014,2026-07-12,Мастер-класс
VIS_02783,EV_0167,INST_014,2026-07-12,Мастер-класс
VIS_00868,EV_0167,INST_014,2026-07-12,Мастер-класс
VIS_02763,EV_0167,INST_014,2026-07-12,Мастер-класс
VIS_02365,EV_0167,INST_014,2026-07-12,Мастер-класс
VIS_01172,EV_0167,INST_014,2026-07-12,Мастер-класс
VIS_02994,EV_0167,INST_014,2026-07-12,Мастер-класс
VIS_02426,EV_0167,INST_014,2026-07-12,Мастер-класс
VIS_01552,EV_0167,INST_014,2026-07-12,Мастер-класс
VIS_03557,EV_0167,INST_014,2026-07-12,Мастер-класс
VIS_00713,EV_0167,INST_014,2026-07-12,Мастер-класс
VIS_00939,EV_0167,INST_014,2026-07-12,Мастер-класс
VIS_02394,EV_0167,INST_014,2026-07-12,Мастер-класс
VIS_00101,EV_0167,INST_014,2026-07-12,Мастер-класс
VIS_03446,EV_0167,INST_014,2026-07-12,Мастер-класс
VIS_01447,EV_0167,INST_014,2026-07-12,Мастер-класс
VIS_02446,EV_0167,INST_014,2026-07-12,Мастер-класс
VIS_04325,EV_0167,INST_014,2026-07-12,Мастер-класс
VIS_04960,EV_0167,INST_014,2026-07-12,Мастер-класс
VIS_02459,EV_0167,INST_014,2026-07-12,Мастер-класс
VIS_00206,EV_0167,INST_014,2026-07-12,Мастер-класс
VIS_02667,EV_0167,INST_014,2026-07-12,Мастер-класс
VIS_04153,EV_0167,INST_014,2026-07-12,Мастер-класс
VIS_01063,EV_0167,INST_014,2026-07-12,Мастер-класс
VIS_02035,EV_0167,INST_014,2026-07-12,Мастер-класс
VIS_02699,EV_0167,INST_014,2026-07-12,Мастер-класс
VIS_01745,EV_0167,INST_014,2026-07-12,Мастер-класс
VIS_04366,EV_0167,INST_014,2026-07-12,Мастер-класс
VIS_03377,EV_0167,INST_014,2026-07-12,Мастер-класс
VIS_01727,EV_0167,INST_014,2026-07-12,Мастер-класс
VIS_00481,EV_0167,INST_014,2026-07-12,Мастер-класс
VIS_01066,EV_0167,INST_014,2026-07-12,Мастер-класс
VIS_00757,EV_0167,INST_014,2026-07-12,Мастер-класс
VIS_04967,EV_0167,INST_014,2026-07-12,Мастер-класс
VIS_03578,EV_0131,INST_011,2026-07-14,Выставка
VIS_02324,EV_0131,INST_011,2026-07-14,Выставка
VIS_01940,EV_0131,INST_011,2026-07-14,Выставка
VIS_02094,EV_0131,INST_011,2026-07-14,Выставка
VIS_04792,EV_0131,INST_011,2026-07-14,Выставка
VIS_00012,EV_0131,INST_011,2026-07-14,Выставка
VIS_03673,EV_0131,INST_011,2026-07-14,Выставка
VIS_00791,EV_0131,INST_011,2026-07-14,Выставка
VIS_03075,EV_0131,INST_011,2026-07-14,Выставка
VIS_04875,EV_0131,INST_011,2026-07-14,Выставка
VIS_02879,EV_0131,INST_011,2026-07-14,Выставка
VIS_01677,EV_0131,INST_011,2026-07-14,Выставка
VIS_02707,EV_0131,INST_011,2026-07-14,Выставка
VIS_04284,EV_0131,INST_011,2026-07-14,Выставка
VIS_04995,EV_0131,INST_011,2026-07-14,Выставка
VIS_01625,EV_0131,INST_011,2026-07-14,Выставка
VIS_01934,EV_0131,INST_011,2026-07-14,Выставка
VIS_03604,EV_0131,INST_011,2026-07-14,Выставка
VIS_04962,EV_0131,INST_011,2026-07-14,Выставка
VIS_00406,EV_0131,INST_011,2026-07-14,Выставка
VIS_00396,EV_0131,INST_011,2026-07-14,Выставка
VIS_00388,EV_0131,INST_011,2026-07-14,Выставка
VIS_02981,EV_0131,INST_011,2026-07-14,Выставка
VIS_00475,EV_0131,INST_011,2026-07-14,Выставка
VIS_00975,EV_0131,INST_011,2026-07-14,Выставка
VIS_01600,EV_0131,INST_011,2026-07-14,Выставка
VIS_00007,EV_0131,INST_011,2026-07-14,Выставка
VIS_00161,EV_0131,INST_011,2026-07-14,Выставка
VIS_00217,EV_0131,INST_011,2026-07-14,Выставка
VIS_04479,EV_0131,INST_011,2026-07-14,Выставка
VIS_04133,EV_0131,INST_011,2026-07-14,Выставка
VIS_00912,EV_0131,INST_011,2026-07-14,Выставка
VIS_00220,EV_0131,INST_011,2026-07-14,Выставка
VIS_04479,EV_0068,INST_006,2026-07-16,Творческая встреча
VIS_01034,EV_0068,INST_006,2026-07-16,Творческая встреча
VIS_00013,EV_0068,INST_006,2026-07-16,Творческая встреча
VIS_02184,EV_0068,INST_006,2026-07-16,Творческая встреча
VIS_04440,EV_0068,INST_006,2026-07-16,Творческая встреча
VIS_04994,EV_0068,INST_006,2026-07-16,Творческая встреча
VIS_00871,EV_0068,INST_006,2026-07-16,Творческая встреча
VIS_02916,EV_0068,INST_006,2026-07-16,Творческая встреча
VIS_04527,EV_0068,INST_006,2026-07-16,Творческая встреча
VIS_00319,EV_0068,INST_006,2026-07-16,Творческая встреча
VIS_02606,EV_0068,INST_006,2026-07-16,Творческая встреча
VIS_04388,EV_0068,INST_006,2026-07-16,Творческая встреча
VIS_00755,EV_0068,INST_006,2026-07-16,Творческая встреча
VIS_00044,EV_0068,INST_006,2026-07-16,Творческая встреча
VIS_03698,EV_0068,INST_006,2026-07-16,Творческая встреча
VIS_04010,EV_0068,INST_006,2026-07-16,Творческая встреча
VIS_02504,EV_0068,INST_006,2026-07-16,Творческая встреча
VIS_00774,EV_0068,INST_006,2026-07-16,Творческая встреча
VIS_02275,EV_0068,INST_006,2026-07-16,Творческая встреча
VIS_00427,EV_0068,INST_006,2026-07-16,Творческая встреча
VIS_00620,EV_0068,INST_006,2026-07-16,Творческая встреча
VIS_02196,EV_0068,INST_006,2026-07-16,Творческая встреча
VIS_04597,EV_0068,INST_006,2026-07-16,Творческая встреча
VIS_01763,EV_0068,INST_006,2026-07-16,Творческая встреча
VIS_00684,EV_0068,INST_006,2026-07-16,Творческая встреча
VIS_03059,EV_0068,INST_006,2026-07-16,Творческая встреча
VIS_00465,EV_0068,INST_006,2026-07-16,Творческая встреча
VIS_03248,EV_0068,INST_006,2026-07-16,Творческая встреча
VIS_00171,EV_0068,INST_006,2026-07-16,Творческая встреча
VIS_01426,EV_0068,INST_006,2026-07-16,Творческая встреча
VIS_03906,EV_0068,INST_006,2026-07-16,Творческая встреча
VIS_04841,EV_0068,INST_006,2026-07-16,Творческая встреча
VIS_00441,EV_0068,INST_006,2026-07-16,Творческая встреча
VIS_03302,EV_0068,INST_006,2026-07-16,Творческая встреча
VIS_04024,EV_0068,INST_006,2026-07-16,Творческая встреча
VIS_02108,EV_0068,INST_006,2026-07-16,Творческая встреча
VIS_04362,EV_0068,INST_006,2026-07-16,Творческая встреча
VIS_02968,EV_0068,INST_006,2026-07-16,Творческая встреча
VIS_03560,EV_0068,INST_006,2026-07-16,Творческая встреча
VIS_04538,EV_0068,INST_006,2026-07-16,Творческая встреча
VIS_01114,EV_0068,INST_006,2026-07-16,Творческая встреча
VIS_03211,EV_0068,INST_006,2026-07-16,Творческая встреча
VIS_04043,EV_0068,INST_006,2026-07-16,Творческая встреча
VIS_02633,EV_0068,INST_006,2026-07-16,Творческая встреча
VIS_03316,EV_0068,INST_006,2026-07-16,Творческая встреча
VIS_02628,EV_0068,INST_006,2026-07-16,Творческая встреча
VIS_00904,EV_0068,INST_006,2026-07-16,Творческая встреча
VIS_03540,EV_0068,INST_006,2026-07-16,Творческая встреча
VIS_03631,EV_0068,INST_006,2026-07-16,Творческая встреча
VIS_02994,EV_0068,INST_006,2026-07-16,Творческая встреча
VIS_03091,EV_0068,INST_006,2026-07-16,Творческая встреча
VIS_00578,EV_0068,INST_006,2026-07-16,Творческая встреча
VIS_03595,EV_0068,INST_006,2026-07-16,Творческая встреча
VIS_00879,EV_0068,INST_006,2026-07-16,Творческая встреча
VIS_04787,EV_0068,INST_006,2026-07-16,Творческая встреча
VIS_00681,EV_0068,INST_006,2026-07-16,Творческая встреча
VIS_03520,EV_0068,INST_006,2026-07-16,Творческая встреча
VIS_00902,EV_0068,INST_006,2026-07-16,Творческая встреча
VIS_01345,EV_0068,INST_006,2026-07-16,Творческая встреча
VIS_04795,EV_0068,INST_006,2026-07-16,Творческая встреча
VIS_02801,EV_0068,INST_006,2026-07-16,Творческая встреча
VIS_02477,EV_0068,INST_006,2026-07-16,Творческая встреча
VIS_01971,EV_0068,INST_006,2026-07-16,Творческая встреча
VIS_03108,EV_0068,INST_006,2026-07-16,Творческая встреча
VIS_04528,EV_0068,INST_006,2026-07-16,Творческая встреча
VIS_01431,EV_0068,INST_006,2026-07-16,Творческая встреча
VIS_01029,EV_0068,INST_006,2026-07-16,Творческая встреча
VIS_02824,EV_0068,INST_006,2026-07-16,Творческая встреча
VIS_03226,EV_0144,INST_012,2026-07-16,Лекция
VIS_02646,EV_0144,INST_012,2026-07-16,Лекция
VIS_04563,EV_0144,INST_012,2026-07-16,Лекция
VIS_02834,EV_0144,INST_012,2026-07-16,Лекция
VIS_02005,EV_0144,INST_012,2026-07-16,Лекция
VIS_04853,EV_0144,INST_012,2026-07-16,Лекция
VIS_04009,EV_0144,INST_012,2026-07-16,Лекция
VIS_04999,EV_0144,INST_012,2026-07-16,Лекция
VIS_02215,EV_0144,INST_012,2026-07-16,Лекция
VIS_03019,EV_0144,INST_012,2026-07-16,Лекция
VIS_04139,EV_0144,INST_012,2026-07-16,Лекция
VIS_00022,EV_0144,INST_012,2026-07-16,Лекция
VIS_01785,EV_0144,INST_012,2026-07-16,Лекция
VIS_02770,EV_0144,INST_012,2026-07-16,Лекция
VIS_02157,EV_0144,INST_012,2026-07-16,Лекция
VIS_01249,EV_0144,INST_012,2026-07-16,Лекция
VIS_01907,EV_0144,INST_012,2026-07-16,Лекция
VIS_02071,EV_0144,INST_012,2026-07-16,Лекция
VIS_01070,EV_0144,INST_012,2026-07-16,Лекция
VIS_03152,EV_0144,INST_012,2026-07-16,Лекция
VIS_00911,EV_0144,INST_012,2026-07-16,Лекция
VIS_01564,EV_0144,INST_012,2026-07-16,Лекция
VIS_01770,EV_0144,INST_012,2026-07-16,Лекция
VIS_04123,EV_0144,INST_012,2026-07-16,Лекция
VIS_02565,EV_0144,INST_012,2026-07-16,Лекция
VIS_04343,EV_0144,INST_012,2026-07-16,Лекция
VIS_01610,EV_0144,INST_012,2026-07-16,Лекция
VIS_03607,EV_0144,INST_012,2026-07-16,Лекция
VIS_02230,EV_0144,INST_012,2026-07-16,Лекция
VIS_04759,EV_0144,INST_012,2026-07-16,Лекция
VIS_02622,EV_0144,INST_012,2026-07-16,Лекция
VIS_01242,EV_0144,INST_012,2026-07-16,Лекция
VIS_01650,EV_0144,INST_012,2026-07-16,Лекция
VIS_02297,EV_0144,INST_012,2026-07-16,Лекция
VIS_01408,EV_0144,INST_012,2026-07-16,Лекция
VIS_02929,EV_0144,INST_012,2026-07-16,Лекция
VIS_04402,EV_0144,INST_012,2026-07-16,Лекция
VIS_02574,EV_0144,INST_012,2026-07-16,Лекция
VIS_02328,EV_0144,INST_012,2026-07-16,Лекция
VIS_04046,EV_0144,INST_012,2026-07-16,Лекция
VIS_02466,EV_0144,INST_012,2026-07-16,Лекция
VIS_03455,EV_0144,INST_012,2026-07-16,Лекция
VIS_01029,EV_0144,INST_012,2026-07-16,Лекция
VIS_04686,EV_0144,INST_012,2026-07-16,Лекция
VIS_03828,EV_0144,INST_012,2026-07-16,Лекция
VIS_04279,EV_0144,INST_012,2026-07-16,Лекция
VIS_02272,EV_0144,INST_012,2026-07-16,Лекция
VIS_00319,EV_0144,INST_012,2026-07-16,Лекция
VIS_01166,EV_0144,INST_012,2026-07-16,Лекция
VIS_04001,EV_0144,INST_012,2026-07-16,Лекция
VIS_04368,EV_0144,INST_012,2026-07-16,Лекция
VIS_01037,EV_0144,INST_012,2026-07-16,Лекция
VIS_04321,EV_0144,INST_012,2026-07-16,Лекция
VIS_04576,EV_0144,INST_012,2026-07-16,Лекция
VIS_04764,EV_0144,INST_012,2026-07-16,Лекция
VIS_00466,EV_0144,INST_012,2026-07-16,Лекция
VIS_04404,EV_0144,INST_012,2026-07-16,Лекция
VIS_04035,EV_0144,INST_012,2026-07-16,Лекция
VIS_01440,EV_0144,INST_012,2026-07-16,Лекция
VIS_01714,EV_0144,INST_012,2026-07-16,Лекция
VIS_03534,EV_0144,INST_012,2026-07-16,Лекция
VIS_04031,EV_0144,INST_012,2026-07-16,Лекция
VIS_03901,EV_0144,INST_012,2026-07-16,Лекция
VIS_03874,EV_0144,INST_012,2026-07-16,Лекция
VIS_01915,EV_0144,INST_012,2026-07-16,Лекция
VIS_03163,EV_0144,INST_012,2026-07-16,Лекция
VIS_03609,EV_0144,INST_012,2026-07-16,Лекция
VIS_04646,EV_0144,INST_012,2026-07-16,Лекция
VIS_01954,EV_0144,INST_012,2026-07-16,Лекция
VIS_04134,EV_0144,INST_012,2026-07-16,Лекция
VIS_00813,EV_0144,INST_012,2026-07-16,Лекция
VIS_03776,EV_0144,INST_012,2026-07-16,Лекция
VIS_03940,EV_0144,INST_012,2026-07-16,Лекция
VIS_02608,EV_0144,INST_012,2026-07-16,Лекция
VIS_01018,EV_0144,INST_012,2026-07-16,Лекция
VIS_03919,EV_0144,INST_012,2026-07-16,Лекция
VIS_04776,EV_0144,INST_012,2026-07-16,Лекция
VIS_02172,EV_0144,INST_012,2026-07-16,Лекция
VIS_02965,EV_0144,INST_012,2026-07-16,Лекция
VIS_00106,EV_0144,INST_012,2026-07-16,Лекция
VIS_00644,EV_0144,INST_012,2026-07-16,Лекция
VIS_01906,EV_0144,INST_012,2026-07-16,Лекция
VIS_00409,EV_0144,INST_012,2026-07-16,Лекция
VIS_04338,EV_0144,INST_012,2026-07-16,Лекция
VIS_03404,EV_0144,INST_012,2026-07-16,Лекция
VIS_02881,EV_0144,INST_012,2026-07-16,Лекция
VIS_03949,EV_0144,INST_012,2026-07-16,Лекция
VIS_00536,EV_0144,INST_012,2026-07-16,Лекция
VIS_01506,EV_0144,INST_012,2026-07-16,Лекция
VIS_00180,EV_0144,INST_012,2026-07-16,Лекция
VIS_01453,EV_0144,INST_012,2026-07-16,Лекция
VIS_01276,EV_0144,INST_012,2026-07-16,Лекция
VIS_03551,EV_0144,INST_012,2026-07-16,Лекция
VIS_04726,EV_0144,INST_012,2026-07-16,Лекция
VIS_04765,EV_0144,INST_012,2026-07-16,Лекция
VIS_01762,EV_0144,INST_012,2026-07-16,Лекция
VIS_02138,EV_0144,INST_012,2026-07-16,Лекция
VIS_03070,EV_0144,INST_012,2026-07-16,Лекция
VIS_04532,EV_0144,INST_012,2026-07-16,Лекция
VIS_03043,EV_0144,INST_012,2026-07-16,Лекция
VIS_00843,EV_0144,INST_012,2026-07-16,Лекция
VIS_02783,EV_0144,INST_012,2026-07-16,Лекция
VIS_03748,EV_0144,INST_012,2026-07-16,Лекция
VIS_02726,EV_0144,INST_012,2026-07-16,Лекция
VIS_04101,EV_0144,INST_012,2026-07-16,Лекция
VIS_02219,EV_0144,INST_012,2026-07-16,Лекция
VIS_00739,EV_0144,INST_012,2026-07-16,Лекция
VIS_01326,EV_0144,INST_012,2026-07-16,Лекция
VIS_03986,EV_0144,INST_012,2026-07-16,Лекция
VIS_03755,EV_0144,INST_012,2026-07-16,Лекция
VIS_02399,EV_0144,INST_012,2026-07-16,Лекция
VIS_04080,EV_0144,INST_012,2026-07-16,Лекция
VIS_03632,EV_0144,INST_012,2026-07-16,Лекция
VIS_01865,EV_0144,INST_012,2026-07-16,Лекция
VIS_03084,EV_0144,INST_012,2026-07-16,Лекция
VIS_04229,EV_0144,INST_012,2026-07-16,Лекция
VIS_01661,EV_0144,INST_012,2026-07-16,Лекция
VIS_03581,EV_0144,INST_012,2026-07-16,Лекция
VIS_03344,EV_0144,INST_012,2026-07-16,Лекция
VIS_00335,EV_0144,INST_012,2026-07-16,Лекция
VIS_04174,EV_0094,INST_007,2026-07-20,Мастер-класс
VIS_03910,EV_0094,INST_007,2026-07-20,Мастер-класс
VIS_03136,EV_0094,INST_007,2026-07-20,Мастер-класс
VIS_04058,EV_0094,INST_007,2026-07-20,Мастер-класс
VIS_02271,EV_0094,INST_007,2026-07-20,Мастер-класс
VIS_03831,EV_0094,INST_007,2026-07-20,Мастер-класс
VIS_03622,EV_0094,INST_007,2026-07-20,Мастер-класс
VIS_02052,EV_0094,INST_007,2026-07-20,Мастер-класс
VIS_02827,EV_0094,INST_007,2026-07-20,Мастер-класс
VIS_01462,EV_0094,INST_007,2026-07-20,Мастер-класс
VIS_01568,EV_0094,INST_007,2026-07-20,Мастер-класс
VIS_00949,EV_0094,INST_007,2026-07-20,Мастер-класс
VIS_04997,EV_0094,INST_007,2026-07-20,Мастер-класс
VIS_01064,EV_0094,INST_007,2026-07-20,Мастер-класс
VIS_03445,EV_0094,INST_007,2026-07-20,Мастер-класс
VIS_03298,EV_0094,INST_007,2026-07-20,Мастер-класс
VIS_04801,EV_0094,INST_007,2026-07-20,Мастер-класс
VIS_01197,EV_0094,INST_007,2026-07-20,Мастер-класс
VIS_04421,EV_0094,INST_007,2026-07-20,Мастер-класс
VIS_04694,EV_0094,INST_007,2026-07-20,Мастер-класс
VIS_04199,EV_0094,INST_007,2026-07-20,Мастер-класс
VIS_00019,EV_0094,INST_007,2026-07-20,Мастер-класс
VIS_01467,EV_0094,INST_007,2026-07-20,Мастер-класс
VIS_03507,EV_0094,INST_007,2026-07-20,Мастер-класс
VIS_04988,EV_0094,INST_007,2026-07-20,Мастер-класс
VIS_02172,EV_0094,INST_007,2026-07-20,Мастер-класс
VIS_01753,EV_0094,INST_007,2026-07-20,Мастер-класс
VIS_03558,EV_0094,INST_007,2026-07-20,Мастер-класс
VIS_02034,EV_0094,INST_007,2026-07-20,Мастер-класс
VIS_01639,EV_0094,INST_007,2026-07-20,Мастер-класс
VIS_00037,EV_0113,INST_009,2026-07-20,Выставка
VIS_02360,EV_0113,INST_009,2026-07-20,Выставка
VIS_00448,EV_0113,INST_009,2026-07-20,Выставка
VIS_01223,EV_0113,INST_009,2026-07-20,Выставка
VIS_01790,EV_0113,INST_009,2026-07-20,Выставка
VIS_00938,EV_0113,INST_009,2026-07-20,Выставка
VIS_02458,EV_0113,INST_009,2026-07-20,Выставка
VIS_04716,EV_0113,INST_009,2026-07-20,Выставка
VIS_01172,EV_0113,INST_009,2026-07-20,Выставка
VIS_04630,EV_0113,INST_009,2026-07-20,Выставка
VIS_01689,EV_0113,INST_009,2026-07-20,Выставка
VIS_04616,EV_0113,INST_009,2026-07-20,Выставка
VIS_01559,EV_0113,INST_009,2026-07-20,Выставка
VIS_04659,EV_0113,INST_009,2026-07-20,Выставка
VIS_03406,EV_0113,INST_009,2026-07-20,Выставка
VIS_03503,EV_0113,INST_009,2026-07-20,Выставка
VIS_01321,EV_0113,INST_009,2026-07-20,Выставка
VIS_04234,EV_0113,INST_009,2026-07-20,Выставка
VIS_02885,EV_0113,INST_009,2026-07-20,Выставка
VIS_04941,EV_0113,INST_009,2026-07-20,Выставка
VIS_00545,EV_0113,INST_009,2026-07-20,Выставка
VIS_02415,EV_0113,INST_009,2026-07-20,Выставка
VIS_00903,EV_0113,INST_009,2026-07-20,Выставка
VIS_01479,EV_0113,INST_009,2026-07-20,Выставка
VIS_00246,EV_0113,INST_009,2026-07-20,Выставка
VIS_03393,EV_0113,INST_009,2026-07-20,Выставка
VIS_02872,EV_0113,INST_009,2026-07-20,Выставка
VIS_03072,EV_0113,INST_009,2026-07-20,Выставка
VIS_03595,EV_0113,INST_009,2026-07-20,Выставка
VIS_01028,EV_0113,INST_009,2026-07-20,Выставка
VIS_04695,EV_0113,INST_009,2026-07-20,Выставка
VIS_03081,EV_0113,INST_009,2026-07-20,Выставка
VIS_02013,EV_0113,INST_009,2026-07-20,Выставка
VIS_04732,EV_0113,INST_009,2026-07-20,Выставка
VIS_03184,EV_0113,INST_009,2026-07-20,Выставка
VIS_01468,EV_0113,INST_009,2026-07-20,Выставка
VIS_01024,EV_0113,INST_009,2026-07-20,Выставка
VIS_01413,EV_0113,INST_009,2026-07-20,Выставка
VIS_03367,EV_0113,INST_009,2026-07-20,Выставка
VIS_00823,EV_0113,INST_009,2026-07-20,Выставка
VIS_01787,EV_0113,INST_009,2026-07-20,Выставка
VIS_03068,EV_0113,INST_009,2026-07-20,Выставка
VIS_00891,EV_0202,INST_017,2026-07-20,Концерт
VIS_03072,EV_0202,INST_017,2026-07-20,Концерт
VIS_02519,EV_0202,INST_017,2026-07-20,Концерт
VIS_01312,EV_0202,INST_017,2026-07-20,Концерт
VIS_04932,EV_0202,INST_017,2026-07-20,Концерт
VIS_03484,EV_0202,INST_017,2026-07-20,Концерт
VIS_00274,EV_0202,INST_017,2026-07-20,Концерт
VIS_03666,EV_0202,INST_017,2026-07-20,Концерт
VIS_02323,EV_0202,INST_017,2026-07-20,Концерт
VIS_00918,EV_0202,INST_017,2026-07-20,Концерт
VIS_04181,EV_0202,INST_017,2026-07-20,Концерт
VIS_04351,EV_0202,INST_017,2026-07-20,Концерт
VIS_04005,EV_0202,INST_017,2026-07-20,Концерт
VIS_03547,EV_0202,INST_017,2026-07-20,Концерт
VIS_00013,EV_0202,INST_017,2026-07-20,Концерт
VIS_02577,EV_0202,INST_017,2026-07-20,Концерт
VIS_00285,EV_0202,INST_017,2026-07-20,Концерт
VIS_04990,EV_0202,INST_017,2026-07-20,Концерт
VIS_02016,EV_0202,INST_017,2026-07-20,Концерт
VIS_01753,EV_0202,INST_017,2026-07-20,Концерт
VIS_03968,EV_0202,INST_017,2026-07-20,Концерт
VIS_02536,EV_0202,INST_017,2026-07-20,Концерт
VIS_00480,EV_0202,INST_017,2026-07-20,Концерт
VIS_00771,EV_0202,INST_017,2026-07-20,Концерт
VIS_03219,EV_0202,INST_017,2026-07-20,Концерт
VIS_04495,EV_0202,INST_017,2026-07-20,Концерт
VIS_02046,EV_0202,INST_017,2026-07-20,Концерт
VIS_02399,EV_0202,INST_017,2026-07-20,Концерт
VIS_03771,EV_0202,INST_017,2026-07-20,Концерт
VIS_02810,EV_0202,INST_017,2026-07-20,Концерт
VIS_02803,EV_0202,INST_017,2026-07-20,Концерт
VIS_00834,EV_0202,INST_017,2026-07-20,Концерт
VIS_04240,EV_0202,INST_017,2026-07-20,Концерт
VIS_00873,EV_0202,INST_017,2026-07-20,Концерт
VIS_04088,EV_0202,INST_017,2026-07-20,Концерт
VIS_04216,EV_0202,INST_017,2026-07-20,Концерт
VIS_03353,EV_0202,INST_017,2026-07-20,Концерт
VIS_04898,EV_0202,INST_017,2026-07-20,Концерт
VIS_00119,EV_0202,INST_017,2026-07-20,Концерт
VIS_04692,EV_0202,INST_017,2026-07-20,Концерт
VIS_04722,EV_0202,INST_017,2026-07-20,Концерт
VIS_01953,EV_0202,INST_017,2026-07-20,Концерт
VIS_01270,EV_0202,INST_017,2026-07-20,Концерт
VIS_00910,EV_0202,INST_017,2026-07-20,Концерт
VIS_02504,EV_0202,INST_017,2026-07-20,Концерт
VIS_00294,EV_0202,INST_017,2026-07-20,Концерт
VIS_04018,EV_0202,INST_017,2026-07-20,Концерт
VIS_00774,EV_0202,INST_017,2026-07-20,Концерт
VIS_04094,EV_0202,INST_017,2026-07-20,Концерт
VIS_03822,EV_0202,INST_017,2026-07-20,Концерт
VIS_04221,EV_0202,INST_017,2026-07-20,Концерт
VIS_00187,EV_0202,INST_017,2026-07-20,Концерт
VIS_02470,EV_0202,INST_017,2026-07-20,Концерт
VIS_02412,EV_0202,INST_017,2026-07-20,Концерт
VIS_02505,EV_0202,INST_017,2026-07-20,Концерт
VIS_03877,EV_0202,INST_017,2026-07-20,Концерт
VIS_04206,EV_0202,INST_017,2026-07-20,Концерт
VIS_00230,EV_0202,INST_017,2026-07-20,Концерт
VIS_00098,EV_0202,INST_017,2026-07-20,Концерт
VIS_03885,EV_0202,INST_017,2026-07-20,Концерт
VIS_00717,EV_0202,INST_017,2026-07-20,Концерт
VIS_03487,EV_0202,INST_017,2026-07-20,Концерт
VIS_00950,EV_0202,INST_017,2026-07-20,Концерт
VIS_03501,EV_0202,INST_017,2026-07-20,Концерт
VIS_01445,EV_0202,INST_017,2026-07-20,Концерт
VIS_00558,EV_0202,INST_017,2026-07-20,Концерт
VIS_04528,EV_0202,INST_017,2026-07-20,Концерт
VIS_04698,EV_0202,INST_017,2026-07-20,Концерт
VIS_02767,EV_0202,INST_017,2026-07-20,Концерт
VIS_00225,EV_0202,INST_017,2026-07-20,Концерт
VIS_02996,EV_0202,INST_017,2026-07-20,Концерт
VIS_02775,EV_0202,INST_017,2026-07-20,Концерт
VIS_04648,EV_0202,INST_017,2026-07-20,Концерт
VIS_01139,EV_0202,INST_017,2026-07-20,Концерт
VIS_00111,EV_0202,INST_017,2026-07-20,Концерт
VIS_03772,EV_0202,INST_017,2026-07-20,Концерт
VIS_03746,EV_0202,INST_017,2026-07-20,Концерт
VIS_04276,EV_0202,INST_017,2026-07-20,Концерт
VIS_03752,EV_0202,INST_017,2026-07-20,Концерт
VIS_03400,EV_0202,INST_017,2026-07-20,Концерт
VIS_01874,EV_0202,INST_017,2026-07-20,Концерт
VIS_03057,EV_0202,INST_017,2026-07-20,Концерт
VIS_01196,EV_0202,INST_017,2026-07-20,Концерт
VIS_03516,EV_0202,INST_017,2026-07-20,Концерт
VIS_01210,EV_0202,INST_017,2026-07-20,Концерт
VIS_03950,EV_0202,INST_017,2026-07-20,Концерт
VIS_04576,EV_0202,INST_017,2026-07-20,Концерт
VIS_02901,EV_0202,INST_017,2026-07-20,Концерт
VIS_04903,EV_0202,INST_017,2026-07-20,Концерт
VIS_04699,EV_0202,INST_017,2026-07-20,Концерт
VIS_02497,EV_0202,INST_017,2026-07-20,Концерт
VIS_02688,EV_0202,INST_017,2026-07-20,Концерт
VIS_00496,EV_0202,INST_017,2026-07-20,Концерт
VIS_01664,EV_0202,INST_017,2026-07-20,Концерт
VIS_03642,EV_0202,INST_017,2026-07-20,Концерт
VIS_02527,EV_0202,INST_017,2026-07-20,Концерт
VIS_00270,EV_0202,INST_017,2026-07-20,Концерт
VIS_01678,EV_0202,INST_017,2026-07-20,Концерт
VIS_03657,EV_0202,INST_017,2026-07-20,Концерт
VIS_00919,EV_0202,INST_017,2026-07-20,Концерт
VIS_01661,EV_0202,INST_017,2026-07-20,Концерт
VIS_00760,EV_0202,INST_017,2026-07-20,Концерт
VIS_03761,EV_0202,INST_017,2026-07-20,Концерт
VIS_00034,EV_0202,INST_017,2026-07-20,Концерт
VIS_04649,EV_0202,INST_017,2026-07-20,Концерт
VIS_00602,EV_0202,INST_017,2026-07-20,Концерт
VIS_01028,EV_0202,INST_017,2026-07-20,Концерт
VIS_01415,EV_0202,INST_017,2026-07-20,Концерт
VIS_04689,EV_0202,INST_017,2026-07-20,Концерт
VIS_00890,EV_0202,INST_017,2026-07-20,Концерт
VIS_04656,EV_0202,INST_017,2026-07-20,Концерт
VIS_02495,EV_0202,INST_017,2026-07-20,Концерт
VIS_00248,EV_0202,INST_017,2026-07-20,Концерт
VIS_00779,EV_0202,INST_017,2026-07-20,Концерт
VIS_01496,EV_0202,INST_017,2026-07-20,Концерт
VIS_00264,EV_0202,INST_017,2026-07-20,Концерт
VIS_03401,EV_0202,INST_017,2026-07-20,Концерт
VIS_02061,EV_0202,INST_017,2026-07-20,Концерт
VIS_01345,EV_0202,INST_017,2026-07-20,Концерт
VIS_01456,EV_0202,INST_017,2026-07-20,Концерт
VIS_01018,EV_0202,INST_017,2026-07-20,Концерт
VIS_01531,EV_0202,INST_017,2026-07-20,Концерт
VIS_04325,EV_0202,INST_017,2026-07-20,Концерт
VIS_02895,EV_0202,INST_017,2026-07-20,Концерт
VIS_04311,EV_0202,INST_017,2026-07-20,Концерт
VIS_04530,EV_0202,INST_017,2026-07-20,Концерт
VIS_03900,EV_0202,INST_017,2026-07-20,Концерт
VIS_01090,EV_0202,INST_017,2026-07-20,Концерт
VIS_04397,EV_0202,INST_017,2026-07-20,Концерт
VIS_02070,EV_0202,INST_017,2026-07-20,Концерт
VIS_01905,EV_0202,INST_017,2026-07-20,Концерт
VIS_00124,EV_0202,INST_017,2026-07-20,Концерт
VIS_02722,EV_0202,INST_017,2026-07-20,Концерт
VIS_04243,EV_0202,INST_017,2026-07-20,Концерт
VIS_00617,EV_0202,INST_017,2026-07-20,Концерт
VIS_02671,EV_0202,INST_017,2026-07-20,Концерт
VIS_04264,EV_0202,INST_017,2026-07-20,Концерт
VIS_02482,EV_0202,INST_017,2026-07-20,Концерт
VIS_03920,EV_0202,INST_017,2026-07-20,Концерт
VIS_00534,EV_0202,INST_017,2026-07-20,Концерт
VIS_02485,EV_0202,INST_017,2026-07-20,Концерт
VIS_04398,EV_0202,INST_017,2026-07-20,Концерт
VIS_03172,EV_0202,INST_017,2026-07-20,Концерт
VIS_01338,EV_0202,INST_017,2026-07-20,Концерт
VIS_01337,EV_0202,INST_017,2026-07-20,Концерт
VIS_03635,EV_0202,INST_017,2026-07-20,Концерт
VIS_03986,EV_0202,INST_017,2026-07-20,Концерт
VIS_02876,EV_0202,INST_017,2026-07-20,Концерт
VIS_01040,EV_0202,INST_017,2026-07-20,Концерт
VIS_04377,EV_0202,INST_017,2026-07-20,Концерт
VIS_00144,EV_0202,INST_017,2026-07-20,Концерт
VIS_03380,EV_0202,INST_017,2026-07-20,Концерт
VIS_04762,EV_0202,INST_017,2026-07-20,Концерт
VIS_04547,EV_0202,INST_017,2026-07-20,Концерт
VIS_02153,EV_0202,INST_017,2026-07-20,Концерт
VIS_01039,EV_0202,INST_017,2026-07-20,Концерт
VIS_01271,EV_0202,INST_017,2026-07-20,Концерт
VIS_01349,EV_0202,INST_017,2026-07-20,Концерт
VIS_02476,EV_0202,INST_017,2026-07-20,Концерт
VIS_02206,EV_0202,INST_017,2026-07-20,Концерт
VIS_01600,EV_0202,INST_017,2026-07-20,Концерт
VIS_01514,EV_0202,INST_017,2026-07-20,Концерт
VIS_00485,EV_0202,INST_017,2026-07-20,Концерт
VIS_04763,EV_0202,INST_017,2026-07-20,Концерт
VIS_03806,EV_0202,INST_017,2026-07-20,Концерт
VIS_02491,EV_0202,INST_017,2026-07-20,Концерт
VIS_03519,EV_0202,INST_017,2026-07-20,Концерт
VIS_04471,EV_0202,INST_017,2026-07-20,Концерт
VIS_00365,EV_0202,INST_017,2026-07-20,Концерт
VIS_01001,EV_0202,INST_017,2026-07-20,Концерт
VIS_04516,EV_0202,INST_017,2026-07-20,Концерт
VIS_03846,EV_0202,INST_017,2026-07-20,Концерт
VIS_03062,EV_0202,INST_017,2026-07-20,Концерт
VIS_04456,EV_0202,INST_017,2026-07-20,Концерт
VIS_02760,EV_0202,INST_017,2026-07-20,Концерт
VIS_00638,EV_0202,INST_017,2026-07-20,Концерт
VIS_00200,EV_0202,INST_017,2026-07-20,Концерт
VIS_02078,EV_0202,INST_017,2026-07-20,Концерт
VIS_00908,EV_0202,INST_017,2026-07-20,Концерт
VIS_02017,EV_0202,INST_017,2026-07-20,Концерт
VIS_03750,EV_0202,INST_017,2026-07-20,Концерт
VIS_02255,EV_0202,INST_017,2026-07-20,Концерт
VIS_01171,EV_0202,INST_017,2026-07-20,Концерт
VIS_02721,EV_0202,INST_017,2026-07-20,Концерт
VIS_04683,EV_0202,INST_017,2026-07-20,Концерт
VIS_01581,EV_0202,INST_017,2026-07-20,Концерт
VIS_03060,EV_0202,INST_017,2026-07-20,Концерт
VIS_01176,EV_0202,INST_017,2026-07-20,Концерт
VIS_04707,EV_0202,INST_017,2026-07-20,Концерт
VIS_00978,EV_0202,INST_017,2026-07-20,Концерт
VIS_03708,EV_0202,INST_017,2026-07-20,Концерт
VIS_00233,EV_0202,INST_017,2026-07-20,Концерт
VIS_02313,EV_0202,INST_017,2026-07-20,Концерт
VIS_01457,EV_0202,INST_017,2026-07-20,Концерт
VIS_02822,EV_0202,INST_017,2026-07-20,Концерт
VIS_00281,EV_0202,INST_017,2026-07-20,Концерт
VIS_03015,EV_0202,INST_017,2026-07-20,Концерт
VIS_04356,EV_0202,INST_017,2026-07-20,Концерт
VIS_00273,EV_0202,INST_017,2026-07-20,Концерт
VIS_02818,EV_0014,INST_001,2026-07-23,Лекция
VIS_03381,EV_0014,INST_001,2026-07-23,Лекция
VIS_04642,EV_0014,INST_001,2026-07-23,Лекция
VIS_00867,EV_0014,INST_001,2026-07-23,Лекция
VIS_02182,EV_0014,INST_001,2026-07-23,Лекция
VIS_04398,EV_0014,INST_001,2026-07-23,Лекция
VIS_01671,EV_0014,INST_001,2026-07-23,Лекция
VIS_02728,EV_0014,INST_001,2026-07-23,Лекция
VIS_01600,EV_0014,INST_001,2026-07-23,Лекция
VIS_01286,EV_0014,INST_001,2026-07-23,Лекция
VIS_01036,EV_0014,INST_001,2026-07-23,Лекция
VIS_03013,EV_0014,INST_001,2026-07-23,Лекция
VIS_02689,EV_0014,INST_001,2026-07-23,Лекция
VIS_03093,EV_0014,INST_001,2026-07-23,Лекция
VIS_03605,EV_0014,INST_001,2026-07-23,Лекция
VIS_01227,EV_0014,INST_001,2026-07-23,Лекция
VIS_04094,EV_0014,INST_001,2026-07-23,Лекция
VIS_02075,EV_0014,INST_001,2026-07-23,Лекция
VIS_04078,EV_0014,INST_001,2026-07-23,Лекция
VIS_00901,EV_0014,INST_001,2026-07-23,Лекция
VIS_01331,EV_0014,INST_001,2026-07-23,Лекция
VIS_02690,EV_0014,INST_001,2026-07-23,Лекция
VIS_01550,EV_0014,INST_001,2026-07-23,Лекция
VIS_03691,EV_0014,INST_001,2026-07-23,Лекция
VIS_03053,EV_0014,INST_001,2026-07-23,Лекция
VIS_02044,EV_0014,INST_001,2026-07-23,Лекция
VIS_02121,EV_0014,INST_001,2026-07-23,Лекция
VIS_04402,EV_0014,INST_001,2026-07-23,Лекция
VIS_03686,EV_0014,INST_001,2026-07-23,Лекция
VIS_04681,EV_0014,INST_001,2026-07-23,Лекция
VIS_04773,EV_0014,INST_001,2026-07-23,Лекция
VIS_02663,EV_0014,INST_001,2026-07-23,Лекция
VIS_02272,EV_0014,INST_001,2026-07-23,Лекция
VIS_02483,EV_0014,INST_001,2026-07-23,Лекция
VIS_03837,EV_0014,INST_001,2026-07-23,Лекция
VIS_00424,EV_0014,INST_001,2026-07-23,Лекция
VIS_03593,EV_0014,INST_001,2026-07-23,Лекция
VIS_00922,EV_0014,INST_001,2026-07-23,Лекция
VIS_02195,EV_0014,INST_001,2026-07-23,Лекция
VIS_02645,EV_0014,INST_001,2026-07-23,Лекция
VIS_01130,EV_0014,INST_001,2026-07-23,Лекция
VIS_04546,EV_0014,INST_001,2026-07-23,Лекция
VIS_00603,EV_0014,INST_001,2026-07-23,Лекция
VIS_00025,EV_0014,INST_001,2026-07-23,Лекция
VIS_01258,EV_0014,INST_001,2026-07-23,Лекция
VIS_01117,EV_0014,INST_001,2026-07-23,Лекция
VIS_00103,EV_0014,INST_001,2026-07-23,Лекция
VIS_01760,EV_0014,INST_001,2026-07-23,Лекция
VIS_00647,EV_0014,INST_001,2026-07-23,Лекция
VIS_01296,EV_0014,INST_001,2026-07-23,Лекция
VIS_01876,EV_0014,INST_001,2026-07-23,Лекция
VIS_02496,EV_0168,INST_014,2026-07-23,Творческая встреча
VIS_03377,EV_0168,INST_014,2026-07-23,Творческая встреча
VIS_02080,EV_0168,INST_014,2026-07-23,Творческая встреча
VIS_00152,EV_0168,INST_014,2026-07-23,Творческая встреча
VIS_04452,EV_0168,INST_014,2026-07-23,Творческая встреча
VIS_03749,EV_0168,INST_014,2026-07-23,Творческая встреча
VIS_03573,EV_0168,INST_014,2026-07-23,Творческая встреча
VIS_02394,EV_0168,INST_014,2026-07-23,Творческая встреча
VIS_02997,EV_0168,INST_014,2026-07-23,Творческая встреча
VIS_02745,EV_0168,INST_014,2026-07-23,Творческая встреча
VIS_04404,EV_0168,INST_014,2026-07-23,Творческая встреча
VIS_02770,EV_0168,INST_014,2026-07-23,Творческая встреча
VIS_02397,EV_0168,INST_014,2026-07-23,Творческая встреча
VIS_00436,EV_0168,INST_014,2026-07-23,Творческая встреча
VIS_00320,EV_0168,INST_014,2026-07-23,Творческая встреча
VIS_01964,EV_0168,INST_014,2026-07-23,Творческая встреча
VIS_03805,EV_0168,INST_014,2026-07-23,Творческая встреча
VIS_01739,EV_0168,INST_014,2026-07-23,Творческая встреча
VIS_01230,EV_0168,INST_014,2026-07-23,Творческая встреча
VIS_01265,EV_0168,INST_014,2026-07-23,Творческая встреча
VIS_02190,EV_0168,INST_014,2026-07-23,Творческая встреча
VIS_00258,EV_0168,INST_014,2026-07-23,Творческая встреча
VIS_04297,EV_0168,INST_014,2026-07-23,Творческая встреча
VIS_01113,EV_0168,INST_014,2026-07-23,Творческая встреча
VIS_04394,EV_0168,INST_014,2026-07-23,Творческая встреча
VIS_01747,EV_0168,INST_014,2026-07-23,Творческая встреча
VIS_00650,EV_0168,INST_014,2026-07-23,Творческая встреча
VIS_00922,EV_0168,INST_014,2026-07-23,Творческая встреча
VIS_03409,EV_0168,INST_014,2026-07-23,Творческая встреча
VIS_03110,EV_0168,INST_014,2026-07-23,Творческая встреча
VIS_00755,EV_0168,INST_014,2026-07-23,Творческая встреча
VIS_01589,EV_0168,INST_014,2026-07-23,Творческая встреча
VIS_03630,EV_0168,INST_014,2026-07-23,Творческая встреча
VIS_00356,EV_0168,INST_014,2026-07-23,Творческая встреча
VIS_02605,EV_0168,INST_014,2026-07-23,Творческая встреча
VIS_00850,EV_0168,INST_014,2026-07-23,Творческая встреча
VIS_03855,EV_0168,INST_014,2026-07-23,Творческая встреча
VIS_00369,EV_0168,INST_014,2026-07-23,Творческая встреча
VIS_02753,EV_0168,INST_014,2026-07-23,Творческая встреча
VIS_00648,EV_0168,INST_014,2026-07-23,Творческая встреча
VIS_00047,EV_0168,INST_014,2026-07-23,Творческая встреча
VIS_00533,EV_0168,INST_014,2026-07-23,Творческая встреча
VIS_02668,EV_0168,INST_014,2026-07-23,Творческая встреча
VIS_01023,EV_0168,INST_014,2026-07-23,Творческая встреча
VIS_04788,EV_0168,INST_014,2026-07-23,Творческая встреча
VIS_02369,EV_0168,INST_014,2026-07-23,Творческая встреча
VIS_03731,EV_0168,INST_014,2026-07-23,Творческая встреча
VIS_03024,EV_0168,INST_014,2026-07-23,Творческая встреча
VIS_02519,EV_0168,INST_014,2026-07-23,Творческая встреча
VIS_01629,EV_0168,INST_014,2026-07-23,Творческая встреча
VIS_01956,EV_0168,INST_014,2026-07-23,Творческая встреча
VIS_01865,EV_0168,INST_014,2026-07-23,Творческая встреча
VIS_04712,EV_0168,INST_014,2026-07-23,Творческая встреча
VIS_04592,EV_0168,INST_014,2026-07-23,Творческая встреча
VIS_04603,EV_0168,INST_014,2026-07-23,Творческая встреча
VIS_00620,EV_0069,INST_006,2026-08-01,Лекция
VIS_01350,EV_0069,INST_006,2026-08-01,Лекция
VIS_01497,EV_0069,INST_006,2026-08-01,Лекция
VIS_00151,EV_0069,INST_006,2026-08-01,Лекция
VIS_03512,EV_0069,INST_006,2026-08-01,Лекция
VIS_00070,EV_0069,INST_006,2026-08-01,Лекция
VIS_03947,EV_0069,INST_006,2026-08-01,Лекция
VIS_03144,EV_0069,INST_006,2026-08-01,Лекция
VIS_02772,EV_0069,INST_006,2026-08-01,Лекция
VIS_01721,EV_0069,INST_006,2026-08-01,Лекция
VIS_04538,EV_0069,INST_006,2026-08-01,Лекция
VIS_03415,EV_0069,INST_006,2026-08-01,Лекция
VIS_00322,EV_0069,INST_006,2026-08-01,Лекция
VIS_02818,EV_0069,INST_006,2026-08-01,Лекция
VIS_04397,EV_0069,INST_006,2026-08-01,Лекция
VIS_00441,EV_0069,INST_006,2026-08-01,Лекция
VIS_01309,EV_0069,INST_006,2026-08-01,Лекция
VIS_00269,EV_0069,INST_006,2026-08-01,Лекция
VIS_04868,EV_0069,INST_006,2026-08-01,Лекция
VIS_00200,EV_0069,INST_006,2026-08-01,Лекция
VIS_01440,EV_0069,INST_006,2026-08-01,Лекция
VIS_04215,EV_0069,INST_006,2026-08-01,Лекция
VIS_03211,EV_0069,INST_006,2026-08-01,Лекция
VIS_00528,EV_0069,INST_006,2026-08-01,Лекция
VIS_04522,EV_0069,INST_006,2026-08-01,Лекция
VIS_01432,EV_0069,INST_006,2026-08-01,Лекция
VIS_04618,EV_0069,INST_006,2026-08-01,Лекция
VIS_00221,EV_0069,INST_006,2026-08-01,Лекция
VIS_01247,EV_0069,INST_006,2026-08-01,Лекция
VIS_04010,EV_0069,INST_006,2026-08-01,Лекция
VIS_01870,EV_0069,INST_006,2026-08-01,Лекция
VIS_02454,EV_0069,INST_006,2026-08-01,Лекция
VIS_00978,EV_0069,INST_006,2026-08-01,Лекция
VIS_03589,EV_0069,INST_006,2026-08-01,Лекция
VIS_03956,EV_0069,INST_006,2026-08-01,Лекция
VIS_04946,EV_0069,INST_006,2026-08-01,Лекция
VIS_02385,EV_0069,INST_006,2026-08-01,Лекция
VIS_04362,EV_0069,INST_006,2026-08-01,Лекция
VIS_04939,EV_0069,INST_006,2026-08-01,Лекция
VIS_04412,EV_0069,INST_006,2026-08-01,Лекция
VIS_04957,EV_0069,INST_006,2026-08-01,Лекция
VIS_01026,EV_0069,INST_006,2026-08-01,Лекция
VIS_03690,EV_0069,INST_006,2026-08-01,Лекция
VIS_01475,EV_0069,INST_006,2026-08-01,Лекция
VIS_00227,EV_0069,INST_006,2026-08-01,Лекция
VIS_02500,EV_0069,INST_006,2026-08-01,Лекция
VIS_03805,EV_0069,INST_006,2026-08-01,Лекция
VIS_01698,EV_0069,INST_006,2026-08-01,Лекция
VIS_01636,EV_0069,INST_006,2026-08-01,Лекция
VIS_03363,EV_0069,INST_006,2026-08-01,Лекция
VIS_04371,EV_0069,INST_006,2026-08-01,Лекция
VIS_04698,EV_0069,INST_006,2026-08-01,Лекция
VIS_04514,EV_0069,INST_006,2026-08-01,Лекция
VIS_00046,EV_0069,INST_006,2026-08-01,Лекция
VIS_03361,EV_0069,INST_006,2026-08-01,Лекция
VIS_00364,EV_0069,INST_006,2026-08-01,Лекция
VIS_04266,EV_0069,INST_006,2026-08-01,Лекция
VIS_04571,EV_0069,INST_006,2026-08-01,Лекция
VIS_00555,EV_0069,INST_006,2026-08-01,Лекция
VIS_04707,EV_0069,INST_006,2026-08-01,Лекция
VIS_01479,EV_0069,INST_006,2026-08-01,Лекция
VIS_04419,EV_0069,INST_006,2026-08-01,Лекция
VIS_02827,EV_0069,INST_006,2026-08-01,Лекция
VIS_04055,EV_0069,INST_006,2026-08-01,Лекция
VIS_02332,EV_0069,INST_006,2026-08-01,Лекция
VIS_04679,EV_0069,INST_006,2026-08-01,Лекция
VIS_00013,EV_0069,INST_006,2026-08-01,Лекция
VIS_00451,EV_0069,INST_006,2026-08-01,Лекция
VIS_01087,EV_0069,INST_006,2026-08-01,Лекция
VIS_00438,EV_0069,INST_006,2026-08-01,Лекция
VIS_02201,EV_0069,INST_006,2026-08-01,Лекция
VIS_03185,EV_0069,INST_006,2026-08-01,Лекция
VIS_04832,EV_0069,INST_006,2026-08-01,Лекция
VIS_04445,EV_0069,INST_006,2026-08-01,Лекция
VIS_02672,EV_0069,INST_006,2026-08-01,Лекция
VIS_04639,EV_0069,INST_006,2026-08-01,Лекция
VIS_02801,EV_0069,INST_006,2026-08-01,Лекция
VIS_04396,EV_0069,INST_006,2026-08-01,Лекция
VIS_01206,EV_0069,INST_006,2026-08-01,Лекция
VIS_03722,EV_0069,INST_006,2026-08-01,Лекция
VIS_03483,EV_0069,INST_006,2026-08-01,Лекция
VIS_00667,EV_0069,INST_006,2026-08-01,Лекция
VIS_00728,EV_0069,INST_006,2026-08-01,Лекция
VIS_01826,EV_0069,INST_006,2026-08-01,Лекция
VIS_03435,EV_0069,INST_006,2026-08-01,Лекция
VIS_02181,EV_0069,INST_006,2026-08-01,Лекция
VIS_02576,EV_0095,INST_007,2026-08-01,Лекция
VIS_00245,EV_0095,INST_007,2026-08-01,Лекция
VIS_01664,EV_0095,INST_007,2026-08-01,Лекция
VIS_00009,EV_0095,INST_007,2026-08-01,Лекция
VIS_01887,EV_0095,INST_007,2026-08-01,Лекция
VIS_02645,EV_0095,INST_007,2026-08-01,Лекция
VIS_00250,EV_0095,INST_007,2026-08-01,Лекция
VIS_01402,EV_0095,INST_007,2026-08-01,Лекция
VIS_00098,EV_0095,INST_007,2026-08-01,Лекция
VIS_02635,EV_0095,INST_007,2026-08-01,Лекция
VIS_03115,EV_0095,INST_007,2026-08-01,Лекция
VIS_03507,EV_0095,INST_007,2026-08-01,Лекция
VIS_03336,EV_0095,INST_007,2026-08-01,Лекция
VIS_00310,EV_0095,INST_007,2026-08-01,Лекция
VIS_01097,EV_0095,INST_007,2026-08-01,Лекция
VIS_04215,EV_0095,INST_007,2026-08-01,Лекция
VIS_00290,EV_0095,INST_007,2026-08-01,Лекция
VIS_01973,EV_0095,INST_007,2026-08-01,Лекция
VIS_03924,EV_0095,INST_007,2026-08-01,Лекция
VIS_01609,EV_0095,INST_007,2026-08-01,Лекция
VIS_04357,EV_0095,INST_007,2026-08-01,Лекция
VIS_01375,EV_0095,INST_007,2026-08-01,Лекция
VIS_03150,EV_0095,INST_007,2026-08-01,Лекция
VIS_01199,EV_0095,INST_007,2026-08-01,Лекция
VIS_03486,EV_0095,INST_007,2026-08-01,Лекция
VIS_03449,EV_0095,INST_007,2026-08-01,Лекция
VIS_00354,EV_0095,INST_007,2026-08-01,Лекция
VIS_01499,EV_0095,INST_007,2026-08-01,Лекция
VIS_00650,EV_0095,INST_007,2026-08-01,Лекция
VIS_00409,EV_0095,INST_007,2026-08-01,Лекция
VIS_04030,EV_0095,INST_007,2026-08-01,Лекция
VIS_01766,EV_0095,INST_007,2026-08-01,Лекция
VIS_04847,EV_0095,INST_007,2026-08-01,Лекция
VIS_00807,EV_0095,INST_007,2026-08-01,Лекция
VIS_03019,EV_0095,INST_007,2026-08-01,Лекция
VIS_04712,EV_0095,INST_007,2026-08-01,Лекция
VIS_01396,EV_0095,INST_007,2026-08-01,Лекция
VIS_02295,EV_0095,INST_007,2026-08-01,Лекция
VIS_01303,EV_0095,INST_007,2026-08-01,Лекция
VIS_01325,EV_0095,INST_007,2026-08-01,Лекция
VIS_04902,EV_0095,INST_007,2026-08-01,Лекция
VIS_03720,EV_0095,INST_007,2026-08-01,Лекция
VIS_01130,EV_0095,INST_007,2026-08-01,Лекция
VIS_02904,EV_0095,INST_007,2026-08-01,Лекция
VIS_01087,EV_0095,INST_007,2026-08-01,Лекция
VIS_04736,EV_0095,INST_007,2026-08-01,Лекция
VIS_00424,EV_0095,INST_007,2026-08-01,Лекция
VIS_02583,EV_0095,INST_007,2026-08-01,Лекция
VIS_02988,EV_0095,INST_007,2026-08-01,Лекция
VIS_02586,EV_0095,INST_007,2026-08-01,Лекция
VIS_01808,EV_0095,INST_007,2026-08-01,Лекция
VIS_01426,EV_0095,INST_007,2026-08-01,Лекция
VIS_03173,EV_0095,INST_007,2026-08-01,Лекция
VIS_01989,EV_0095,INST_007,2026-08-01,Лекция
VIS_04861,EV_0095,INST_007,2026-08-01,Лекция
VIS_02057,EV_0095,INST_007,2026-08-01,Лекция
VIS_01576,EV_0095,INST_007,2026-08-01,Лекция
VIS_00707,EV_0095,INST_007,2026-08-01,Лекция
VIS_01870,EV_0095,INST_007,2026-08-01,Лекция
VIS_04225,EV_0095,INST_007,2026-08-01,Лекция
VIS_04938,EV_0095,INST_007,2026-08-01,Лекция
VIS_04827,EV_0095,INST_007,2026-08-01,Лекция
VIS_03237,EV_0095,INST_007,2026-08-01,Лекция
VIS_02514,EV_0095,INST_007,2026-08-01,Лекция
VIS_01977,EV_0095,INST_007,2026-08-01,Лекция
VIS_04695,EV_0095,INST_007,2026-08-01,Лекция
VIS_03699,EV_0095,INST_007,2026-08-01,Лекция
VIS_02730,EV_0095,INST_007,2026-08-01,Лекция
VIS_03262,EV_0095,INST_007,2026-08-01,Лекция
VIS_00362,EV_0095,INST_007,2026-08-01,Лекция
VIS_04694,EV_0095,INST_007,2026-08-01,Лекция
VIS_00587,EV_0095,INST_007,2026-08-01,Лекция
VIS_04640,EV_0095,INST_007,2026-08-01,Лекция
VIS_01172,EV_0095,INST_007,2026-08-01,Лекция
VIS_00879,EV_0095,INST_007,2026-08-01,Лекция
VIS_04298,EV_0095,INST_007,2026-08-01,Лекция
VIS_04200,EV_0095,INST_007,2026-08-01,Лекция
VIS_01192,EV_0095,INST_007,2026-08-01,Лекция
VIS_00630,EV_0203,INST_017,2026-08-01,Мастер-класс
VIS_04648,EV_0203,INST_017,2026-08-01,Мастер-класс
VIS_04236,EV_0203,INST_017,2026-08-01,Мастер-класс
VIS_00013,EV_0203,INST_017,2026-08-01,Мастер-класс
VIS_00077,EV_0203,INST_017,2026-08-01,Мастер-класс
VIS_00106,EV_0203,INST_017,2026-08-01,Мастер-класс
VIS_03270,EV_0203,INST_017,2026-08-01,Мастер-класс
VIS_04683,EV_0203,INST_017,2026-08-01,Мастер-класс
VIS_02462,EV_0203,INST_017,2026-08-01,Мастер-класс
VIS_04984,EV_0203,INST_017,2026-08-01,Мастер-класс
VIS_01069,EV_0203,INST_017,2026-08-01,Мастер-класс
VIS_03138,EV_0203,INST_017,2026-08-01,Мастер-класс
VIS_02054,EV_0203,INST_017,2026-08-01,Мастер-класс
VIS_02367,EV_0203,INST_017,2026-08-01,Мастер-класс
VIS_02796,EV_0203,INST_017,2026-08-01,Мастер-класс
VIS_02952,EV_0203,INST_017,2026-08-01,Мастер-класс
VIS_04932,EV_0203,INST_017,2026-08-01,Мастер-класс
VIS_01727,EV_0203,INST_017,2026-08-01,Мастер-класс
VIS_01584,EV_0203,INST_017,2026-08-01,Мастер-класс
VIS_01270,EV_0203,INST_017,2026-08-01,Мастер-класс
VIS_04527,EV_0203,INST_017,2026-08-01,Мастер-класс
VIS_03803,EV_0203,INST_017,2026-08-01,Мастер-класс
VIS_02660,EV_0203,INST_017,2026-08-01,Мастер-класс
VIS_04958,EV_0203,INST_017,2026-08-01,Мастер-класс
VIS_02137,EV_0203,INST_017,2026-08-01,Мастер-класс
VIS_02309,EV_0203,INST_017,2026-08-01,Мастер-класс
VIS_00872,EV_0203,INST_017,2026-08-01,Мастер-класс
VIS_00188,EV_0203,INST_017,2026-08-01,Мастер-класс
VIS_01415,EV_0203,INST_017,2026-08-01,Мастер-класс
VIS_02012,EV_0203,INST_017,2026-08-01,Мастер-класс
VIS_04560,EV_0203,INST_017,2026-08-01,Мастер-класс
VIS_01377,EV_0203,INST_017,2026-08-01,Мастер-класс
VIS_03743,EV_0203,INST_017,2026-08-01,Мастер-класс
VIS_04348,EV_0203,INST_017,2026-08-01,Мастер-класс
VIS_03124,EV_0203,INST_017,2026-08-01,Мастер-класс
VIS_00377,EV_0203,INST_017,2026-08-01,Мастер-класс
VIS_04694,EV_0203,INST_017,2026-08-01,Мастер-класс
VIS_03534,EV_0203,INST_017,2026-08-01,Мастер-класс
VIS_02973,EV_0203,INST_017,2026-08-01,Мастер-класс
VIS_03034,EV_0203,INST_017,2026-08-01,Мастер-класс
VIS_02804,EV_0203,INST_017,2026-08-01,Мастер-класс
VIS_03417,EV_0203,INST_017,2026-08-01,Мастер-класс
VIS_01262,EV_0203,INST_017,2026-08-01,Мастер-класс
VIS_01899,EV_0203,INST_017,2026-08-01,Мастер-класс
VIS_04349,EV_0203,INST_017,2026-08-01,Мастер-класс
VIS_03556,EV_0203,INST_017,2026-08-01,Мастер-класс
VIS_03927,EV_0203,INST_017,2026-08-01,Мастер-класс
VIS_03265,EV_0203,INST_017,2026-08-01,Мастер-класс
VIS_01828,EV_0203,INST_017,2026-08-01,Мастер-класс
VIS_03531,EV_0203,INST_017,2026-08-01,Мастер-класс
VIS_01639,EV_0203,INST_017,2026-08-01,Мастер-класс
VIS_00918,EV_0203,INST_017,2026-08-01,Мастер-класс
VIS_01766,EV_0203,INST_017,2026-08-01,Мастер-класс
VIS_01359,EV_0031,INST_002,2026-08-04,Творческая встреча
VIS_02037,EV_0031,INST_002,2026-08-04,Творческая встреча
VIS_00414,EV_0031,INST_002,2026-08-04,Творческая встреча
VIS_01753,EV_0031,INST_002,2026-08-04,Творческая встреча
VIS_00560,EV_0031,INST_002,2026-08-04,Творческая встреча
VIS_03867,EV_0031,INST_002,2026-08-04,Творческая встреча
VIS_03810,EV_0031,INST_002,2026-08-04,Творческая встреча
VIS_02088,EV_0031,INST_002,2026-08-04,Творческая встреча
VIS_02692,EV_0031,INST_002,2026-08-04,Творческая встреча
VIS_01058,EV_0031,INST_002,2026-08-04,Творческая встреча
VIS_03770,EV_0031,INST_002,2026-08-04,Творческая встреча
VIS_00860,EV_0031,INST_002,2026-08-04,Творческая встреча
VIS_04818,EV_0031,INST_002,2026-08-04,Творческая встреча
VIS_01676,EV_0031,INST_002,2026-08-04,Творческая встреча
VIS_00951,EV_0031,INST_002,2026-08-04,Творческая встреча
VIS_04203,EV_0031,INST_002,2026-08-04,Творческая встреча
VIS_00009,EV_0031,INST_002,2026-08-04,Творческая встреча
VIS_03802,EV_0031,INST_002,2026-08-04,Творческая встреча
VIS_00010,EV_0031,INST_002,2026-08-04,Творческая встреча
VIS_04713,EV_0031,INST_002,2026-08-04,Творческая встреча
VIS_02072,EV_0031,INST_002,2026-08-04,Творческая встреча
VIS_04646,EV_0031,INST_002,2026-08-04,Творческая встреча
VIS_03617,EV_0031,INST_002,2026-08-04,Творческая встреча
VIS_04402,EV_0031,INST_002,2026-08-04,Творческая встреча
VIS_02450,EV_0031,INST_002,2026-08-04,Творческая встреча
VIS_00563,EV_0031,INST_002,2026-08-04,Творческая встреча
VIS_02360,EV_0031,INST_002,2026-08-04,Творческая встреча
VIS_02877,EV_0031,INST_002,2026-08-04,Творческая встреча
VIS_00338,EV_0031,INST_002,2026-08-04,Творческая встреча
VIS_01005,EV_0031,INST_002,2026-08-04,Творческая встреча
VIS_01068,EV_0031,INST_002,2026-08-04,Творческая встреча
VIS_01280,EV_0031,INST_002,2026-08-04,Творческая встреча
VIS_02693,EV_0031,INST_002,2026-08-04,Творческая встреча
VIS_01208,EV_0031,INST_002,2026-08-04,Творческая встреча
VIS_02452,EV_0031,INST_002,2026-08-04,Творческая встреча
VIS_01384,EV_0031,INST_002,2026-08-04,Творческая встреча
VIS_02885,EV_0031,INST_002,2026-08-04,Творческая встреча
VIS_02210,EV_0031,INST_002,2026-08-04,Творческая встреча
VIS_04537,EV_0031,INST_002,2026-08-04,Творческая встреча
VIS_03714,EV_0031,INST_002,2026-08-04,Творческая встреча
VIS_02965,EV_0031,INST_002,2026-08-04,Творческая встреча
VIS_02580,EV_0031,INST_002,2026-08-04,Творческая встреча
VIS_00653,EV_0031,INST_002,2026-08-04,Творческая встреча
VIS_03395,EV_0031,INST_002,2026-08-04,Творческая встреча
VIS_02522,EV_0031,INST_002,2026-08-04,Творческая встреча
VIS_04529,EV_0031,INST_002,2026-08-04,Творческая встреча
VIS_03074,EV_0031,INST_002,2026-08-04,Творческая встреча
VIS_02566,EV_0031,INST_002,2026-08-04,Творческая встреча
VIS_03981,EV_0031,INST_002,2026-08-04,Творческая встреча
VIS_01425,EV_0031,INST_002,2026-08-04,Творческая встреча
VIS_00665,EV_0031,INST_002,2026-08-04,Творческая встреча
VIS_01952,EV_0031,INST_002,2026-08-04,Творческая встреча
VIS_02165,EV_0039,INST_003,2026-08-04,Творческая встреча
VIS_01782,EV_0039,INST_003,2026-08-04,Творческая встреча
VIS_00757,EV_0039,INST_003,2026-08-04,Творческая встреча
VIS_02117,EV_0039,INST_003,2026-08-04,Творческая встреча
VIS_04337,EV_0039,INST_003,2026-08-04,Творческая встреча
VIS_03730,EV_0039,INST_003,2026-08-04,Творческая встреча
VIS_00945,EV_0039,INST_003,2026-08-04,Творческая встреча
VIS_00687,EV_0039,INST_003,2026-08-04,Творческая встреча
VIS_02874,EV_0039,INST_003,2026-08-04,Творческая встреча
VIS_01781,EV_0039,INST_003,2026-08-04,Творческая встреча
VIS_04465,EV_0039,INST_003,2026-08-04,Творческая встреча
VIS_00308,EV_0039,INST_003,2026-08-04,Творческая встреча
VIS_00895,EV_0039,INST_003,2026-08-04,Творческая встреча
VIS_02795,EV_0039,INST_003,2026-08-04,Творческая встреча
VIS_00008,EV_0039,INST_003,2026-08-04,Творческая встреча
VIS_02299,EV_0039,INST_003,2026-08-04,Творческая встреча
VIS_01461,EV_0039,INST_003,2026-08-04,Творческая встреча
VIS_01250,EV_0039,INST_003,2026-08-04,Творческая встреча
VIS_02055,EV_0039,INST_003,2026-08-04,Творческая встреча
VIS_01409,EV_0039,INST_003,2026-08-04,Творческая встреча
VIS_01741,EV_0039,INST_003,2026-08-04,Творческая встреча
VIS_01176,EV_0039,INST_003,2026-08-04,Творческая встреча
VIS_04985,EV_0039,INST_003,2026-08-04,Творческая встреча
VIS_03892,EV_0039,INST_003,2026-08-04,Творческая встреча
VIS_00871,EV_0039,INST_003,2026-08-04,Творческая встреча
VIS_03264,EV_0039,INST_003,2026-08-04,Творческая встреча
VIS_04359,EV_0039,INST_003,2026-08-04,Творческая встреча
VIS_03249,EV_0039,INST_003,2026-08-04,Творческая встреча
VIS_03287,EV_0039,INST_003,2026-08-04,Творческая встреча
VIS_02798,EV_0039,INST_003,2026-08-04,Творческая встреча
VIS_03704,EV_0039,INST_003,2026-08-04,Творческая встреча
VIS_02793,EV_0039,INST_003,2026-08-04,Творческая встреча
VIS_02726,EV_0039,INST_003,2026-08-04,Творческая встреча
VIS_03002,EV_0039,INST_003,2026-08-04,Творческая встреча
VIS_03756,EV_0039,INST_003,2026-08-04,Творческая встреча
VIS_03246,EV_0039,INST_003,2026-08-04,Творческая встреча
VIS_00699,EV_0039,INST_003,2026-08-04,Творческая встреча
VIS_02849,EV_0039,INST_003,2026-08-04,Творческая встреча
VIS_02336,EV_0039,INST_003,2026-08-04,Творческая встреча
VIS_01470,EV_0039,INST_003,2026-08-04,Творческая встреча
VIS_03978,EV_0039,INST_003,2026-08-04,Творческая встреча
VIS_02626,EV_0039,INST_003,2026-08-04,Творческая встреча
VIS_02267,EV_0039,INST_003,2026-08-04,Творческая встреча
VIS_01659,EV_0039,INST_003,2026-08-04,Творческая встреча
VIS_02550,EV_0039,INST_003,2026-08-04,Творческая встреча
VIS_03096,EV_0039,INST_003,2026-08-04,Творческая встреча
VIS_03577,EV_0039,INST_003,2026-08-04,Творческая встреча
VIS_02925,EV_0039,INST_003,2026-08-04,Творческая встреча
VIS_04715,EV_0039,INST_003,2026-08-04,Творческая встреча
VIS_03127,EV_0039,INST_003,2026-08-04,Творческая встреча
VIS_04501,EV_0039,INST_003,2026-08-04,Творческая встреча
VIS_02538,EV_0039,INST_003,2026-08-04,Творческая встреча
VIS_03591,EV_0039,INST_003,2026-08-04,Творческая встреча
VIS_02190,EV_0039,INST_003,2026-08-04,Творческая встреча
VIS_02430,EV_0039,INST_003,2026-08-04,Творческая встреча
VIS_03197,EV_0039,INST_003,2026-08-04,Творческая встреча
VIS_04307,EV_0039,INST_003,2026-08-04,Творческая встреча
VIS_04061,EV_0039,INST_003,2026-08-04,Творческая встреча
VIS_03780,EV_0039,INST_003,2026-08-04,Творческая встреча
VIS_02810,EV_0039,INST_003,2026-08-04,Творческая встреча
VIS_02069,EV_0039,INST_003,2026-08-04,Творческая встреча
VIS_04762,EV_0039,INST_003,2026-08-04,Творческая встреча
VIS_04859,EV_0039,INST_003,2026-08-04,Творческая встреча
VIS_01962,EV_0039,INST_003,2026-08-04,Творческая встреча
VIS_03056,EV_0039,INST_003,2026-08-04,Творческая встреча
VIS_01919,EV_0039,INST_003,2026-08-04,Творческая встреча
VIS_04349,EV_0039,INST_003,2026-08-04,Творческая встреча
VIS_02755,EV_0039,INST_003,2026-08-04,Творческая встреча
VIS_00962,EV_0039,INST_003,2026-08-04,Творческая встреча
VIS_00345,EV_0039,INST_003,2026-08-04,Творческая встреча
VIS_00815,EV_0039,INST_003,2026-08-04,Творческая встреча
VIS_00118,EV_0039,INST_003,2026-08-04,Творческая встреча
VIS_04063,EV_0039,INST_003,2026-08-04,Творческая встреча
VIS_02141,EV_0039,INST_003,2026-08-04,Творческая встреча
VIS_00316,EV_0039,INST_003,2026-08-04,Творческая встреча
VIS_04751,EV_0039,INST_003,2026-08-04,Творческая встреча
VIS_01180,EV_0039,INST_003,2026-08-04,Творческая встреча
VIS_04963,EV_0039,INST_003,2026-08-04,Творческая встреча
VIS_04891,EV_0039,INST_003,2026-08-04,Творческая встреча
VIS_00592,EV_0039,INST_003,2026-08-04,Творческая встреча
VIS_00652,EV_0039,INST_003,2026-08-04,Творческая встреча
VIS_03291,EV_0039,INST_003,2026-08-04,Творческая встреча
VIS_04200,EV_0039,INST_003,2026-08-04,Творческая встреча
VIS_01184,EV_0039,INST_003,2026-08-04,Творческая встреча
VIS_02983,EV_0039,INST_003,2026-08-04,Творческая встреча
VIS_01408,EV_0039,INST_003,2026-08-04,Творческая встреча
VIS_04622,EV_0039,INST_003,2026-08-04,Творческая встреча
VIS_02006,EV_0039,INST_003,2026-08-04,Творческая встреча
VIS_00291,EV_0039,INST_003,2026-08-04,Творческая встреча
VIS_02955,EV_0039,INST_003,2026-08-04,Творческая встреча
VIS_01605,EV_0039,INST_003,2026-08-04,Творческая встреча
VIS_04461,EV_0039,INST_003,2026-08-04,Творческая встреча
VIS_02895,EV_0039,INST_003,2026-08-04,Творческая встреча
VIS_02004,EV_0039,INST_003,2026-08-04,Творческая встреча
VIS_02427,EV_0039,INST_003,2026-08-04,Творческая встреча
VIS_04333,EV_0121,INST_010,2026-08-04,Лекция
VIS_02294,EV_0121,INST_010,2026-08-04,Лекция
VIS_03627,EV_0121,INST_010,2026-08-04,Лекция
VIS_01130,EV_0121,INST_010,2026-08-04,Лекция
VIS_00876,EV_0121,INST_010,2026-08-04,Лекция
VIS_04530,EV_0121,INST_010,2026-08-04,Лекция
VIS_00387,EV_0121,INST_010,2026-08-04,Лекция
VIS_04407,EV_0121,INST_010,2026-08-04,Лекция
VIS_03051,EV_0121,INST_010,2026-08-04,Лекция
VIS_00022,EV_0121,INST_010,2026-08-04,Лекция
VIS_02239,EV_0121,INST_010,2026-08-04,Лекция
VIS_00770,EV_0121,INST_010,2026-08-04,Лекция
VIS_04204,EV_0121,INST_010,2026-08-04,Лекция
VIS_02688,EV_0121,INST_010,2026-08-04,Лекция
VIS_00532,EV_0121,INST_010,2026-08-04,Лекция
VIS_01738,EV_0121,INST_010,2026-08-04,Лекция
VIS_03610,EV_0121,INST_010,2026-08-04,Лекция
VIS_01293,EV_0121,INST_010,2026-08-04,Лекция
VIS_02254,EV_0121,INST_010,2026-08-04,Лекция
VIS_05000,EV_0121,INST_010,2026-08-04,Лекция
VIS_04190,EV_0121,INST_010,2026-08-04,Лекция
VIS_00177,EV_0121,INST_010,2026-08-04,Лекция
VIS_03236,EV_0121,INST_010,2026-08-04,Лекция
VIS_04567,EV_0121,INST_010,2026-08-04,Лекция
VIS_02371,EV_0121,INST_010,2026-08-04,Лекция
VIS_03760,EV_0121,INST_010,2026-08-04,Лекция
VIS_01547,EV_0121,INST_010,2026-08-04,Лекция
VIS_02974,EV_0121,INST_010,2026-08-04,Лекция
VIS_04785,EV_0121,INST_010,2026-08-04,Лекция
VIS_04383,EV_0121,INST_010,2026-08-04,Лекция
VIS_03465,EV_0121,INST_010,2026-08-04,Лекция
VIS_03488,EV_0121,INST_010,2026-08-04,Лекция
VIS_04178,EV_0121,INST_010,2026-08-04,Лекция
VIS_04011,EV_0121,INST_010,2026-08-04,Лекция
VIS_03757,EV_0121,INST_010,2026-08-04,Лекция
VIS_00124,EV_0121,INST_010,2026-08-04,Лекция
VIS_00665,EV_0121,INST_010,2026-08-04,Лекция
VIS_02913,EV_0121,INST_010,2026-08-04,Лекция
VIS_03965,EV_0121,INST_010,2026-08-04,Лекция
VIS_04478,EV_0121,INST_010,2026-08-04,Лекция
VIS_03934,EV_0121,INST_010,2026-08-04,Лекция
VIS_04485,EV_0121,INST_010,2026-08-04,Лекция
VIS_00521,EV_0121,INST_010,2026-08-04,Лекция
VIS_03797,EV_0121,INST_010,2026-08-04,Лекция
VIS_01512,EV_0121,INST_010,2026-08-04,Лекция
VIS_01095,EV_0121,INST_010,2026-08-04,Лекция
VIS_04554,EV_0121,INST_010,2026-08-04,Лекция
VIS_03150,EV_0121,INST_010,2026-08-04,Лекция
VIS_04434,EV_0121,INST_010,2026-08-04,Лекция
VIS_03344,EV_0121,INST_010,2026-08-04,Лекция
VIS_04051,EV_0121,INST_010,2026-08-04,Лекция
VIS_03882,EV_0121,INST_010,2026-08-04,Лекция
VIS_00529,EV_0121,INST_010,2026-08-04,Лекция
VIS_03132,EV_0121,INST_010,2026-08-04,Лекция
VIS_04390,EV_0121,INST_010,2026-08-04,Лекция
VIS_03737,EV_0121,INST_010,2026-08-04,Лекция
VIS_00403,EV_0121,INST_010,2026-08-04,Лекция
VIS_03088,EV_0121,INST_010,2026-08-04,Лекция
VIS_04944,EV_0121,INST_010,2026-08-04,Лекция
VIS_04288,EV_0121,INST_010,2026-08-04,Лекция
VIS_00101,EV_0121,INST_010,2026-08-04,Лекция
VIS_02359,EV_0121,INST_010,2026-08-04,Лекция
VIS_03497,EV_0121,INST_010,2026-08-04,Лекция
VIS_03690,EV_0121,INST_010,2026-08-04,Лекция
VIS_00813,EV_0121,INST_010,2026-08-04,Лекция
VIS_00107,EV_0121,INST_010,2026-08-04,Лекция
VIS_01485,EV_0121,INST_010,2026-08-04,Лекция
VIS_04466,EV_0121,INST_010,2026-08-04,Лекция
VIS_03624,EV_0121,INST_010,2026-08-04,Лекция
VIS_04853,EV_0121,INST_010,2026-08-04,Лекция
VIS_01780,EV_0121,INST_010,2026-08-04,Лекция
VIS_00007,EV_0121,INST_010,2026-08-04,Лекция
VIS_00816,EV_0121,INST_010,2026-08-04,Лекция
VIS_00186,EV_0121,INST_010,2026-08-04,Лекция
VIS_02168,EV_0121,INST_010,2026-08-04,Лекция
VIS_03329,EV_0169,INST_014,2026-08-04,Лекция
VIS_00356,EV_0169,INST_014,2026-08-04,Лекция
VIS_00042,EV_0169,INST_014,2026-08-04,Лекция
VIS_01196,EV_0169,INST_014,2026-08-04,Лекция
VIS_04580,EV_0169,INST_014,2026-08-04,Лекция
VIS_01727,EV_0169,INST_014,2026-08-04,Лекция
VIS_03749,EV_0169,INST_014,2026-08-04,Лекция
VIS_01944,EV_0169,INST_014,2026-08-04,Лекция
VIS_03377,EV_0169,INST_014,2026-08-04,Лекция
VIS_02668,EV_0169,INST_014,2026-08-04,Лекция
VIS_03903,EV_0169,INST_014,2026-08-04,Лекция
VIS_00047,EV_0169,INST_014,2026-08-04,Лекция
VIS_00258,EV_0169,INST_014,2026-08-04,Лекция
VIS_02859,EV_0169,INST_014,2026-08-04,Лекция
VIS_03731,EV_0169,INST_014,2026-08-04,Лекция
VIS_02524,EV_0169,INST_014,2026-08-04,Лекция
VIS_03368,EV_0169,INST_014,2026-08-04,Лекция
VIS_04719,EV_0169,INST_014,2026-08-04,Лекция
VIS_02129,EV_0169,INST_014,2026-08-04,Лекция
VIS_04022,EV_0169,INST_014,2026-08-04,Лекция
VIS_00064,EV_0169,INST_014,2026-08-04,Лекция
VIS_03869,EV_0169,INST_014,2026-08-04,Лекция
VIS_01242,EV_0169,INST_014,2026-08-04,Лекция
VIS_03227,EV_0169,INST_014,2026-08-04,Лекция
VIS_03796,EV_0169,INST_014,2026-08-04,Лекция
VIS_02426,EV_0169,INST_014,2026-08-04,Лекция
VIS_02009,EV_0169,INST_014,2026-08-04,Лекция
VIS_02088,EV_0169,INST_014,2026-08-04,Лекция
VIS_00644,EV_0169,INST_014,2026-08-04,Лекция
VIS_00552,EV_0169,INST_014,2026-08-04,Лекция
VIS_01233,EV_0169,INST_014,2026-08-04,Лекция
VIS_04440,EV_0169,INST_014,2026-08-04,Лекция
VIS_02148,EV_0169,INST_014,2026-08-04,Лекция
VIS_01258,EV_0169,INST_014,2026-08-04,Лекция
VIS_00664,EV_0169,INST_014,2026-08-04,Лекция
VIS_02458,EV_0169,INST_014,2026-08-04,Лекция
VIS_00677,EV_0169,INST_014,2026-08-04,Лекция
VIS_02560,EV_0169,INST_014,2026-08-04,Лекция
VIS_04742,EV_0169,INST_014,2026-08-04,Лекция
VIS_01332,EV_0169,INST_014,2026-08-04,Лекция
VIS_03957,EV_0169,INST_014,2026-08-04,Лекция
VIS_01827,EV_0169,INST_014,2026-08-04,Лекция
VIS_01770,EV_0169,INST_014,2026-08-04,Лекция
VIS_03925,EV_0169,INST_014,2026-08-04,Лекция
VIS_02379,EV_0169,INST_014,2026-08-04,Лекция
VIS_02313,EV_0169,INST_014,2026-08-04,Лекция
VIS_02941,EV_0169,INST_014,2026-08-04,Лекция
VIS_03401,EV_0169,INST_014,2026-08-04,Лекция
VIS_01477,EV_0169,INST_014,2026-08-04,Лекция
VIS_03781,EV_0169,INST_014,2026-08-04,Лекция
VIS_03214,EV_0169,INST_014,2026-08-04,Лекция
VIS_04320,EV_0169,INST_014,2026-08-04,Лекция
VIS_01103,EV_0169,INST_014,2026-08-04,Лекция
VIS_04492,EV_0169,INST_014,2026-08-04,Лекция
VIS_03665,EV_0169,INST_014,2026-08-04,Лекция
VIS_04479,EV_0169,INST_014,2026-08-04,Лекция
VIS_01155,EV_0169,INST_014,2026-08-04,Лекция
VIS_02209,EV_0169,INST_014,2026-08-04,Лекция
VIS_01691,EV_0169,INST_014,2026-08-04,Лекция
VIS_02174,EV_0169,INST_014,2026-08-04,Лекция
VIS_03937,EV_0169,INST_014,2026-08-04,Лекция
VIS_00011,EV_0169,INST_014,2026-08-04,Лекция
VIS_00740,EV_0169,INST_014,2026-08-04,Лекция
VIS_02035,EV_0169,INST_014,2026-08-04,Лекция
VIS_02258,EV_0169,INST_014,2026-08-04,Лекция
VIS_01280,EV_0169,INST_014,2026-08-04,Лекция
VIS_00601,EV_0169,INST_014,2026-08-04,Лекция
VIS_03889,EV_0169,INST_014,2026-08-04,Лекция
VIS_04052,EV_0169,INST_014,2026-08-04,Лекция
VIS_04572,EV_0169,INST_014,2026-08-04,Лекция
VIS_04975,EV_0169,INST_014,2026-08-04,Лекция
VIS_01258,EV_0015,INST_001,2026-08-07,Лекция
VIS_02454,EV_0015,INST_001,2026-08-07,Лекция
VIS_00086,EV_0015,INST_001,2026-08-07,Лекция
VIS_01770,EV_0015,INST_001,2026-08-07,Лекция
VIS_02036,EV_0015,INST_001,2026-08-07,Лекция
VIS_02164,EV_0015,INST_001,2026-08-07,Лекция
VIS_04269,EV_0015,INST_001,2026-08-07,Лекция
VIS_01795,EV_0015,INST_001,2026-08-07,Лекция
VIS_01608,EV_0015,INST_001,2026-08-07,Лекция
VIS_01388,EV_0015,INST_001,2026-08-07,Лекция
VIS_04886,EV_0015,INST_001,2026-08-07,Лекция
VIS_03065,EV_0015,INST_001,2026-08-07,Лекция
VIS_01719,EV_0015,INST_001,2026-08-07,Лекция
VIS_01416,EV_0015,INST_001,2026-08-07,Лекция
VIS_01979,EV_0015,INST_001,2026-08-07,Лекция
VIS_00351,EV_0015,INST_001,2026-08-07,Лекция
VIS_00781,EV_0015,INST_001,2026-08-07,Лекция
VIS_03457,EV_0015,INST_001,2026-08-07,Лекция
VIS_01256,EV_0015,INST_001,2026-08-07,Лекция
VIS_00836,EV_0015,INST_001,2026-08-07,Лекция
VIS_01760,EV_0015,INST_001,2026-08-07,Лекция
VIS_02353,EV_0015,INST_001,2026-08-07,Лекция
VIS_04659,EV_0015,INST_001,2026-08-07,Лекция
VIS_00081,EV_0015,INST_001,2026-08-07,Лекция
VIS_03438,EV_0015,INST_001,2026-08-07,Лекция
VIS_02685,EV_0015,INST_001,2026-08-07,Лекция
VIS_01920,EV_0015,INST_001,2026-08-07,Лекция
VIS_01415,EV_0015,INST_001,2026-08-07,Лекция
VIS_00974,EV_0015,INST_001,2026-08-07,Лекция
VIS_02820,EV_0015,INST_001,2026-08-07,Лекция
VIS_04627,EV_0015,INST_001,2026-08-07,Лекция
VIS_02881,EV_0015,INST_001,2026-08-07,Лекция
VIS_01755,EV_0015,INST_001,2026-08-07,Лекция
VIS_01640,EV_0015,INST_001,2026-08-07,Лекция
VIS_02651,EV_0015,INST_001,2026-08-07,Лекция
VIS_00290,EV_0015,INST_001,2026-08-07,Лекция
VIS_03567,EV_0015,INST_001,2026-08-07,Лекция
VIS_02319,EV_0015,INST_001,2026-08-07,Лекция
VIS_01768,EV_0015,INST_001,2026-08-07,Лекция
VIS_04943,EV_0015,INST_001,2026-08-07,Лекция
VIS_04469,EV_0015,INST_001,2026-08-07,Лекция
VIS_03563,EV_0015,INST_001,2026-08-07,Лекция
VIS_01094,EV_0015,INST_001,2026-08-07,Лекция
VIS_00489,EV_0015,INST_001,2026-08-07,Лекция
VIS_04657,EV_0015,INST_001,2026-08-07,Лекция
VIS_00566,EV_0015,INST_001,2026-08-07,Лекция
VIS_01492,EV_0015,INST_001,2026-08-07,Лекция
VIS_04756,EV_0015,INST_001,2026-08-07,Лекция
VIS_00569,EV_0015,INST_001,2026-08-07,Лекция
VIS_02962,EV_0015,INST_001,2026-08-07,Лекция
VIS_02593,EV_0015,INST_001,2026-08-07,Лекция
VIS_03710,EV_0015,INST_001,2026-08-07,Лекция
VIS_01747,EV_0015,INST_001,2026-08-07,Лекция
VIS_02530,EV_0015,INST_001,2026-08-07,Лекция
VIS_04900,EV_0015,INST_001,2026-08-07,Лекция
VIS_04752,EV_0015,INST_001,2026-08-07,Лекция
VIS_01580,EV_0015,INST_001,2026-08-07,Лекция
VIS_01655,EV_0015,INST_001,2026-08-07,Лекция
VIS_03237,EV_0015,INST_001,2026-08-07,Лекция
VIS_04117,EV_0015,INST_001,2026-08-07,Лекция
VIS_03519,EV_0015,INST_001,2026-08-07,Лекция
VIS_01890,EV_0015,INST_001,2026-08-07,Лекция
VIS_01809,EV_0015,INST_001,2026-08-07,Лекция
VIS_01544,EV_0132,INST_011,2026-08-09,Выставка
VIS_04903,EV_0132,INST_011,2026-08-09,Выставка
VIS_04917,EV_0132,INST_011,2026-08-09,Выставка
VIS_03012,EV_0132,INST_011,2026-08-09,Выставка
VIS_00802,EV_0132,INST_011,2026-08-09,Выставка
VIS_02515,EV_0132,INST_011,2026-08-09,Выставка
VIS_03318,EV_0132,INST_011,2026-08-09,Выставка
VIS_01625,EV_0132,INST_011,2026-08-09,Выставка
VIS_04479,EV_0132,INST_011,2026-08-09,Выставка
VIS_01486,EV_0132,INST_011,2026-08-09,Выставка
VIS_00438,EV_0132,INST_011,2026-08-09,Выставка
VIS_01070,EV_0132,INST_011,2026-08-09,Выставка
VIS_02981,EV_0132,INST_011,2026-08-09,Выставка
VIS_01155,EV_0132,INST_011,2026-08-09,Выставка
VIS_00291,EV_0132,INST_011,2026-08-09,Выставка
VIS_00204,EV_0132,INST_011,2026-08-09,Выставка
VIS_03294,EV_0132,INST_011,2026-08-09,Выставка
VIS_04842,EV_0132,INST_011,2026-08-09,Выставка
VIS_03389,EV_0132,INST_011,2026-08-09,Выставка
VIS_02212,EV_0132,INST_011,2026-08-09,Выставка
VIS_02489,EV_0132,INST_011,2026-08-09,Выставка
VIS_00327,EV_0132,INST_011,2026-08-09,Выставка
VIS_02819,EV_0132,INST_011,2026-08-09,Выставка
VIS_00700,EV_0132,INST_011,2026-08-09,Выставка
VIS_02016,EV_0132,INST_011,2026-08-09,Выставка
VIS_02474,EV_0132,INST_011,2026-08-09,Выставка
VIS_04694,EV_0132,INST_011,2026-08-09,Выставка
VIS_03404,EV_0132,INST_011,2026-08-09,Выставка
VIS_04347,EV_0132,INST_011,2026-08-09,Выставка
VIS_01087,EV_0132,INST_011,2026-08-09,Выставка
VIS_03607,EV_0132,INST_011,2026-08-09,Выставка
VIS_01841,EV_0132,INST_011,2026-08-09,Выставка
VIS_01246,EV_0132,INST_011,2026-08-09,Выставка
VIS_01627,EV_0132,INST_011,2026-08-09,Выставка
VIS_04592,EV_0132,INST_011,2026-08-09,Выставка
VIS_01392,EV_0132,INST_011,2026-08-09,Выставка
VIS_04313,EV_0132,INST_011,2026-08-09,Выставка
VIS_00968,EV_0132,INST_011,2026-08-09,Выставка
VIS_03683,EV_0132,INST_011,2026-08-09,Выставка
VIS_02774,EV_0132,INST_011,2026-08-09,Выставка
VIS_04248,EV_0132,INST_011,2026-08-09,Выставка
VIS_02374,EV_0132,INST_011,2026-08-09,Выставка
VIS_02613,EV_0132,INST_011,2026-08-09,Выставка
VIS_00974,EV_0132,INST_011,2026-08-09,Выставка
VIS_04882,EV_0132,INST_011,2026-08-09,Выставка
VIS_01483,EV_0220,INST_018,2026-08-13,Лекция
VIS_00185,EV_0220,INST_018,2026-08-13,Лекция
VIS_01563,EV_0220,INST_018,2026-08-13,Лекция
VIS_00110,EV_0220,INST_018,2026-08-13,Лекция
VIS_01761,EV_0220,INST_018,2026-08-13,Лекция
VIS_00545,EV_0220,INST_018,2026-08-13,Лекция
VIS_02111,EV_0220,INST_018,2026-08-13,Лекция
VIS_04164,EV_0220,INST_018,2026-08-13,Лекция
VIS_02704,EV_0220,INST_018,2026-08-13,Лекция
VIS_04071,EV_0220,INST_018,2026-08-13,Лекция
VIS_04470,EV_0220,INST_018,2026-08-13,Лекция
VIS_03760,EV_0220,INST_018,2026-08-13,Лекция
VIS_01654,EV_0220,INST_018,2026-08-13,Лекция
VIS_01867,EV_0220,INST_018,2026-08-13,Лекция
VIS_01825,EV_0220,INST_018,2026-08-13,Лекция
VIS_01021,EV_0220,INST_018,2026-08-13,Лекция
VIS_04616,EV_0220,INST_018,2026-08-13,Лекция
VIS_04087,EV_0220,INST_018,2026-08-13,Лекция
VIS_02244,EV_0220,INST_018,2026-08-13,Лекция
VIS_00169,EV_0220,INST_018,2026-08-13,Лекция
VIS_04169,EV_0220,INST_018,2026-08-13,Лекция
VIS_02424,EV_0220,INST_018,2026-08-13,Лекция
VIS_01050,EV_0220,INST_018,2026-08-13,Лекция
VIS_02614,EV_0220,INST_018,2026-08-13,Лекция
VIS_00055,EV_0220,INST_018,2026-08-13,Лекция
VIS_02380,EV_0220,INST_018,2026-08-13,Лекция
VIS_01847,EV_0220,INST_018,2026-08-13,Лекция
VIS_04161,EV_0220,INST_018,2026-08-13,Лекция
VIS_01353,EV_0220,INST_018,2026-08-13,Лекция
VIS_02838,EV_0220,INST_018,2026-08-13,Лекция
VIS_04056,EV_0220,INST_018,2026-08-13,Лекция
VIS_04012,EV_0220,INST_018,2026-08-13,Лекция
VIS_02942,EV_0220,INST_018,2026-08-13,Лекция
VIS_00534,EV_0220,INST_018,2026-08-13,Лекция
VIS_02596,EV_0220,INST_018,2026-08-13,Лекция
VIS_03142,EV_0220,INST_018,2026-08-13,Лекция
VIS_03386,EV_0220,INST_018,2026-08-13,Лекция
VIS_00873,EV_0220,INST_018,2026-08-13,Лекция
VIS_01145,EV_0220,INST_018,2026-08-13,Лекция
VIS_00780,EV_0220,INST_018,2026-08-13,Лекция
VIS_04077,EV_0220,INST_018,2026-08-13,Лекция
VIS_00315,EV_0220,INST_018,2026-08-13,Лекция
VIS_03057,EV_0220,INST_018,2026-08-13,Лекция
VIS_01276,EV_0220,INST_018,2026-08-13,Лекция
VIS_03675,EV_0220,INST_018,2026-08-13,Лекция
VIS_00994,EV_0220,INST_018,2026-08-13,Лекция
VIS_00075,EV_0220,INST_018,2026-08-13,Лекция
VIS_00600,EV_0220,INST_018,2026-08-13,Лекция
VIS_03104,EV_0220,INST_018,2026-08-13,Лекция
VIS_01837,EV_0220,INST_018,2026-08-13,Лекция
VIS_04894,EV_0220,INST_018,2026-08-13,Лекция
VIS_03829,EV_0220,INST_018,2026-08-13,Лекция
VIS_02599,EV_0220,INST_018,2026-08-13,Лекция
VIS_00697,EV_0220,INST_018,2026-08-13,Лекция
VIS_04795,EV_0220,INST_018,2026-08-13,Лекция
VIS_02687,EV_0220,INST_018,2026-08-13,Лекция
VIS_02417,EV_0220,INST_018,2026-08-13,Лекция
VIS_01132,EV_0220,INST_018,2026-08-13,Лекция
VIS_01272,EV_0220,INST_018,2026-08-13,Лекция
VIS_03619,EV_0220,INST_018,2026-08-13,Лекция
VIS_03928,EV_0220,INST_018,2026-08-13,Лекция
VIS_00766,EV_0220,INST_018,2026-08-13,Лекция
VIS_01512,EV_0220,INST_018,2026-08-13,Лекция
VIS_00025,EV_0220,INST_018,2026-08-13,Лекция
VIS_01982,EV_0220,INST_018,2026-08-13,Лекция
VIS_03703,EV_0220,INST_018,2026-08-13,Лекция
VIS_04548,EV_0220,INST_018,2026-08-13,Лекция
VIS_01468,EV_0220,INST_018,2026-08-13,Лекция
VIS_03770,EV_0220,INST_018,2026-08-13,Лекция
VIS_03432,EV_0220,INST_018,2026-08-13,Лекция
VIS_00105,EV_0220,INST_018,2026-08-13,Лекция
VIS_04298,EV_0220,INST_018,2026-08-13,Лекция
VIS_04924,EV_0220,INST_018,2026-08-13,Лекция
VIS_04337,EV_0220,INST_018,2026-08-13,Лекция
VIS_04427,EV_0220,INST_018,2026-08-13,Лекция
VIS_02158,EV_0220,INST_018,2026-08-13,Лекция
VIS_04523,EV_0220,INST_018,2026-08-13,Лекция
VIS_01949,EV_0220,INST_018,2026-08-13,Лекция
VIS_00718,EV_0220,INST_018,2026-08-13,Лекция
VIS_01407,EV_0220,INST_018,2026-08-13,Лекция
VIS_01259,EV_0220,INST_018,2026-08-13,Лекция
VIS_00588,EV_0220,INST_018,2026-08-13,Лекция
VIS_04433,EV_0220,INST_018,2026-08-13,Лекция
VIS_01926,EV_0220,INST_018,2026-08-13,Лекция
VIS_01546,EV_0220,INST_018,2026-08-13,Лекция
VIS_00402,EV_0220,INST_018,2026-08-13,Лекция
VIS_03827,EV_0220,INST_018,2026-08-13,Лекция
VIS_02945,EV_0220,INST_018,2026-08-13,Лекция
VIS_04679,EV_0220,INST_018,2026-08-13,Лекция
VIS_02862,EV_0220,INST_018,2026-08-13,Лекция
VIS_02520,EV_0220,INST_018,2026-08-13,Лекция
VIS_04464,EV_0220,INST_018,2026-08-13,Лекция
VIS_02422,EV_0220,INST_018,2026-08-13,Лекция
VIS_03784,EV_0220,INST_018,2026-08-13,Лекция
VIS_00431,EV_0220,INST_018,2026-08-13,Лекция
VIS_04256,EV_0220,INST_018,2026-08-13,Лекция
VIS_02185,EV_0220,INST_018,2026-08-13,Лекция
VIS_01744,EV_0220,INST_018,2026-08-13,Лекция
VIS_01988,EV_0096,INST_007,2026-08-14,Лекция
VIS_02395,EV_0096,INST_007,2026-08-14,Лекция
VIS_01381,EV_0096,INST_007,2026-08-14,Лекция
VIS_04698,EV_0096,INST_007,2026-08-14,Лекция
VIS_00096,EV_0096,INST_007,2026-08-14,Лекция
VIS_03192,EV_0096,INST_007,2026-08-14,Лекция
VIS_02919,EV_0096,INST_007,2026-08-14,Лекция
VIS_03775,EV_0096,INST_007,2026-08-14,Лекция
VIS_00923,EV_0096,INST_007,2026-08-14,Лекция
VIS_01476,EV_0096,INST_007,2026-08-14,Лекция
VIS_02606,EV_0096,INST_007,2026-08-14,Лекция
VIS_00510,EV_0096,INST_007,2026-08-14,Лекция
VIS_04715,EV_0096,INST_007,2026-08-14,Лекция
VIS_02454,EV_0096,INST_007,2026-08-14,Лекция
VIS_03351,EV_0096,INST_007,2026-08-14,Лекция
VIS_01134,EV_0096,INST_007,2026-08-14,Лекция
VIS_02008,EV_0096,INST_007,2026-08-14,Лекция
VIS_00816,EV_0096,INST_007,2026-08-14,Лекция
VIS_02635,EV_0096,INST_007,2026-08-14,Лекция
VIS_03042,EV_0096,INST_007,2026-08-14,Лекция
VIS_02586,EV_0096,INST_007,2026-08-14,Лекция
VIS_02488,EV_0096,INST_007,2026-08-14,Лекция
VIS_03237,EV_0096,INST_007,2026-08-14,Лекция
VIS_02033,EV_0096,INST_007,2026-08-14,Лекция
VIS_04834,EV_0096,INST_007,2026-08-14,Лекция
VIS_04285,EV_0096,INST_007,2026-08-14,Лекция
VIS_04324,EV_0096,INST_007,2026-08-14,Лекция
VIS_01032,EV_0096,INST_007,2026-08-14,Лекция
VIS_03400,EV_0096,INST_007,2026-08-14,Лекция
VIS_01097,EV_0096,INST_007,2026-08-14,Лекция
VIS_02517,EV_0096,INST_007,2026-08-14,Лекция
VIS_00997,EV_0096,INST_007,2026-08-14,Лекция
VIS_01877,EV_0096,INST_007,2026-08-14,Лекция
VIS_04515,EV_0096,INST_007,2026-08-14,Лекция
VIS_04814,EV_0096,INST_007,2026-08-14,Лекция
VIS_03769,EV_0096,INST_007,2026-08-14,Лекция
VIS_03018,EV_0096,INST_007,2026-08-14,Лекция
VIS_01429,EV_0096,INST_007,2026-08-14,Лекция
VIS_02242,EV_0096,INST_007,2026-08-14,Лекция
VIS_01882,EV_0096,INST_007,2026-08-14,Лекция
VIS_04467,EV_0096,INST_007,2026-08-14,Лекция
VIS_03392,EV_0096,INST_007,2026-08-14,Лекция
VIS_03280,EV_0096,INST_007,2026-08-14,Лекция
VIS_04794,EV_0096,INST_007,2026-08-14,Лекция
VIS_02046,EV_0096,INST_007,2026-08-14,Лекция
VIS_01185,EV_0096,INST_007,2026-08-14,Лекция
VIS_04806,EV_0096,INST_007,2026-08-14,Лекция
VIS_03638,EV_0096,INST_007,2026-08-14,Лекция
VIS_01888,EV_0096,INST_007,2026-08-14,Лекция
VIS_03168,EV_0096,INST_007,2026-08-14,Лекция
VIS_04261,EV_0096,INST_007,2026-08-14,Лекция
VIS_01472,EV_0096,INST_007,2026-08-14,Лекция
VIS_01075,EV_0096,INST_007,2026-08-14,Лекция
VIS_03975,EV_0096,INST_007,2026-08-14,Лекция
VIS_01467,EV_0096,INST_007,2026-08-14,Лекция
VIS_01251,EV_0096,INST_007,2026-08-14,Лекция
VIS_00896,EV_0096,INST_007,2026-08-14,Лекция
VIS_00383,EV_0096,INST_007,2026-08-14,Лекция
VIS_03790,EV_0096,INST_007,2026-08-14,Лекция
VIS_02408,EV_0096,INST_007,2026-08-14,Лекция
VIS_00851,EV_0096,INST_007,2026-08-14,Лекция
VIS_03672,EV_0096,INST_007,2026-08-14,Лекция
VIS_00272,EV_0096,INST_007,2026-08-14,Лекция
VIS_02492,EV_0096,INST_007,2026-08-14,Лекция
VIS_00804,EV_0096,INST_007,2026-08-14,Лекция
VIS_03935,EV_0096,INST_007,2026-08-14,Лекция
VIS_01886,EV_0096,INST_007,2026-08-14,Лекция
VIS_01186,EV_0096,INST_007,2026-08-14,Лекция
VIS_03629,EV_0096,INST_007,2026-08-14,Лекция
VIS_02813,EV_0096,INST_007,2026-08-14,Лекция
VIS_01511,EV_0096,INST_007,2026-08-14,Лекция
VIS_03254,EV_0096,INST_007,2026-08-14,Лекция
VIS_02584,EV_0096,INST_007,2026-08-14,Лекция
VIS_01754,EV_0204,INST_017,2026-08-14,Мастер-класс
VIS_00662,EV_0204,INST_017,2026-08-14,Мастер-класс
VIS_04897,EV_0204,INST_017,2026-08-14,Мастер-класс
VIS_01620,EV_0204,INST_017,2026-08-14,Мастер-класс
VIS_03501,EV_0204,INST_017,2026-08-14,Мастер-класс
VIS_00441,EV_0204,INST_017,2026-08-14,Мастер-класс
VIS_03592,EV_0204,INST_017,2026-08-14,Мастер-класс
VIS_03092,EV_0204,INST_017,2026-08-14,Мастер-класс
VIS_01365,EV_0204,INST_017,2026-08-14,Мастер-класс
VIS_02796,EV_0204,INST_017,2026-08-14,Мастер-класс
VIS_03626,EV_0204,INST_017,2026-08-14,Мастер-класс
VIS_03547,EV_0204,INST_017,2026-08-14,Мастер-класс
VIS_04673,EV_0204,INST_017,2026-08-14,Мастер-класс
VIS_01337,EV_0204,INST_017,2026-08-14,Мастер-класс
VIS_04536,EV_0204,INST_017,2026-08-14,Мастер-класс
VIS_01118,EV_0204,INST_017,2026-08-14,Мастер-класс
VIS_03915,EV_0204,INST_017,2026-08-14,Мастер-класс
VIS_00918,EV_0204,INST_017,2026-08-14,Мастер-класс
VIS_01291,EV_0204,INST_017,2026-08-14,Мастер-класс
VIS_01557,EV_0204,INST_017,2026-08-14,Мастер-класс
VIS_03829,EV_0204,INST_017,2026-08-14,Мастер-класс
VIS_04843,EV_0204,INST_017,2026-08-14,Мастер-класс
VIS_01594,EV_0204,INST_017,2026-08-14,Мастер-класс
VIS_01206,EV_0204,INST_017,2026-08-14,Мастер-класс
VIS_01165,EV_0204,INST_017,2026-08-14,Мастер-класс
VIS_03166,EV_0204,INST_017,2026-08-14,Мастер-класс
VIS_03937,EV_0204,INST_017,2026-08-14,Мастер-класс
VIS_02445,EV_0204,INST_017,2026-08-14,Мастер-класс
VIS_02781,EV_0204,INST_017,2026-08-14,Мастер-класс
VIS_03834,EV_0204,INST_017,2026-08-14,Мастер-класс
VIS_01723,EV_0204,INST_017,2026-08-14,Мастер-класс
VIS_01130,EV_0204,INST_017,2026-08-14,Мастер-класс
VIS_03930,EV_0204,INST_017,2026-08-14,Мастер-класс
VIS_01928,EV_0204,INST_017,2026-08-14,Мастер-класс
VIS_02927,EV_0204,INST_017,2026-08-14,Мастер-класс
VIS_03062,EV_0204,INST_017,2026-08-14,Мастер-класс
VIS_02826,EV_0204,INST_017,2026-08-14,Мастер-класс
VIS_04836,EV_0204,INST_017,2026-08-14,Мастер-класс
VIS_02053,EV_0204,INST_017,2026-08-14,Мастер-класс
VIS_04248,EV_0204,INST_017,2026-08-14,Мастер-класс
VIS_03867,EV_0204,INST_017,2026-08-14,Мастер-класс
VIS_00075,EV_0204,INST_017,2026-08-14,Мастер-класс
VIS_03692,EV_0170,INST_014,2026-08-15,Творческая встреча
VIS_04316,EV_0170,INST_014,2026-08-15,Творческая встреча
VIS_02915,EV_0170,INST_014,2026-08-15,Творческая встреча
VIS_03120,EV_0170,INST_014,2026-08-15,Творческая встреча
VIS_03925,EV_0170,INST_014,2026-08-15,Творческая встреча
VIS_02689,EV_0170,INST_014,2026-08-15,Творческая встреча
VIS_04028,EV_0170,INST_014,2026-08-15,Творческая встреча
VIS_00172,EV_0170,INST_014,2026-08-15,Творческая встреча
VIS_04683,EV_0170,INST_014,2026-08-15,Творческая встреча
VIS_02313,EV_0170,INST_014,2026-08-15,Творческая встреча
VIS_01485,EV_0170,INST_014,2026-08-15,Творческая встреча
VIS_00244,EV_0170,INST_014,2026-08-15,Творческая встреча
VIS_03065,EV_0170,INST_014,2026-08-15,Творческая встреча
VIS_00933,EV_0170,INST_014,2026-08-15,Творческая встреча
VIS_02699,EV_0170,INST_014,2026-08-15,Творческая встреча
VIS_00681,EV_0170,INST_014,2026-08-15,Творческая встреча
VIS_01025,EV_0170,INST_014,2026-08-15,Творческая встреча
VIS_00433,EV_0170,INST_014,2026-08-15,Творческая встреча
VIS_00797,EV_0170,INST_014,2026-08-15,Творческая встреча
VIS_04404,EV_0170,INST_014,2026-08-15,Творческая встреча
VIS_03497,EV_0170,INST_014,2026-08-15,Творческая встреча
VIS_01185,EV_0170,INST_014,2026-08-15,Творческая встреча
VIS_02515,EV_0170,INST_014,2026-08-15,Творческая встреча
VIS_02716,EV_0170,INST_014,2026-08-15,Творческая встреча
VIS_00704,EV_0170,INST_014,2026-08-15,Творческая встреча
VIS_00676,EV_0170,INST_014,2026-08-15,Творческая встреча
VIS_02861,EV_0170,INST_014,2026-08-15,Творческая встреча
VIS_04106,EV_0170,INST_014,2026-08-15,Творческая встреча
VIS_00514,EV_0170,INST_014,2026-08-15,Творческая встреча
VIS_03343,EV_0170,INST_014,2026-08-15,Творческая встреча
VIS_02943,EV_0170,INST_014,2026-08-15,Творческая встреча
VIS_01191,EV_0170,INST_014,2026-08-15,Творческая встреча
VIS_02173,EV_0170,INST_014,2026-08-15,Творческая встреча
VIS_00315,EV_0170,INST_014,2026-08-15,Творческая встреча
VIS_01295,EV_0170,INST_014,2026-08-15,Творческая встреча
VIS_03845,EV_0170,INST_014,2026-08-15,Творческая встреча
VIS_02237,EV_0170,INST_014,2026-08-15,Творческая встреча
VIS_03458,EV_0170,INST_014,2026-08-15,Творческая встреча
VIS_00223,EV_0170,INST_014,2026-08-15,Творческая встреча
VIS_03538,EV_0170,INST_014,2026-08-15,Творческая встреча
VIS_02358,EV_0170,INST_014,2026-08-15,Творческая встреча
VIS_01873,EV_0170,INST_014,2026-08-15,Творческая встреча
VIS_03301,EV_0170,INST_014,2026-08-15,Творческая встреча
VIS_01356,EV_0170,INST_014,2026-08-15,Творческая встреча
VIS_02773,EV_0170,INST_014,2026-08-15,Творческая встреча
VIS_04286,EV_0170,INST_014,2026-08-15,Творческая встреча
VIS_03580,EV_0170,INST_014,2026-08-15,Творческая встреча
VIS_00542,EV_0170,INST_014,2026-08-15,Творческая встреча
VIS_04658,EV_0170,INST_014,2026-08-15,Творческая встреча
VIS_03035,EV_0170,INST_014,2026-08-15,Творческая встреча
VIS_03792,EV_0170,INST_014,2026-08-15,Творческая встреча
VIS_03037,EV_0170,INST_014,2026-08-15,Творческая встреча
VIS_02264,EV_0170,INST_014,2026-08-15,Творческая встреча
VIS_03813,EV_0170,INST_014,2026-08-15,Творческая встреча
VIS_01041,EV_0170,INST_014,2026-08-15,Творческая встреча
VIS_03728,EV_0170,INST_014,2026-08-15,Творческая встреча
VIS_04288,EV_0170,INST_014,2026-08-15,Творческая встреча
VIS_00063,EV_0170,INST_014,2026-08-15,Творческая встреча
VIS_03953,EV_0170,INST_014,2026-08-15,Творческая встреча
VIS_00178,EV_0170,INST_014,2026-08-15,Творческая встреча
VIS_03360,EV_0170,INST_014,2026-08-15,Творческая встреча
VIS_01711,EV_0170,INST_014,2026-08-15,Творческая встреча
VIS_04670,EV_0170,INST_014,2026-08-15,Творческая встреча
VIS_02421,EV_0170,INST_014,2026-08-15,Творческая встреча
VIS_03398,EV_0170,INST_014,2026-08-15,Творческая встреча
VIS_00163,EV_0170,INST_014,2026-08-15,Творческая встреча
VIS_02856,EV_0170,INST_014,2026-08-15,Творческая встреча
VIS_02956,EV_0170,INST_014,2026-08-15,Творческая встреча
VIS_02500,EV_0170,INST_014,2026-08-15,Творческая встреча
VIS_01918,EV_0170,INST_014,2026-08-15,Творческая встреча
VIS_00041,EV_0170,INST_014,2026-08-15,Творческая встреча
VIS_04430,EV_0170,INST_014,2026-08-15,Творческая встреча
VIS_02276,EV_0170,INST_014,2026-08-15,Творческая встреча
VIS_00593,EV_0170,INST_014,2026-08-15,Творческая встреча
VIS_04141,EV_0170,INST_014,2026-08-15,Творческая встреча
VIS_00119,EV_0170,INST_014,2026-08-15,Творческая встреча
VIS_01262,EV_0170,INST_014,2026-08-15,Творческая встреча
VIS_01546,EV_0170,INST_014,2026-08-15,Творческая встреча
VIS_04359,EV_0170,INST_014,2026-08-15,Творческая встреча
VIS_00175,EV_0170,INST_014,2026-08-15,Творческая встреча
VIS_04962,EV_0170,INST_014,2026-08-15,Творческая встреча
VIS_01895,EV_0170,INST_014,2026-08-15,Творческая встреча
VIS_03271,EV_0170,INST_014,2026-08-15,Творческая встреча
VIS_01224,EV_0170,INST_014,2026-08-15,Творческая встреча
VIS_01924,EV_0170,INST_014,2026-08-15,Творческая встреча
VIS_00111,EV_0170,INST_014,2026-08-15,Творческая встреча
VIS_03774,EV_0170,INST_014,2026-08-15,Творческая встреча
VIS_04375,EV_0170,INST_014,2026-08-15,Творческая встреча
VIS_02318,EV_0170,INST_014,2026-08-15,Творческая встреча
VIS_01066,EV_0170,INST_014,2026-08-15,Творческая встреча
VIS_01322,EV_0170,INST_014,2026-08-15,Творческая встреча
VIS_02104,EV_0070,INST_006,2026-08-16,Лекция
VIS_04522,EV_0070,INST_006,2026-08-16,Лекция
VIS_04899,EV_0070,INST_006,2026-08-16,Лекция
VIS_04122,EV_0070,INST_006,2026-08-16,Лекция
VIS_03937,EV_0070,INST_006,2026-08-16,Лекция
VIS_04679,EV_0070,INST_006,2026-08-16,Лекция
VIS_03553,EV_0070,INST_006,2026-08-16,Лекция
VIS_04419,EV_0070,INST_006,2026-08-16,Лекция
VIS_02948,EV_0070,INST_006,2026-08-16,Лекция
VIS_04110,EV_0070,INST_006,2026-08-16,Лекция
VIS_02784,EV_0070,INST_006,2026-08-16,Лекция
VIS_01247,EV_0070,INST_006,2026-08-16,Лекция
VIS_01566,EV_0070,INST_006,2026-08-16,Лекция
VIS_01899,EV_0070,INST_006,2026-08-16,Лекция
VIS_03045,EV_0070,INST_006,2026-08-16,Лекция
VIS_04627,EV_0070,INST_006,2026-08-16,Лекция
VIS_03307,EV_0070,INST_006,2026-08-16,Лекция
VIS_03752,EV_0070,INST_006,2026-08-16,Лекция
VIS_02506,EV_0070,INST_006,2026-08-16,Лекция
VIS_00044,EV_0070,INST_006,2026-08-16,Лекция
VIS_00620,EV_0070,INST_006,2026-08-16,Лекция
VIS_00549,EV_0070,INST_006,2026-08-16,Лекция
VIS_00221,EV_0070,INST_006,2026-08-16,Лекция
VIS_00812,EV_0070,INST_006,2026-08-16,Лекция
VIS_01510,EV_0070,INST_006,2026-08-16,Лекция
VIS_01087,EV_0070,INST_006,2026-08-16,Лекция
VIS_03082,EV_0070,INST_006,2026-08-16,Лекция
VIS_00151,EV_0070,INST_006,2026-08-16,Лекция
VIS_01325,EV_0070,INST_006,2026-08-16,Лекция
VIS_04597,EV_0070,INST_006,2026-08-16,Лекция
VIS_02367,EV_0070,INST_006,2026-08-16,Лекция
VIS_04569,EV_0070,INST_006,2026-08-16,Лекция
VIS_03560,EV_0070,INST_006,2026-08-16,Лекция
VIS_04552,EV_0070,INST_006,2026-08-16,Лекция
VIS_03757,EV_0070,INST_006,2026-08-16,Лекция
VIS_01044,EV_0070,INST_006,2026-08-16,Лекция
VIS_04556,EV_0070,INST_006,2026-08-16,Лекция
VIS_03770,EV_0070,INST_006,2026-08-16,Лекция
VIS_02102,EV_0070,INST_006,2026-08-16,Лекция
VIS_00441,EV_0070,INST_006,2026-08-16,Лекция
VIS_04588,EV_0070,INST_006,2026-08-16,Лекция
VIS_04664,EV_0070,INST_006,2026-08-16,Лекция
VIS_03019,EV_0070,INST_006,2026-08-16,Лекция
VIS_04077,EV_0070,INST_006,2026-08-16,Лекция
VIS_00406,EV_0070,INST_006,2026-08-16,Лекция
VIS_00683,EV_0070,INST_006,2026-08-16,Лекция
VIS_00915,EV_0070,INST_006,2026-08-16,Лекция
VIS_03817,EV_0070,INST_006,2026-08-16,Лекция
VIS_00986,EV_0070,INST_006,2026-08-16,Лекция
VIS_02376,EV_0070,INST_006,2026-08-16,Лекция
VIS_02015,EV_0070,INST_006,2026-08-16,Лекция
VIS_03980,EV_0070,INST_006,2026-08-16,Лекция
VIS_02754,EV_0070,INST_006,2026-08-16,Лекция
VIS_00066,EV_0070,INST_006,2026-08-16,Лекция
VIS_01355,EV_0070,INST_006,2026-08-16,Лекция
VIS_04908,EV_0070,INST_006,2026-08-16,Лекция
VIS_01675,EV_0070,INST_006,2026-08-16,Лекция
VIS_02073,EV_0070,INST_006,2026-08-16,Лекция
VIS_00726,EV_0070,INST_006,2026-08-16,Лекция
VIS_03842,EV_0070,INST_006,2026-08-16,Лекция
VIS_03578,EV_0070,INST_006,2026-08-16,Лекция
VIS_00022,EV_0070,INST_006,2026-08-16,Лекция
VIS_01830,EV_0070,INST_006,2026-08-16,Лекция
VIS_04149,EV_0070,INST_006,2026-08-16,Лекция
VIS_04495,EV_0070,INST_006,2026-08-16,Лекция
VIS_01144,EV_0070,INST_006,2026-08-16,Лекция
VIS_04945,EV_0070,INST_006,2026-08-16,Лекция
VIS_04476,EV_0070,INST_006,2026-08-16,Лекция
VIS_00128,EV_0070,INST_006,2026-08-16,Лекция
VIS_04671,EV_0070,INST_006,2026-08-16,Лекция
VIS_02539,EV_0070,INST_006,2026-08-16,Лекция
VIS_01975,EV_0070,INST_006,2026-08-16,Лекция
VIS_01336,EV_0070,INST_006,2026-08-16,Лекция
VIS_00506,EV_0070,INST_006,2026-08-16,Лекция
VIS_04183,EV_0070,INST_006,2026-08-16,Лекция
VIS_03742,EV_0070,INST_006,2026-08-16,Лекция
VIS_03482,EV_0070,INST_006,2026-08-16,Лекция
VIS_04518,EV_0070,INST_006,2026-08-16,Лекция
VIS_04823,EV_0070,INST_006,2026-08-16,Лекция
VIS_00474,EV_0070,INST_006,2026-08-16,Лекция
VIS_03153,EV_0070,INST_006,2026-08-16,Лекция
VIS_03579,EV_0070,INST_006,2026-08-16,Лекция
VIS_02646,EV_0070,INST_006,2026-08-16,Лекция
VIS_01486,EV_0070,INST_006,2026-08-16,Лекция
VIS_04637,EV_0070,INST_006,2026-08-16,Лекция
VIS_00636,EV_0070,INST_006,2026-08-16,Лекция
VIS_02000,EV_0070,INST_006,2026-08-16,Лекция
VIS_00369,EV_0070,INST_006,2026-08-16,Лекция
VIS_01075,EV_0070,INST_006,2026-08-16,Лекция
VIS_04955,EV_0070,INST_006,2026-08-16,Лекция
VIS_04537,EV_0145,INST_012,2026-08-16,Лекция
VIS_03919,EV_0145,INST_012,2026-08-16,Лекция
VIS_04279,EV_0145,INST_012,2026-08-16,Лекция
VIS_01615,EV_0145,INST_012,2026-08-16,Лекция
VIS_04985,EV_0145,INST_012,2026-08-16,Лекция
VIS_03632,EV_0145,INST_012,2026-08-16,Лекция
VIS_02071,EV_0145,INST_012,2026-08-16,Лекция
VIS_02726,EV_0145,INST_012,2026-08-16,Лекция
VIS_02015,EV_0145,INST_012,2026-08-16,Лекция
VIS_01440,EV_0145,INST_012,2026-08-16,Лекция
VIS_00537,EV_0145,INST_012,2026-08-16,Лекция
VIS_02813,EV_0145,INST_012,2026-08-16,Лекция
VIS_04368,EV_0145,INST_012,2026-08-16,Лекция
VIS_01447,EV_0145,INST_012,2026-08-16,Лекция
VIS_01242,EV_0145,INST_012,2026-08-16,Лекция
VIS_04953,EV_0145,INST_012,2026-08-16,Лекция
VIS_01326,EV_0145,INST_012,2026-08-16,Лекция
VIS_04726,EV_0145,INST_012,2026-08-16,Лекция
VIS_04322,EV_0145,INST_012,2026-08-16,Лекция
VIS_00466,EV_0145,INST_012,2026-08-16,Лекция
VIS_00104,EV_0145,INST_012,2026-08-16,Лекция
VIS_02172,EV_0145,INST_012,2026-08-16,Лекция
VIS_03977,EV_0145,INST_012,2026-08-16,Лекция
VIS_02297,EV_0145,INST_012,2026-08-16,Лекция
VIS_00654,EV_0145,INST_012,2026-08-16,Лекция
VIS_03404,EV_0145,INST_012,2026-08-16,Лекция
VIS_03163,EV_0145,INST_012,2026-08-16,Лекция
VIS_01247,EV_0145,INST_012,2026-08-16,Лекция
VIS_01762,EV_0145,INST_012,2026-08-16,Лекция
VIS_03729,EV_0145,INST_012,2026-08-16,Лекция
VIS_03551,EV_0145,INST_012,2026-08-16,Лекция
VIS_00106,EV_0145,INST_012,2026-08-16,Лекция
VIS_00809,EV_0145,INST_012,2026-08-16,Лекция
VIS_00191,EV_0145,INST_012,2026-08-16,Лекция
VIS_01839,EV_0145,INST_012,2026-08-16,Лекция
VIS_04360,EV_0145,INST_012,2026-08-16,Лекция
VIS_03397,EV_0145,INST_012,2026-08-16,Лекция
VIS_01792,EV_0145,INST_012,2026-08-16,Лекция
VIS_04810,EV_0145,INST_012,2026-08-16,Лекция
VIS_04229,EV_0145,INST_012,2026-08-16,Лекция
VIS_02497,EV_0145,INST_012,2026-08-16,Лекция
VIS_00180,EV_0145,INST_012,2026-08-16,Лекция
VIS_02624,EV_0145,INST_012,2026-08-16,Лекция
VIS_01018,EV_0145,INST_012,2026-08-16,Лекция
VIS_02293,EV_0145,INST_012,2026-08-16,Лекция
VIS_01713,EV_0145,INST_012,2026-08-16,Лекция
VIS_04176,EV_0145,INST_012,2026-08-16,Лекция
VIS_01238,EV_0145,INST_012,2026-08-16,Лекция
VIS_02606,EV_0145,INST_012,2026-08-16,Лекция
VIS_01273,EV_0145,INST_012,2026-08-16,Лекция
VIS_03733,EV_0145,INST_012,2026-08-16,Лекция
VIS_03151,EV_0145,INST_012,2026-08-16,Лекция
VIS_00150,EV_0145,INST_012,2026-08-16,Лекция
VIS_03146,EV_0145,INST_012,2026-08-16,Лекция
VIS_03865,EV_0145,INST_012,2026-08-16,Лекция
VIS_01560,EV_0145,INST_012,2026-08-16,Лекция
VIS_03981,EV_0145,INST_012,2026-08-16,Лекция
VIS_04016,EV_0145,INST_012,2026-08-16,Лекция
VIS_02958,EV_0145,INST_012,2026-08-16,Лекция
VIS_01555,EV_0145,INST_012,2026-08-16,Лекция
VIS_00687,EV_0145,INST_012,2026-08-16,Лекция
VIS_04091,EV_0145,INST_012,2026-08-16,Лекция
VIS_00422,EV_0145,INST_012,2026-08-16,Лекция
VIS_03606,EV_0145,INST_012,2026-08-16,Лекция
VIS_03978,EV_0145,INST_012,2026-08-16,Лекция
VIS_03647,EV_0145,INST_012,2026-08-16,Лекция
VIS_01957,EV_0145,INST_012,2026-08-16,Лекция
VIS_00192,EV_0145,INST_012,2026-08-16,Лекция
VIS_02768,EV_0145,INST_012,2026-08-16,Лекция
VIS_00102,EV_0145,INST_012,2026-08-16,Лекция
VIS_04278,EV_0145,INST_012,2026-08-16,Лекция
VIS_04237,EV_0145,INST_012,2026-08-16,Лекция
VIS_04863,EV_0145,INST_012,2026-08-16,Лекция
VIS_03116,EV_0145,INST_012,2026-08-16,Лекция
VIS_01691,EV_0145,INST_012,2026-08-16,Лекция
VIS_00224,EV_0145,INST_012,2026-08-16,Лекция
VIS_02872,EV_0145,INST_012,2026-08-16,Лекция
VIS_00167,EV_0145,INST_012,2026-08-16,Лекция
VIS_04223,EV_0145,INST_012,2026-08-16,Лекция
VIS_04666,EV_0145,INST_012,2026-08-16,Лекция
VIS_00245,EV_0145,INST_012,2026-08-16,Лекция
VIS_00395,EV_0145,INST_012,2026-08-16,Лекция
VIS_00889,EV_0145,INST_012,2026-08-16,Лекция
VIS_04708,EV_0145,INST_012,2026-08-16,Лекция
VIS_03810,EV_0145,INST_012,2026-08-16,Лекция
VIS_04245,EV_0145,INST_012,2026-08-16,Лекция
VIS_04935,EV_0145,INST_012,2026-08-16,Лекция
VIS_04349,EV_0145,INST_012,2026-08-16,Лекция
VIS_04807,EV_0145,INST_012,2026-08-16,Лекция
VIS_04514,EV_0145,INST_012,2026-08-16,Лекция
VIS_02388,EV_0145,INST_012,2026-08-16,Лекция
VIS_03828,EV_0145,INST_012,2026-08-16,Лекция
VIS_00841,EV_0145,INST_012,2026-08-16,Лекция
VIS_00019,EV_0145,INST_012,2026-08-16,Лекция
VIS_04647,EV_0145,INST_012,2026-08-16,Лекция
VIS_01073,EV_0145,INST_012,2026-08-16,Лекция
VIS_01205,EV_0145,INST_012,2026-08-16,Лекция
VIS_01062,EV_0145,INST_012,2026-08-16,Лекция
VIS_01268,EV_0145,INST_012,2026-08-16,Лекция
VIS_03922,EV_0016,INST_001,2026-08-22,Творческая встреча
VIS_00086,EV_0016,INST_001,2026-08-22,Творческая встреча
VIS_01769,EV_0016,INST_001,2026-08-22,Творческая встреча
VIS_04886,EV_0016,INST_001,2026-08-22,Творческая встреча
VIS_04537,EV_0016,INST_001,2026-08-22,Творческая встреча
VIS_01572,EV_0016,INST_001,2026-08-22,Творческая встреча
VIS_01600,EV_0016,INST_001,2026-08-22,Творческая встреча
VIS_02928,EV_0016,INST_001,2026-08-22,Творческая встреча
VIS_02212,EV_0016,INST_001,2026-08-22,Творческая встреча
VIS_01187,EV_0016,INST_001,2026-08-22,Творческая встреча
VIS_02012,EV_0016,INST_001,2026-08-22,Творческая встреча
VIS_03948,EV_0016,INST_001,2026-08-22,Творческая встреча
VIS_01953,EV_0016,INST_001,2026-08-22,Творческая встреча
VIS_03237,EV_0016,INST_001,2026-08-22,Творческая встреча
VIS_03979,EV_0016,INST_001,2026-08-22,Творческая встреча
VIS_03424,EV_0016,INST_001,2026-08-22,Творческая встреча
VIS_00239,EV_0016,INST_001,2026-08-22,Творческая встреча
VIS_02637,EV_0016,INST_001,2026-08-22,Творческая встреча
VIS_02581,EV_0016,INST_001,2026-08-22,Творческая встреча
VIS_01494,EV_0016,INST_001,2026-08-22,Творческая встреча
VIS_00307,EV_0016,INST_001,2026-08-22,Творческая встреча
VIS_03777,EV_0016,INST_001,2026-08-22,Творческая встреча
VIS_02689,EV_0016,INST_001,2026-08-22,Творческая встреча
VIS_01268,EV_0016,INST_001,2026-08-22,Творческая встреча
VIS_02530,EV_0016,INST_001,2026-08-22,Творческая встреча
VIS_04546,EV_0016,INST_001,2026-08-22,Творческая встреча
VIS_00522,EV_0016,INST_001,2026-08-22,Творческая встреча
VIS_02805,EV_0016,INST_001,2026-08-22,Творческая встреча
VIS_01062,EV_0016,INST_001,2026-08-22,Творческая встреча
VIS_02570,EV_0016,INST_001,2026-08-22,Творческая встреча
VIS_03710,EV_0016,INST_001,2026-08-22,Творческая встреча
VIS_02214,EV_0016,INST_001,2026-08-22,Творческая встреча
VIS_04139,EV_0016,INST_001,2026-08-22,Творческая встреча
VIS_04910,EV_0016,INST_001,2026-08-22,Творческая встреча
VIS_01806,EV_0016,INST_001,2026-08-22,Творческая встреча
VIS_03053,EV_0016,INST_001,2026-08-22,Творческая встреча
VIS_00445,EV_0016,INST_001,2026-08-22,Творческая встреча
VIS_01295,EV_0016,INST_001,2026-08-22,Творческая встреча
VIS_04461,EV_0016,INST_001,2026-08-22,Творческая встреча
VIS_01708,EV_0016,INST_001,2026-08-22,Творческая встреча
VIS_03815,EV_0016,INST_001,2026-08-22,Творческая встреча
VIS_02156,EV_0016,INST_001,2026-08-22,Творческая встреча
VIS_04867,EV_0016,INST_001,2026-08-22,Творческая встреча
VIS_04123,EV_0016,INST_001,2026-08-22,Творческая встреча
VIS_00450,EV_0016,INST_001,2026-08-22,Творческая встреча
VIS_04753,EV_0016,INST_001,2026-08-22,Творческая встреча
VIS_03895,EV_0016,INST_001,2026-08-22,Творческая встреча
VIS_04232,EV_0016,INST_001,2026-08-22,Творческая встреча
VIS_03793,EV_0016,INST_001,2026-08-22,Творческая встреча
VIS_00045,EV_0016,INST_001,2026-08-22,Творческая встреча
VIS_04542,EV_0016,INST_001,2026-08-22,Творческая встреча
VIS_03079,EV_0016,INST_001,2026-08-22,Творческая встреча
VIS_01599,EV_0016,INST_001,2026-08-22,Творческая встреча
VIS_02277,EV_0016,INST_001,2026-08-22,Творческая встреча
VIS_03055,EV_0016,INST_001,2026-08-22,Творческая встреча
VIS_03039,EV_0016,INST_001,2026-08-22,Творческая встреча
VIS_01275,EV_0016,INST_001,2026-08-22,Творческая встреча
VIS_03215,EV_0016,INST_001,2026-08-22,Творческая встреча
VIS_00281,EV_0016,INST_001,2026-08-22,Творческая встреча
VIS_00165,EV_0016,INST_001,2026-08-22,Творческая встреча
VIS_04619,EV_0016,INST_001,2026-08-22,Творческая встреча
VIS_03861,EV_0016,INST_001,2026-08-22,Творческая встреча
VIS_00242,EV_0016,INST_001,2026-08-22,Творческая встреча
VIS_04621,EV_0016,INST_001,2026-08-22,Творческая встреча
VIS_03169,EV_0016,INST_001,2026-08-22,Творческая встреча
VIS_03817,EV_0016,INST_001,2026-08-22,Творческая встреча
VIS_00119,EV_0016,INST_001,2026-08-22,Творческая встреча
VIS_04737,EV_0016,INST_001,2026-08-22,Творческая встреча
VIS_04631,EV_0016,INST_001,2026-08-22,Творческая встреча
VIS_03780,EV_0016,INST_001,2026-08-22,Творческая встреча
VIS_02154,EV_0016,INST_001,2026-08-22,Творческая встреча
VIS_02296,EV_0016,INST_001,2026-08-22,Творческая встреча
VIS_01574,EV_0016,INST_001,2026-08-22,Творческая встреча
VIS_04376,EV_0016,INST_001,2026-08-22,Творческая встреча
VIS_04579,EV_0016,INST_001,2026-08-22,Творческая встреча
VIS_00355,EV_0016,INST_001,2026-08-22,Творческая встреча
VIS_04325,EV_0016,INST_001,2026-08-22,Творческая встреча
VIS_00039,EV_0016,INST_001,2026-08-22,Творческая встреча
VIS_01238,EV_0016,INST_001,2026-08-22,Творческая встреча
VIS_02965,EV_0016,INST_001,2026-08-22,Творческая встреча
VIS_03770,EV_0016,INST_001,2026-08-22,Творческая встреча
VIS_02013,EV_0016,INST_001,2026-08-22,Творческая встреча
VIS_04767,EV_0016,INST_001,2026-08-22,Творческая встреча
VIS_04534,EV_0016,INST_001,2026-08-22,Творческая встреча
VIS_02332,EV_0046,INST_004,2026-08-27,Творческая встреча
VIS_03030,EV_0046,INST_004,2026-08-27,Творческая встреча
VIS_00823,EV_0046,INST_004,2026-08-27,Творческая встреча
VIS_04360,EV_0046,INST_004,2026-08-27,Творческая встреча
VIS_02624,EV_0046,INST_004,2026-08-27,Творческая встреча
VIS_03464,EV_0046,INST_004,2026-08-27,Творческая встреча
VIS_01783,EV_0046,INST_004,2026-08-27,Творческая встреча
VIS_01655,EV_0046,INST_004,2026-08-27,Творческая встреча
VIS_03042,EV_0046,INST_004,2026-08-27,Творческая встреча
VIS_04448,EV_0046,INST_004,2026-08-27,Творческая встреча
VIS_00043,EV_0046,INST_004,2026-08-27,Творческая встреча
VIS_01582,EV_0046,INST_004,2026-08-27,Творческая встреча
VIS_00753,EV_0046,INST_004,2026-08-27,Творческая встреча
VIS_00341,EV_0046,INST_004,2026-08-27,Творческая встреча
VIS_02782,EV_0046,INST_004,2026-08-27,Творческая встреча
VIS_02682,EV_0046,INST_004,2026-08-27,Творческая встреча
VIS_02991,EV_0046,INST_004,2026-08-27,Творческая встреча
VIS_01794,EV_0046,INST_004,2026-08-27,Творческая встреча
VIS_03715,EV_0046,INST_004,2026-08-27,Творческая встреча
VIS_01308,EV_0046,INST_004,2026-08-27,Творческая встреча
VIS_00516,EV_0046,INST_004,2026-08-27,Творческая встреча
VIS_02983,EV_0046,INST_004,2026-08-27,Творческая встреча
VIS_04750,EV_0046,INST_004,2026-08-27,Творческая встреча
VIS_01780,EV_0046,INST_004,2026-08-27,Творческая встреча
VIS_01808,EV_0046,INST_004,2026-08-27,Творческая встреча
VIS_01931,EV_0046,INST_004,2026-08-27,Творческая встреча
VIS_00837,EV_0046,INST_004,2026-08-27,Творческая встреча
VIS_01424,EV_0046,INST_004,2026-08-27,Творческая встреча
VIS_02319,EV_0046,INST_004,2026-08-27,Творческая встреча
VIS_01329,EV_0046,INST_004,2026-08-27,Творческая встреча
VIS_01840,EV_0046,INST_004,2026-08-27,Творческая встреча
VIS_00282,EV_0046,INST_004,2026-08-27,Творческая встреча
VIS_02095,EV_0046,INST_004,2026-08-27,Творческая встреча
VIS_04803,EV_0046,INST_004,2026-08-27,Творческая встреча
VIS_01819,EV_0046,INST_004,2026-08-27,Творческая встреча
VIS_02266,EV_0046,INST_004,2026-08-27,Творческая встреча
VIS_02086,EV_0046,INST_004,2026-08-27,Творческая встреча
VIS_02709,EV_0046,INST_004,2026-08-27,Творческая встреча
VIS_03424,EV_0046,INST_004,2026-08-27,Творческая встреча
VIS_03530,EV_0046,INST_004,2026-08-27,Творческая встреча
VIS_04482,EV_0046,INST_004,2026-08-27,Творческая встреча
VIS_03646,EV_0046,INST_004,2026-08-27,Творческая встреча
VIS_00687,EV_0046,INST_004,2026-08-27,Творческая встреча
VIS_03979,EV_0046,INST_004,2026-08-27,Творческая встреча
VIS_04812,EV_0046,INST_004,2026-08-27,Творческая встреча
VIS_02801,EV_0046,INST_004,2026-08-27,Творческая встреча
VIS_03460,EV_0046,INST_004,2026-08-27,Творческая встреча
VIS_03833,EV_0046,INST_004,2026-08-27,Творческая встреча
VIS_01246,EV_0046,INST_004,2026-08-27,Творческая встреча
VIS_01910,EV_0046,INST_004,2026-08-27,Творческая встреча
VIS_00746,EV_0046,INST_004,2026-08-27,Творческая встреча
VIS_03492,EV_0046,INST_004,2026-08-27,Творческая встреча
VIS_02850,EV_0053,INST_005,2026-08-27,Выставка
VIS_02171,EV_0053,INST_005,2026-08-27,Выставка
VIS_00286,EV_0053,INST_005,2026-08-27,Выставка
VIS_00360,EV_0053,INST_005,2026-08-27,Выставка
VIS_03844,EV_0053,INST_005,2026-08-27,Выставка
VIS_01135,EV_0053,INST_005,2026-08-27,Выставка
VIS_01537,EV_0053,INST_005,2026-08-27,Выставка
VIS_01324,EV_0053,INST_005,2026-08-27,Выставка
VIS_01653,EV_0053,INST_005,2026-08-27,Выставка
VIS_02048,EV_0053,INST_005,2026-08-27,Выставка
VIS_03840,EV_0053,INST_005,2026-08-27,Выставка
VIS_00817,EV_0053,INST_005,2026-08-27,Выставка
VIS_03430,EV_0053,INST_005,2026-08-27,Выставка
VIS_02504,EV_0053,INST_005,2026-08-27,Выставка
VIS_04002,EV_0053,INST_005,2026-08-27,Выставка
VIS_03771,EV_0053,INST_005,2026-08-27,Выставка
VIS_01287,EV_0053,INST_005,2026-08-27,Выставка
VIS_00721,EV_0053,INST_005,2026-08-27,Выставка
VIS_03519,EV_0053,INST_005,2026-08-27,Выставка
VIS_01740,EV_0053,INST_005,2026-08-27,Выставка
VIS_02228,EV_0053,INST_005,2026-08-27,Выставка
VIS_00458,EV_0053,INST_005,2026-08-27,Выставка
VIS_01699,EV_0053,INST_005,2026-08-27,Выставка
VIS_01823,EV_0053,INST_005,2026-08-27,Выставка
VIS_04070,EV_0053,INST_005,2026-08-27,Выставка
VIS_03268,EV_0053,INST_005,2026-08-27,Выставка
VIS_04868,EV_0053,INST_005,2026-08-27,Выставка
VIS_04082,EV_0053,INST_005,2026-08-27,Выставка
VIS_04908,EV_0053,INST_005,2026-08-27,Выставка
VIS_01994,EV_0053,INST_005,2026-08-27,Выставка
VIS_01673,EV_0053,INST_005,2026-08-27,Выставка
VIS_01852,EV_0053,INST_005,2026-08-27,Выставка
VIS_04925,EV_0053,INST_005,2026-08-27,Выставка
VIS_00880,EV_0053,INST_005,2026-08-27,Выставка
VIS_02530,EV_0053,INST_005,2026-08-27,Выставка
VIS_03084,EV_0053,INST_005,2026-08-27,Выставка
VIS_02499,EV_0053,INST_005,2026-08-27,Выставка
VIS_00447,EV_0053,INST_005,2026-08-27,Выставка
VIS_00996,EV_0053,INST_005,2026-08-27,Выставка
VIS_01155,EV_0053,INST_005,2026-08-27,Выставка
VIS_01663,EV_0053,INST_005,2026-08-27,Выставка
VIS_03052,EV_0053,INST_005,2026-08-27,Выставка
VIS_00889,EV_0097,INST_007,2026-08-27,Творческая встреча
VIS_03694,EV_0097,INST_007,2026-08-27,Творческая встреча
VIS_00587,EV_0097,INST_007,2026-08-27,Творческая встреча
VIS_02227,EV_0097,INST_007,2026-08-27,Творческая встреча
VIS_03336,EV_0097,INST_007,2026-08-27,Творческая встреча
VIS_04272,EV_0097,INST_007,2026-08-27,Творческая встреча
VIS_02988,EV_0097,INST_007,2026-08-27,Творческая встреча
VIS_00026,EV_0097,INST_007,2026-08-27,Творческая встреча
VIS_04683,EV_0097,INST_007,2026-08-27,Творческая встреча
VIS_03316,EV_0097,INST_007,2026-08-27,Творческая встреча
VIS_02172,EV_0097,INST_007,2026-08-27,Творческая встреча
VIS_00697,EV_0097,INST_007,2026-08-27,Творческая встреча
VIS_02526,EV_0097,INST_007,2026-08-27,Творческая встреча
VIS_00198,EV_0097,INST_007,2026-08-27,Творческая встреча
VIS_02517,EV_0097,INST_007,2026-08-27,Творческая встреча
VIS_03662,EV_0097,INST_007,2026-08-27,Творческая встреча
VIS_01440,EV_0097,INST_007,2026-08-27,Творческая встреча
VIS_04234,EV_0097,INST_007,2026-08-27,Творческая встреча
VIS_04230,EV_0097,INST_007,2026-08-27,Творческая встреча
VIS_03006,EV_0097,INST_007,2026-08-27,Творческая встреча
VIS_02138,EV_0097,INST_007,2026-08-27,Творческая встреча
VIS_04080,EV_0097,INST_007,2026-08-27,Творческая встреча
VIS_00087,EV_0097,INST_007,2026-08-27,Творческая встреча
VIS_00431,EV_0097,INST_007,2026-08-27,Творческая встреча
VIS_03861,EV_0097,INST_007,2026-08-27,Творческая встреча
VIS_00965,EV_0097,INST_007,2026-08-27,Творческая встреча
VIS_04213,EV_0097,INST_007,2026-08-27,Творческая встреча
VIS_00178,EV_0097,INST_007,2026-08-27,Творческая встреча
VIS_02260,EV_0097,INST_007,2026-08-27,Творческая встреча
VIS_04938,EV_0097,INST_007,2026-08-27,Творческая встреча
VIS_00367,EV_0097,INST_007,2026-08-27,Творческая встреча
VIS_01097,EV_0097,INST_007,2026-08-27,Творческая встреча
VIS_00839,EV_0097,INST_007,2026-08-27,Творческая встреча
VIS_01938,EV_0097,INST_007,2026-08-27,Творческая встреча
VIS_01303,EV_0097,INST_007,2026-08-27,Творческая встреча
VIS_03988,EV_0097,INST_007,2026-08-27,Творческая встреча
VIS_02492,EV_0097,INST_007,2026-08-27,Творческая встреча
VIS_02964,EV_0097,INST_007,2026-08-27,Творческая встреча
VIS_04200,EV_0097,INST_007,2026-08-27,Творческая встреча
VIS_03571,EV_0097,INST_007,2026-08-27,Творческая встреча
VIS_04977,EV_0097,INST_007,2026-08-27,Творческая встреча
VIS_02395,EV_0097,INST_007,2026-08-27,Творческая встреча
VIS_02644,EV_0097,INST_007,2026-08-27,Творческая встреча
VIS_04167,EV_0097,INST_007,2026-08-27,Творческая встреча
VIS_03507,EV_0097,INST_007,2026-08-27,Творческая встреча
VIS_03392,EV_0097,INST_007,2026-08-27,Творческая встреча
VIS_00609,EV_0097,INST_007,2026-08-27,Творческая встреча
VIS_04070,EV_0097,INST_007,2026-08-27,Творческая встреча
VIS_02125,EV_0097,INST_007,2026-08-27,Творческая встреча
VIS_03484,EV_0097,INST_007,2026-08-27,Творческая встреча
VIS_04533,EV_0097,INST_007,2026-08-27,Творческая встреча
VIS_04417,EV_0097,INST_007,2026-08-27,Творческая встреча
VIS_04404,EV_0097,INST_007,2026-08-27,Творческая встреча
VIS_03184,EV_0097,INST_007,2026-08-27,Творческая встреча
VIS_02681,EV_0097,INST_007,2026-08-27,Творческая встреча
VIS_02827,EV_0097,INST_007,2026-08-27,Творческая встреча
VIS_01075,EV_0097,INST_007,2026-08-27,Творческая встреча
VIS_03435,EV_0097,INST_007,2026-08-27,Творческая встреча
VIS_01269,EV_0097,INST_007,2026-08-27,Творческая встреча
VIS_00068,EV_0097,INST_007,2026-08-27,Творческая встреча
VIS_04294,EV_0097,INST_007,2026-08-27,Творческая встреча
VIS_02699,EV_0097,INST_007,2026-08-27,Творческая встреча
VIS_01610,EV_0097,INST_007,2026-08-27,Творческая встреча
VIS_04005,EV_0097,INST_007,2026-08-27,Творческая встреча
VIS_02618,EV_0097,INST_007,2026-08-27,Творческая встреча
VIS_01412,EV_0097,INST_007,2026-08-27,Творческая встреча
VIS_03257,EV_0097,INST_007,2026-08-27,Творческая встреча
VIS_01005,EV_0097,INST_007,2026-08-27,Творческая встреча
VIS_03776,EV_0097,INST_007,2026-08-27,Творческая встреча
VIS_02263,EV_0097,INST_007,2026-08-27,Творческая встреча
VIS_00578,EV_0097,INST_007,2026-08-27,Творческая встреча
VIS_01521,EV_0097,INST_007,2026-08-27,Творческая встреча
VIS_04502,EV_0097,INST_007,2026-08-27,Творческая встреча
VIS_00278,EV_0097,INST_007,2026-08-27,Творческая встреча
VIS_03205,EV_0097,INST_007,2026-08-27,Творческая встреча
VIS_00434,EV_0097,INST_007,2026-08-27,Творческая встреча
VIS_01628,EV_0097,INST_007,2026-08-27,Творческая встреча
VIS_02694,EV_0097,INST_007,2026-08-27,Творческая встреча
VIS_01894,EV_0097,INST_007,2026-08-27,Творческая встреча
VIS_00553,EV_0097,INST_007,2026-08-27,Творческая встреча
VIS_01776,EV_0097,INST_007,2026-08-27,Творческая встреча
VIS_02787,EV_0097,INST_007,2026-08-27,Творческая встреча
VIS_04000,EV_0097,INST_007,2026-08-27,Творческая встреча
VIS_02170,EV_0097,INST_007,2026-08-27,Творческая встреча
VIS_01791,EV_0097,INST_007,2026-08-27,Творческая встреча
VIS_02912,EV_0097,INST_007,2026-08-27,Творческая встреча
VIS_01240,EV_0097,INST_007,2026-08-27,Творческая встреча
VIS_04893,EV_0097,INST_007,2026-08-27,Творческая встреча
VIS_00717,EV_0097,INST_007,2026-08-27,Творческая встреча
VIS_00802,EV_0097,INST_007,2026-08-27,Творческая встреча
VIS_01175,EV_0097,INST_007,2026-08-27,Творческая встреча
VIS_00190,EV_0097,INST_007,2026-08-27,Творческая встреча
VIS_02215,EV_0097,INST_007,2026-08-27,Творческая встреча
VIS_04391,EV_0097,INST_007,2026-08-27,Творческая встреча
VIS_00022,EV_0097,INST_007,2026-08-27,Творческая встреча
VIS_00951,EV_0097,INST_007,2026-08-27,Творческая встреча
VIS_03437,EV_0097,INST_007,2026-08-27,Творческая встреча
VIS_00337,EV_0097,INST_007,2026-08-27,Творческая встреча
VIS_00058,EV_0097,INST_007,2026-08-27,Творческая встреча
VIS_01018,EV_0097,INST_007,2026-08-27,Творческая встреча
VIS_04705,EV_0097,INST_007,2026-08-27,Творческая встреча
VIS_01107,EV_0097,INST_007,2026-08-27,Творческая встреча
VIS_03275,EV_0097,INST_007,2026-08-27,Творческая встреча
VIS_03577,EV_0097,INST_007,2026-08-27,Творческая встреча
VIS_02572,EV_0097,INST_007,2026-08-27,Творческая встреча
VIS_04624,EV_0097,INST_007,2026-08-27,Творческая встреча
VIS_01292,EV_0114,INST_009,2026-08-27,Мастер-класс
VIS_02507,EV_0114,INST_009,2026-08-27,Мастер-класс
VIS_03671,EV_0114,INST_009,2026-08-27,Мастер-класс
VIS_00903,EV_0114,INST_009,2026-08-27,Мастер-класс
VIS_00617,EV_0114,INST_009,2026-08-27,Мастер-класс
VIS_04800,EV_0114,INST_009,2026-08-27,Мастер-класс
VIS_00502,EV_0114,INST_009,2026-08-27,Мастер-класс
VIS_04174,EV_0114,INST_009,2026-08-27,Мастер-класс
VIS_04828,EV_0114,INST_009,2026-08-27,Мастер-класс
VIS_01858,EV_0114,INST_009,2026-08-27,Мастер-класс
VIS_04386,EV_0114,INST_009,2026-08-27,Мастер-класс
VIS_01525,EV_0114,INST_009,2026-08-27,Мастер-класс
VIS_03318,EV_0114,INST_009,2026-08-27,Мастер-класс
VIS_01368,EV_0114,INST_009,2026-08-27,Мастер-класс
VIS_03893,EV_0114,INST_009,2026-08-27,Мастер-класс
VIS_04878,EV_0114,INST_009,2026-08-27,Мастер-класс
VIS_01897,EV_0114,INST_009,2026-08-27,Мастер-класс
VIS_03259,EV_0114,INST_009,2026-08-27,Мастер-класс
VIS_04715,EV_0114,INST_009,2026-08-27,Мастер-класс
VIS_04884,EV_0114,INST_009,2026-08-27,Мастер-класс
VIS_04911,EV_0114,INST_009,2026-08-27,Мастер-класс
VIS_01542,EV_0114,INST_009,2026-08-27,Мастер-класс
VIS_04359,EV_0114,INST_009,2026-08-27,Мастер-класс
VIS_04415,EV_0114,INST_009,2026-08-27,Мастер-класс
VIS_04122,EV_0114,INST_009,2026-08-27,Мастер-класс
VIS_04181,EV_0114,INST_009,2026-08-27,Мастер-класс
VIS_00997,EV_0114,INST_009,2026-08-27,Мастер-класс
VIS_02073,EV_0114,INST_009,2026-08-27,Мастер-класс
VIS_02622,EV_0114,INST_009,2026-08-27,Мастер-класс
VIS_02981,EV_0114,INST_009,2026-08-27,Мастер-класс
VIS_04952,EV_0114,INST_009,2026-08-27,Мастер-класс
VIS_04312,EV_0114,INST_009,2026-08-27,Мастер-класс
VIS_00693,EV_0114,INST_009,2026-08-27,Мастер-класс
VIS_00402,EV_0114,INST_009,2026-08-27,Мастер-класс
VIS_00350,EV_0114,INST_009,2026-08-27,Мастер-класс
VIS_01137,EV_0114,INST_009,2026-08-27,Мастер-класс
VIS_02377,EV_0114,INST_009,2026-08-27,Мастер-класс
VIS_04623,EV_0114,INST_009,2026-08-27,Мастер-класс
VIS_03752,EV_0114,INST_009,2026-08-27,Мастер-класс
VIS_00868,EV_0114,INST_009,2026-08-27,Мастер-класс
VIS_04220,EV_0114,INST_009,2026-08-27,Мастер-класс
VIS_04363,EV_0114,INST_009,2026-08-27,Мастер-класс
VIS_03434,EV_0114,INST_009,2026-08-27,Мастер-класс
VIS_04988,EV_0114,INST_009,2026-08-27,Мастер-класс
VIS_01734,EV_0114,INST_009,2026-08-27,Мастер-класс
VIS_00285,EV_0114,INST_009,2026-08-27,Мастер-класс
VIS_00175,EV_0171,INST_014,2026-08-27,Творческая встреча
VIS_02590,EV_0171,INST_014,2026-08-27,Творческая встреча
VIS_03855,EV_0171,INST_014,2026-08-27,Творческая встреча
VIS_02435,EV_0171,INST_014,2026-08-27,Творческая встреча
VIS_00674,EV_0171,INST_014,2026-08-27,Творческая встреча
VIS_02480,EV_0171,INST_014,2026-08-27,Творческая встреча
VIS_01865,EV_0171,INST_014,2026-08-27,Творческая встреча
VIS_00426,EV_0171,INST_014,2026-08-27,Творческая встреча
VIS_00899,EV_0171,INST_014,2026-08-27,Творческая встреча
VIS_02102,EV_0171,INST_014,2026-08-27,Творческая встреча
VIS_02743,EV_0171,INST_014,2026-08-27,Творческая встреча
VIS_03741,EV_0171,INST_014,2026-08-27,Творческая встреча
VIS_00376,EV_0171,INST_014,2026-08-27,Творческая встреча
VIS_04219,EV_0171,INST_014,2026-08-27,Творческая встреча
VIS_01082,EV_0171,INST_014,2026-08-27,Творческая встреча
VIS_03413,EV_0171,INST_014,2026-08-27,Творческая встреча
VIS_02500,EV_0171,INST_014,2026-08-27,Творческая встреча
VIS_04138,EV_0171,INST_014,2026-08-27,Творческая встреча
VIS_02867,EV_0171,INST_014,2026-08-27,Творческая встреча
VIS_04389,EV_0171,INST_014,2026-08-27,Творческая встреча
VIS_03749,EV_0171,INST_014,2026-08-27,Творческая встреча
VIS_03694,EV_0171,INST_014,2026-08-27,Творческая встреча
VIS_01784,EV_0171,INST_014,2026-08-27,Творческая встреча
VIS_00561,EV_0171,INST_014,2026-08-27,Творческая встреча
VIS_02356,EV_0171,INST_014,2026-08-27,Творческая встреча
VIS_02753,EV_0171,INST_014,2026-08-27,Творческая встреча
VIS_01434,EV_0171,INST_014,2026-08-27,Творческая встреча
VIS_00454,EV_0171,INST_014,2026-08-27,Творческая встреча
VIS_02424,EV_0171,INST_014,2026-08-27,Творческая встреча
VIS_04614,EV_0171,INST_014,2026-08-27,Творческая встреча
VIS_00225,EV_0171,INST_014,2026-08-27,Творческая встреча
VIS_03245,EV_0171,INST_014,2026-08-27,Творческая встреча
VIS_02910,EV_0171,INST_014,2026-08-27,Творческая встреча
VIS_04180,EV_0171,INST_014,2026-08-27,Творческая встреча
VIS_00931,EV_0171,INST_014,2026-08-27,Творческая встреча
VIS_02859,EV_0171,INST_014,2026-08-27,Творческая встреча
VIS_00117,EV_0171,INST_014,2026-08-27,Творческая встреча
VIS_01025,EV_0171,INST_014,2026-08-27,Творческая встреча
VIS_04967,EV_0171,INST_014,2026-08-27,Творческая встреча
VIS_03058,EV_0171,INST_014,2026-08-27,Творческая встреча
VIS_00042,EV_0171,INST_014,2026-08-27,Творческая встреча
VIS_04659,EV_0171,INST_014,2026-08-27,Творческая встреча
VIS_03599,EV_0171,INST_014,2026-08-27,Творческая встреча
VIS_01283,EV_0171,INST_014,2026-08-27,Творческая встреча
VIS_02391,EV_0171,INST_014,2026-08-27,Творческая встреча
VIS_00677,EV_0171,INST_014,2026-08-27,Творческая встреча
VIS_02892,EV_0171,INST_014,2026-08-27,Творческая встреча
VIS_04113,EV_0171,INST_014,2026-08-27,Творческая встреча
VIS_01694,EV_0171,INST_014,2026-08-27,Творческая встреча
VIS_00601,EV_0171,INST_014,2026-08-27,Творческая встреча
VIS_01539,EV_0171,INST_014,2026-08-27,Творческая встреча
VIS_03333,EV_0171,INST_014,2026-08-27,Творческая встреча
VIS_01892,EV_0171,INST_014,2026-08-27,Творческая встреча
VIS_00152,EV_0171,INST_014,2026-08-27,Творческая встреча
VIS_01824,EV_0171,INST_014,2026-08-27,Творческая встреча
VIS_00450,EV_0171,INST_014,2026-08-27,Творческая встреча
VIS_03099,EV_0171,INST_014,2026-08-27,Творческая встреча
VIS_00820,EV_0171,INST_014,2026-08-27,Творческая встреча
VIS_04786,EV_0171,INST_014,2026-08-27,Творческая встреча
VIS_04222,EV_0171,INST_014,2026-08-27,Творческая встреча
VIS_02865,EV_0171,INST_014,2026-08-27,Творческая встреча
VIS_03979,EV_0171,INST_014,2026-08-27,Творческая встреча
VIS_01408,EV_0171,INST_014,2026-08-27,Творческая встреча
VIS_03995,EV_0171,INST_014,2026-08-27,Творческая встреча
VIS_04762,EV_0171,INST_014,2026-08-27,Творческая встреча
VIS_02203,EV_0171,INST_014,2026-08-27,Творческая встреча
VIS_00815,EV_0171,INST_014,2026-08-27,Творческая встреча
VIS_03902,EV_0171,INST_014,2026-08-27,Творческая встреча
VIS_03357,EV_0171,INST_014,2026-08-27,Творческая встреча
VIS_01363,EV_0171,INST_014,2026-08-27,Творческая встреча
VIS_01877,EV_0171,INST_014,2026-08-27,Творческая встреча
VIS_03428,EV_0171,INST_014,2026-08-27,Творческая встреча
VIS_00661,EV_0171,INST_014,2026-08-27,Творческая встреча
VIS_04724,EV_0171,INST_014,2026-08-27,Творческая встреча
VIS_01624,EV_0171,INST_014,2026-08-27,Творческая встреча
VIS_04195,EV_0171,INST_014,2026-08-27,Творческая встреча
VIS_03049,EV_0171,INST_014,2026-08-27,Творческая встреча
VIS_02969,EV_0171,INST_014,2026-08-27,Творческая встреча
VIS_00588,EV_0171,INST_014,2026-08-27,Творческая встреча
VIS_04152,EV_0171,INST_014,2026-08-27,Творческая встреча
VIS_00335,EV_0171,INST_014,2026-08-27,Творческая встреча
VIS_03251,EV_0171,INST_014,2026-08-27,Творческая встреча
VIS_04257,EV_0171,INST_014,2026-08-27,Творческая встреча
VIS_02362,EV_0171,INST_014,2026-08-27,Творческая встреча
VIS_00832,EV_0171,INST_014,2026-08-27,Творческая встреча
VIS_04905,EV_0171,INST_014,2026-08-27,Творческая встреча
VIS_01630,EV_0171,INST_014,2026-08-27,Творческая встреча
VIS_00494,EV_0171,INST_014,2026-08-27,Творческая встреча
VIS_00961,EV_0171,INST_014,2026-08-27,Творческая встреча
VIS_04062,EV_0171,INST_014,2026-08-27,Творческая встреча
VIS_03237,EV_0171,INST_014,2026-08-27,Творческая встреча
VIS_02261,EV_0171,INST_014,2026-08-27,Творческая встреча
VIS_00662,EV_0171,INST_014,2026-08-27,Творческая встреча
VIS_03987,EV_0171,INST_014,2026-08-27,Творческая встреча
VIS_00279,EV_0171,INST_014,2026-08-27,Творческая встреча
VIS_00085,EV_0171,INST_014,2026-08-27,Творческая встреча
VIS_03210,EV_0171,INST_014,2026-08-27,Творческая встреча
VIS_02996,EV_0171,INST_014,2026-08-27,Творческая встреча
VIS_02754,EV_0171,INST_014,2026-08-27,Творческая встреча
VIS_02640,EV_0171,INST_014,2026-08-27,Творческая встреча
VIS_01417,EV_0171,INST_014,2026-08-27,Творческая встреча
VIS_04473,EV_0171,INST_014,2026-08-27,Творческая встреча
VIS_00022,EV_0171,INST_014,2026-08-27,Творческая встреча
VIS_03740,EV_0171,INST_014,2026-08-27,Творческая встреча
VIS_02491,EV_0171,INST_014,2026-08-27,Творческая встреча
VIS_04435,EV_0171,INST_014,2026-08-27,Творческая встреча
VIS_02049,EV_0171,INST_014,2026-08-27,Творческая встреча
VIS_00653,EV_0171,INST_014,2026-08-27,Творческая встреча
VIS_02634,EV_0171,INST_014,2026-08-27,Творческая встреча
VIS_04440,EV_0171,INST_014,2026-08-27,Творческая встреча
VIS_04327,EV_0171,INST_014,2026-08-27,Творческая встреча
VIS_00485,EV_0171,INST_014,2026-08-27,Творческая встреча
VIS_02609,EV_0171,INST_014,2026-08-27,Творческая встреча
VIS_01264,EV_0171,INST_014,2026-08-27,Творческая встреча
VIS_00435,EV_0171,INST_014,2026-08-27,Творческая встреча
VIS_00020,EV_0171,INST_014,2026-08-27,Творческая встреча
VIS_02995,EV_0171,INST_014,2026-08-27,Творческая встреча
VIS_03616,EV_0171,INST_014,2026-08-27,Творческая встреча
VIS_00648,EV_0171,INST_014,2026-08-27,Творческая встреча
VIS_04932,EV_0171,INST_014,2026-08-27,Творческая встреча
VIS_03394,EV_0205,INST_017,2026-08-27,Концерт
VIS_02309,EV_0205,INST_017,2026-08-27,Концерт
VIS_04424,EV_0205,INST_017,2026-08-27,Концерт
VIS_01674,EV_0205,INST_017,2026-08-27,Концерт
VIS_02054,EV_0205,INST_017,2026-08-27,Концерт
VIS_00638,EV_0205,INST_017,2026-08-27,Концерт
VIS_03000,EV_0205,INST_017,2026-08-27,Концерт
VIS_01291,EV_0205,INST_017,2026-08-27,Концерт
VIS_04173,EV_0205,INST_017,2026-08-27,Концерт
VIS_04959,EV_0205,INST_017,2026-08-27,Концерт
VIS_03018,EV_0205,INST_017,2026-08-27,Концерт
VIS_00457,EV_0205,INST_017,2026-08-27,Концерт
VIS_03642,EV_0205,INST_017,2026-08-27,Концерт
VIS_02412,EV_0205,INST_017,2026-08-27,Концерт
VIS_02804,EV_0205,INST_017,2026-08-27,Концерт
VIS_02688,EV_0205,INST_017,2026-08-27,Концерт
VIS_00786,EV_0205,INST_017,2026-08-27,Концерт
VIS_02528,EV_0205,INST_017,2026-08-27,Концерт
VIS_03400,EV_0205,INST_017,2026-08-27,Концерт
VIS_04898,EV_0205,INST_017,2026-08-27,Концерт
VIS_02476,EV_0205,INST_017,2026-08-27,Концерт
VIS_04877,EV_0205,INST_017,2026-08-27,Концерт
VIS_01578,EV_0205,INST_017,2026-08-27,Концерт
VIS_04136,EV_0205,INST_017,2026-08-27,Концерт
VIS_02732,EV_0205,INST_017,2026-08-27,Концерт
VIS_03557,EV_0205,INST_017,2026-08-27,Концерт
VIS_04356,EV_0205,INST_017,2026-08-27,Концерт
VIS_02326,EV_0205,INST_017,2026-08-27,Концерт
VIS_03657,EV_0205,INST_017,2026-08-27,Концерт
VIS_02002,EV_0205,INST_017,2026-08-27,Концерт
VIS_03813,EV_0205,INST_017,2026-08-27,Концерт
VIS_02390,EV_0205,INST_017,2026-08-27,Концерт
VIS_00237,EV_0205,INST_017,2026-08-27,Концерт
VIS_04265,EV_0205,INST_017,2026-08-27,Концерт
VIS_02698,EV_0205,INST_017,2026-08-27,Концерт
VIS_03829,EV_0205,INST_017,2026-08-27,Концерт
VIS_04275,EV_0205,INST_017,2026-08-27,Концерт
VIS_01936,EV_0205,INST_017,2026-08-27,Концерт
VIS_00248,EV_0205,INST_017,2026-08-27,Концерт
VIS_04229,EV_0205,INST_017,2026-08-27,Концерт
VIS_03803,EV_0205,INST_017,2026-08-27,Концерт
VIS_01714,EV_0205,INST_017,2026-08-27,Концерт
VIS_04616,EV_0205,INST_017,2026-08-27,Концерт
VIS_04486,EV_0205,INST_017,2026-08-27,Концерт
VIS_02173,EV_0205,INST_017,2026-08-27,Концерт
VIS_00150,EV_0205,INST_017,2026-08-27,Концерт
VIS_03274,EV_0205,INST_017,2026-08-27,Концерт
VIS_04655,EV_0205,INST_017,2026-08-27,Концерт
VIS_01675,EV_0205,INST_017,2026-08-27,Концерт
VIS_04323,EV_0205,INST_017,2026-08-27,Концерт
VIS_02555,EV_0205,INST_017,2026-08-27,Концерт
VIS_03124,EV_0205,INST_017,2026-08-27,Концерт
VIS_03965,EV_0205,INST_017,2026-08-27,Концерт
VIS_03564,EV_0205,INST_017,2026-08-27,Концерт
VIS_00818,EV_0205,INST_017,2026-08-27,Концерт
VIS_00061,EV_0205,INST_017,2026-08-27,Концерт
VIS_04804,EV_0205,INST_017,2026-08-27,Концерт
VIS_01416,EV_0205,INST_017,2026-08-27,Концерт
VIS_04495,EV_0205,INST_017,2026-08-27,Концерт
VIS_03624,EV_0205,INST_017,2026-08-27,Концерт
VIS_00146,EV_0205,INST_017,2026-08-27,Концерт
VIS_03750,EV_0205,INST_017,2026-08-27,Концерт
VIS_04077,EV_0205,INST_017,2026-08-27,Концерт
VIS_02495,EV_0205,INST_017,2026-08-27,Концерт
VIS_02330,EV_0205,INST_017,2026-08-27,Концерт
VIS_04479,EV_0205,INST_017,2026-08-27,Концерт
VIS_01285,EV_0205,INST_017,2026-08-27,Концерт
VIS_02491,EV_0205,INST_017,2026-08-27,Концерт
VIS_04659,EV_0205,INST_017,2026-08-27,Концерт
VIS_02927,EV_0205,INST_017,2026-08-27,Концерт
VIS_04648,EV_0205,INST_017,2026-08-27,Концерт
VIS_02017,EV_0205,INST_017,2026-08-27,Концерт
VIS_03138,EV_0205,INST_017,2026-08-27,Концерт
VIS_03810,EV_0205,INST_017,2026-08-27,Концерт
VIS_01028,EV_0205,INST_017,2026-08-27,Концерт
VIS_03658,EV_0205,INST_017,2026-08-27,Концерт
VIS_00782,EV_0205,INST_017,2026-08-27,Концерт
VIS_02297,EV_0205,INST_017,2026-08-27,Концерт
VIS_03251,EV_0205,INST_017,2026-08-27,Концерт
VIS_02259,EV_0205,INST_017,2026-08-27,Концерт
VIS_03304,EV_0205,INST_017,2026-08-27,Концерт
VIS_02296,EV_0205,INST_017,2026-08-27,Концерт
VIS_01272,EV_0205,INST_017,2026-08-27,Концерт
VIS_00973,EV_0205,INST_017,2026-08-27,Концерт
VIS_02988,EV_0205,INST_017,2026-08-27,Концерт
VIS_00414,EV_0205,INST_017,2026-08-27,Концерт
VIS_04393,EV_0205,INST_017,2026-08-27,Концерт
VIS_00832,EV_0205,INST_017,2026-08-27,Концерт
VIS_03085,EV_0205,INST_017,2026-08-27,Концерт
VIS_02725,EV_0205,INST_017,2026-08-27,Концерт
VIS_03689,EV_0205,INST_017,2026-08-27,Концерт
VIS_00076,EV_0205,INST_017,2026-08-27,Концерт
VIS_01411,EV_0205,INST_017,2026-08-27,Концерт
VIS_03616,EV_0205,INST_017,2026-08-27,Концерт
VIS_01535,EV_0205,INST_017,2026-08-27,Концерт
VIS_00033,EV_0205,INST_017,2026-08-27,Концерт
VIS_00321,EV_0205,INST_017,2026-08-27,Концерт
VIS_02195,EV_0205,INST_017,2026-08-27,Концерт
VIS_00154,EV_0205,INST_017,2026-08-27,Концерт
VIS_01565,EV_0205,INST_017,2026-08-27,Концерт
VIS_01749,EV_0205,INST_017,2026-08-27,Концерт
VIS_04324,EV_0205,INST_017,2026-08-27,Концерт
VIS_04991,EV_0205,INST_017,2026-08-27,Концерт
VIS_03984,EV_0205,INST_017,2026-08-27,Концерт
VIS_01378,EV_0205,INST_017,2026-08-27,Концерт
VIS_00377,EV_0205,INST_017,2026-08-27,Концерт
VIS_03359,EV_0205,INST_017,2026-08-27,Концерт
VIS_03566,EV_0205,INST_017,2026-08-27,Концерт
VIS_01547,EV_0205,INST_017,2026-08-27,Концерт
VIS_01324,EV_0205,INST_017,2026-08-27,Концерт
VIS_00614,EV_0205,INST_017,2026-08-27,Концерт
VIS_03518,EV_0205,INST_017,2026-08-27,Концерт
VIS_04626,EV_0205,INST_017,2026-08-27,Концерт
VIS_02552,EV_0205,INST_017,2026-08-27,Концерт
VIS_00533,EV_0205,INST_017,2026-08-27,Концерт
VIS_02308,EV_0205,INST_017,2026-08-27,Концерт
VIS_01702,EV_0205,INST_017,2026-08-27,Концерт
VIS_03414,EV_0205,INST_017,2026-08-27,Концерт
VIS_02564,EV_0205,INST_017,2026-08-27,Концерт
VIS_03706,EV_0205,INST_017,2026-08-27,Концерт
VIS_04417,EV_0205,INST_017,2026-08-27,Концерт
VIS_04658,EV_0205,INST_017,2026-08-27,Концерт
VIS_00374,EV_0205,INST_017,2026-08-27,Концерт
VIS_00127,EV_0205,INST_017,2026-08-27,Концерт
VIS_00807,EV_0205,INST_017,2026-08-27,Концерт
VIS_01131,EV_0205,INST_017,2026-08-27,Концерт
VIS_04252,EV_0205,INST_017,2026-08-27,Концерт
VIS_00570,EV_0205,INST_017,2026-08-27,Концерт
VIS_03358,EV_0205,INST_017,2026-08-27,Концерт
VIS_01690,EV_0205,INST_017,2026-08-27,Концерт
VIS_04444,EV_0205,INST_017,2026-08-27,Концерт
VIS_02034,EV_0205,INST_017,2026-08-27,Концерт
VIS_03859,EV_0205,INST_017,2026-08-27,Концерт
VIS_01485,EV_0205,INST_017,2026-08-27,Концерт
VIS_01780,EV_0205,INST_017,2026-08-27,Концерт
VIS_00367,EV_0205,INST_017,2026-08-27,Концерт
VIS_01459,EV_0205,INST_017,2026-08-27,Концерт
VIS_01836,EV_0205,INST_017,2026-08-27,Концерт
VIS_01982,EV_0205,INST_017,2026-08-27,Концерт
VIS_00195,EV_0205,INST_017,2026-08-27,Концерт
VIS_02556,EV_0205,INST_017,2026-08-27,Концерт
VIS_00418,EV_0205,INST_017,2026-08-27,Концерт
VIS_01049,EV_0205,INST_017,2026-08-27,Концерт
VIS_03110,EV_0205,INST_017,2026-08-27,Концерт
VIS_03052,EV_0205,INST_017,2026-08-27,Концерт
VIS_02350,EV_0205,INST_017,2026-08-27,Концерт
VIS_04429,EV_0205,INST_017,2026-08-27,Концерт
VIS_01034,EV_0205,INST_017,2026-08-27,Концерт
VIS_01078,EV_0205,INST_017,2026-08-27,Концерт
VIS_01372,EV_0205,INST_017,2026-08-27,Концерт
VIS_02831,EV_0205,INST_017,2026-08-27,Концерт
VIS_04732,EV_0205,INST_017,2026-08-27,Концерт
VIS_03154,EV_0205,INST_017,2026-08-27,Концерт
VIS_01235,EV_0205,INST_017,2026-08-27,Концерт
VIS_04017,EV_0205,INST_017,2026-08-27,Концерт
VIS_02946,EV_0205,INST_017,2026-08-27,Концерт
VIS_03668,EV_0205,INST_017,2026-08-27,Концерт
VIS_01445,EV_0205,INST_017,2026-08-27,Концерт
VIS_03808,EV_0205,INST_017,2026-08-27,Концерт
VIS_01960,EV_0205,INST_017,2026-08-27,Концерт
VIS_04508,EV_0205,INST_017,2026-08-27,Концерт
VIS_01266,EV_0205,INST_017,2026-08-27,Концерт
VIS_01958,EV_0205,INST_017,2026-08-27,Концерт
VIS_00463,EV_0205,INST_017,2026-08-27,Концерт
VIS_04440,EV_0071,INST_006,2026-09-01,Мастер-класс
VIS_03415,EV_0071,INST_006,2026-09-01,Мастер-класс
VIS_04955,EV_0071,INST_006,2026-09-01,Мастер-класс
VIS_01569,EV_0071,INST_006,2026-09-01,Мастер-класс
VIS_02645,EV_0071,INST_006,2026-09-01,Мастер-класс
VIS_01184,EV_0071,INST_006,2026-09-01,Мастер-класс
VIS_00904,EV_0071,INST_006,2026-09-01,Мастер-класс
VIS_01852,EV_0071,INST_006,2026-09-01,Мастер-класс
VIS_04183,EV_0071,INST_006,2026-09-01,Мастер-класс
VIS_00285,EV_0071,INST_006,2026-09-01,Мастер-класс
VIS_04055,EV_0071,INST_006,2026-09-01,Мастер-класс
VIS_02703,EV_0071,INST_006,2026-09-01,Мастер-класс
VIS_02071,EV_0071,INST_006,2026-09-01,Мастер-класс
VIS_02566,EV_0071,INST_006,2026-09-01,Мастер-класс
VIS_00549,EV_0071,INST_006,2026-09-01,Мастер-класс
VIS_04679,EV_0071,INST_006,2026-09-01,Мастер-класс
VIS_02197,EV_0071,INST_006,2026-09-01,Мастер-класс
VIS_02754,EV_0071,INST_006,2026-09-01,Мастер-класс
VIS_02659,EV_0071,INST_006,2026-09-01,Мастер-класс
VIS_01480,EV_0071,INST_006,2026-09-01,Мастер-класс
VIS_04504,EV_0071,INST_006,2026-09-01,Мастер-класс
VIS_00221,EV_0071,INST_006,2026-09-01,Мастер-класс
VIS_03185,EV_0071,INST_006,2026-09-01,Мастер-класс
VIS_00769,EV_0071,INST_006,2026-09-01,Мастер-класс
VIS_04664,EV_0071,INST_006,2026-09-01,Мастер-класс
VIS_01910,EV_0071,INST_006,2026-09-01,Мастер-класс
VIS_02395,EV_0071,INST_006,2026-09-01,Мастер-класс
VIS_03906,EV_0071,INST_006,2026-09-01,Мастер-класс
VIS_03337,EV_0071,INST_006,2026-09-01,Мастер-класс
VIS_04925,EV_0071,INST_006,2026-09-01,Мастер-класс
VIS_02422,EV_0071,INST_006,2026-09-01,Мастер-класс
VIS_00557,EV_0071,INST_006,2026-09-01,Мастер-класс
VIS_00166,EV_0071,INST_006,2026-09-01,Мастер-класс
VIS_00952,EV_0071,INST_006,2026-09-01,Мастер-класс
VIS_01354,EV_0071,INST_006,2026-09-01,Мастер-класс
VIS_01292,EV_0071,INST_006,2026-09-01,Мастер-класс
VIS_01193,EV_0071,INST_006,2026-09-01,Мастер-класс
VIS_01319,EV_0071,INST_006,2026-09-01,Мастер-класс
VIS_01627,EV_0071,INST_006,2026-09-01,Мастер-класс
VIS_02280,EV_0071,INST_006,2026-09-01,Мастер-класс
VIS_01286,EV_0071,INST_006,2026-09-01,Мастер-класс
VIS_01723,EV_0071,INST_006,2026-09-01,Мастер-класс
VIS_00182,EV_0071,INST_006,2026-09-01,Мастер-класс
VIS_01751,EV_0071,INST_006,2026-09-01,Мастер-класс
VIS_03492,EV_0071,INST_006,2026-09-01,Мастер-класс
VIS_04049,EV_0071,INST_006,2026-09-01,Мастер-класс
VIS_01159,EV_0071,INST_006,2026-09-01,Мастер-класс
VIS_04396,EV_0071,INST_006,2026-09-01,Мастер-класс
VIS_00508,EV_0071,INST_006,2026-09-01,Мастер-класс
VIS_02593,EV_0071,INST_006,2026-09-01,Мастер-класс
VIS_00770,EV_0071,INST_006,2026-09-01,Мастер-класс
VIS_03935,EV_0071,INST_006,2026-09-01,Мастер-класс
VIS_01750,EV_0071,INST_006,2026-09-01,Мастер-класс
VIS_04200,EV_0071,INST_006,2026-09-01,Мастер-класс
VIS_01091,EV_0071,INST_006,2026-09-01,Мастер-класс
VIS_01593,EV_0071,INST_006,2026-09-01,Мастер-класс
VIS_02293,EV_0071,INST_006,2026-09-01,Мастер-класс
VIS_03837,EV_0071,INST_006,2026-09-01,Мастер-класс
VIS_00771,EV_0071,INST_006,2026-09-01,Мастер-класс
VIS_03896,EV_0071,INST_006,2026-09-01,Мастер-класс
VIS_00204,EV_0133,INST_011,2026-09-05,Лекция
VIS_03533,EV_0133,INST_011,2026-09-05,Лекция
VIS_03058,EV_0133,INST_011,2026-09-05,Лекция
VIS_02699,EV_0133,INST_011,2026-09-05,Лекция
VIS_04435,EV_0133,INST_011,2026-09-05,Лекция
VIS_02770,EV_0133,INST_011,2026-09-05,Лекция
VIS_00159,EV_0133,INST_011,2026-09-05,Лекция
VIS_00133,EV_0133,INST_011,2026-09-05,Лекция
VIS_04879,EV_0133,INST_011,2026-09-05,Лекция
VIS_00106,EV_0133,INST_011,2026-09-05,Лекция
VIS_01070,EV_0133,INST_011,2026-09-05,Лекция
VIS_00975,EV_0133,INST_011,2026-09-05,Лекция
VIS_01688,EV_0133,INST_011,2026-09-05,Лекция
VIS_00475,EV_0133,INST_011,2026-09-05,Лекция
VIS_02949,EV_0133,INST_011,2026-09-05,Лекция
VIS_04836,EV_0133,INST_011,2026-09-05,Лекция
VIS_02543,EV_0133,INST_011,2026-09-05,Лекция
VIS_01155,EV_0133,INST_011,2026-09-05,Лекция
VIS_02824,EV_0133,INST_011,2026-09-05,Лекция
VIS_04313,EV_0133,INST_011,2026-09-05,Лекция
VIS_01387,EV_0133,INST_011,2026-09-05,Лекция
VIS_01379,EV_0133,INST_011,2026-09-05,Лекция
VIS_04842,EV_0133,INST_011,2026-09-05,Лекция
VIS_04112,EV_0133,INST_011,2026-09-05,Лекция
VIS_02460,EV_0133,INST_011,2026-09-05,Лекция
VIS_04482,EV_0133,INST_011,2026-09-05,Лекция
VIS_02150,EV_0133,INST_011,2026-09-05,Лекция
VIS_02454,EV_0133,INST_011,2026-09-05,Лекция
VIS_00330,EV_0133,INST_011,2026-09-05,Лекция
VIS_04875,EV_0133,INST_011,2026-09-05,Лекция
VIS_02785,EV_0133,INST_011,2026-09-05,Лекция
VIS_00832,EV_0133,INST_011,2026-09-05,Лекция
VIS_02833,EV_0133,INST_011,2026-09-05,Лекция
VIS_04077,EV_0133,INST_011,2026-09-05,Лекция
VIS_02683,EV_0133,INST_011,2026-09-05,Лекция
VIS_00066,EV_0133,INST_011,2026-09-05,Лекция
VIS_04056,EV_0133,INST_011,2026-09-05,Лекция
VIS_02563,EV_0133,INST_011,2026-09-05,Лекция
VIS_02335,EV_0133,INST_011,2026-09-05,Лекция
VIS_00263,EV_0133,INST_011,2026-09-05,Лекция
VIS_02062,EV_0133,INST_011,2026-09-05,Лекция
VIS_03365,EV_0133,INST_011,2026-09-05,Лекция
VIS_02101,EV_0133,INST_011,2026-09-05,Лекция
VIS_00802,EV_0133,INST_011,2026-09-05,Лекция
VIS_00191,EV_0133,INST_011,2026-09-05,Лекция
VIS_02117,EV_0133,INST_011,2026-09-05,Лекция
VIS_02847,EV_0133,INST_011,2026-09-05,Лекция
VIS_03234,EV_0133,INST_011,2026-09-05,Лекция
VIS_00587,EV_0133,INST_011,2026-09-05,Лекция
VIS_00202,EV_0133,INST_011,2026-09-05,Лекция
VIS_00376,EV_0133,INST_011,2026-09-05,Лекция
VIS_01862,EV_0133,INST_011,2026-09-05,Лекция
VIS_03885,EV_0133,INST_011,2026-09-05,Лекция
VIS_04644,EV_0133,INST_011,2026-09-05,Лекция
VIS_00934,EV_0133,INST_011,2026-09-05,Лекция
VIS_02989,EV_0133,INST_011,2026-09-05,Лекция
VIS_00812,EV_0133,INST_011,2026-09-05,Лекция
VIS_02575,EV_0133,INST_011,2026-09-05,Лекция
VIS_02758,EV_0133,INST_011,2026-09-05,Лекция
VIS_02274,EV_0133,INST_011,2026-09-05,Лекция
VIS_02417,EV_0133,INST_011,2026-09-05,Лекция
VIS_00264,EV_0133,INST_011,2026-09-05,Лекция
VIS_00903,EV_0133,INST_011,2026-09-05,Лекция
VIS_04326,EV_0133,INST_011,2026-09-05,Лекция
VIS_01288,EV_0133,INST_011,2026-09-05,Лекция
VIS_02461,EV_0133,INST_011,2026-09-05,Лекция
VIS_03335,EV_0133,INST_011,2026-09-05,Лекция
VIS_02673,EV_0133,INST_011,2026-09-05,Лекция
VIS_01139,EV_0133,INST_011,2026-09-05,Лекция
VIS_01286,EV_0017,INST_001,2026-09-06,Мастер-класс
VIS_00871,EV_0017,INST_001,2026-09-06,Мастер-класс
VIS_04937,EV_0017,INST_001,2026-09-06,Мастер-класс
VIS_03918,EV_0017,INST_001,2026-09-06,Мастер-класс
VIS_01464,EV_0017,INST_001,2026-09-06,Мастер-класс
VIS_01117,EV_0017,INST_001,2026-09-06,Мастер-класс
VIS_02689,EV_0017,INST_001,2026-09-06,Мастер-класс
VIS_01762,EV_0017,INST_001,2026-09-06,Мастер-класс
VIS_03225,EV_0017,INST_001,2026-09-06,Мастер-класс
VIS_00594,EV_0017,INST_001,2026-09-06,Мастер-класс
VIS_04831,EV_0017,INST_001,2026-09-06,Мастер-класс
VIS_00867,EV_0017,INST_001,2026-09-06,Мастер-класс
VIS_01094,EV_0017,INST_001,2026-09-06,Мастер-класс
VIS_02128,EV_0017,INST_001,2026-09-06,Мастер-класс
VIS_00721,EV_0017,INST_001,2026-09-06,Мастер-класс
VIS_00910,EV_0017,INST_001,2026-09-06,Мастер-класс
VIS_01634,EV_0017,INST_001,2026-09-06,Мастер-класс
VIS_00215,EV_0017,INST_001,2026-09-06,Мастер-класс
VIS_01658,EV_0017,INST_001,2026-09-06,Мастер-класс
VIS_02426,EV_0017,INST_001,2026-09-06,Мастер-класс
VIS_03302,EV_0017,INST_001,2026-09-06,Мастер-класс
VIS_00972,EV_0017,INST_001,2026-09-06,Мастер-класс
VIS_00623,EV_0017,INST_001,2026-09-06,Мастер-класс
VIS_00337,EV_0017,INST_001,2026-09-06,Мастер-класс
VIS_04454,EV_0017,INST_001,2026-09-06,Мастер-класс
VIS_04661,EV_0017,INST_001,2026-09-06,Мастер-класс
VIS_00872,EV_0017,INST_001,2026-09-06,Мастер-класс
VIS_00046,EV_0017,INST_001,2026-09-06,Мастер-класс
VIS_00854,EV_0017,INST_001,2026-09-06,Мастер-класс
VIS_02492,EV_0017,INST_001,2026-09-06,Мастер-класс
VIS_04983,EV_0017,INST_001,2026-09-06,Мастер-класс
VIS_00667,EV_0017,INST_001,2026-09-06,Мастер-класс
VIS_03809,EV_0017,INST_001,2026-09-06,Мастер-класс
VIS_04832,EV_0017,INST_001,2026-09-06,Мастер-класс
VIS_04947,EV_0017,INST_001,2026-09-06,Мастер-класс
VIS_03179,EV_0017,INST_001,2026-09-06,Мастер-класс
VIS_02473,EV_0017,INST_001,2026-09-06,Мастер-класс
VIS_00651,EV_0017,INST_001,2026-09-06,Мастер-класс
VIS_02693,EV_0032,INST_002,2026-09-07,Творческая встреча
VIS_00009,EV_0032,INST_002,2026-09-07,Творческая встреча
VIS_02860,EV_0032,INST_002,2026-09-07,Творческая встреча
VIS_04044,EV_0032,INST_002,2026-09-07,Творческая встреча
VIS_00883,EV_0032,INST_002,2026-09-07,Творческая встреча
VIS_01280,EV_0032,INST_002,2026-09-07,Творческая встреча
VIS_04293,EV_0032,INST_002,2026-09-07,Творческая встреча
VIS_03263,EV_0032,INST_002,2026-09-07,Творческая встреча
VIS_02820,EV_0032,INST_002,2026-09-07,Творческая встреча
VIS_02885,EV_0032,INST_002,2026-09-07,Творческая встреча
VIS_02580,EV_0032,INST_002,2026-09-07,Творческая встреча
VIS_03867,EV_0032,INST_002,2026-09-07,Творческая встреча
VIS_02160,EV_0032,INST_002,2026-09-07,Творческая встреча
VIS_02796,EV_0032,INST_002,2026-09-07,Творческая встреча
VIS_00113,EV_0032,INST_002,2026-09-07,Творческая встреча
VIS_00955,EV_0032,INST_002,2026-09-07,Творческая встреча
VIS_00844,EV_0032,INST_002,2026-09-07,Творческая встреча
VIS_02031,EV_0032,INST_002,2026-09-07,Творческая встреча
VIS_03142,EV_0032,INST_002,2026-09-07,Творческая встреча
VIS_04818,EV_0032,INST_002,2026-09-07,Творческая встреча
VIS_01753,EV_0032,INST_002,2026-09-07,Творческая встреча
VIS_01068,EV_0032,INST_002,2026-09-07,Творческая встреча
VIS_01738,EV_0032,INST_002,2026-09-07,Творческая встреча
VIS_01384,EV_0032,INST_002,2026-09-07,Творческая встреча
VIS_04724,EV_0032,INST_002,2026-09-07,Творческая встреча
VIS_03426,EV_0032,INST_002,2026-09-07,Творческая встреча
VIS_04551,EV_0032,INST_002,2026-09-07,Творческая встреча
VIS_00821,EV_0032,INST_002,2026-09-07,Творческая встреча
VIS_01762,EV_0032,INST_002,2026-09-07,Творческая встреча
VIS_02596,EV_0032,INST_002,2026-09-07,Творческая встреча
VIS_01023,EV_0032,INST_002,2026-09-07,Творческая встреча
VIS_00975,EV_0032,INST_002,2026-09-07,Творческая встреча
VIS_01208,EV_0032,INST_002,2026-09-07,Творческая встреча
VIS_01952,EV_0032,INST_002,2026-09-07,Творческая встреча
VIS_00133,EV_0032,INST_002,2026-09-07,Творческая встреча
VIS_03830,EV_0032,INST_002,2026-09-07,Творческая встреча
VIS_00966,EV_0032,INST_002,2026-09-07,Творческая встреча
VIS_01080,EV_0032,INST_002,2026-09-07,Творческая встреча
VIS_02547,EV_0032,INST_002,2026-09-07,Творческая встреча
VIS_01604,EV_0032,INST_002,2026-09-07,Творческая встреча
VIS_00457,EV_0032,INST_002,2026-09-07,Творческая встреча
VIS_00020,EV_0032,INST_002,2026-09-07,Творческая встреча
VIS_04321,EV_0032,INST_002,2026-09-07,Творческая встреча
VIS_01507,EV_0032,INST_002,2026-09-07,Творческая встреча
VIS_02248,EV_0032,INST_002,2026-09-07,Творческая встреча
VIS_04842,EV_0032,INST_002,2026-09-07,Творческая встреча
VIS_00453,EV_0032,INST_002,2026-09-07,Творческая встреча
VIS_02726,EV_0032,INST_002,2026-09-07,Творческая встреча
VIS_01892,EV_0032,INST_002,2026-09-07,Творческая встреча
VIS_01318,EV_0032,INST_002,2026-09-07,Творческая встреча
VIS_00031,EV_0032,INST_002,2026-09-07,Творческая встреча
VIS_04441,EV_0032,INST_002,2026-09-07,Творческая встреча
VIS_04403,EV_0032,INST_002,2026-09-07,Творческая встреча
VIS_01297,EV_0032,INST_002,2026-09-07,Творческая встреча
VIS_00236,EV_0032,INST_002,2026-09-07,Творческая встреча
VIS_02892,EV_0032,INST_002,2026-09-07,Творческая встреча
VIS_00760,EV_0032,INST_002,2026-09-07,Творческая встреча
VIS_04948,EV_0032,INST_002,2026-09-07,Творческая встреча
VIS_01213,EV_0032,INST_002,2026-09-07,Творческая встреча
VIS_00192,EV_0032,INST_002,2026-09-07,Творческая встреча
VIS_03571,EV_0032,INST_002,2026-09-07,Творческая встреча
VIS_02782,EV_0032,INST_002,2026-09-07,Творческая встреча
VIS_03893,EV_0032,INST_002,2026-09-07,Творческая встреча
VIS_03100,EV_0032,INST_002,2026-09-07,Творческая встреча
VIS_03748,EV_0032,INST_002,2026-09-07,Творческая встреча
VIS_02646,EV_0032,INST_002,2026-09-07,Творческая встреча
VIS_03921,EV_0032,INST_002,2026-09-07,Творческая встреча
VIS_02912,EV_0032,INST_002,2026-09-07,Творческая встреча
VIS_02578,EV_0032,INST_002,2026-09-07,Творческая встреча
VIS_04918,EV_0032,INST_002,2026-09-07,Творческая встреча
VIS_03629,EV_0032,INST_002,2026-09-07,Творческая встреча
VIS_03891,EV_0032,INST_002,2026-09-07,Творческая встреча
VIS_03710,EV_0032,INST_002,2026-09-07,Творческая встреча
VIS_04465,EV_0032,INST_002,2026-09-07,Творческая встреча
VIS_02071,EV_0032,INST_002,2026-09-07,Творческая встреча
VIS_00474,EV_0032,INST_002,2026-09-07,Творческая встреча
VIS_04725,EV_0172,INST_014,2026-09-07,Лекция
VIS_01246,EV_0172,INST_014,2026-09-07,Лекция
VIS_02414,EV_0172,INST_014,2026-09-07,Лекция
VIS_04719,EV_0172,INST_014,2026-09-07,Лекция
VIS_01503,EV_0172,INST_014,2026-09-07,Лекция
VIS_01233,EV_0172,INST_014,2026-09-07,Лекция
VIS_04222,EV_0172,INST_014,2026-09-07,Лекция
VIS_04872,EV_0172,INST_014,2026-09-07,Лекция
VIS_04505,EV_0172,INST_014,2026-09-07,Лекция
VIS_00101,EV_0172,INST_014,2026-09-07,Лекция
VIS_01739,EV_0172,INST_014,2026-09-07,Лекция
VIS_01322,EV_0172,INST_014,2026-09-07,Лекция
VIS_01865,EV_0172,INST_014,2026-09-07,Лекция
VIS_02754,EV_0172,INST_014,2026-09-07,Лекция
VIS_00909,EV_0172,INST_014,2026-09-07,Лекция
VIS_01113,EV_0172,INST_014,2026-09-07,Лекция
VIS_00060,EV_0172,INST_014,2026-09-07,Лекция
VIS_00091,EV_0172,INST_014,2026-09-07,Лекция
VIS_02078,EV_0172,INST_014,2026-09-07,Лекция
VIS_03740,EV_0172,INST_014,2026-09-07,Лекция
VIS_00047,EV_0172,INST_014,2026-09-07,Лекция
VIS_03067,EV_0172,INST_014,2026-09-07,Лекция
VIS_03805,EV_0172,INST_014,2026-09-07,Лекция
VIS_03332,EV_0172,INST_014,2026-09-07,Лекция
VIS_04602,EV_0172,INST_014,2026-09-07,Лекция
VIS_00939,EV_0172,INST_014,2026-09-07,Лекция
VIS_03681,EV_0172,INST_014,2026-09-07,Лекция
VIS_04595,EV_0172,INST_014,2026-09-07,Лекция
VIS_00900,EV_0172,INST_014,2026-09-07,Лекция
VIS_03985,EV_0172,INST_014,2026-09-07,Лекция
VIS_01595,EV_0172,INST_014,2026-09-07,Лекция
VIS_04902,EV_0172,INST_014,2026-09-07,Лекция
VIS_04516,EV_0172,INST_014,2026-09-07,Лекция
VIS_04491,EV_0172,INST_014,2026-09-07,Лекция
VIS_03009,EV_0172,INST_014,2026-09-07,Лекция
VIS_02831,EV_0172,INST_014,2026-09-07,Лекция
VIS_00771,EV_0172,INST_014,2026-09-07,Лекция
VIS_00062,EV_0172,INST_014,2026-09-07,Лекция
VIS_04990,EV_0172,INST_014,2026-09-07,Лекция
VIS_04897,EV_0172,INST_014,2026-09-07,Лекция
VIS_01214,EV_0172,INST_014,2026-09-07,Лекция
VIS_02944,EV_0172,INST_014,2026-09-07,Лекция
VIS_00606,EV_0172,INST_014,2026-09-07,Лекция
VIS_03356,EV_0172,INST_014,2026-09-07,Лекция
VIS_04300,EV_0172,INST_014,2026-09-07,Лекция
VIS_00929,EV_0172,INST_014,2026-09-07,Лекция
VIS_03194,EV_0172,INST_014,2026-09-07,Лекция
VIS_02554,EV_0172,INST_014,2026-09-07,Лекция
VIS_00036,EV_0172,INST_014,2026-09-07,Лекция
VIS_04183,EV_0172,INST_014,2026-09-07,Лекция
VIS_00149,EV_0172,INST_014,2026-09-07,Лекция
VIS_03863,EV_0172,INST_014,2026-09-07,Лекция
VIS_03547,EV_0172,INST_014,2026-09-07,Лекция
VIS_04467,EV_0172,INST_014,2026-09-07,Лекция
VIS_00448,EV_0172,INST_014,2026-09-07,Лекция
VIS_03330,EV_0172,INST_014,2026-09-07,Лекция
VIS_00169,EV_0172,INST_014,2026-09-07,Лекция
VIS_02141,EV_0172,INST_014,2026-09-07,Лекция
VIS_02213,EV_0172,INST_014,2026-09-07,Лекция
VIS_04834,EV_0098,INST_007,2026-09-09,Творческая встреча
VIS_02777,EV_0098,INST_007,2026-09-09,Творческая встреча
VIS_01639,EV_0098,INST_007,2026-09-09,Творческая встреча
VIS_00531,EV_0098,INST_007,2026-09-09,Творческая встреча
VIS_04991,EV_0098,INST_007,2026-09-09,Творческая встреча
VIS_01817,EV_0098,INST_007,2026-09-09,Творческая встреча
VIS_02667,EV_0098,INST_007,2026-09-09,Творческая встреча
VIS_00820,EV_0098,INST_007,2026-09-09,Творческая встреча
VIS_04326,EV_0098,INST_007,2026-09-09,Творческая встреча
VIS_03231,EV_0098,INST_007,2026-09-09,Творческая встреча
VIS_03168,EV_0098,INST_007,2026-09-09,Творческая встреча
VIS_03294,EV_0098,INST_007,2026-09-09,Творческая встреча
VIS_00793,EV_0098,INST_007,2026-09-09,Творческая встреча
VIS_04080,EV_0098,INST_007,2026-09-09,Творческая встреча
VIS_00486,EV_0098,INST_007,2026-09-09,Творческая встреча
VIS_02514,EV_0098,INST_007,2026-09-09,Творческая встреча
VIS_03173,EV_0098,INST_007,2026-09-09,Творческая встреча
VIS_01597,EV_0098,INST_007,2026-09-09,Творческая встреча
VIS_04799,EV_0098,INST_007,2026-09-09,Творческая встреча
VIS_03148,EV_0098,INST_007,2026-09-09,Творческая встреча
VIS_00839,EV_0098,INST_007,2026-09-09,Творческая встреча
VIS_02757,EV_0098,INST_007,2026-09-09,Творческая встреча
VIS_03818,EV_0098,INST_007,2026-09-09,Творческая встреча
VIS_00098,EV_0098,INST_007,2026-09-09,Творческая встреча
VIS_03822,EV_0098,INST_007,2026-09-09,Творческая встреча
VIS_01610,EV_0098,INST_007,2026-09-09,Творческая встреча
VIS_00787,EV_0098,INST_007,2026-09-09,Творческая встреча
VIS_04324,EV_0098,INST_007,2026-09-09,Творческая встреча
VIS_04272,EV_0098,INST_007,2026-09-09,Творческая встреча
VIS_00357,EV_0098,INST_007,2026-09-09,Творческая встреча
VIS_01472,EV_0098,INST_007,2026-09-09,Творческая встреча
VIS_04873,EV_0098,INST_007,2026-09-09,Творческая встреча
VIS_03436,EV_0098,INST_007,2026-09-09,Творческая встреча
VIS_03136,EV_0098,INST_007,2026-09-09,Творческая встреча
VIS_03838,EV_0098,INST_007,2026-09-09,Творческая встреча
VIS_04549,EV_0098,INST_007,2026-09-09,Творческая встреча
VIS_04861,EV_0098,INST_007,2026-09-09,Творческая встреча
VIS_02725,EV_0098,INST_007,2026-09-09,Творческая встреча
VIS_01116,EV_0098,INST_007,2026-09-09,Творческая встреча
VIS_04013,EV_0098,INST_007,2026-09-09,Творческая встреча
VIS_02181,EV_0098,INST_007,2026-09-09,Творческая встреча
VIS_00543,EV_0098,INST_007,2026-09-09,Творческая встреча
VIS_02507,EV_0098,INST_007,2026-09-09,Творческая встреча
VIS_00977,EV_0098,INST_007,2026-09-09,Творческая встреча
VIS_00975,EV_0098,INST_007,2026-09-09,Творческая встреча
VIS_04978,EV_0098,INST_007,2026-09-09,Творческая встреча
VIS_03090,EV_0098,INST_007,2026-09-09,Творческая встреча
VIS_02368,EV_0098,INST_007,2026-09-09,Творческая встреча
VIS_02268,EV_0098,INST_007,2026-09-09,Творческая встреча
VIS_03325,EV_0098,INST_007,2026-09-09,Творческая встреча
VIS_04805,EV_0098,INST_007,2026-09-09,Творческая встреча
VIS_04533,EV_0098,INST_007,2026-09-09,Творческая встреча
VIS_02442,EV_0098,INST_007,2026-09-09,Творческая встреча
VIS_00847,EV_0098,INST_007,2026-09-09,Творческая встреча
VIS_01111,EV_0098,INST_007,2026-09-09,Творческая встреча
VIS_00496,EV_0098,INST_007,2026-09-09,Творческая встреча
VIS_04448,EV_0098,INST_007,2026-09-09,Творческая встреча
VIS_01436,EV_0098,INST_007,2026-09-09,Творческая встреча
VIS_00565,EV_0098,INST_007,2026-09-09,Творческая встреча
VIS_04961,EV_0098,INST_007,2026-09-09,Творческая встреча
VIS_04189,EV_0098,INST_007,2026-09-09,Творческая встреча
VIS_00816,EV_0098,INST_007,2026-09-09,Творческая встреча
VIS_04165,EV_0098,INST_007,2026-09-09,Творческая встреча
VIS_00881,EV_0098,INST_007,2026-09-09,Творческая встреча
VIS_03454,EV_0098,INST_007,2026-09-09,Творческая встреча
VIS_02400,EV_0098,INST_007,2026-09-09,Творческая встреча
VIS_01076,EV_0098,INST_007,2026-09-09,Творческая встреча
VIS_04777,EV_0098,INST_007,2026-09-09,Творческая встреча
VIS_02670,EV_0098,INST_007,2026-09-09,Творческая встреча
VIS_03017,EV_0098,INST_007,2026-09-09,Творческая встреча
VIS_00193,EV_0098,INST_007,2026-09-09,Творческая встреча
VIS_04517,EV_0098,INST_007,2026-09-09,Творческая встреча
VIS_00875,EV_0098,INST_007,2026-09-09,Творческая встреча
VIS_01723,EV_0098,INST_007,2026-09-09,Творческая встреча
VIS_03341,EV_0098,INST_007,2026-09-09,Творческая встреча
VIS_03748,EV_0098,INST_007,2026-09-09,Творческая встреча
VIS_01257,EV_0098,INST_007,2026-09-09,Творческая встреча
VIS_04762,EV_0098,INST_007,2026-09-09,Творческая встреча
VIS_04601,EV_0098,INST_007,2026-09-09,Творческая встреча
VIS_02724,EV_0098,INST_007,2026-09-09,Творческая встреча
VIS_01865,EV_0098,INST_007,2026-09-09,Творческая встреча
VIS_04888,EV_0098,INST_007,2026-09-09,Творческая встреча
VIS_01528,EV_0098,INST_007,2026-09-09,Творческая встреча
VIS_00848,EV_0098,INST_007,2026-09-09,Творческая встреча
VIS_04187,EV_0098,INST_007,2026-09-09,Творческая встреча
VIS_03085,EV_0098,INST_007,2026-09-09,Творческая встреча
VIS_02232,EV_0098,INST_007,2026-09-09,Творческая встреча
VIS_01026,EV_0098,INST_007,2026-09-09,Творческая встреча
VIS_03527,EV_0098,INST_007,2026-09-09,Творческая встреча
VIS_00457,EV_0206,INST_017,2026-09-09,Творческая встреча
VIS_00891,EV_0206,INST_017,2026-09-09,Творческая встреча
VIS_01674,EV_0206,INST_017,2026-09-09,Творческая встреча
VIS_04318,EV_0206,INST_017,2026-09-09,Творческая встреча
VIS_00575,EV_0206,INST_017,2026-09-09,Творческая встреча
VIS_04476,EV_0206,INST_017,2026-09-09,Творческая встреча
VIS_00629,EV_0206,INST_017,2026-09-09,Творческая встреча
VIS_01533,EV_0206,INST_017,2026-09-09,Творческая встреча
VIS_01068,EV_0206,INST_017,2026-09-09,Творческая встреча
VIS_04528,EV_0206,INST_017,2026-09-09,Творческая встреча
VIS_04707,EV_0206,INST_017,2026-09-09,Творческая встреча
VIS_03346,EV_0206,INST_017,2026-09-09,Творческая встреча
VIS_01866,EV_0206,INST_017,2026-09-09,Творческая встреча
VIS_04448,EV_0206,INST_017,2026-09-09,Творческая встреча
VIS_04479,EV_0206,INST_017,2026-09-09,Творческая встреча
VIS_02297,EV_0206,INST_017,2026-09-09,Творческая встреча
VIS_01165,EV_0206,INST_017,2026-09-09,Творческая встреча
VIS_04692,EV_0206,INST_017,2026-09-09,Творческая встреча
VIS_02536,EV_0206,INST_017,2026-09-09,Творческая встреча
VIS_03319,EV_0206,INST_017,2026-09-09,Творческая встреча
VIS_02137,EV_0206,INST_017,2026-09-09,Творческая встреча
VIS_01545,EV_0206,INST_017,2026-09-09,Творческая встреча
VIS_01982,EV_0206,INST_017,2026-09-09,Творческая встреча
VIS_02246,EV_0206,INST_017,2026-09-09,Творческая встреча
VIS_00588,EV_0206,INST_017,2026-09-09,Творческая встреча
VIS_04726,EV_0206,INST_017,2026-09-09,Творческая встреча
VIS_01270,EV_0206,INST_017,2026-09-09,Творческая встреча
VIS_00988,EV_0206,INST_017,2026-09-09,Творческая встреча
VIS_04981,EV_0206,INST_017,2026-09-09,Творческая встреча
VIS_02465,EV_0206,INST_017,2026-09-09,Творческая встреча
VIS_00291,EV_0206,INST_017,2026-09-09,Творческая встреча
VIS_00418,EV_0206,INST_017,2026-09-09,Творческая встреча
VIS_02146,EV_0206,INST_017,2026-09-09,Творческая встреча
VIS_01749,EV_0206,INST_017,2026-09-09,Творческая встреча
VIS_03519,EV_0206,INST_017,2026-09-09,Творческая встреча
VIS_00386,EV_0206,INST_017,2026-09-09,Творческая встреча
VIS_01770,EV_0206,INST_017,2026-09-09,Творческая встреча
VIS_02803,EV_0206,INST_017,2026-09-09,Творческая встреча
VIS_04199,EV_0206,INST_017,2026-09-09,Творческая встреча
VIS_03534,EV_0206,INST_017,2026-09-09,Творческая встреча
VIS_01308,EV_0206,INST_017,2026-09-09,Творческая встреча
VIS_01985,EV_0206,INST_017,2026-09-09,Творческая встреча
VIS_03784,EV_0206,INST_017,2026-09-09,Творческая встреча
VIS_04490,EV_0206,INST_017,2026-09-09,Творческая встреча
VIS_02651,EV_0206,INST_017,2026-09-09,Творческая встреча
VIS_03642,EV_0206,INST_017,2026-09-09,Творческая встреча
VIS_04017,EV_0206,INST_017,2026-09-09,Творческая встреча
VIS_00370,EV_0206,INST_017,2026-09-09,Творческая встреча
VIS_04695,EV_0206,INST_017,2026-09-09,Творческая встреча
VIS_01206,EV_0206,INST_017,2026-09-09,Творческая встреча
VIS_03708,EV_0206,INST_017,2026-09-09,Творческая встреча
VIS_04593,EV_0206,INST_017,2026-09-09,Творческая встреча
VIS_02810,EV_0206,INST_017,2026-09-09,Творческая встреча
VIS_04576,EV_0206,INST_017,2026-09-09,Творческая встреча
VIS_03224,EV_0206,INST_017,2026-09-09,Творческая встреча
VIS_04151,EV_0206,INST_017,2026-09-09,Творческая встреча
VIS_04489,EV_0206,INST_017,2026-09-09,Творческая встреча
VIS_01172,EV_0206,INST_017,2026-09-09,Творческая встреча
VIS_00354,EV_0206,INST_017,2026-09-09,Творческая встреча
VIS_00859,EV_0206,INST_017,2026-09-09,Творческая встреча
VIS_01207,EV_0206,INST_017,2026-09-09,Творческая встреча
VIS_03255,EV_0206,INST_017,2026-09-09,Творческая встреча
VIS_03962,EV_0206,INST_017,2026-09-09,Творческая встреча
VIS_02208,EV_0206,INST_017,2026-09-09,Творческая встреча
VIS_00419,EV_0206,INST_017,2026-09-09,Творческая встреча
VIS_02642,EV_0206,INST_017,2026-09-09,Творческая встреча
VIS_04805,EV_0206,INST_017,2026-09-09,Творческая встреча
VIS_04048,EV_0206,INST_017,2026-09-09,Творческая встреча
VIS_01907,EV_0206,INST_017,2026-09-09,Творческая встреча
VIS_02346,EV_0206,INST_017,2026-09-09,Творческая встреча
VIS_00747,EV_0206,INST_017,2026-09-09,Творческая встреча
VIS_00033,EV_0206,INST_017,2026-09-09,Творческая встреча
VIS_01099,EV_0206,INST_017,2026-09-09,Творческая встреча
VIS_03050,EV_0206,INST_017,2026-09-09,Творческая встреча
VIS_02683,EV_0206,INST_017,2026-09-09,Творческая встреча
VIS_02516,EV_0206,INST_017,2026-09-09,Творческая встреча
VIS_04571,EV_0206,INST_017,2026-09-09,Творческая встреча
VIS_01692,EV_0206,INST_017,2026-09-09,Творческая встреча
VIS_02307,EV_0206,INST_017,2026-09-09,Творческая встреча
VIS_03759,EV_0206,INST_017,2026-09-09,Творческая встреча
VIS_04255,EV_0206,INST_017,2026-09-09,Творческая встреча
VIS_03907,EV_0206,INST_017,2026-09-09,Творческая встреча
VIS_01191,EV_0206,INST_017,2026-09-09,Творческая встреча
VIS_04589,EV_0206,INST_017,2026-09-09,Творческая встреча
VIS_02806,EV_0206,INST_017,2026-09-09,Творческая встреча
VIS_00964,EV_0206,INST_017,2026-09-09,Творческая встреча
VIS_02351,EV_0206,INST_017,2026-09-09,Творческая встреча
VIS_04329,EV_0206,INST_017,2026-09-09,Творческая встреча
VIS_04846,EV_0206,INST_017,2026-09-09,Творческая встреча
VIS_02179,EV_0206,INST_017,2026-09-09,Творческая встреча
VIS_00732,EV_0206,INST_017,2026-09-09,Творческая встреча
VIS_03470,EV_0206,INST_017,2026-09-09,Творческая встреча
VIS_03582,EV_0206,INST_017,2026-09-09,Творческая встреча
VIS_02501,EV_0206,INST_017,2026-09-09,Творческая встреча
VIS_03021,EV_0206,INST_017,2026-09-09,Творческая встреча
VIS_03357,EV_0206,INST_017,2026-09-09,Творческая встреча
VIS_02118,EV_0206,INST_017,2026-09-09,Творческая встреча
VIS_04058,EV_0206,INST_017,2026-09-09,Творческая встреча
VIS_02103,EV_0206,INST_017,2026-09-09,Творческая встреча
VIS_03104,EV_0206,INST_017,2026-09-09,Творческая встреча
VIS_00702,EV_0206,INST_017,2026-09-09,Творческая встреча
VIS_04525,EV_0206,INST_017,2026-09-09,Творческая встреча
VIS_00413,EV_0206,INST_017,2026-09-09,Творческая встреча
VIS_00852,EV_0206,INST_017,2026-09-09,Творческая встреча
VIS_02953,EV_0206,INST_017,2026-09-09,Творческая встреча
VIS_04198,EV_0206,INST_017,2026-09-09,Творческая встреча
VIS_04863,EV_0206,INST_017,2026-09-09,Творческая встреча
VIS_00976,EV_0206,INST_017,2026-09-09,Творческая встреча
VIS_04279,EV_0206,INST_017,2026-09-09,Творческая встреча
VIS_02367,EV_0206,INST_017,2026-09-09,Творческая встреча
VIS_00738,EV_0206,INST_017,2026-09-09,Творческая встреча
VIS_04302,EV_0206,INST_017,2026-09-09,Творческая встреча
VIS_04087,EV_0206,INST_017,2026-09-09,Творческая встреча
VIS_00868,EV_0206,INST_017,2026-09-09,Творческая встреча
VIS_02459,EV_0206,INST_017,2026-09-09,Творческая встреча
VIS_04226,EV_0206,INST_017,2026-09-09,Творческая встреча
VIS_03690,EV_0206,INST_017,2026-09-09,Творческая встреча
VIS_04241,EV_0206,INST_017,2026-09-09,Творческая встреча
VIS_02011,EV_0206,INST_017,2026-09-09,Творческая встреча
VIS_01927,EV_0206,INST_017,2026-09-09,Творческая встреча
VIS_01087,EV_0072,INST_006,2026-09-17,Выставка
VIS_04049,EV_0072,INST_006,2026-09-17,Выставка
VIS_00774,EV_0072,INST_006,2026-09-17,Выставка
VIS_00567,EV_0072,INST_006,2026-09-17,Выставка
VIS_04819,EV_0072,INST_006,2026-09-17,Выставка
VIS_03703,EV_0072,INST_006,2026-09-17,Выставка
VIS_01566,EV_0072,INST_006,2026-09-17,Выставка
VIS_02465,EV_0072,INST_006,2026-09-17,Выставка
VIS_04440,EV_0072,INST_006,2026-09-17,Выставка
VIS_02754,EV_0072,INST_006,2026-09-17,Выставка
VIS_00870,EV_0072,INST_006,2026-09-17,Выставка
VIS_00269,EV_0072,INST_006,2026-09-17,Выставка
VIS_04445,EV_0072,INST_006,2026-09-17,Выставка
VIS_00151,EV_0072,INST_006,2026-09-17,Выставка
VIS_03778,EV_0072,INST_006,2026-09-17,Выставка
VIS_00755,EV_0072,INST_006,2026-09-17,Выставка
VIS_04538,EV_0072,INST_006,2026-09-17,Выставка
VIS_03589,EV_0072,INST_006,2026-09-17,Выставка
VIS_04024,EV_0072,INST_006,2026-09-17,Выставка
VIS_00814,EV_0072,INST_006,2026-09-17,Выставка
VIS_03595,EV_0072,INST_006,2026-09-17,Выставка
VIS_01930,EV_0072,INST_006,2026-09-17,Выставка
VIS_04679,EV_0072,INST_006,2026-09-17,Выставка
VIS_03020,EV_0072,INST_006,2026-09-17,Выставка
VIS_04641,EV_0072,INST_006,2026-09-17,Выставка
VIS_00031,EV_0072,INST_006,2026-09-17,Выставка
VIS_04322,EV_0072,INST_006,2026-09-17,Выставка
VIS_04574,EV_0072,INST_006,2026-09-17,Выставка
VIS_03080,EV_0072,INST_006,2026-09-17,Выставка
VIS_02372,EV_0072,INST_006,2026-09-17,Выставка
VIS_02662,EV_0072,INST_006,2026-09-17,Выставка
VIS_03516,EV_0072,INST_006,2026-09-17,Выставка
VIS_03609,EV_0072,INST_006,2026-09-17,Выставка
VIS_00384,EV_0072,INST_006,2026-09-17,Выставка
VIS_01571,EV_0072,INST_006,2026-09-17,Выставка
VIS_00983,EV_0072,INST_006,2026-09-17,Выставка
VIS_04990,EV_0072,INST_006,2026-09-17,Выставка
VIS_01237,EV_0072,INST_006,2026-09-17,Выставка
VIS_04149,EV_0072,INST_006,2026-09-17,Выставка
VIS_00307,EV_0072,INST_006,2026-09-17,Выставка
VIS_03326,EV_0072,INST_006,2026-09-17,Выставка
VIS_01719,EV_0072,INST_006,2026-09-17,Выставка
VIS_04315,EV_0072,INST_006,2026-09-17,Выставка
VIS_02834,EV_0072,INST_006,2026-09-17,Выставка
VIS_02448,EV_0072,INST_006,2026-09-17,Выставка
VIS_03748,EV_0146,INST_012,2026-09-17,Творческая встреча
VIS_01713,EV_0146,INST_012,2026-09-17,Творческая встреча
VIS_00395,EV_0146,INST_012,2026-09-17,Творческая встреча
VIS_00705,EV_0146,INST_012,2026-09-17,Творческая встреча
VIS_01440,EV_0146,INST_012,2026-09-17,Творческая встреча
VIS_00809,EV_0146,INST_012,2026-09-17,Творческая встреча
VIS_04863,EV_0146,INST_012,2026-09-17,Творческая встреча
VIS_03191,EV_0146,INST_012,2026-09-17,Творческая встреча
VIS_03620,EV_0146,INST_012,2026-09-17,Творческая встреча
VIS_04101,EV_0146,INST_012,2026-09-17,Творческая встреча
VIS_01839,EV_0146,INST_012,2026-09-17,Творческая встреча
VIS_04858,EV_0146,INST_012,2026-09-17,Творческая встреча
VIS_02622,EV_0146,INST_012,2026-09-17,Творческая встреча
VIS_02904,EV_0146,INST_012,2026-09-17,Творческая встреча
VIS_02770,EV_0146,INST_012,2026-09-17,Творческая встреча
VIS_03672,EV_0146,INST_012,2026-09-17,Творческая встреча
VIS_00245,EV_0146,INST_012,2026-09-17,Творческая встреча
VIS_04151,EV_0146,INST_012,2026-09-17,Творческая встреча
VIS_01037,EV_0146,INST_012,2026-09-17,Творческая встреча
VIS_01238,EV_0146,INST_012,2026-09-17,Творческая встреча
VIS_04091,EV_0146,INST_012,2026-09-17,Творческая встреча
VIS_03606,EV_0146,INST_012,2026-09-17,Творческая встреча
VIS_00104,EV_0146,INST_012,2026-09-17,Творческая встреча
VIS_02569,EV_0146,INST_012,2026-09-17,Творческая встреча
VIS_02004,EV_0146,INST_012,2026-09-17,Творческая встреча
VIS_00771,EV_0146,INST_012,2026-09-17,Творческая встреча
VIS_01954,EV_0146,INST_012,2026-09-17,Творческая встреча
VIS_01197,EV_0146,INST_012,2026-09-17,Творческая встреча
VIS_03043,EV_0146,INST_012,2026-09-17,Творческая встреча
VIS_04414,EV_0146,INST_012,2026-09-17,Творческая встреча
VIS_02881,EV_0146,INST_012,2026-09-17,Творческая встреча
VIS_04493,EV_0146,INST_012,2026-09-17,Творческая встреча
VIS_00140,EV_0146,INST_012,2026-09-17,Творческая встреча
VIS_02993,EV_0146,INST_012,2026-09-17,Творческая встреча
VIS_01650,EV_0146,INST_012,2026-09-17,Творческая встреча
VIS_00180,EV_0146,INST_012,2026-09-17,Творческая встреча
VIS_02606,EV_0146,INST_012,2026-09-17,Творческая встреча
VIS_03283,EV_0146,INST_012,2026-09-17,Творческая встреча
VIS_00202,EV_0146,INST_012,2026-09-17,Творческая встреча
VIS_04442,EV_0146,INST_012,2026-09-17,Творческая встреча
VIS_03570,EV_0146,INST_012,2026-09-17,Творческая встреча
VIS_02457,EV_0146,INST_012,2026-09-17,Творческая встреча
VIS_04707,EV_0146,INST_012,2026-09-17,Творческая встреча
VIS_04856,EV_0146,INST_012,2026-09-17,Творческая встреча
VIS_01311,EV_0146,INST_012,2026-09-17,Творческая встреча
VIS_04083,EV_0146,INST_012,2026-09-17,Творческая встреча
VIS_01525,EV_0146,INST_012,2026-09-17,Творческая встреча
VIS_00933,EV_0146,INST_012,2026-09-17,Творческая встреча
VIS_00496,EV_0146,INST_012,2026-09-17,Творческая встреча
VIS_01485,EV_0146,INST_012,2026-09-17,Творческая встреча
VIS_02910,EV_0146,INST_012,2026-09-17,Творческая встреча
VIS_03560,EV_0146,INST_012,2026-09-17,Творческая встреча
VIS_00796,EV_0146,INST_012,2026-09-17,Творческая встреча
VIS_01611,EV_0146,INST_012,2026-09-17,Творческая встреча
VIS_00719,EV_0146,INST_012,2026-09-17,Творческая встреча
VIS_00865,EV_0146,INST_012,2026-09-17,Творческая встреча
VIS_04931,EV_0146,INST_012,2026-09-17,Творческая встреча
VIS_03044,EV_0146,INST_012,2026-09-17,Творческая встреча
VIS_03108,EV_0146,INST_012,2026-09-17,Творческая встреча
VIS_03311,EV_0146,INST_012,2026-09-17,Творческая встреча
VIS_04485,EV_0146,INST_012,2026-09-17,Творческая встреча
VIS_02002,EV_0146,INST_012,2026-09-17,Творческая встреча
VIS_01655,EV_0146,INST_012,2026-09-17,Творческая встреча
VIS_02919,EV_0146,INST_012,2026-09-17,Творческая встреча
VIS_00519,EV_0146,INST_012,2026-09-17,Творческая встреча
VIS_04331,EV_0146,INST_012,2026-09-17,Творческая встреча
VIS_02210,EV_0146,INST_012,2026-09-17,Творческая встреча
VIS_02815,EV_0146,INST_012,2026-09-17,Творческая встреча
VIS_00838,EV_0146,INST_012,2026-09-17,Творческая встреча
VIS_02270,EV_0146,INST_012,2026-09-17,Творческая встреча
VIS_00987,EV_0146,INST_012,2026-09-17,Творческая встреча
VIS_00906,EV_0146,INST_012,2026-09-17,Творческая встреча
VIS_04957,EV_0146,INST_012,2026-09-17,Творческая встреча
VIS_00019,EV_0146,INST_012,2026-09-17,Творческая встреча
VIS_00371,EV_0146,INST_012,2026-09-17,Творческая встреча
VIS_04800,EV_0146,INST_012,2026-09-17,Творческая встреча
VIS_01566,EV_0146,INST_012,2026-09-17,Творческая встреча
VIS_02814,EV_0146,INST_012,2026-09-17,Творческая встреча
VIS_01745,EV_0146,INST_012,2026-09-17,Творческая встреча
VIS_00777,EV_0146,INST_012,2026-09-17,Творческая встреча
VIS_04828,EV_0146,INST_012,2026-09-17,Творческая встреча
VIS_04445,EV_0146,INST_012,2026-09-17,Творческая встреча
VIS_00235,EV_0146,INST_012,2026-09-17,Творческая встреча
VIS_02406,EV_0146,INST_012,2026-09-17,Творческая встреча
VIS_04162,EV_0146,INST_012,2026-09-17,Творческая встреча
VIS_01644,EV_0146,INST_012,2026-09-17,Творческая встреча
VIS_03972,EV_0146,INST_012,2026-09-17,Творческая встреча
VIS_02147,EV_0146,INST_012,2026-09-17,Творческая встреча
VIS_02003,EV_0146,INST_012,2026-09-17,Творческая встреча
VIS_02995,EV_0173,INST_014,2026-09-19,Выставка
VIS_03741,EV_0173,INST_014,2026-09-19,Выставка
VIS_00521,EV_0173,INST_014,2026-09-19,Выставка
VIS_04047,EV_0173,INST_014,2026-09-19,Выставка
VIS_00376,EV_0173,INST_014,2026-09-19,Выставка
VIS_01865,EV_0173,INST_014,2026-09-19,Выставка
VIS_01895,EV_0173,INST_014,2026-09-19,Выставка
VIS_03065,EV_0173,INST_014,2026-09-19,Выставка
VIS_04517,EV_0173,INST_014,2026-09-19,Выставка
VIS_01918,EV_0173,INST_014,2026-09-19,Выставка
VIS_03189,EV_0173,INST_014,2026-09-19,Выставка
VIS_00267,EV_0173,INST_014,2026-09-19,Выставка
VIS_02459,EV_0173,INST_014,2026-09-19,Выставка
VIS_03436,EV_0173,INST_014,2026-09-19,Выставка
VIS_03786,EV_0173,INST_014,2026-09-19,Выставка
VIS_01414,EV_0173,INST_014,2026-09-19,Выставка
VIS_02996,EV_0173,INST_014,2026-09-19,Выставка
VIS_04656,EV_0173,INST_014,2026-09-19,Выставка
VIS_01817,EV_0173,INST_014,2026-09-19,Выставка
VIS_01123,EV_0173,INST_014,2026-09-19,Выставка
VIS_03023,EV_0173,INST_014,2026-09-19,Выставка
VIS_01108,EV_0173,INST_014,2026-09-19,Выставка
VIS_00145,EV_0173,INST_014,2026-09-19,Выставка
VIS_01466,EV_0173,INST_014,2026-09-19,Выставка
VIS_03956,EV_0173,INST_014,2026-09-19,Выставка
VIS_01588,EV_0173,INST_014,2026-09-19,Выставка
VIS_01472,EV_0173,INST_014,2026-09-19,Выставка
VIS_00620,EV_0173,INST_014,2026-09-19,Выставка
VIS_00840,EV_0173,INST_014,2026-09-19,Выставка
VIS_01717,EV_0173,INST_014,2026-09-19,Выставка
VIS_03890,EV_0173,INST_014,2026-09-19,Выставка
VIS_00540,EV_0018,INST_001,2026-09-21,Творческая встреча
VIS_04773,EV_0018,INST_001,2026-09-21,Творческая встреча
VIS_01634,EV_0018,INST_001,2026-09-21,Творческая встреча
VIS_00038,EV_0018,INST_001,2026-09-21,Творческая встреча
VIS_04613,EV_0018,INST_001,2026-09-21,Творческая встреча
VIS_04753,EV_0018,INST_001,2026-09-21,Творческая встреча
VIS_04983,EV_0018,INST_001,2026-09-21,Творческая встреча
VIS_02326,EV_0018,INST_001,2026-09-21,Творческая встреча
VIS_00125,EV_0018,INST_001,2026-09-21,Творческая встреча
VIS_02056,EV_0018,INST_001,2026-09-21,Творческая встреча
VIS_00283,EV_0018,INST_001,2026-09-21,Творческая встреча
VIS_00871,EV_0018,INST_001,2026-09-21,Творческая встреча
VIS_00086,EV_0018,INST_001,2026-09-21,Творческая встреча
VIS_02154,EV_0018,INST_001,2026-09-21,Творческая встреча
VIS_00449,EV_0018,INST_001,2026-09-21,Творческая встреча
VIS_00867,EV_0018,INST_001,2026-09-21,Творческая встреча
VIS_01696,EV_0018,INST_001,2026-09-21,Творческая встреча
VIS_04516,EV_0018,INST_001,2026-09-21,Творческая встреча
VIS_03225,EV_0018,INST_001,2026-09-21,Творческая встреча
VIS_03052,EV_0018,INST_001,2026-09-21,Творческая встреча
VIS_03488,EV_0018,INST_001,2026-09-21,Творческая встреча
VIS_02277,EV_0018,INST_001,2026-09-21,Творческая встреча
VIS_02931,EV_0018,INST_001,2026-09-21,Творческая встреча
VIS_01094,EV_0018,INST_001,2026-09-21,Творческая встреча
VIS_00494,EV_0018,INST_001,2026-09-21,Творческая встреча
VIS_01295,EV_0018,INST_001,2026-09-21,Творческая встреча
VIS_01229,EV_0018,INST_001,2026-09-21,Творческая встреча
VIS_00116,EV_0018,INST_001,2026-09-21,Творческая встреча
VIS_03514,EV_0018,INST_001,2026-09-21,Творческая встреча
VIS_03780,EV_0018,INST_001,2026-09-21,Творческая встреча
VIS_03651,EV_0018,INST_001,2026-09-21,Творческая встреча
VIS_02689,EV_0018,INST_001,2026-09-21,Творческая встреча
VIS_00184,EV_0018,INST_001,2026-09-21,Творческая встреча
VIS_00135,EV_0018,INST_001,2026-09-21,Творческая встреча
VIS_04661,EV_0018,INST_001,2026-09-21,Творческая встреча
VIS_04862,EV_0018,INST_001,2026-09-21,Творческая встреча
VIS_00167,EV_0018,INST_001,2026-09-21,Творческая встреча
VIS_03420,EV_0018,INST_001,2026-09-21,Творческая встреча
VIS_01427,EV_0018,INST_001,2026-09-21,Творческая встреча
VIS_02358,EV_0018,INST_001,2026-09-21,Творческая встреча
VIS_01075,EV_0018,INST_001,2026-09-21,Творческая встреча
VIS_04752,EV_0018,INST_001,2026-09-21,Творческая встреча
VIS_02075,EV_0018,INST_001,2026-09-21,Творческая встреча
VIS_00557,EV_0018,INST_001,2026-09-21,Творческая встреча
VIS_02482,EV_0018,INST_001,2026-09-21,Творческая встреча
VIS_01482,EV_0018,INST_001,2026-09-21,Творческая встреча
VIS_00244,EV_0018,INST_001,2026-09-21,Творческая встреча
VIS_00922,EV_0018,INST_001,2026-09-21,Творческая встреча
VIS_04169,EV_0018,INST_001,2026-09-21,Творческая встреча
VIS_04828,EV_0018,INST_001,2026-09-21,Творческая встреча
VIS_03228,EV_0018,INST_001,2026-09-21,Творческая встреча
VIS_04901,EV_0018,INST_001,2026-09-21,Творческая встреча
VIS_00032,EV_0018,INST_001,2026-09-21,Творческая встреча
VIS_04085,EV_0018,INST_001,2026-09-21,Творческая встреча
VIS_01996,EV_0018,INST_001,2026-09-21,Творческая встреча
VIS_00413,EV_0018,INST_001,2026-09-21,Творческая встреча
VIS_01903,EV_0018,INST_001,2026-09-21,Творческая встреча
VIS_03600,EV_0018,INST_001,2026-09-21,Творческая встреча
VIS_01335,EV_0018,INST_001,2026-09-21,Творческая встреча
VIS_04969,EV_0018,INST_001,2026-09-21,Творческая встреча
VIS_04145,EV_0018,INST_001,2026-09-21,Творческая встреча
VIS_01682,EV_0018,INST_001,2026-09-21,Творческая встреча
VIS_03878,EV_0018,INST_001,2026-09-21,Творческая встреча
VIS_01093,EV_0018,INST_001,2026-09-21,Творческая встреча
VIS_03835,EV_0018,INST_001,2026-09-21,Творческая встреча
VIS_04084,EV_0018,INST_001,2026-09-21,Творческая встреча
VIS_04286,EV_0018,INST_001,2026-09-21,Творческая встреча
VIS_01583,EV_0018,INST_001,2026-09-21,Творческая встреча
VIS_03311,EV_0018,INST_001,2026-09-21,Творческая встреча
VIS_03344,EV_0018,INST_001,2026-09-21,Творческая встреча
VIS_01210,EV_0018,INST_001,2026-09-21,Творческая встреча
VIS_03472,EV_0018,INST_001,2026-09-21,Творческая встреча
VIS_00729,EV_0018,INST_001,2026-09-21,Творческая встреча
VIS_02795,EV_0018,INST_001,2026-09-21,Творческая встреча
VIS_04992,EV_0018,INST_001,2026-09-21,Творческая встреча
VIS_02396,EV_0018,INST_001,2026-09-21,Творческая встреча
VIS_02181,EV_0018,INST_001,2026-09-21,Творческая встреча
VIS_03976,EV_0018,INST_001,2026-09-21,Творческая встреча
VIS_04288,EV_0018,INST_001,2026-09-21,Творческая встреча
VIS_02506,EV_0018,INST_001,2026-09-21,Творческая встреча
VIS_02838,EV_0018,INST_001,2026-09-21,Творческая встреча
VIS_04626,EV_0018,INST_001,2026-09-21,Творческая встреча
VIS_03106,EV_0018,INST_001,2026-09-21,Творческая встреча
VIS_02344,EV_0018,INST_001,2026-09-21,Творческая встреча
VIS_02792,EV_0018,INST_001,2026-09-21,Творческая встреча
VIS_04102,EV_0018,INST_001,2026-09-21,Творческая встреча
VIS_04430,EV_0018,INST_001,2026-09-21,Творческая встреча
VIS_00953,EV_0018,INST_001,2026-09-21,Творческая встреча
VIS_03770,EV_0018,INST_001,2026-09-21,Творческая встреча
VIS_00670,EV_0018,INST_001,2026-09-21,Творческая встреча
VIS_04194,EV_0018,INST_001,2026-09-21,Творческая встреча
VIS_04712,EV_0018,INST_001,2026-09-21,Творческая встреча
VIS_01513,EV_0018,INST_001,2026-09-21,Творческая встреча
VIS_04954,EV_0018,INST_001,2026-09-21,Творческая встреча
VIS_02089,EV_0018,INST_001,2026-09-21,Творческая встреча
VIS_04652,EV_0018,INST_001,2026-09-21,Творческая встреча
VIS_02435,EV_0018,INST_001,2026-09-21,Творческая встреча
VIS_02430,EV_0018,INST_001,2026-09-21,Творческая встреча
VIS_02144,EV_0018,INST_001,2026-09-21,Творческая встреча
VIS_04296,EV_0018,INST_001,2026-09-21,Творческая встреча
VIS_04553,EV_0018,INST_001,2026-09-21,Творческая встреча
VIS_01835,EV_0018,INST_001,2026-09-21,Творческая встреча
VIS_02600,EV_0018,INST_001,2026-09-21,Творческая встреча
VIS_00651,EV_0018,INST_001,2026-09-21,Творческая встреча
VIS_02371,EV_0018,INST_001,2026-09-21,Творческая встреча
VIS_04189,EV_0018,INST_001,2026-09-21,Творческая встреча
VIS_00153,EV_0099,INST_007,2026-09-21,Лекция
VIS_03811,EV_0099,INST_007,2026-09-21,Лекция
VIS_03168,EV_0099,INST_007,2026-09-21,Лекция
VIS_01396,EV_0099,INST_007,2026-09-21,Лекция
VIS_02436,EV_0099,INST_007,2026-09-21,Лекция
VIS_02227,EV_0099,INST_007,2026-09-21,Лекция
VIS_00367,EV_0099,INST_007,2026-09-21,Лекция
VIS_00378,EV_0099,INST_007,2026-09-21,Лекция
VIS_03887,EV_0099,INST_007,2026-09-21,Лекция
VIS_02391,EV_0099,INST_007,2026-09-21,Лекция
VIS_03266,EV_0099,INST_007,2026-09-21,Лекция
VIS_01990,EV_0099,INST_007,2026-09-21,Лекция
VIS_03507,EV_0099,INST_007,2026-09-21,Лекция
VIS_00680,EV_0099,INST_007,2026-09-21,Лекция
VIS_03641,EV_0099,INST_007,2026-09-21,Лекция
VIS_00618,EV_0099,INST_007,2026-09-21,Лекция
VIS_02952,EV_0099,INST_007,2026-09-21,Лекция
VIS_01981,EV_0099,INST_007,2026-09-21,Лекция
VIS_04543,EV_0099,INST_007,2026-09-21,Лекция
VIS_03368,EV_0099,INST_007,2026-09-21,Лекция
VIS_03128,EV_0099,INST_007,2026-09-21,Лекция
VIS_03638,EV_0099,INST_007,2026-09-21,Лекция
VIS_02635,EV_0099,INST_007,2026-09-21,Лекция
VIS_03042,EV_0099,INST_007,2026-09-21,Лекция
VIS_04467,EV_0099,INST_007,2026-09-21,Лекция
VIS_04098,EV_0099,INST_007,2026-09-21,Лекция
VIS_01548,EV_0099,INST_007,2026-09-21,Лекция
VIS_01470,EV_0099,INST_007,2026-09-21,Лекция
VIS_01490,EV_0099,INST_007,2026-09-21,Лекция
VIS_02806,EV_0099,INST_007,2026-09-21,Лекция
VIS_03842,EV_0099,INST_007,2026-09-21,Лекция
VIS_02039,EV_0099,INST_007,2026-09-21,Лекция
VIS_00034,EV_0099,INST_007,2026-09-21,Лекция
VIS_00136,EV_0099,INST_007,2026-09-21,Лекция
VIS_04559,EV_0099,INST_007,2026-09-21,Лекция
VIS_01003,EV_0099,INST_007,2026-09-21,Лекция
VIS_02434,EV_0099,INST_007,2026-09-21,Лекция
VIS_01640,EV_0099,INST_007,2026-09-21,Лекция
VIS_00613,EV_0099,INST_007,2026-09-21,Лекция
VIS_02167,EV_0099,INST_007,2026-09-21,Лекция
VIS_03647,EV_0099,INST_007,2026-09-21,Лекция
VIS_00859,EV_0099,INST_007,2026-09-21,Лекция
VIS_03945,EV_0099,INST_007,2026-09-21,Лекция
VIS_03696,EV_0099,INST_007,2026-09-21,Лекция
VIS_02832,EV_0099,INST_007,2026-09-21,Лекция
VIS_02100,EV_0099,INST_007,2026-09-21,Лекция
VIS_04457,EV_0099,INST_007,2026-09-21,Лекция
VIS_04379,EV_0099,INST_007,2026-09-21,Лекция
VIS_04003,EV_0099,INST_007,2026-09-21,Лекция
VIS_02398,EV_0099,INST_007,2026-09-21,Лекция
VIS_04756,EV_0099,INST_007,2026-09-21,Лекция
VIS_00480,EV_0099,INST_007,2026-09-21,Лекция
VIS_02560,EV_0099,INST_007,2026-09-21,Лекция
VIS_04933,EV_0099,INST_007,2026-09-21,Лекция
VIS_01409,EV_0099,INST_007,2026-09-21,Лекция
VIS_03741,EV_0099,INST_007,2026-09-21,Лекция
VIS_00661,EV_0099,INST_007,2026-09-21,Лекция
VIS_01675,EV_0099,INST_007,2026-09-21,Лекция
VIS_03645,EV_0099,INST_007,2026-09-21,Лекция
VIS_04049,EV_0099,INST_007,2026-09-21,Лекция
VIS_02725,EV_0207,INST_017,2026-09-21,Мастер-класс
VIS_04156,EV_0207,INST_017,2026-09-21,Мастер-класс
VIS_02297,EV_0207,INST_017,2026-09-21,Мастер-класс
VIS_04241,EV_0207,INST_017,2026-09-21,Мастер-класс
VIS_03487,EV_0207,INST_017,2026-09-21,Мастер-класс
VIS_03270,EV_0207,INST_017,2026-09-21,Мастер-класс
VIS_02491,EV_0207,INST_017,2026-09-21,Мастер-класс
VIS_01103,EV_0207,INST_017,2026-09-21,Мастер-класс
VIS_01153,EV_0207,INST_017,2026-09-21,Мастер-класс
VIS_01704,EV_0207,INST_017,2026-09-21,Мастер-класс
VIS_03584,EV_0207,INST_017,2026-09-21,Мастер-класс
VIS_02804,EV_0207,INST_017,2026-09-21,Мастер-класс
VIS_01780,EV_0207,INST_017,2026-09-21,Мастер-класс
VIS_02028,EV_0207,INST_017,2026-09-21,Мастер-класс
VIS_04150,EV_0207,INST_017,2026-09-21,Мастер-класс
VIS_00274,EV_0207,INST_017,2026-09-21,Мастер-класс
VIS_01592,EV_0207,INST_017,2026-09-21,Мастер-класс
VIS_01075,EV_0207,INST_017,2026-09-21,Мастер-класс
VIS_03574,EV_0207,INST_017,2026-09-21,Мастер-класс
VIS_02401,EV_0207,INST_017,2026-09-21,Мастер-класс
VIS_03685,EV_0207,INST_017,2026-09-21,Мастер-класс
VIS_03387,EV_0207,INST_017,2026-09-21,Мастер-класс
VIS_03588,EV_0207,INST_017,2026-09-21,Мастер-класс
VIS_04700,EV_0207,INST_017,2026-09-21,Мастер-класс
VIS_00611,EV_0207,INST_017,2026-09-21,Мастер-класс
VIS_03559,EV_0207,INST_017,2026-09-21,Мастер-класс
VIS_03233,EV_0207,INST_017,2026-09-21,Мастер-класс
VIS_04988,EV_0207,INST_017,2026-09-21,Мастер-класс
VIS_00412,EV_0207,INST_017,2026-09-21,Мастер-класс
VIS_03816,EV_0207,INST_017,2026-09-21,Мастер-класс
VIS_00544,EV_0207,INST_017,2026-09-21,Мастер-класс
VIS_04190,EV_0207,INST_017,2026-09-21,Мастер-класс
VIS_03751,EV_0207,INST_017,2026-09-21,Мастер-класс
VIS_00036,EV_0207,INST_017,2026-09-21,Мастер-класс
VIS_04809,EV_0207,INST_017,2026-09-21,Мастер-класс
VIS_03328,EV_0221,INST_018,2026-09-25,Мастер-класс
VIS_01020,EV_0221,INST_018,2026-09-25,Мастер-класс
VIS_01546,EV_0221,INST_018,2026-09-25,Мастер-класс
VIS_04012,EV_0221,INST_018,2026-09-25,Мастер-класс
VIS_04548,EV_0221,INST_018,2026-09-25,Мастер-класс
VIS_00873,EV_0221,INST_018,2026-09-25,Мастер-класс
VIS_03104,EV_0221,INST_018,2026-09-25,Мастер-класс
VIS_02824,EV_0221,INST_018,2026-09-25,Мастер-класс
VIS_01317,EV_0221,INST_018,2026-09-25,Мастер-класс
VIS_01514,EV_0221,INST_018,2026-09-25,Мастер-класс
VIS_00545,EV_0221,INST_018,2026-09-25,Мастер-класс
VIS_04077,EV_0221,INST_018,2026-09-25,Мастер-класс
VIS_03284,EV_0221,INST_018,2026-09-25,Мастер-класс
VIS_04523,EV_0221,INST_018,2026-09-25,Мастер-класс
VIS_04148,EV_0221,INST_018,2026-09-25,Мастер-класс
VIS_00612,EV_0221,INST_018,2026-09-25,Мастер-класс
VIS_02111,EV_0221,INST_018,2026-09-25,Мастер-класс
VIS_03209,EV_0221,INST_018,2026-09-25,Мастер-класс
VIS_01468,EV_0221,INST_018,2026-09-25,Мастер-класс
VIS_03636,EV_0221,INST_018,2026-09-25,Мастер-класс
VIS_04339,EV_0221,INST_018,2026-09-25,Мастер-класс
VIS_04185,EV_0221,INST_018,2026-09-25,Мастер-класс
VIS_03295,EV_0221,INST_018,2026-09-25,Мастер-класс
VIS_04443,EV_0221,INST_018,2026-09-25,Мастер-класс
VIS_03954,EV_0221,INST_018,2026-09-25,Мастер-класс
VIS_00709,EV_0221,INST_018,2026-09-25,Мастер-класс
VIS_03497,EV_0221,INST_018,2026-09-25,Мастер-класс
VIS_01280,EV_0221,INST_018,2026-09-25,Мастер-класс
VIS_00912,EV_0221,INST_018,2026-09-25,Мастер-класс
VIS_00512,EV_0221,INST_018,2026-09-25,Мастер-класс
VIS_04025,EV_0221,INST_018,2026-09-25,Мастер-класс
VIS_01949,EV_0221,INST_018,2026-09-25,Мастер-класс
VIS_04810,EV_0221,INST_018,2026-09-25,Мастер-класс
VIS_01853,EV_0221,INST_018,2026-09-25,Мастер-класс
VIS_00368,EV_0221,INST_018,2026-09-25,Мастер-класс
VIS_02449,EV_0221,INST_018,2026-09-25,Мастер-класс
VIS_00305,EV_0221,INST_018,2026-09-25,Мастер-класс
VIS_04290,EV_0221,INST_018,2026-09-25,Мастер-класс
VIS_01810,EV_0221,INST_018,2026-09-25,Мастер-класс
VIS_01352,EV_0221,INST_018,2026-09-25,Мастер-класс
VIS_04450,EV_0221,INST_018,2026-09-25,Мастер-класс
VIS_03036,EV_0221,INST_018,2026-09-25,Мастер-класс
VIS_02134,EV_0174,INST_014,2026-09-30,Творческая встреча
VIS_00644,EV_0174,INST_014,2026-09-30,Творческая встреча
VIS_00623,EV_0174,INST_014,2026-09-30,Творческая встреча
VIS_04286,EV_0174,INST_014,2026-09-30,Творческая встреча
VIS_02892,EV_0174,INST_014,2026-09-30,Творческая встреча
VIS_00419,EV_0174,INST_014,2026-09-30,Творческая встреча
VIS_02538,EV_0174,INST_014,2026-09-30,Творческая встреча
VIS_01747,EV_0174,INST_014,2026-09-30,Творческая встреча
VIS_04683,EV_0174,INST_014,2026-09-30,Творческая встреча
VIS_00713,EV_0174,INST_014,2026-09-30,Творческая встреча
VIS_00610,EV_0174,INST_014,2026-09-30,Творческая встреча
VIS_03009,EV_0174,INST_014,2026-09-30,Творческая встреча
VIS_00178,EV_0174,INST_014,2026-09-30,Творческая встреча
VIS_01358,EV_0174,INST_014,2026-09-30,Творческая встреча
VIS_03694,EV_0174,INST_014,2026-09-30,Творческая встреча
VIS_02855,EV_0174,INST_014,2026-09-30,Творческая встреча
VIS_01574,EV_0174,INST_014,2026-09-30,Творческая встреча
VIS_01682,EV_0174,INST_014,2026-09-30,Творческая встреча
VIS_00424,EV_0174,INST_014,2026-09-30,Творческая встреча
VIS_00503,EV_0174,INST_014,2026-09-30,Творческая встреча
VIS_00900,EV_0174,INST_014,2026-09-30,Творческая встреча
VIS_02503,EV_0174,INST_014,2026-09-30,Творческая встреча
VIS_03329,EV_0174,INST_014,2026-09-30,Творческая встреча
VIS_02879,EV_0174,INST_014,2026-09-30,Творческая встреча
VIS_03227,EV_0174,INST_014,2026-09-30,Творческая встреча
VIS_01597,EV_0174,INST_014,2026-09-30,Творческая встреча
VIS_00219,EV_0174,INST_014,2026-09-30,Творческая встреча
VIS_00020,EV_0174,INST_014,2026-09-30,Творческая встреча
VIS_04643,EV_0174,INST_014,2026-09-30,Творческая встреча
VIS_00601,EV_0174,INST_014,2026-09-30,Творческая встреча
VIS_04300,EV_0174,INST_014,2026-09-30,Творческая встреча
VIS_03065,EV_0174,INST_014,2026-09-30,Творческая встреча
VIS_03237,EV_0174,INST_014,2026-09-30,Творческая встреча
VIS_02209,EV_0174,INST_014,2026-09-30,Творческая встреча
VIS_00533,EV_0174,INST_014,2026-09-30,Творческая встреча
VIS_01629,EV_0174,INST_014,2026-09-30,Творческая встреча
VIS_04919,EV_0174,INST_014,2026-09-30,Творческая встреча
VIS_00152,EV_0174,INST_014,2026-09-30,Творческая встреча
VIS_02190,EV_0174,INST_014,2026-09-30,Творческая встреча
VIS_04633,EV_0174,INST_014,2026-09-30,Творческая встреча
VIS_00079,EV_0174,INST_014,2026-09-30,Творческая встреча
VIS_04929,EV_0174,INST_014,2026-09-30,Творческая встреча
VIS_04789,EV_0174,INST_014,2026-09-30,Творческая встреча
VIS_01306,EV_0174,INST_014,2026-09-30,Творческая встреча
VIS_03823,EV_0174,INST_014,2026-09-30,Творческая встреча
VIS_00113,EV_0174,INST_014,2026-09-30,Творческая встреча
VIS_03029,EV_0174,INST_014,2026-09-30,Творческая встреча
VIS_04016,EV_0174,INST_014,2026-09-30,Творческая встреча
VIS_03141,EV_0174,INST_014,2026-09-30,Творческая встреча
VIS_04947,EV_0174,INST_014,2026-09-30,Творческая встреча
VIS_04230,EV_0174,INST_014,2026-09-30,Творческая встреча
VIS_02504,EV_0174,INST_014,2026-09-30,Творческая встреча
VIS_01050,EV_0174,INST_014,2026-09-30,Творческая встреча
VIS_00818,EV_0174,INST_014,2026-09-30,Творческая встреча
VIS_02526,EV_0174,INST_014,2026-09-30,Творческая встреча
VIS_03833,EV_0174,INST_014,2026-09-30,Творческая встреча
VIS_03241,EV_0174,INST_014,2026-09-30,Творческая встреча
VIS_04479,EV_0174,INST_014,2026-09-30,Творческая встреча
VIS_02354,EV_0174,INST_014,2026-09-30,Творческая встреча
VIS_03309,EV_0174,INST_014,2026-09-30,Творческая встреча
VIS_04930,EV_0174,INST_014,2026-09-30,Творческая встреча
VIS_00830,EV_0174,INST_014,2026-09-30,Творческая встреча
VIS_00700,EV_0174,INST_014,2026-09-30,Творческая встреча
VIS_02156,EV_0174,INST_014,2026-09-30,Творческая встреча
VIS_04865,EV_0174,INST_014,2026-09-30,Творческая встреча
VIS_03945,EV_0174,INST_014,2026-09-30,Творческая встреча
VIS_04998,EV_0174,INST_014,2026-09-30,Творческая встреча
VIS_00275,EV_0174,INST_014,2026-09-30,Творческая встреча
VIS_03350,EV_0174,INST_014,2026-09-30,Творческая встреча
VIS_03599,EV_0174,INST_014,2026-09-30,Творческая встреча
VIS_02307,EV_0174,INST_014,2026-09-30,Творческая встреча
VIS_00322,EV_0174,INST_014,2026-09-30,Творческая встреча
VIS_02200,EV_0174,INST_014,2026-09-30,Творческая встреча
VIS_04564,EV_0174,INST_014,2026-09-30,Творческая встреча
VIS_02921,EV_0174,INST_014,2026-09-30,Творческая встреча
VIS_00231,EV_0174,INST_014,2026-09-30,Творческая встреча
VIS_01240,EV_0174,INST_014,2026-09-30,Творческая встреча
VIS_02326,EV_0174,INST_014,2026-09-30,Творческая встреча
VIS_04108,EV_0174,INST_014,2026-09-30,Творческая встреча
VIS_02249,EV_0174,INST_014,2026-09-30,Творческая встреча
VIS_01898,EV_0174,INST_014,2026-09-30,Творческая встреча
VIS_02976,EV_0174,INST_014,2026-09-30,Творческая встреча
VIS_04954,EV_0174,INST_014,2026-09-30,Творческая встреча
VIS_00280,EV_0174,INST_014,2026-09-30,Творческая встреча
VIS_03854,EV_0174,INST_014,2026-09-30,Творческая встреча
VIS_04235,EV_0174,INST_014,2026-09-30,Творческая встреча
VIS_01087,EV_0134,INST_011,2026-10-01,Лекция
VIS_03130,EV_0134,INST_011,2026-10-01,Лекция
VIS_01542,EV_0134,INST_011,2026-10-01,Лекция
VIS_02474,EV_0134,INST_011,2026-10-01,Лекция
VIS_04875,EV_0134,INST_011,2026-10-01,Лекция
VIS_04133,EV_0134,INST_011,2026-10-01,Лекция
VIS_04988,EV_0134,INST_011,2026-10-01,Лекция
VIS_01525,EV_0134,INST_011,2026-10-01,Лекция
VIS_03576,EV_0134,INST_011,2026-10-01,Лекция
VIS_02328,EV_0134,INST_011,2026-10-01,Лекция
VIS_04792,EV_0134,INST_011,2026-10-01,Лекция
VIS_00438,EV_0134,INST_011,2026-10-01,Лекция
VIS_01677,EV_0134,INST_011,2026-10-01,Лекция
VIS_03468,EV_0134,INST_011,2026-10-01,Лекция
VIS_04644,EV_0134,INST_011,2026-10-01,Лекция
VIS_03876,EV_0134,INST_011,2026-10-01,Лекция
VIS_00903,EV_0134,INST_011,2026-10-01,Лекция
VIS_04268,EV_0134,INST_011,2026-10-01,Лекция
VIS_01625,EV_0134,INST_011,2026-10-01,Лекция
VIS_04804,EV_0134,INST_011,2026-10-01,Лекция
VIS_03079,EV_0134,INST_011,2026-10-01,Лекция
VIS_01054,EV_0134,INST_011,2026-10-01,Лекция
VIS_02847,EV_0134,INST_011,2026-10-01,Лекция
VIS_00217,EV_0134,INST_011,2026-10-01,Лекция
VIS_03930,EV_0134,INST_011,2026-10-01,Лекция
VIS_01489,EV_0134,INST_011,2026-10-01,Лекция
VIS_03650,EV_0134,INST_011,2026-10-01,Лекция
VIS_02207,EV_0134,INST_011,2026-10-01,Лекция
VIS_03724,EV_0134,INST_011,2026-10-01,Лекция
VIS_03312,EV_0134,INST_011,2026-10-01,Лекция
VIS_01994,EV_0134,INST_011,2026-10-01,Лекция
VIS_04583,EV_0134,INST_011,2026-10-01,Лекция
VIS_04558,EV_0134,INST_011,2026-10-01,Лекция
VIS_01706,EV_0134,INST_011,2026-10-01,Лекция
VIS_03172,EV_0134,INST_011,2026-10-01,Лекция
VIS_02341,EV_0134,INST_011,2026-10-01,Лекция
VIS_04292,EV_0134,INST_011,2026-10-01,Лекция
VIS_02152,EV_0134,INST_011,2026-10-01,Лекция
VIS_04665,EV_0134,INST_011,2026-10-01,Лекция
VIS_00399,EV_0134,INST_011,2026-10-01,Лекция
VIS_00929,EV_0134,INST_011,2026-10-01,Лекция
VIS_00653,EV_0134,INST_011,2026-10-01,Лекция
VIS_04603,EV_0134,INST_011,2026-10-01,Лекция
VIS_04539,EV_0134,INST_011,2026-10-01,Лекция
VIS_02923,EV_0134,INST_011,2026-10-01,Лекция
VIS_03294,EV_0134,INST_011,2026-10-01,Лекция
VIS_02315,EV_0134,INST_011,2026-10-01,Лекция
VIS_00555,EV_0134,INST_011,2026-10-01,Лекция
VIS_03490,EV_0134,INST_011,2026-10-01,Лекция
VIS_00192,EV_0134,INST_011,2026-10-01,Лекция
VIS_01823,EV_0134,INST_011,2026-10-01,Лекция
VIS_04014,EV_0134,INST_011,2026-10-01,Лекция
VIS_00886,EV_0134,INST_011,2026-10-01,Лекция
VIS_04729,EV_0134,INST_011,2026-10-01,Лекция
VIS_04923,EV_0134,INST_011,2026-10-01,Лекция
VIS_03101,EV_0134,INST_011,2026-10-01,Лекция
VIS_02423,EV_0073,INST_006,2026-10-02,Творческая встреча
VIS_01627,EV_0073,INST_006,2026-10-02,Творческая встреча
VIS_04881,EV_0073,INST_006,2026-10-02,Творческая встреча
VIS_00528,EV_0073,INST_006,2026-10-02,Творческая встреча
VIS_01674,EV_0073,INST_006,2026-10-02,Творческая встреча
VIS_01333,EV_0073,INST_006,2026-10-02,Творческая встреча
VIS_00031,EV_0073,INST_006,2026-10-02,Творческая встреча
VIS_00691,EV_0073,INST_006,2026-10-02,Творческая встреча
VIS_02701,EV_0073,INST_006,2026-10-02,Творческая встреча
VIS_00322,EV_0073,INST_006,2026-10-02,Творческая встреча
VIS_03019,EV_0073,INST_006,2026-10-02,Творческая встреча
VIS_03722,EV_0073,INST_006,2026-10-02,Творческая встреча
VIS_01336,EV_0073,INST_006,2026-10-02,Творческая встреча
VIS_04819,EV_0073,INST_006,2026-10-02,Творческая встреча
VIS_04552,EV_0073,INST_006,2026-10-02,Творческая встреча
VIS_02017,EV_0073,INST_006,2026-10-02,Творческая встреча
VIS_01918,EV_0073,INST_006,2026-10-02,Творческая встреча
VIS_02373,EV_0073,INST_006,2026-10-02,Творческая встреча
VIS_00984,EV_0073,INST_006,2026-10-02,Творческая встреча
VIS_00774,EV_0073,INST_006,2026-10-02,Творческая встреча
VIS_02628,EV_0073,INST_006,2026-10-02,Творческая встреча
VIS_01095,EV_0073,INST_006,2026-10-02,Творческая встреча
VIS_00558,EV_0073,INST_006,2026-10-02,Творческая встреча
VIS_02646,EV_0073,INST_006,2026-10-02,Творческая встреча
VIS_03011,EV_0073,INST_006,2026-10-02,Творческая встреча
VIS_02196,EV_0073,INST_006,2026-10-02,Творческая встреча
VIS_03800,EV_0073,INST_006,2026-10-02,Творческая встреча
VIS_04440,EV_0073,INST_006,2026-10-02,Творческая встреча
VIS_03733,EV_0073,INST_006,2026-10-02,Творческая встреча
VIS_02738,EV_0073,INST_006,2026-10-02,Творческая встреча
VIS_00905,EV_0073,INST_006,2026-10-02,Творческая встреча
VIS_00013,EV_0073,INST_006,2026-10-02,Творческая встреча
VIS_04671,EV_0073,INST_006,2026-10-02,Творческая встреча
VIS_01761,EV_0073,INST_006,2026-10-02,Творческая встреча
VIS_03955,EV_0073,INST_006,2026-10-02,Творческая встреча
VIS_03703,EV_0073,INST_006,2026-10-02,Творческая встреча
VIS_04908,EV_0073,INST_006,2026-10-02,Творческая встреча
VIS_00427,EV_0073,INST_006,2026-10-02,Творческая встреча
VIS_01763,EV_0073,INST_006,2026-10-02,Творческая встреча
VIS_04322,EV_0073,INST_006,2026-10-02,Творческая встреча
VIS_01258,EV_0073,INST_006,2026-10-02,Творческая встреча
VIS_02672,EV_0073,INST_006,2026-10-02,Творческая встреча
VIS_02063,EV_0073,INST_006,2026-10-02,Творческая встреча
VIS_02104,EV_0073,INST_006,2026-10-02,Творческая встреча
VIS_00983,EV_0073,INST_006,2026-10-02,Творческая встреча
VIS_04518,EV_0073,INST_006,2026-10-02,Творческая встреча
VIS_00365,EV_0073,INST_006,2026-10-02,Творческая встреча
VIS_01131,EV_0073,INST_006,2026-10-02,Творческая встреча
VIS_01144,EV_0073,INST_006,2026-10-02,Творческая встреча
VIS_02834,EV_0073,INST_006,2026-10-02,Творческая встреча
VIS_03935,EV_0073,INST_006,2026-10-02,Творческая встреча
VIS_04990,EV_0073,INST_006,2026-10-02,Творческая встреча
VIS_02679,EV_0073,INST_006,2026-10-02,Творческая встреча
VIS_00686,EV_0073,INST_006,2026-10-02,Творческая встреча
VIS_02467,EV_0073,INST_006,2026-10-02,Творческая встреча
VIS_03053,EV_0073,INST_006,2026-10-02,Творческая встреча
VIS_00141,EV_0073,INST_006,2026-10-02,Творческая встреча
VIS_00103,EV_0073,INST_006,2026-10-02,Творческая встреча
VIS_01088,EV_0073,INST_006,2026-10-02,Творческая встреча
VIS_01669,EV_0073,INST_006,2026-10-02,Творческая встреча
VIS_00029,EV_0073,INST_006,2026-10-02,Творческая встреча
VIS_04294,EV_0073,INST_006,2026-10-02,Творческая встреча
VIS_00622,EV_0073,INST_006,2026-10-02,Творческая встреча
VIS_02770,EV_0073,INST_006,2026-10-02,Творческая встреча
VIS_04444,EV_0073,INST_006,2026-10-02,Творческая встреча
VIS_01972,EV_0073,INST_006,2026-10-02,Творческая встреча
VIS_00081,EV_0073,INST_006,2026-10-02,Творческая встреча
VIS_03610,EV_0073,INST_006,2026-10-02,Творческая встреча
VIS_04211,EV_0073,INST_006,2026-10-02,Творческая встреча
VIS_00178,EV_0073,INST_006,2026-10-02,Творческая встреча
VIS_04919,EV_0073,INST_006,2026-10-02,Творческая встреча
VIS_04795,EV_0073,INST_006,2026-10-02,Творческая встреча
VIS_01588,EV_0073,INST_006,2026-10-02,Творческая встреча
VIS_04833,EV_0073,INST_006,2026-10-02,Творческая встреча
VIS_01538,EV_0073,INST_006,2026-10-02,Творческая встреча
VIS_02763,EV_0073,INST_006,2026-10-02,Творческая встреча
VIS_04177,EV_0073,INST_006,2026-10-02,Творческая встреча
VIS_01599,EV_0073,INST_006,2026-10-02,Творческая встреча
VIS_02214,EV_0073,INST_006,2026-10-02,Творческая встреча
VIS_01347,EV_0073,INST_006,2026-10-02,Творческая встреча
VIS_04149,EV_0073,INST_006,2026-10-02,Творческая встреча
VIS_02091,EV_0073,INST_006,2026-10-02,Творческая встреча
VIS_03565,EV_0073,INST_006,2026-10-02,Творческая встреча
VIS_01739,EV_0073,INST_006,2026-10-02,Творческая встреча
VIS_00538,EV_0073,INST_006,2026-10-02,Творческая встреча
VIS_03735,EV_0073,INST_006,2026-10-02,Творческая встреча
VIS_01059,EV_0073,INST_006,2026-10-02,Творческая встреча
VIS_03913,EV_0073,INST_006,2026-10-02,Творческая встреча
VIS_03740,EV_0073,INST_006,2026-10-02,Творческая встреча
VIS_00720,EV_0073,INST_006,2026-10-02,Творческая встреча
VIS_04214,EV_0073,INST_006,2026-10-02,Творческая встреча
VIS_01754,EV_0073,INST_006,2026-10-02,Творческая встреча
VIS_03505,EV_0073,INST_006,2026-10-02,Творческая встреча
VIS_02116,EV_0073,INST_006,2026-10-02,Творческая встреча
VIS_00359,EV_0073,INST_006,2026-10-02,Творческая встреча
VIS_04920,EV_0073,INST_006,2026-10-02,Творческая встреча
VIS_03409,EV_0073,INST_006,2026-10-02,Творческая встреча
VIS_03564,EV_0073,INST_006,2026-10-02,Творческая встреча
VIS_03373,EV_0073,INST_006,2026-10-02,Творческая встреча
VIS_00102,EV_0073,INST_006,2026-10-02,Творческая встреча
VIS_00248,EV_0073,INST_006,2026-10-02,Творческая встреча
VIS_03939,EV_0073,INST_006,2026-10-02,Творческая встреча
VIS_00108,EV_0073,INST_006,2026-10-02,Творческая встреча
VIS_03035,EV_0073,INST_006,2026-10-02,Творческая встреча
VIS_01562,EV_0073,INST_006,2026-10-02,Творческая встреча
VIS_04626,EV_0073,INST_006,2026-10-02,Творческая встреча
VIS_02505,EV_0073,INST_006,2026-10-02,Творческая встреча
VIS_01990,EV_0073,INST_006,2026-10-02,Творческая встреча
VIS_04854,EV_0073,INST_006,2026-10-02,Творческая встреча
VIS_03677,EV_0073,INST_006,2026-10-02,Творческая встреча
VIS_03893,EV_0073,INST_006,2026-10-02,Творческая встреча
VIS_04033,EV_0073,INST_006,2026-10-02,Творческая встреча
VIS_00392,EV_0073,INST_006,2026-10-02,Творческая встреча
VIS_01944,EV_0073,INST_006,2026-10-02,Творческая встреча
VIS_01253,EV_0073,INST_006,2026-10-02,Творческая встреча
VIS_01250,EV_0073,INST_006,2026-10-02,Творческая встреча
VIS_04648,EV_0073,INST_006,2026-10-02,Творческая встреча
VIS_03549,EV_0073,INST_006,2026-10-02,Творческая встреча
VIS_00137,EV_0073,INST_006,2026-10-02,Творческая встреча
VIS_04912,EV_0073,INST_006,2026-10-02,Творческая встреча
VIS_03741,EV_0100,INST_007,2026-10-04,Мастер-класс
VIS_02776,EV_0100,INST_007,2026-10-04,Мастер-класс
VIS_03988,EV_0100,INST_007,2026-10-04,Мастер-класс
VIS_04978,EV_0100,INST_007,2026-10-04,Мастер-класс
VIS_04977,EV_0100,INST_007,2026-10-04,Мастер-класс
VIS_01894,EV_0100,INST_007,2026-10-04,Мастер-класс
VIS_02645,EV_0100,INST_007,2026-10-04,Мастер-класс
VIS_03248,EV_0100,INST_007,2026-10-04,Мастер-класс
VIS_00352,EV_0100,INST_007,2026-10-04,Мастер-класс
VIS_03386,EV_0100,INST_007,2026-10-04,Мастер-класс
VIS_04946,EV_0100,INST_007,2026-10-04,Мастер-класс
VIS_00434,EV_0100,INST_007,2026-10-04,Мастер-класс
VIS_03699,EV_0100,INST_007,2026-10-04,Мастер-класс
VIS_04861,EV_0100,INST_007,2026-10-04,Мастер-класс
VIS_00053,EV_0100,INST_007,2026-10-04,Мастер-класс
VIS_03254,EV_0100,INST_007,2026-10-04,Мастер-класс
VIS_01856,EV_0100,INST_007,2026-10-04,Мастер-класс
VIS_00107,EV_0100,INST_007,2026-10-04,Мастер-класс
VIS_03935,EV_0100,INST_007,2026-10-04,Мастер-класс
VIS_04237,EV_0100,INST_007,2026-10-04,Мастер-класс
VIS_01362,EV_0100,INST_007,2026-10-04,Мастер-класс
VIS_04254,EV_0100,INST_007,2026-10-04,Мастер-класс
VIS_04832,EV_0100,INST_007,2026-10-04,Мастер-класс
VIS_03666,EV_0100,INST_007,2026-10-04,Мастер-класс
VIS_03884,EV_0100,INST_007,2026-10-04,Мастер-класс
VIS_02646,EV_0100,INST_007,2026-10-04,Мастер-класс
VIS_00020,EV_0100,INST_007,2026-10-04,Мастер-класс
VIS_02652,EV_0100,INST_007,2026-10-04,Мастер-класс
VIS_04255,EV_0100,INST_007,2026-10-04,Мастер-класс
VIS_04519,EV_0100,INST_007,2026-10-04,Мастер-класс
VIS_04268,EV_0100,INST_007,2026-10-04,Мастер-класс
VIS_01479,EV_0100,INST_007,2026-10-04,Мастер-класс
VIS_02071,EV_0100,INST_007,2026-10-04,Мастер-класс
VIS_01364,EV_0100,INST_007,2026-10-04,Мастер-класс
VIS_01732,EV_0100,INST_007,2026-10-04,Мастер-класс
VIS_00937,EV_0100,INST_007,2026-10-04,Мастер-класс
VIS_04154,EV_0100,INST_007,2026-10-04,Мастер-класс
VIS_02586,EV_0100,INST_007,2026-10-04,Мастер-класс
VIS_01947,EV_0100,INST_007,2026-10-04,Мастер-класс
VIS_00826,EV_0100,INST_007,2026-10-04,Мастер-класс
VIS_02457,EV_0100,INST_007,2026-10-04,Мастер-класс
VIS_01666,EV_0100,INST_007,2026-10-04,Мастер-класс
VIS_02321,EV_0100,INST_007,2026-10-04,Мастер-класс
VIS_02863,EV_0100,INST_007,2026-10-04,Мастер-класс
VIS_01269,EV_0100,INST_007,2026-10-04,Мастер-класс
VIS_04762,EV_0100,INST_007,2026-10-04,Мастер-класс
VIS_03722,EV_0100,INST_007,2026-10-04,Мастер-класс
VIS_02415,EV_0115,INST_009,2026-10-04,Выставка
VIS_00823,EV_0115,INST_009,2026-10-04,Выставка
VIS_04732,EV_0115,INST_009,2026-10-04,Выставка
VIS_01812,EV_0115,INST_009,2026-10-04,Выставка
VIS_03170,EV_0115,INST_009,2026-10-04,Выставка
VIS_02377,EV_0115,INST_009,2026-10-04,Выставка
VIS_00246,EV_0115,INST_009,2026-10-04,Выставка
VIS_03219,EV_0115,INST_009,2026-10-04,Выставка
VIS_03254,EV_0115,INST_009,2026-10-04,Выставка
VIS_03454,EV_0115,INST_009,2026-10-04,Выставка
VIS_01849,EV_0115,INST_009,2026-10-04,Выставка
VIS_04415,EV_0115,INST_009,2026-10-04,Выставка
VIS_02333,EV_0115,INST_009,2026-10-04,Выставка
VIS_02981,EV_0115,INST_009,2026-10-04,Выставка
VIS_00562,EV_0115,INST_009,2026-10-04,Выставка
VIS_04630,EV_0115,INST_009,2026-10-04,Выставка
VIS_01011,EV_0115,INST_009,2026-10-04,Выставка
VIS_02965,EV_0115,INST_009,2026-10-04,Выставка
VIS_03214,EV_0115,INST_009,2026-10-04,Выставка
VIS_01887,EV_0115,INST_009,2026-10-04,Выставка
VIS_00749,EV_0115,INST_009,2026-10-04,Выставка
VIS_00538,EV_0115,INST_009,2026-10-04,Выставка
VIS_04330,EV_0115,INST_009,2026-10-04,Выставка
VIS_02819,EV_0115,INST_009,2026-10-04,Выставка
VIS_03816,EV_0115,INST_009,2026-10-04,Выставка
VIS_01075,EV_0115,INST_009,2026-10-04,Выставка
VIS_04485,EV_0115,INST_009,2026-10-04,Выставка
VIS_01892,EV_0115,INST_009,2026-10-04,Выставка
VIS_00561,EV_0115,INST_009,2026-10-04,Выставка
VIS_00853,EV_0115,INST_009,2026-10-04,Выставка
VIS_02970,EV_0115,INST_009,2026-10-04,Выставка
VIS_02636,EV_0115,INST_009,2026-10-04,Выставка
VIS_03349,EV_0115,INST_009,2026-10-04,Выставка
VIS_01028,EV_0115,INST_009,2026-10-04,Выставка
VIS_01608,EV_0115,INST_009,2026-10-04,Выставка
VIS_01749,EV_0115,INST_009,2026-10-04,Выставка
VIS_02309,EV_0115,INST_009,2026-10-04,Выставка
VIS_04421,EV_0115,INST_009,2026-10-04,Выставка
VIS_01416,EV_0208,INST_017,2026-10-04,Мастер-класс
VIS_02811,EV_0208,INST_017,2026-10-04,Мастер-класс
VIS_03750,EV_0208,INST_017,2026-10-04,Мастер-класс
VIS_04050,EV_0208,INST_017,2026-10-04,Мастер-класс
VIS_01035,EV_0208,INST_017,2026-10-04,Мастер-класс
VIS_00832,EV_0208,INST_017,2026-10-04,Мастер-класс
VIS_04264,EV_0208,INST_017,2026-10-04,Мастер-класс
VIS_02504,EV_0208,INST_017,2026-10-04,Мастер-класс
VIS_04476,EV_0208,INST_017,2026-10-04,Мастер-класс
VIS_00061,EV_0208,INST_017,2026-10-04,Мастер-класс
VIS_04041,EV_0208,INST_017,2026-10-04,Мастер-класс
VIS_00717,EV_0208,INST_017,2026-10-04,Мастер-класс
VIS_03984,EV_0208,INST_017,2026-10-04,Мастер-класс
VIS_03516,EV_0208,INST_017,2026-10-04,Мастер-класс
VIS_02395,EV_0208,INST_017,2026-10-04,Мастер-класс
VIS_02456,EV_0208,INST_017,2026-10-04,Мастер-класс
VIS_00665,EV_0208,INST_017,2026-10-04,Мастер-класс
VIS_02021,EV_0208,INST_017,2026-10-04,Мастер-класс
VIS_02208,EV_0208,INST_017,2026-10-04,Мастер-класс
VIS_01674,EV_0208,INST_017,2026-10-04,Мастер-класс
VIS_04448,EV_0208,INST_017,2026-10-04,Мастер-класс
VIS_02059,EV_0208,INST_017,2026-10-04,Мастер-класс
VIS_04324,EV_0208,INST_017,2026-10-04,Мастер-класс
VIS_03470,EV_0208,INST_017,2026-10-04,Мастер-класс
VIS_04776,EV_0208,INST_017,2026-10-04,Мастер-класс
VIS_03845,EV_0208,INST_017,2026-10-04,Мастер-класс
VIS_01974,EV_0208,INST_017,2026-10-04,Мастер-класс
VIS_02621,EV_0208,INST_017,2026-10-04,Мастер-класс
VIS_04361,EV_0208,INST_017,2026-10-04,Мастер-класс
VIS_01810,EV_0208,INST_017,2026-10-04,Мастер-класс
VIS_01525,EV_0208,INST_017,2026-10-04,Мастер-класс
VIS_01733,EV_0208,INST_017,2026-10-04,Мастер-класс
VIS_00367,EV_0208,INST_017,2026-10-04,Мастер-класс
VIS_01159,EV_0208,INST_017,2026-10-04,Мастер-класс
VIS_04809,EV_0208,INST_017,2026-10-04,Мастер-класс
VIS_01984,EV_0208,INST_017,2026-10-04,Мастер-класс
VIS_00648,EV_0208,INST_017,2026-10-04,Мастер-класс
VIS_00237,EV_0208,INST_017,2026-10-04,Мастер-класс
VIS_03628,EV_0208,INST_017,2026-10-04,Мастер-класс
VIS_04020,EV_0208,INST_017,2026-10-04,Мастер-класс
VIS_00163,EV_0208,INST_017,2026-10-04,Мастер-класс
VIS_04058,EV_0208,INST_017,2026-10-04,Мастер-класс
VIS_01280,EV_0208,INST_017,2026-10-04,Мастер-класс
VIS_03413,EV_0208,INST_017,2026-10-04,Мастер-класс
VIS_04917,EV_0208,INST_017,2026-10-04,Мастер-класс
VIS_03518,EV_0208,INST_017,2026-10-04,Мастер-класс
VIS_00044,EV_0208,INST_017,2026-10-04,Мастер-класс
VIS_02702,EV_0208,INST_017,2026-10-04,Мастер-класс
VIS_04320,EV_0208,INST_017,2026-10-04,Мастер-класс
VIS_00147,EV_0208,INST_017,2026-10-04,Мастер-класс
VIS_00608,EV_0208,INST_017,2026-10-04,Мастер-класс
VIS_02981,EV_0208,INST_017,2026-10-04,Мастер-класс
VIS_00525,EV_0208,INST_017,2026-10-04,Мастер-класс
VIS_04860,EV_0019,INST_001,2026-10-06,Мастер-класс
VIS_00356,EV_0019,INST_001,2026-10-06,Мастер-класс
VIS_04296,EV_0019,INST_001,2026-10-06,Мастер-класс
VIS_00529,EV_0019,INST_001,2026-10-06,Мастер-класс
VIS_00326,EV_0019,INST_001,2026-10-06,Мастер-класс
VIS_04792,EV_0019,INST_001,2026-10-06,Мастер-класс
VIS_02426,EV_0019,INST_001,2026-10-06,Мастер-класс
VIS_00167,EV_0019,INST_001,2026-10-06,Мастер-класс
VIS_00165,EV_0019,INST_001,2026-10-06,Мастер-класс
VIS_04992,EV_0019,INST_001,2026-10-06,Мастер-класс
VIS_00494,EV_0019,INST_001,2026-10-06,Мастер-класс
VIS_02850,EV_0019,INST_001,2026-10-06,Мастер-класс
VIS_03488,EV_0019,INST_001,2026-10-06,Мастер-класс
VIS_00717,EV_0019,INST_001,2026-10-06,Мастер-класс
VIS_00366,EV_0019,INST_001,2026-10-06,Мастер-класс
VIS_00737,EV_0019,INST_001,2026-10-06,Мастер-класс
VIS_02089,EV_0019,INST_001,2026-10-06,Мастер-класс
VIS_00463,EV_0019,INST_001,2026-10-06,Мастер-класс
VIS_00283,EV_0019,INST_001,2026-10-06,Мастер-класс
VIS_04169,EV_0019,INST_001,2026-10-06,Мастер-класс
VIS_00666,EV_0019,INST_001,2026-10-06,Мастер-класс
VIS_01720,EV_0019,INST_001,2026-10-06,Мастер-класс
VIS_00062,EV_0019,INST_001,2026-10-06,Мастер-класс
VIS_03042,EV_0019,INST_001,2026-10-06,Мастер-класс
VIS_03659,EV_0019,INST_001,2026-10-06,Мастер-класс
VIS_01346,EV_0019,INST_001,2026-10-06,Мастер-класс
VIS_03820,EV_0019,INST_001,2026-10-06,Мастер-класс
VIS_01977,EV_0019,INST_001,2026-10-06,Мастер-класс
VIS_00730,EV_0019,INST_001,2026-10-06,Мастер-класс
VIS_01938,EV_0019,INST_001,2026-10-06,Мастер-класс
VIS_00191,EV_0019,INST_001,2026-10-06,Мастер-класс
VIS_02396,EV_0019,INST_001,2026-10-06,Мастер-класс
VIS_00180,EV_0019,INST_001,2026-10-06,Мастер-класс
VIS_01533,EV_0019,INST_001,2026-10-06,Мастер-класс
VIS_02309,EV_0019,INST_001,2026-10-06,Мастер-класс
VIS_03631,EV_0019,INST_001,2026-10-06,Мастер-класс
VIS_00993,EV_0019,INST_001,2026-10-06,Мастер-класс
VIS_02604,EV_0019,INST_001,2026-10-06,Мастер-класс
VIS_02260,EV_0019,INST_001,2026-10-06,Мастер-класс
VIS_02463,EV_0019,INST_001,2026-10-06,Мастер-класс
VIS_03334,EV_0019,INST_001,2026-10-06,Мастер-класс
VIS_01801,EV_0019,INST_001,2026-10-06,Мастер-класс
VIS_04262,EV_0019,INST_001,2026-10-06,Мастер-класс
VIS_00520,EV_0019,INST_001,2026-10-06,Мастер-класс
VIS_00660,EV_0019,INST_001,2026-10-06,Мастер-класс
VIS_01335,EV_0019,INST_001,2026-10-06,Мастер-класс
VIS_04764,EV_0019,INST_001,2026-10-06,Мастер-класс
VIS_02378,EV_0019,INST_001,2026-10-06,Мастер-класс
VIS_03886,EV_0019,INST_001,2026-10-06,Мастер-класс
VIS_02873,EV_0019,INST_001,2026-10-06,Мастер-класс
VIS_04519,EV_0019,INST_001,2026-10-06,Мастер-класс
VIS_00197,EV_0033,INST_002,2026-10-12,Творческая встреча
VIS_01043,EV_0033,INST_002,2026-10-12,Творческая встреча
VIS_03591,EV_0033,INST_002,2026-10-12,Творческая встреча
VIS_03446,EV_0033,INST_002,2026-10-12,Творческая встреча
VIS_01790,EV_0033,INST_002,2026-10-12,Творческая встреча
VIS_04441,EV_0033,INST_002,2026-10-12,Творческая встреча
VIS_02816,EV_0033,INST_002,2026-10-12,Творческая встреча
VIS_00334,EV_0033,INST_002,2026-10-12,Творческая встреча
VIS_00951,EV_0033,INST_002,2026-10-12,Творческая встреча
VIS_01213,EV_0033,INST_002,2026-10-12,Творческая встреча
VIS_01938,EV_0033,INST_002,2026-10-12,Творческая встреча
VIS_02949,EV_0033,INST_002,2026-10-12,Творческая встреча
VIS_04818,EV_0033,INST_002,2026-10-12,Творческая встреча
VIS_01068,EV_0033,INST_002,2026-10-12,Творческая встреча
VIS_04491,EV_0033,INST_002,2026-10-12,Творческая встреча
VIS_04944,EV_0033,INST_002,2026-10-12,Творческая встреча
VIS_00939,EV_0033,INST_002,2026-10-12,Творческая встреча
VIS_02692,EV_0033,INST_002,2026-10-12,Творческая встреча
VIS_01294,EV_0033,INST_002,2026-10-12,Творческая встреча
VIS_04297,EV_0033,INST_002,2026-10-12,Творческая встреча
VIS_00821,EV_0033,INST_002,2026-10-12,Творческая встреча
VIS_04842,EV_0033,INST_002,2026-10-12,Творческая встреча
VIS_04401,EV_0033,INST_002,2026-10-12,Творческая встреча
VIS_03836,EV_0033,INST_002,2026-10-12,Творческая встреча
VIS_02782,EV_0033,INST_002,2026-10-12,Творческая встреча
VIS_00677,EV_0033,INST_002,2026-10-12,Творческая встреча
VIS_02268,EV_0033,INST_002,2026-10-12,Творческая встреча
VIS_01318,EV_0033,INST_002,2026-10-12,Творческая встреча
VIS_00195,EV_0033,INST_002,2026-10-12,Творческая встреча
VIS_01749,EV_0033,INST_002,2026-10-12,Творческая встреча
VIS_04679,EV_0033,INST_002,2026-10-12,Творческая встреча
VIS_00482,EV_0033,INST_002,2026-10-12,Творческая встреча
VIS_03895,EV_0033,INST_002,2026-10-12,Творческая встреча
VIS_01555,EV_0033,INST_002,2026-10-12,Творческая встреча
VIS_04402,EV_0033,INST_002,2026-10-12,Творческая встреча
VIS_02287,EV_0033,INST_002,2026-10-12,Творческая встреча
VIS_02106,EV_0033,INST_002,2026-10-12,Творческая встреча
VIS_04092,EV_0033,INST_002,2026-10-12,Творческая встреча
VIS_01399,EV_0033,INST_002,2026-10-12,Творческая встреча
VIS_02466,EV_0033,INST_002,2026-10-12,Творческая встреча
VIS_01952,EV_0033,INST_002,2026-10-12,Творческая встреча
VIS_03811,EV_0033,INST_002,2026-10-12,Творческая встреча
VIS_04971,EV_0033,INST_002,2026-10-12,Творческая встреча
VIS_01772,EV_0033,INST_002,2026-10-12,Творческая встреча
VIS_04834,EV_0033,INST_002,2026-10-12,Творческая встреча
VIS_02197,EV_0033,INST_002,2026-10-12,Творческая встреча
VIS_04779,EV_0033,INST_002,2026-10-12,Творческая встреча
VIS_00538,EV_0033,INST_002,2026-10-12,Творческая встреча
VIS_04934,EV_0033,INST_002,2026-10-12,Творческая встреча
VIS_02149,EV_0033,INST_002,2026-10-12,Творческая встреча
VIS_02626,EV_0033,INST_002,2026-10-12,Творческая встреча
VIS_03444,EV_0033,INST_002,2026-10-12,Творческая встреча
VIS_00998,EV_0033,INST_002,2026-10-12,Творческая встреча
VIS_02000,EV_0033,INST_002,2026-10-12,Творческая встреча
VIS_02011,EV_0033,INST_002,2026-10-12,Творческая встреча
VIS_02061,EV_0033,INST_002,2026-10-12,Творческая встреча
VIS_04920,EV_0033,INST_002,2026-10-12,Творческая встреча
VIS_00146,EV_0033,INST_002,2026-10-12,Творческая встреча
VIS_00040,EV_0033,INST_002,2026-10-12,Творческая встреча
VIS_02070,EV_0033,INST_002,2026-10-12,Творческая встреча
VIS_04034,EV_0033,INST_002,2026-10-12,Творческая встреча
VIS_03848,EV_0033,INST_002,2026-10-12,Творческая встреча
VIS_01133,EV_0033,INST_002,2026-10-12,Творческая встреча
VIS_01242,EV_0040,INST_003,2026-10-12,Творческая встреча
VIS_00290,EV_0040,INST_003,2026-10-12,Творческая встреча
VIS_02430,EV_0040,INST_003,2026-10-12,Творческая встреча
VIS_00008,EV_0040,INST_003,2026-10-12,Творческая встреча
VIS_04715,EV_0040,INST_003,2026-10-12,Творческая встреча
VIS_02803,EV_0040,INST_003,2026-10-12,Творческая встреча
VIS_00665,EV_0040,INST_003,2026-10-12,Творческая встреча
VIS_01534,EV_0040,INST_003,2026-10-12,Творческая встреча
VIS_02726,EV_0040,INST_003,2026-10-12,Творческая встреча
VIS_02983,EV_0040,INST_003,2026-10-12,Творческая встреча
VIS_01140,EV_0040,INST_003,2026-10-12,Творческая встреча
VIS_04977,EV_0040,INST_003,2026-10-12,Творческая встреча
VIS_02087,EV_0040,INST_003,2026-10-12,Творческая встреча
VIS_01409,EV_0040,INST_003,2026-10-12,Творческая встреча
VIS_04883,EV_0040,INST_003,2026-10-12,Творческая встреча
VIS_03756,EV_0040,INST_003,2026-10-12,Творческая встреча
VIS_04739,EV_0040,INST_003,2026-10-12,Творческая встреча
VIS_04001,EV_0040,INST_003,2026-10-12,Творческая встреча
VIS_04859,EV_0040,INST_003,2026-10-12,Творческая встреча
VIS_01680,EV_0040,INST_003,2026-10-12,Творческая встреча
VIS_00687,EV_0040,INST_003,2026-10-12,Творческая встреча
VIS_02336,EV_0040,INST_003,2026-10-12,Творческая встреча
VIS_04158,EV_0040,INST_003,2026-10-12,Творческая встреча
VIS_04349,EV_0040,INST_003,2026-10-12,Творческая встреча
VIS_04887,EV_0040,INST_003,2026-10-12,Творческая встреча
VIS_01605,EV_0040,INST_003,2026-10-12,Творческая встреча
VIS_04762,EV_0040,INST_003,2026-10-12,Творческая встреча
VIS_02538,EV_0040,INST_003,2026-10-12,Творческая встреча
VIS_01250,EV_0040,INST_003,2026-10-12,Творческая встреча
VIS_01919,EV_0040,INST_003,2026-10-12,Творческая встреча
VIS_03246,EV_0040,INST_003,2026-10-12,Творческая встреча
VIS_00289,EV_0040,INST_003,2026-10-12,Творческая встреча
VIS_00345,EV_0040,INST_003,2026-10-12,Творческая встреча
VIS_01781,EV_0040,INST_003,2026-10-12,Творческая встреча
VIS_00073,EV_0040,INST_003,2026-10-12,Творческая встреча
VIS_03892,EV_0040,INST_003,2026-10-12,Творческая встреча
VIS_01636,EV_0040,INST_003,2026-10-12,Творческая встреча
VIS_03582,EV_0040,INST_003,2026-10-12,Творческая встреча
VIS_00757,EV_0040,INST_003,2026-10-12,Творческая встреча
VIS_01075,EV_0040,INST_003,2026-10-12,Творческая встреча
VIS_04962,EV_0040,INST_003,2026-10-12,Творческая встреча
VIS_01656,EV_0040,INST_003,2026-10-12,Творческая встреча
VIS_04737,EV_0040,INST_003,2026-10-12,Творческая встреча
VIS_04347,EV_0040,INST_003,2026-10-12,Творческая встреча
VIS_04554,EV_0040,INST_003,2026-10-12,Творческая встреча
VIS_02389,EV_0040,INST_003,2026-10-12,Творческая встреча
VIS_00987,EV_0040,INST_003,2026-10-12,Творческая встреча
VIS_04224,EV_0040,INST_003,2026-10-12,Творческая встреча
VIS_01764,EV_0040,INST_003,2026-10-12,Творческая встреча
VIS_04341,EV_0040,INST_003,2026-10-12,Творческая встреча
VIS_03717,EV_0040,INST_003,2026-10-12,Творческая встреча
VIS_03124,EV_0040,INST_003,2026-10-12,Творческая встреча
VIS_01000,EV_0040,INST_003,2026-10-12,Творческая встреча
VIS_00690,EV_0040,INST_003,2026-10-12,Творческая встреча
VIS_00258,EV_0040,INST_003,2026-10-12,Творческая встреча
VIS_03799,EV_0040,INST_003,2026-10-12,Творческая встреча
VIS_02007,EV_0040,INST_003,2026-10-12,Творческая встреча
VIS_02468,EV_0040,INST_003,2026-10-12,Творческая встреча
VIS_00906,EV_0040,INST_003,2026-10-12,Творческая встреча
VIS_02405,EV_0040,INST_003,2026-10-12,Творческая встреча
VIS_01938,EV_0040,INST_003,2026-10-12,Творческая встреча
VIS_02859,EV_0040,INST_003,2026-10-12,Творческая встреча
VIS_03961,EV_0040,INST_003,2026-10-12,Творческая встреча
VIS_03596,EV_0040,INST_003,2026-10-12,Творческая встреча
VIS_03086,EV_0040,INST_003,2026-10-12,Творческая встреча
VIS_02233,EV_0040,INST_003,2026-10-12,Творческая встреча
VIS_01168,EV_0040,INST_003,2026-10-12,Творческая встреча
VIS_00652,EV_0040,INST_003,2026-10-12,Творческая встреча
VIS_03507,EV_0040,INST_003,2026-10-12,Творческая встреча
VIS_00466,EV_0040,INST_003,2026-10-12,Творческая встреча
VIS_00740,EV_0040,INST_003,2026-10-12,Творческая встреча
VIS_04013,EV_0040,INST_003,2026-10-12,Творческая встреча
VIS_03730,EV_0040,INST_003,2026-10-12,Творческая встреча
VIS_01411,EV_0040,INST_003,2026-10-12,Творческая встреча
VIS_04777,EV_0040,INST_003,2026-10-12,Творческая встреча
VIS_04352,EV_0040,INST_003,2026-10-12,Творческая встреча
VIS_03705,EV_0040,INST_003,2026-10-12,Творческая встреча
VIS_01965,EV_0040,INST_003,2026-10-12,Творческая встреча
VIS_04342,EV_0040,INST_003,2026-10-12,Творческая встреча
VIS_03300,EV_0040,INST_003,2026-10-12,Творческая встреча
VIS_01967,EV_0040,INST_003,2026-10-12,Творческая встреча
VIS_02549,EV_0040,INST_003,2026-10-12,Творческая встреча
VIS_03480,EV_0040,INST_003,2026-10-12,Творческая встреча
VIS_01528,EV_0040,INST_003,2026-10-12,Творческая встреча
VIS_00061,EV_0040,INST_003,2026-10-12,Творческая встреча
VIS_04477,EV_0040,INST_003,2026-10-12,Творческая встреча
VIS_00748,EV_0040,INST_003,2026-10-12,Творческая встреча
VIS_04764,EV_0040,INST_003,2026-10-12,Творческая встреча
VIS_02366,EV_0040,INST_003,2026-10-12,Творческая встреча
VIS_03732,EV_0040,INST_003,2026-10-12,Творческая встреча
VIS_04013,EV_0122,INST_010,2026-10-12,Лекция
VIS_04995,EV_0122,INST_010,2026-10-12,Лекция
VIS_04785,EV_0122,INST_010,2026-10-12,Лекция
VIS_00813,EV_0122,INST_010,2026-10-12,Лекция
VIS_01101,EV_0122,INST_010,2026-10-12,Лекция
VIS_01060,EV_0122,INST_010,2026-10-12,Лекция
VIS_02100,EV_0122,INST_010,2026-10-12,Лекция
VIS_01269,EV_0122,INST_010,2026-10-12,Лекция
VIS_04868,EV_0122,INST_010,2026-10-12,Лекция
VIS_01738,EV_0122,INST_010,2026-10-12,Лекция
VIS_03236,EV_0122,INST_010,2026-10-12,Лекция
VIS_00521,EV_0122,INST_010,2026-10-12,Лекция
VIS_03627,EV_0122,INST_010,2026-10-12,Лекция
VIS_03960,EV_0122,INST_010,2026-10-12,Лекция
VIS_02694,EV_0122,INST_010,2026-10-12,Лекция
VIS_02371,EV_0122,INST_010,2026-10-12,Лекция
VIS_01130,EV_0122,INST_010,2026-10-12,Лекция
VIS_00656,EV_0122,INST_010,2026-10-12,Лекция
VIS_01420,EV_0122,INST_010,2026-10-12,Лекция
VIS_03690,EV_0122,INST_010,2026-10-12,Лекция
VIS_04567,EV_0122,INST_010,2026-10-12,Лекция
VIS_00442,EV_0122,INST_010,2026-10-12,Лекция
VIS_03493,EV_0122,INST_010,2026-10-12,Лекция
VIS_02876,EV_0122,INST_010,2026-10-12,Лекция
VIS_04613,EV_0122,INST_010,2026-10-12,Лекция
VIS_03560,EV_0122,INST_010,2026-10-12,Лекция
VIS_01621,EV_0122,INST_010,2026-10-12,Лекция
VIS_00506,EV_0122,INST_010,2026-10-12,Лекция
VIS_01685,EV_0122,INST_010,2026-10-12,Лекция
VIS_03897,EV_0122,INST_010,2026-10-12,Лекция
VIS_00839,EV_0122,INST_010,2026-10-12,Лекция
VIS_02734,EV_0122,INST_010,2026-10-12,Лекция
VIS_03713,EV_0122,INST_010,2026-10-12,Лекция
VIS_04008,EV_0122,INST_010,2026-10-12,Лекция
VIS_03856,EV_0122,INST_010,2026-10-12,Лекция
VIS_01772,EV_0122,INST_010,2026-10-12,Лекция
VIS_04516,EV_0122,INST_010,2026-10-12,Лекция
VIS_01898,EV_0122,INST_010,2026-10-12,Лекция
VIS_00450,EV_0122,INST_010,2026-10-12,Лекция
VIS_04196,EV_0122,INST_010,2026-10-12,Лекция
VIS_03046,EV_0122,INST_010,2026-10-12,Лекция
VIS_01791,EV_0122,INST_010,2026-10-12,Лекция
VIS_00259,EV_0122,INST_010,2026-10-12,Лекция
VIS_03892,EV_0122,INST_010,2026-10-12,Лекция
VIS_04309,EV_0122,INST_010,2026-10-12,Лекция
VIS_01759,EV_0122,INST_010,2026-10-12,Лекция
VIS_02938,EV_0122,INST_010,2026-10-12,Лекция
VIS_02763,EV_0122,INST_010,2026-10-12,Лекция
VIS_00681,EV_0122,INST_010,2026-10-12,Лекция
VIS_03563,EV_0122,INST_010,2026-10-12,Лекция
VIS_01984,EV_0122,INST_010,2026-10-12,Лекция
VIS_02861,EV_0122,INST_010,2026-10-12,Лекция
VIS_04438,EV_0122,INST_010,2026-10-12,Лекция
VIS_02591,EV_0122,INST_010,2026-10-12,Лекция
VIS_02141,EV_0122,INST_010,2026-10-12,Лекция
VIS_02256,EV_0122,INST_010,2026-10-12,Лекция
VIS_02959,EV_0122,INST_010,2026-10-12,Лекция
VIS_01820,EV_0122,INST_010,2026-10-12,Лекция
VIS_02248,EV_0122,INST_010,2026-10-12,Лекция
VIS_00991,EV_0122,INST_010,2026-10-12,Лекция
VIS_03912,EV_0122,INST_010,2026-10-12,Лекция
VIS_01995,EV_0122,INST_010,2026-10-12,Лекция
VIS_00411,EV_0122,INST_010,2026-10-12,Лекция
VIS_00262,EV_0122,INST_010,2026-10-12,Лекция
VIS_04119,EV_0122,INST_010,2026-10-12,Лекция
VIS_00583,EV_0122,INST_010,2026-10-12,Лекция
VIS_00376,EV_0122,INST_010,2026-10-12,Лекция
VIS_00279,EV_0122,INST_010,2026-10-12,Лекция
VIS_01360,EV_0122,INST_010,2026-10-12,Лекция
VIS_02126,EV_0175,INST_014,2026-10-12,Лекция
VIS_02264,EV_0175,INST_014,2026-10-12,Лекция
VIS_04520,EV_0175,INST_014,2026-10-12,Лекция
VIS_02907,EV_0175,INST_014,2026-10-12,Лекция
VIS_01063,EV_0175,INST_014,2026-10-12,Лекция
VIS_04113,EV_0175,INST_014,2026-10-12,Лекция
VIS_01434,EV_0175,INST_014,2026-10-12,Лекция
VIS_00020,EV_0175,INST_014,2026-10-12,Лекция
VIS_04047,EV_0175,INST_014,2026-10-12,Лекция
VIS_04401,EV_0175,INST_014,2026-10-12,Лекция
VIS_01589,EV_0175,INST_014,2026-10-12,Лекция
VIS_00291,EV_0175,INST_014,2026-10-12,Лекция
VIS_03533,EV_0175,INST_014,2026-10-12,Лекция
VIS_00557,EV_0175,INST_014,2026-10-12,Лекция
VIS_03021,EV_0175,INST_014,2026-10-12,Лекция
VIS_00890,EV_0175,INST_014,2026-10-12,Лекция
VIS_01172,EV_0175,INST_014,2026-10-12,Лекция
VIS_00028,EV_0175,INST_014,2026-10-12,Лекция
VIS_01439,EV_0175,INST_014,2026-10-12,Лекция
VIS_03524,EV_0175,INST_014,2026-10-12,Лекция
VIS_00162,EV_0175,INST_014,2026-10-12,Лекция
VIS_04947,EV_0175,INST_014,2026-10-12,Лекция
VIS_01817,EV_0175,INST_014,2026-10-12,Лекция
VIS_00856,EV_0175,INST_014,2026-10-12,Лекция
VIS_00826,EV_0175,INST_014,2026-10-12,Лекция
VIS_04919,EV_0175,INST_014,2026-10-12,Лекция
VIS_01322,EV_0175,INST_014,2026-10-12,Лекция
VIS_02910,EV_0175,INST_014,2026-10-12,Лекция
VIS_00320,EV_0175,INST_014,2026-10-12,Лекция
VIS_04744,EV_0175,INST_014,2026-10-12,Лекция
VIS_02308,EV_0175,INST_014,2026-10-12,Лекция
VIS_01260,EV_0175,INST_014,2026-10-12,Лекция
VIS_03586,EV_0175,INST_014,2026-10-12,Лекция
VIS_00569,EV_0175,INST_014,2026-10-12,Лекция
VIS_02832,EV_0175,INST_014,2026-10-12,Лекция
VIS_01643,EV_0175,INST_014,2026-10-12,Лекция
VIS_00061,EV_0175,INST_014,2026-10-12,Лекция
VIS_02765,EV_0175,INST_014,2026-10-12,Лекция
VIS_00095,EV_0175,INST_014,2026-10-12,Лекция
VIS_04002,EV_0175,INST_014,2026-10-12,Лекция
VIS_03839,EV_0175,INST_014,2026-10-12,Лекция
VIS_01010,EV_0175,INST_014,2026-10-12,Лекция
VIS_04827,EV_0175,INST_014,2026-10-12,Лекция
VIS_04360,EV_0175,INST_014,2026-10-12,Лекция
VIS_03605,EV_0175,INST_014,2026-10-12,Лекция
VIS_00038,EV_0175,INST_014,2026-10-12,Лекция
VIS_01752,EV_0175,INST_014,2026-10-12,Лекция
VIS_04691,EV_0175,INST_014,2026-10-12,Лекция
VIS_01411,EV_0175,INST_014,2026-10-12,Лекция
VIS_03744,EV_0175,INST_014,2026-10-12,Лекция
VIS_00813,EV_0175,INST_014,2026-10-12,Лекция
VIS_03054,EV_0175,INST_014,2026-10-12,Лекция
VIS_02796,EV_0175,INST_014,2026-10-12,Лекция
VIS_04484,EV_0175,INST_014,2026-10-12,Лекция
VIS_03949,EV_0175,INST_014,2026-10-12,Лекция
VIS_04787,EV_0175,INST_014,2026-10-12,Лекция
VIS_00218,EV_0175,INST_014,2026-10-12,Лекция
VIS_03506,EV_0175,INST_014,2026-10-12,Лекция
VIS_00598,EV_0175,INST_014,2026-10-12,Лекция
VIS_01693,EV_0175,INST_014,2026-10-12,Лекция
VIS_00858,EV_0175,INST_014,2026-10-12,Лекция
VIS_00851,EV_0175,INST_014,2026-10-12,Лекция
VIS_01400,EV_0175,INST_014,2026-10-12,Лекция
VIS_00658,EV_0175,INST_014,2026-10-12,Лекция
VIS_01424,EV_0101,INST_007,2026-10-17,Выставка
VIS_03254,EV_0101,INST_007,2026-10-17,Выставка
VIS_01654,EV_0101,INST_007,2026-10-17,Выставка
VIS_00941,EV_0101,INST_007,2026-10-17,Выставка
VIS_01476,EV_0101,INST_007,2026-10-17,Выставка
VIS_00015,EV_0101,INST_007,2026-10-17,Выставка
VIS_00133,EV_0101,INST_007,2026-10-17,Выставка
VIS_01597,EV_0101,INST_007,2026-10-17,Выставка
VIS_04432,EV_0101,INST_007,2026-10-17,Выставка
VIS_02586,EV_0101,INST_007,2026-10-17,Выставка
VIS_03142,EV_0101,INST_007,2026-10-17,Выставка
VIS_00465,EV_0101,INST_007,2026-10-17,Выставка
VIS_04712,EV_0101,INST_007,2026-10-17,Выставка
VIS_04803,EV_0101,INST_007,2026-10-17,Выставка
VIS_03563,EV_0101,INST_007,2026-10-17,Выставка
VIS_03771,EV_0101,INST_007,2026-10-17,Выставка
VIS_04873,EV_0101,INST_007,2026-10-17,Выставка
VIS_04977,EV_0101,INST_007,2026-10-17,Выставка
VIS_01957,EV_0101,INST_007,2026-10-17,Выставка
VIS_02507,EV_0101,INST_007,2026-10-17,Выставка
VIS_04404,EV_0101,INST_007,2026-10-17,Выставка
VIS_01097,EV_0101,INST_007,2026-10-17,Выставка
VIS_01139,EV_0101,INST_007,2026-10-17,Выставка
VIS_00820,EV_0101,INST_007,2026-10-17,Выставка
VIS_01470,EV_0101,INST_007,2026-10-17,Выставка
VIS_03784,EV_0101,INST_007,2026-10-17,Выставка
VIS_04032,EV_0101,INST_007,2026-10-17,Выставка
VIS_04424,EV_0101,INST_007,2026-10-17,Выставка
VIS_04097,EV_0101,INST_007,2026-10-17,Выставка
VIS_03099,EV_0101,INST_007,2026-10-17,Выставка
VIS_02494,EV_0101,INST_007,2026-10-17,Выставка
VIS_03621,EV_0101,INST_007,2026-10-17,Выставка
VIS_02174,EV_0101,INST_007,2026-10-17,Выставка
VIS_04695,EV_0101,INST_007,2026-10-17,Выставка
VIS_01616,EV_0101,INST_007,2026-10-17,Выставка
VIS_00097,EV_0101,INST_007,2026-10-17,Выставка
VIS_02248,EV_0101,INST_007,2026-10-17,Выставка
VIS_02623,EV_0101,INST_007,2026-10-17,Выставка
VIS_01500,EV_0101,INST_007,2026-10-17,Выставка
VIS_00398,EV_0101,INST_007,2026-10-17,Выставка
VIS_01398,EV_0101,INST_007,2026-10-17,Выставка
VIS_00977,EV_0101,INST_007,2026-10-17,Выставка
VIS_04227,EV_0101,INST_007,2026-10-17,Выставка
VIS_03727,EV_0101,INST_007,2026-10-17,Выставка
VIS_00445,EV_0101,INST_007,2026-10-17,Выставка
VIS_02286,EV_0101,INST_007,2026-10-17,Выставка
VIS_04783,EV_0101,INST_007,2026-10-17,Выставка
VIS_01712,EV_0101,INST_007,2026-10-17,Выставка
VIS_00853,EV_0101,INST_007,2026-10-17,Выставка
VIS_03546,EV_0101,INST_007,2026-10-17,Выставка
VIS_03357,EV_0101,INST_007,2026-10-17,Выставка
VIS_02699,EV_0101,INST_007,2026-10-17,Выставка
VIS_00630,EV_0101,INST_007,2026-10-17,Выставка
VIS_03218,EV_0101,INST_007,2026-10-17,Выставка
VIS_02281,EV_0101,INST_007,2026-10-17,Выставка
VIS_03398,EV_0101,INST_007,2026-10-17,Выставка
VIS_04377,EV_0101,INST_007,2026-10-17,Выставка
VIS_00045,EV_0209,INST_017,2026-10-17,Концерт
VIS_03693,EV_0209,INST_017,2026-10-17,Концерт
VIS_04571,EV_0209,INST_017,2026-10-17,Концерт
VIS_04707,EV_0209,INST_017,2026-10-17,Концерт
VIS_02259,EV_0209,INST_017,2026-10-17,Концерт
VIS_01291,EV_0209,INST_017,2026-10-17,Концерт
VIS_01544,EV_0209,INST_017,2026-10-17,Концерт
VIS_04048,EV_0209,INST_017,2026-10-17,Концерт
VIS_03636,EV_0209,INST_017,2026-10-17,Концерт
VIS_03722,EV_0209,INST_017,2026-10-17,Концерт
VIS_04538,EV_0209,INST_017,2026-10-17,Концерт
VIS_03690,EV_0209,INST_017,2026-10-17,Концерт
VIS_03360,EV_0209,INST_017,2026-10-17,Концерт
VIS_04931,EV_0209,INST_017,2026-10-17,Концерт
VIS_04156,EV_0209,INST_017,2026-10-17,Концерт
VIS_02021,EV_0209,INST_017,2026-10-17,Концерт
VIS_04525,EV_0209,INST_017,2026-10-17,Концерт
VIS_01153,EV_0209,INST_017,2026-10-17,Концерт
VIS_03991,EV_0209,INST_017,2026-10-17,Концерт
VIS_04659,EV_0209,INST_017,2026-10-17,Концерт
VIS_03624,EV_0209,INST_017,2026-10-17,Концерт
VIS_03958,EV_0209,INST_017,2026-10-17,Концерт
VIS_00457,EV_0209,INST_017,2026-10-17,Концерт
VIS_03394,EV_0209,INST_017,2026-10-17,Концерт
VIS_04685,EV_0209,INST_017,2026-10-17,Концерт
VIS_02326,EV_0209,INST_017,2026-10-17,Концерт
VIS_03829,EV_0209,INST_017,2026-10-17,Концерт
VIS_04699,EV_0209,INST_017,2026-10-17,Концерт
VIS_02065,EV_0209,INST_017,2026-10-17,Концерт
VIS_02497,EV_0209,INST_017,2026-10-17,Концерт
VIS_04695,EV_0209,INST_017,2026-10-17,Концерт
VIS_00127,EV_0209,INST_017,2026-10-17,Концерт
VIS_00050,EV_0209,INST_017,2026-10-17,Концерт
VIS_00910,EV_0209,INST_017,2026-10-17,Концерт
VIS_02191,EV_0209,INST_017,2026-10-17,Концерт
VIS_01506,EV_0209,INST_017,2026-10-17,Концерт
VIS_04020,EV_0209,INST_017,2026-10-17,Концерт
VIS_04448,EV_0209,INST_017,2026-10-17,Концерт
VIS_02367,EV_0209,INST_017,2026-10-17,Концерт
VIS_01810,EV_0209,INST_017,2026-10-17,Концерт
VIS_04081,EV_0209,INST_017,2026-10-17,Концерт
VIS_02230,EV_0209,INST_017,2026-10-17,Концерт
VIS_03556,EV_0209,INST_017,2026-10-17,Концерт
VIS_03771,EV_0209,INST_017,2026-10-17,Концерт
VIS_03518,EV_0209,INST_017,2026-10-17,Концерт
VIS_03066,EV_0209,INST_017,2026-10-17,Концерт
VIS_01524,EV_0209,INST_017,2026-10-17,Концерт
VIS_02757,EV_0209,INST_017,2026-10-17,Концерт
VIS_03154,EV_0209,INST_017,2026-10-17,Концерт
VIS_04248,EV_0209,INST_017,2026-10-17,Концерт
VIS_00496,EV_0209,INST_017,2026-10-17,Концерт
VIS_04762,EV_0209,INST_017,2026-10-17,Концерт
VIS_03274,EV_0209,INST_017,2026-10-17,Концерт
VIS_03409,EV_0209,INST_017,2026-10-17,Концерт
VIS_03519,EV_0209,INST_017,2026-10-17,Концерт
VIS_04236,EV_0209,INST_017,2026-10-17,Концерт
VIS_01034,EV_0209,INST_017,2026-10-17,Концерт
VIS_03598,EV_0209,INST_017,2026-10-17,Концерт
VIS_02401,EV_0209,INST_017,2026-10-17,Концерт
VIS_04897,EV_0209,INST_017,2026-10-17,Концерт
VIS_00416,EV_0209,INST_017,2026-10-17,Концерт
VIS_03658,EV_0209,INST_017,2026-10-17,Концерт
VIS_00918,EV_0209,INST_017,2026-10-17,Концерт
VIS_02012,EV_0209,INST_017,2026-10-17,Концерт
VIS_04877,EV_0209,INST_017,2026-10-17,Концерт
VIS_02279,EV_0209,INST_017,2026-10-17,Концерт
VIS_01397,EV_0209,INST_017,2026-10-17,Концерт
VIS_03319,EV_0209,INST_017,2026-10-17,Концерт
VIS_01953,EV_0209,INST_017,2026-10-17,Концерт
VIS_01430,EV_0209,INST_017,2026-10-17,Концерт
VIS_00930,EV_0209,INST_017,2026-10-17,Концерт
VIS_00771,EV_0209,INST_017,2026-10-17,Концерт
VIS_03487,EV_0209,INST_017,2026-10-17,Концерт
VIS_04540,EV_0209,INST_017,2026-10-17,Концерт
VIS_04940,EV_0209,INST_017,2026-10-17,Концерт
VIS_04393,EV_0209,INST_017,2026-10-17,Концерт
VIS_04216,EV_0209,INST_017,2026-10-17,Концерт
VIS_00321,EV_0209,INST_017,2026-10-17,Концерт
VIS_04949,EV_0209,INST_017,2026-10-17,Концерт
VIS_00098,EV_0209,INST_017,2026-10-17,Концерт
VIS_00880,EV_0209,INST_017,2026-10-17,Концерт
VIS_03224,EV_0209,INST_017,2026-10-17,Концерт
VIS_01266,EV_0209,INST_017,2026-10-17,Концерт
VIS_02831,EV_0209,INST_017,2026-10-17,Концерт
VIS_02286,EV_0209,INST_017,2026-10-17,Концерт
VIS_01932,EV_0209,INST_017,2026-10-17,Концерт
VIS_01445,EV_0209,INST_017,2026-10-17,Концерт
VIS_01069,EV_0209,INST_017,2026-10-17,Концерт
VIS_04648,EV_0209,INST_017,2026-10-17,Концерт
VIS_00787,EV_0209,INST_017,2026-10-17,Концерт
VIS_02996,EV_0209,INST_017,2026-10-17,Концерт
VIS_01456,EV_0209,INST_017,2026-10-17,Концерт
VIS_00852,EV_0209,INST_017,2026-10-17,Концерт
VIS_02594,EV_0209,INST_017,2026-10-17,Концерт
VIS_01928,EV_0209,INST_017,2026-10-17,Концерт
VIS_01457,EV_0209,INST_017,2026-10-17,Концерт
VIS_00859,EV_0209,INST_017,2026-10-17,Концерт
VIS_01675,EV_0209,INST_017,2026-10-17,Концерт
VIS_00293,EV_0209,INST_017,2026-10-17,Концерт
VIS_01637,EV_0209,INST_017,2026-10-17,Концерт
VIS_00955,EV_0209,INST_017,2026-10-17,Концерт
VIS_01586,EV_0209,INST_017,2026-10-17,Концерт
VIS_02930,EV_0209,INST_017,2026-10-17,Концерт
VIS_00943,EV_0209,INST_017,2026-10-17,Концерт
VIS_01267,EV_0209,INST_017,2026-10-17,Концерт
VIS_00511,EV_0209,INST_017,2026-10-17,Концерт
VIS_03301,EV_0209,INST_017,2026-10-17,Концерт
VIS_00215,EV_0209,INST_017,2026-10-17,Концерт
VIS_02241,EV_0209,INST_017,2026-10-17,Концерт
VIS_03345,EV_0209,INST_017,2026-10-17,Концерт
VIS_01577,EV_0209,INST_017,2026-10-17,Концерт
VIS_00187,EV_0209,INST_017,2026-10-17,Концерт
VIS_01699,EV_0209,INST_017,2026-10-17,Концерт
VIS_04361,EV_0209,INST_017,2026-10-17,Концерт
VIS_01463,EV_0209,INST_017,2026-10-17,Концерт
VIS_00971,EV_0209,INST_017,2026-10-17,Концерт
VIS_02439,EV_0209,INST_017,2026-10-17,Концерт
VIS_04194,EV_0209,INST_017,2026-10-17,Концерт
VIS_03930,EV_0209,INST_017,2026-10-17,Концерт
VIS_00067,EV_0209,INST_017,2026-10-17,Концерт
VIS_01324,EV_0209,INST_017,2026-10-17,Концерт
VIS_01649,EV_0209,INST_017,2026-10-17,Концерт
VIS_00038,EV_0209,INST_017,2026-10-17,Концерт
VIS_04899,EV_0209,INST_017,2026-10-17,Концерт
VIS_01321,EV_0209,INST_017,2026-10-17,Концерт
VIS_02794,EV_0209,INST_017,2026-10-17,Концерт
VIS_00854,EV_0209,INST_017,2026-10-17,Концерт
VIS_00903,EV_0209,INST_017,2026-10-17,Концерт
VIS_03726,EV_0209,INST_017,2026-10-17,Концерт
VIS_02665,EV_0209,INST_017,2026-10-17,Концерт
VIS_04128,EV_0209,INST_017,2026-10-17,Концерт
VIS_00397,EV_0209,INST_017,2026-10-17,Концерт
VIS_04253,EV_0209,INST_017,2026-10-17,Концерт
VIS_02736,EV_0209,INST_017,2026-10-17,Концерт
VIS_02989,EV_0209,INST_017,2026-10-17,Концерт
VIS_00510,EV_0209,INST_017,2026-10-17,Концерт
VIS_00490,EV_0209,INST_017,2026-10-17,Концерт
VIS_02340,EV_0209,INST_017,2026-10-17,Концерт
VIS_04097,EV_0209,INST_017,2026-10-17,Концерт
VIS_01730,EV_0209,INST_017,2026-10-17,Концерт
VIS_00279,EV_0209,INST_017,2026-10-17,Концерт
VIS_00451,EV_0209,INST_017,2026-10-17,Концерт
VIS_04175,EV_0209,INST_017,2026-10-17,Концерт
VIS_04402,EV_0209,INST_017,2026-10-17,Концерт
VIS_00094,EV_0209,INST_017,2026-10-17,Концерт
VIS_04709,EV_0209,INST_017,2026-10-17,Концерт
VIS_04714,EV_0209,INST_017,2026-10-17,Концерт
VIS_02296,EV_0209,INST_017,2026-10-17,Концерт
VIS_01244,EV_0209,INST_017,2026-10-17,Концерт
VIS_02397,EV_0209,INST_017,2026-10-17,Концерт
VIS_03184,EV_0209,INST_017,2026-10-17,Концерт
VIS_02232,EV_0209,INST_017,2026-10-17,Концерт
VIS_02693,EV_0209,INST_017,2026-10-17,Концерт
VIS_02680,EV_0209,INST_017,2026-10-17,Концерт
VIS_02122,EV_0209,INST_017,2026-10-17,Концерт
VIS_02521,EV_0209,INST_017,2026-10-17,Концерт
VIS_02424,EV_0209,INST_017,2026-10-17,Концерт
VIS_03322,EV_0209,INST_017,2026-10-17,Концерт
VIS_04692,EV_0209,INST_017,2026-10-17,Концерт
VIS_03577,EV_0209,INST_017,2026-10-17,Концерт
VIS_04282,EV_0209,INST_017,2026-10-17,Концерт
VIS_01240,EV_0209,INST_017,2026-10-17,Концерт
VIS_03205,EV_0209,INST_017,2026-10-17,Концерт
VIS_01709,EV_0209,INST_017,2026-10-17,Концерт
VIS_00850,EV_0209,INST_017,2026-10-17,Концерт
VIS_00306,EV_0209,INST_017,2026-10-17,Концерт
VIS_01263,EV_0209,INST_017,2026-10-17,Концерт
VIS_04515,EV_0209,INST_017,2026-10-17,Концерт
VIS_04308,EV_0209,INST_017,2026-10-17,Концерт
VIS_03017,EV_0209,INST_017,2026-10-17,Концерт
VIS_01196,EV_0209,INST_017,2026-10-17,Концерт
VIS_00747,EV_0209,INST_017,2026-10-17,Концерт
VIS_04792,EV_0209,INST_017,2026-10-17,Концерт
VIS_00886,EV_0209,INST_017,2026-10-17,Концерт
VIS_02491,EV_0209,INST_017,2026-10-17,Концерт
VIS_02884,EV_0209,INST_017,2026-10-17,Концерт
VIS_01968,EV_0209,INST_017,2026-10-17,Концерт
VIS_01833,EV_0209,INST_017,2026-10-17,Концерт
VIS_01854,EV_0209,INST_017,2026-10-17,Концерт
VIS_03674,EV_0209,INST_017,2026-10-17,Концерт
VIS_00809,EV_0209,INST_017,2026-10-17,Концерт
VIS_02527,EV_0209,INST_017,2026-10-17,Концерт
VIS_04096,EV_0209,INST_017,2026-10-17,Концерт
VIS_00262,EV_0209,INST_017,2026-10-17,Концерт
VIS_03785,EV_0209,INST_017,2026-10-17,Концерт
VIS_03996,EV_0209,INST_017,2026-10-17,Концерт
VIS_03921,EV_0209,INST_017,2026-10-17,Концерт
VIS_03751,EV_0209,INST_017,2026-10-17,Концерт
VIS_02713,EV_0209,INST_017,2026-10-17,Концерт
VIS_04000,EV_0209,INST_017,2026-10-17,Концерт
VIS_00426,EV_0209,INST_017,2026-10-17,Концерт
VIS_01089,EV_0209,INST_017,2026-10-17,Концерт
VIS_01830,EV_0209,INST_017,2026-10-17,Концерт
VIS_01044,EV_0209,INST_017,2026-10-17,Концерт
VIS_04676,EV_0209,INST_017,2026-10-17,Концерт
VIS_01384,EV_0209,INST_017,2026-10-17,Концерт
VIS_02098,EV_0209,INST_017,2026-10-17,Концерт
VIS_04440,EV_0209,INST_017,2026-10-17,Концерт
VIS_04133,EV_0209,INST_017,2026-10-17,Концерт
VIS_02749,EV_0209,INST_017,2026-10-17,Концерт
VIS_02682,EV_0209,INST_017,2026-10-17,Концерт
VIS_01130,EV_0209,INST_017,2026-10-17,Концерт
VIS_03372,EV_0209,INST_017,2026-10-17,Концерт
VIS_03222,EV_0209,INST_017,2026-10-17,Концерт
VIS_02163,EV_0209,INST_017,2026-10-17,Концерт
VIS_00270,EV_0209,INST_017,2026-10-17,Концерт
VIS_01480,EV_0209,INST_017,2026-10-17,Концерт
VIS_03994,EV_0209,INST_017,2026-10-17,Концерт
VIS_04457,EV_0209,INST_017,2026-10-17,Концерт
VIS_04285,EV_0209,INST_017,2026-10-17,Концерт
VIS_04154,EV_0209,INST_017,2026-10-17,Концерт
VIS_00035,EV_0209,INST_017,2026-10-17,Концерт
VIS_02683,EV_0209,INST_017,2026-10-17,Концерт
VIS_00083,EV_0209,INST_017,2026-10-17,Концерт
VIS_02769,EV_0209,INST_017,2026-10-17,Концерт
VIS_02317,EV_0209,INST_017,2026-10-17,Концерт
VIS_02688,EV_0209,INST_017,2026-10-17,Концерт
VIS_04688,EV_0209,INST_017,2026-10-17,Концерт
VIS_00097,EV_0209,INST_017,2026-10-17,Концерт
VIS_04607,EV_0209,INST_017,2026-10-17,Концерт
VIS_03435,EV_0074,INST_006,2026-10-18,Мастер-класс
VIS_00304,EV_0074,INST_006,2026-10-18,Мастер-класс
VIS_04499,EV_0074,INST_006,2026-10-18,Мастер-класс
VIS_02900,EV_0074,INST_006,2026-10-18,Мастер-класс
VIS_00983,EV_0074,INST_006,2026-10-18,Мастер-класс
VIS_02323,EV_0074,INST_006,2026-10-18,Мастер-класс
VIS_04519,EV_0074,INST_006,2026-10-18,Мастер-класс
VIS_04492,EV_0074,INST_006,2026-10-18,Мастер-класс
VIS_00636,EV_0074,INST_006,2026-10-18,Мастер-класс
VIS_03315,EV_0074,INST_006,2026-10-18,Мастер-класс
VIS_02626,EV_0074,INST_006,2026-10-18,Мастер-класс
VIS_02672,EV_0074,INST_006,2026-10-18,Мастер-класс
VIS_01237,EV_0074,INST_006,2026-10-18,Мастер-класс
VIS_00684,EV_0074,INST_006,2026-10-18,Мастер-класс
VIS_01376,EV_0074,INST_006,2026-10-18,Мастер-класс
VIS_02898,EV_0074,INST_006,2026-10-18,Мастер-класс
VIS_04110,EV_0074,INST_006,2026-10-18,Мастер-класс
VIS_00667,EV_0074,INST_006,2026-10-18,Мастер-класс
VIS_02633,EV_0074,INST_006,2026-10-18,Мастер-класс
VIS_01519,EV_0074,INST_006,2026-10-18,Мастер-класс
VIS_03153,EV_0074,INST_006,2026-10-18,Мастер-класс
VIS_04946,EV_0074,INST_006,2026-10-18,Мастер-класс
VIS_04784,EV_0074,INST_006,2026-10-18,Мастер-класс
VIS_03347,EV_0074,INST_006,2026-10-18,Мастер-класс
VIS_02669,EV_0074,INST_006,2026-10-18,Мастер-класс
VIS_02468,EV_0074,INST_006,2026-10-18,Мастер-класс
VIS_04387,EV_0074,INST_006,2026-10-18,Мастер-класс
VIS_01231,EV_0074,INST_006,2026-10-18,Мастер-класс
VIS_00135,EV_0074,INST_006,2026-10-18,Мастер-класс
VIS_02827,EV_0074,INST_006,2026-10-18,Мастер-класс
VIS_03760,EV_0074,INST_006,2026-10-18,Мастер-класс
VIS_00911,EV_0074,INST_006,2026-10-18,Мастер-класс
VIS_04708,EV_0074,INST_006,2026-10-18,Мастер-класс
VIS_00307,EV_0074,INST_006,2026-10-18,Мастер-класс
VIS_01530,EV_0074,INST_006,2026-10-18,Мастер-класс
VIS_03268,EV_0074,INST_006,2026-10-18,Мастер-класс
VIS_03965,EV_0074,INST_006,2026-10-18,Мастер-класс
VIS_02135,EV_0074,INST_006,2026-10-18,Мастер-класс
VIS_03140,EV_0074,INST_006,2026-10-18,Мастер-класс
VIS_00763,EV_0074,INST_006,2026-10-18,Мастер-класс
VIS_02748,EV_0074,INST_006,2026-10-18,Мастер-класс
VIS_01295,EV_0074,INST_006,2026-10-18,Мастер-класс
VIS_00853,EV_0074,INST_006,2026-10-18,Мастер-класс
VIS_01681,EV_0074,INST_006,2026-10-18,Мастер-класс
VIS_00186,EV_0074,INST_006,2026-10-18,Мастер-класс
VIS_00378,EV_0074,INST_006,2026-10-18,Мастер-класс
VIS_04573,EV_0074,INST_006,2026-10-18,Мастер-класс
VIS_01218,EV_0074,INST_006,2026-10-18,Мастер-класс
VIS_04327,EV_0074,INST_006,2026-10-18,Мастер-класс
VIS_01770,EV_0147,INST_012,2026-10-18,Лекция
VIS_01142,EV_0147,INST_012,2026-10-18,Лекция
VIS_04176,EV_0147,INST_012,2026-10-18,Лекция
VIS_00841,EV_0147,INST_012,2026-10-18,Лекция
VIS_04349,EV_0147,INST_012,2026-10-18,Лекция
VIS_04096,EV_0147,INST_012,2026-10-18,Лекция
VIS_00813,EV_0147,INST_012,2026-10-18,Лекция
VIS_02963,EV_0147,INST_012,2026-10-18,Лекция
VIS_00654,EV_0147,INST_012,2026-10-18,Лекция
VIS_01811,EV_0147,INST_012,2026-10-18,Лекция
VIS_00968,EV_0147,INST_012,2026-10-18,Лекция
VIS_04001,EV_0147,INST_012,2026-10-18,Лекция
VIS_04976,EV_0147,INST_012,2026-10-18,Лекция
VIS_02399,EV_0147,INST_012,2026-10-18,Лекция
VIS_01601,EV_0147,INST_012,2026-10-18,Лекция
VIS_00496,EV_0147,INST_012,2026-10-18,Лекция
VIS_03311,EV_0147,INST_012,2026-10-18,Лекция
VIS_03702,EV_0147,INST_012,2026-10-18,Лекция
VIS_02072,EV_0147,INST_012,2026-10-18,Лекция
VIS_03616,EV_0147,INST_012,2026-10-18,Лекция
VIS_04321,EV_0147,INST_012,2026-10-18,Лекция
VIS_02768,EV_0147,INST_012,2026-10-18,Лекция
VIS_03940,EV_0147,INST_012,2026-10-18,Лекция
VIS_03397,EV_0147,INST_012,2026-10-18,Лекция
VIS_02138,EV_0147,INST_012,2026-10-18,Лекция
VIS_02904,EV_0147,INST_012,2026-10-18,Лекция
VIS_04322,EV_0147,INST_012,2026-10-18,Лекция
VIS_04445,EV_0147,INST_012,2026-10-18,Лекция
VIS_01674,EV_0147,INST_012,2026-10-18,Лекция
VIS_02003,EV_0147,INST_012,2026-10-18,Лекция
VIS_01592,EV_0147,INST_012,2026-10-18,Лекция
VIS_01745,EV_0147,INST_012,2026-10-18,Лекция
VIS_00373,EV_0147,INST_012,2026-10-18,Лекция
VIS_01504,EV_0147,INST_012,2026-10-18,Лекция
VIS_04609,EV_0147,INST_012,2026-10-18,Лекция
VIS_03288,EV_0147,INST_012,2026-10-18,Лекция
VIS_02622,EV_0147,INST_012,2026-10-18,Лекция
VIS_04343,EV_0147,INST_012,2026-10-18,Лекция
VIS_01661,EV_0147,INST_012,2026-10-18,Лекция
VIS_04914,EV_0147,INST_012,2026-10-18,Лекция
VIS_00809,EV_0147,INST_012,2026-10-18,Лекция
VIS_04858,EV_0147,INST_012,2026-10-18,Лекция
VIS_02726,EV_0147,INST_012,2026-10-18,Лекция
VIS_01550,EV_0147,INST_012,2026-10-18,Лекция
VIS_02272,EV_0147,INST_012,2026-10-18,Лекция
VIS_03861,EV_0147,INST_012,2026-10-18,Лекция
VIS_04577,EV_0147,INST_012,2026-10-18,Лекция
VIS_02220,EV_0147,INST_012,2026-10-18,Лекция
VIS_03819,EV_0147,INST_012,2026-10-18,Лекция
VIS_00379,EV_0147,INST_012,2026-10-18,Лекция
VIS_03337,EV_0147,INST_012,2026-10-18,Лекция
VIS_00349,EV_0147,INST_012,2026-10-18,Лекция
VIS_04508,EV_0147,INST_012,2026-10-18,Лекция
VIS_03585,EV_0147,INST_012,2026-10-18,Лекция
VIS_03395,EV_0147,INST_012,2026-10-18,Лекция
VIS_02630,EV_0147,INST_012,2026-10-18,Лекция
VIS_01900,EV_0147,INST_012,2026-10-18,Лекция
VIS_02141,EV_0147,INST_012,2026-10-18,Лекция
VIS_01917,EV_0147,INST_012,2026-10-18,Лекция
VIS_00478,EV_0147,INST_012,2026-10-18,Лекция
VIS_02368,EV_0147,INST_012,2026-10-18,Лекция
VIS_01786,EV_0147,INST_012,2026-10-18,Лекция
VIS_02574,EV_0147,INST_012,2026-10-18,Лекция
VIS_00624,EV_0147,INST_012,2026-10-18,Лекция
VIS_02211,EV_0147,INST_012,2026-10-18,Лекция
VIS_00240,EV_0147,INST_012,2026-10-18,Лекция
VIS_00091,EV_0147,INST_012,2026-10-18,Лекция
VIS_02420,EV_0147,INST_012,2026-10-18,Лекция
VIS_04497,EV_0147,INST_012,2026-10-18,Лекция
VIS_03383,EV_0147,INST_012,2026-10-18,Лекция
VIS_03164,EV_0147,INST_012,2026-10-18,Лекция
VIS_00276,EV_0147,INST_012,2026-10-18,Лекция
VIS_02425,EV_0147,INST_012,2026-10-18,Лекция
VIS_00487,EV_0147,INST_012,2026-10-18,Лекция
VIS_02559,EV_0147,INST_012,2026-10-18,Лекция
VIS_03275,EV_0147,INST_012,2026-10-18,Лекция
VIS_04124,EV_0147,INST_012,2026-10-18,Лекция
VIS_03328,EV_0147,INST_012,2026-10-18,Лекция
VIS_00024,EV_0147,INST_012,2026-10-18,Лекция
VIS_02291,EV_0147,INST_012,2026-10-18,Лекция
VIS_02747,EV_0147,INST_012,2026-10-18,Лекция
VIS_04297,EV_0147,INST_012,2026-10-18,Лекция
VIS_04898,EV_0147,INST_012,2026-10-18,Лекция
VIS_02516,EV_0147,INST_012,2026-10-18,Лекция
VIS_03936,EV_0147,INST_012,2026-10-18,Лекция
VIS_00228,EV_0147,INST_012,2026-10-18,Лекция
VIS_02201,EV_0147,INST_012,2026-10-18,Лекция
VIS_02566,EV_0147,INST_012,2026-10-18,Лекция
VIS_02796,EV_0147,INST_012,2026-10-18,Лекция
VIS_04157,EV_0147,INST_012,2026-10-18,Лекция
VIS_04358,EV_0147,INST_012,2026-10-18,Лекция
VIS_04005,EV_0147,INST_012,2026-10-18,Лекция
VIS_04605,EV_0147,INST_012,2026-10-18,Лекция
VIS_01991,EV_0147,INST_012,2026-10-18,Лекция
VIS_04452,EV_0147,INST_012,2026-10-18,Лекция
VIS_03707,EV_0147,INST_012,2026-10-18,Лекция
VIS_03739,EV_0147,INST_012,2026-10-18,Лекция
VIS_02320,EV_0147,INST_012,2026-10-18,Лекция
VIS_02801,EV_0147,INST_012,2026-10-18,Лекция
VIS_02865,EV_0147,INST_012,2026-10-18,Лекция
VIS_02309,EV_0020,INST_001,2026-10-21,Творческая встреча
VIS_04232,EV_0020,INST_001,2026-10-21,Творческая встреча
VIS_01600,EV_0020,INST_001,2026-10-21,Творческая встреча
VIS_03573,EV_0020,INST_001,2026-10-21,Творческая встреча
VIS_03535,EV_0020,INST_001,2026-10-21,Творческая встреча
VIS_04752,EV_0020,INST_001,2026-10-21,Творческая встреча
VIS_04460,EV_0020,INST_001,2026-10-21,Творческая встреча
VIS_04546,EV_0020,INST_001,2026-10-21,Творческая встреча
VIS_02234,EV_0020,INST_001,2026-10-21,Творческая встреча
VIS_04194,EV_0020,INST_001,2026-10-21,Творческая встреча
VIS_02144,EV_0020,INST_001,2026-10-21,Творческая встреча
VIS_04122,EV_0020,INST_001,2026-10-21,Творческая встреча
VIS_02056,EV_0020,INST_001,2026-10-21,Творческая встреча
VIS_01075,EV_0020,INST_001,2026-10-21,Творческая встреча
VIS_01769,EV_0020,INST_001,2026-10-21,Творческая встреча
VIS_02216,EV_0020,INST_001,2026-10-21,Творческая встреча
VIS_04246,EV_0020,INST_001,2026-10-21,Творческая встреча
VIS_00836,EV_0020,INST_001,2026-10-21,Творческая встреча
VIS_00205,EV_0020,INST_001,2026-10-21,Творческая встреча
VIS_03302,EV_0020,INST_001,2026-10-21,Творческая встреча
VIS_04431,EV_0020,INST_001,2026-10-21,Творческая встреча
VIS_02111,EV_0020,INST_001,2026-10-21,Творческая встреча
VIS_03878,EV_0020,INST_001,2026-10-21,Творческая встреча
VIS_01897,EV_0020,INST_001,2026-10-21,Творческая встреча
VIS_00666,EV_0020,INST_001,2026-10-21,Творческая встреча
VIS_02674,EV_0020,INST_001,2026-10-21,Творческая встреча
VIS_03079,EV_0020,INST_001,2026-10-21,Творческая встреча
VIS_03809,EV_0020,INST_001,2026-10-21,Творческая встреча
VIS_01300,EV_0020,INST_001,2026-10-21,Творческая встреча
VIS_03156,EV_0020,INST_001,2026-10-21,Творческая встреча
VIS_04022,EV_0020,INST_001,2026-10-21,Творческая встреча
VIS_00554,EV_0020,INST_001,2026-10-21,Творческая встреча
VIS_01886,EV_0020,INST_001,2026-10-21,Творческая встреча
VIS_04230,EV_0020,INST_001,2026-10-21,Творческая встреча
VIS_03978,EV_0020,INST_001,2026-10-21,Творческая встреча
VIS_02530,EV_0020,INST_001,2026-10-21,Творческая встреча
VIS_02505,EV_0020,INST_001,2026-10-21,Творческая встреча
VIS_00100,EV_0020,INST_001,2026-10-21,Творческая встреча
VIS_02576,EV_0020,INST_001,2026-10-21,Творческая встреча
VIS_02025,EV_0020,INST_001,2026-10-21,Творческая встреча
VIS_04551,EV_0020,INST_001,2026-10-21,Творческая встреча
VIS_01764,EV_0020,INST_001,2026-10-21,Творческая встреча
VIS_02057,EV_0020,INST_001,2026-10-21,Творческая встреча
VIS_02252,EV_0020,INST_001,2026-10-21,Творческая встреча
VIS_01843,EV_0020,INST_001,2026-10-21,Творческая встреча
VIS_01990,EV_0020,INST_001,2026-10-21,Творческая встреча
VIS_00588,EV_0020,INST_001,2026-10-21,Творческая встреча
VIS_01878,EV_0020,INST_001,2026-10-21,Творческая встреча
VIS_00381,EV_0020,INST_001,2026-10-21,Творческая встреча
VIS_04339,EV_0020,INST_001,2026-10-21,Творческая встреча
VIS_04817,EV_0020,INST_001,2026-10-21,Творческая встреча
VIS_03606,EV_0020,INST_001,2026-10-21,Творческая встреча
VIS_04891,EV_0020,INST_001,2026-10-21,Творческая встреча
VIS_03575,EV_0020,INST_001,2026-10-21,Творческая встреча
VIS_04640,EV_0020,INST_001,2026-10-21,Творческая встреча
VIS_04228,EV_0020,INST_001,2026-10-21,Творческая встреча
VIS_04956,EV_0020,INST_001,2026-10-21,Творческая встреча
VIS_00525,EV_0020,INST_001,2026-10-21,Творческая встреча
VIS_04871,EV_0020,INST_001,2026-10-21,Творческая встреча
VIS_01354,EV_0020,INST_001,2026-10-21,Творческая встреча
VIS_01015,EV_0020,INST_001,2026-10-21,Творческая встреча
VIS_02995,EV_0020,INST_001,2026-10-21,Творческая встреча
VIS_03931,EV_0020,INST_001,2026-10-21,Творческая встреча
VIS_03838,EV_0047,INST_004,2026-10-23,Мастер-класс
VIS_03117,EV_0047,INST_004,2026-10-23,Мастер-класс
VIS_00829,EV_0047,INST_004,2026-10-23,Мастер-класс
VIS_00753,EV_0047,INST_004,2026-10-23,Мастер-класс
VIS_01142,EV_0047,INST_004,2026-10-23,Мастер-класс
VIS_02201,EV_0047,INST_004,2026-10-23,Мастер-класс
VIS_04279,EV_0047,INST_004,2026-10-23,Мастер-класс
VIS_00187,EV_0047,INST_004,2026-10-23,Мастер-класс
VIS_01895,EV_0047,INST_004,2026-10-23,Мастер-класс
VIS_00341,EV_0047,INST_004,2026-10-23,Мастер-класс
VIS_04803,EV_0047,INST_004,2026-10-23,Мастер-класс
VIS_01783,EV_0047,INST_004,2026-10-23,Мастер-класс
VIS_04336,EV_0047,INST_004,2026-10-23,Мастер-класс
VIS_01255,EV_0047,INST_004,2026-10-23,Мастер-класс
VIS_02567,EV_0047,INST_004,2026-10-23,Мастер-класс
VIS_03341,EV_0047,INST_004,2026-10-23,Мастер-класс
VIS_04360,EV_0047,INST_004,2026-10-23,Мастер-класс
VIS_00284,EV_0047,INST_004,2026-10-23,Мастер-класс
VIS_01929,EV_0047,INST_004,2026-10-23,Мастер-класс
VIS_02083,EV_0047,INST_004,2026-10-23,Мастер-класс
VIS_02991,EV_0047,INST_004,2026-10-23,Мастер-класс
VIS_03646,EV_0047,INST_004,2026-10-23,Мастер-класс
VIS_00332,EV_0047,INST_004,2026-10-23,Мастер-класс
VIS_03077,EV_0047,INST_004,2026-10-23,Мастер-класс
VIS_02729,EV_0047,INST_004,2026-10-23,Мастер-класс
VIS_03332,EV_0047,INST_004,2026-10-23,Мастер-класс
VIS_00070,EV_0047,INST_004,2026-10-23,Мастер-класс
VIS_03812,EV_0047,INST_004,2026-10-23,Мастер-класс
VIS_04977,EV_0047,INST_004,2026-10-23,Мастер-класс
VIS_01086,EV_0047,INST_004,2026-10-23,Мастер-класс
VIS_04639,EV_0047,INST_004,2026-10-23,Мастер-класс
VIS_04505,EV_0047,INST_004,2026-10-23,Мастер-класс
VIS_03277,EV_0047,INST_004,2026-10-23,Мастер-класс
VIS_00402,EV_0047,INST_004,2026-10-23,Мастер-класс
VIS_04149,EV_0047,INST_004,2026-10-23,Мастер-класс
VIS_02458,EV_0047,INST_004,2026-10-23,Мастер-класс
VIS_00325,EV_0047,INST_004,2026-10-23,Мастер-класс
VIS_02839,EV_0047,INST_004,2026-10-23,Мастер-класс
VIS_03465,EV_0047,INST_004,2026-10-23,Мастер-класс
VIS_04907,EV_0047,INST_004,2026-10-23,Мастер-класс
VIS_01099,EV_0047,INST_004,2026-10-23,Мастер-класс
VIS_03841,EV_0047,INST_004,2026-10-23,Мастер-класс
VIS_04198,EV_0047,INST_004,2026-10-23,Мастер-класс
VIS_01632,EV_0047,INST_004,2026-10-23,Мастер-класс
VIS_01704,EV_0047,INST_004,2026-10-23,Мастер-класс
VIS_03172,EV_0047,INST_004,2026-10-23,Мастер-класс
VIS_02401,EV_0047,INST_004,2026-10-23,Мастер-класс
VIS_04875,EV_0047,INST_004,2026-10-23,Мастер-класс
VIS_04753,EV_0054,INST_005,2026-10-23,Мастер-класс
VIS_00067,EV_0054,INST_005,2026-10-23,Мастер-класс
VIS_00286,EV_0054,INST_005,2026-10-23,Мастер-класс
VIS_03519,EV_0054,INST_005,2026-10-23,Мастер-класс
VIS_01048,EV_0054,INST_005,2026-10-23,Мастер-класс
VIS_03268,EV_0054,INST_005,2026-10-23,Мастер-класс
VIS_00623,EV_0054,INST_005,2026-10-23,Мастер-класс
VIS_00500,EV_0054,INST_005,2026-10-23,Мастер-класс
VIS_00677,EV_0054,INST_005,2026-10-23,Мастер-класс
VIS_01003,EV_0054,INST_005,2026-10-23,Мастер-класс
VIS_00048,EV_0054,INST_005,2026-10-23,Мастер-класс
VIS_02566,EV_0054,INST_005,2026-10-23,Мастер-класс
VIS_02193,EV_0054,INST_005,2026-10-23,Мастер-класс
VIS_01967,EV_0054,INST_005,2026-10-23,Мастер-класс
VIS_00852,EV_0054,INST_005,2026-10-23,Мастер-класс
VIS_02793,EV_0054,INST_005,2026-10-23,Мастер-класс
VIS_01959,EV_0054,INST_005,2026-10-23,Мастер-класс
VIS_04475,EV_0054,INST_005,2026-10-23,Мастер-класс
VIS_04681,EV_0054,INST_005,2026-10-23,Мастер-класс
VIS_02705,EV_0054,INST_005,2026-10-23,Мастер-класс
VIS_00387,EV_0054,INST_005,2026-10-23,Мастер-класс
VIS_04811,EV_0054,INST_005,2026-10-23,Мастер-класс
VIS_04401,EV_0054,INST_005,2026-10-23,Мастер-класс
VIS_04431,EV_0054,INST_005,2026-10-23,Мастер-класс
VIS_02332,EV_0054,INST_005,2026-10-23,Мастер-класс
VIS_02342,EV_0054,INST_005,2026-10-23,Мастер-класс
VIS_04816,EV_0054,INST_005,2026-10-23,Мастер-класс
VIS_02133,EV_0054,INST_005,2026-10-23,Мастер-класс
VIS_01559,EV_0054,INST_005,2026-10-23,Мастер-класс
VIS_02035,EV_0054,INST_005,2026-10-23,Мастер-класс
VIS_01745,EV_0176,INST_014,2026-10-23,Выставка
VIS_02051,EV_0176,INST_014,2026-10-23,Выставка
VIS_01358,EV_0176,INST_014,2026-10-23,Выставка
VIS_00090,EV_0176,INST_014,2026-10-23,Выставка
VIS_02531,EV_0176,INST_014,2026-10-23,Выставка
VIS_03035,EV_0176,INST_014,2026-10-23,Выставка
VIS_04080,EV_0176,INST_014,2026-10-23,Выставка
VIS_00360,EV_0176,INST_014,2026-10-23,Выставка
VIS_02535,EV_0176,INST_014,2026-10-23,Выставка
VIS_00036,EV_0176,INST_014,2026-10-23,Выставка
VIS_04479,EV_0176,INST_014,2026-10-23,Выставка
VIS_03587,EV_0176,INST_014,2026-10-23,Выставка
VIS_00251,EV_0176,INST_014,2026-10-23,Выставка
VIS_04794,EV_0176,INST_014,2026-10-23,Выставка
VIS_04818,EV_0176,INST_014,2026-10-23,Выставка
VIS_01379,EV_0176,INST_014,2026-10-23,Выставка
VIS_02082,EV_0176,INST_014,2026-10-23,Выставка
VIS_00825,EV_0176,INST_014,2026-10-23,Выставка
VIS_00499,EV_0176,INST_014,2026-10-23,Выставка
VIS_04878,EV_0176,INST_014,2026-10-23,Выставка
VIS_02471,EV_0176,INST_014,2026-10-23,Выставка
VIS_04303,EV_0176,INST_014,2026-10-23,Выставка
VIS_04644,EV_0176,INST_014,2026-10-23,Выставка
VIS_01028,EV_0176,INST_014,2026-10-23,Выставка
VIS_01721,EV_0176,INST_014,2026-10-23,Выставка
VIS_04828,EV_0176,INST_014,2026-10-23,Выставка
VIS_02876,EV_0176,INST_014,2026-10-23,Выставка
VIS_00435,EV_0176,INST_014,2026-10-23,Выставка
VIS_01178,EV_0135,INST_011,2026-10-28,Выставка
VIS_00571,EV_0135,INST_011,2026-10-28,Выставка
VIS_04259,EV_0135,INST_011,2026-10-28,Выставка
VIS_01189,EV_0135,INST_011,2026-10-28,Выставка
VIS_01077,EV_0135,INST_011,2026-10-28,Выставка
VIS_04583,EV_0135,INST_011,2026-10-28,Выставка
VIS_03490,EV_0135,INST_011,2026-10-28,Выставка
VIS_03763,EV_0135,INST_011,2026-10-28,Выставка
VIS_04248,EV_0135,INST_011,2026-10-28,Выставка
VIS_02949,EV_0135,INST_011,2026-10-28,Выставка
VIS_01823,EV_0135,INST_011,2026-10-28,Выставка
VIS_01625,EV_0135,INST_011,2026-10-28,Выставка
VIS_00217,EV_0135,INST_011,2026-10-28,Выставка
VIS_01934,EV_0135,INST_011,2026-10-28,Выставка
VIS_01139,EV_0135,INST_011,2026-10-28,Выставка
VIS_01087,EV_0135,INST_011,2026-10-28,Выставка
VIS_00749,EV_0135,INST_011,2026-10-28,Выставка
VIS_03041,EV_0135,INST_011,2026-10-28,Выставка
VIS_01688,EV_0135,INST_011,2026-10-28,Выставка
VIS_01199,EV_0135,INST_011,2026-10-28,Выставка
VIS_02847,EV_0135,INST_011,2026-10-28,Выставка
VIS_04337,EV_0135,INST_011,2026-10-28,Выставка
VIS_01951,EV_0135,INST_011,2026-10-28,Выставка
VIS_04515,EV_0135,INST_011,2026-10-28,Выставка
VIS_00540,EV_0135,INST_011,2026-10-28,Выставка
VIS_04180,EV_0135,INST_011,2026-10-28,Выставка
VIS_03911,EV_0135,INST_011,2026-10-28,Выставка
VIS_02070,EV_0135,INST_011,2026-10-28,Выставка
VIS_04027,EV_0135,INST_011,2026-10-28,Выставка
VIS_04369,EV_0135,INST_011,2026-10-28,Выставка
VIS_03570,EV_0135,INST_011,2026-10-28,Выставка
VIS_01531,EV_0135,INST_011,2026-10-28,Выставка
VIS_01034,EV_0135,INST_011,2026-10-28,Выставка
VIS_04877,EV_0135,INST_011,2026-10-28,Выставка
VIS_00587,EV_0135,INST_011,2026-10-28,Выставка
VIS_03371,EV_0135,INST_011,2026-10-28,Выставка
VIS_04058,EV_0135,INST_011,2026-10-28,Выставка
VIS_00728,EV_0135,INST_011,2026-10-28,Выставка
VIS_01436,EV_0135,INST_011,2026-10-28,Выставка
VIS_00022,EV_0135,INST_011,2026-10-28,Выставка
VIS_00189,EV_0135,INST_011,2026-10-28,Выставка
VIS_01517,EV_0135,INST_011,2026-10-28,Выставка
VIS_00335,EV_0135,INST_011,2026-10-28,Выставка
VIS_02062,EV_0135,INST_011,2026-10-28,Выставка
VIS_02108,EV_0135,INST_011,2026-10-28,Выставка
VIS_01201,EV_0135,INST_011,2026-10-28,Выставка
VIS_01704,EV_0135,INST_011,2026-10-28,Выставка
VIS_03817,EV_0135,INST_011,2026-10-28,Выставка
VIS_01553,EV_0135,INST_011,2026-10-28,Выставка
VIS_01628,EV_0102,INST_007,2026-10-30,Лекция
VIS_00593,EV_0102,INST_007,2026-10-30,Лекция
VIS_00107,EV_0102,INST_007,2026-10-30,Лекция
VIS_01589,EV_0102,INST_007,2026-10-30,Лекция
VIS_02852,EV_0102,INST_007,2026-10-30,Лекция
VIS_04988,EV_0102,INST_007,2026-10-30,Лекция
VIS_04404,EV_0102,INST_007,2026-10-30,Лекция
VIS_00453,EV_0102,INST_007,2026-10-30,Лекция
VIS_00531,EV_0102,INST_007,2026-10-30,Лекция
VIS_03822,EV_0102,INST_007,2026-10-30,Лекция
VIS_02116,EV_0102,INST_007,2026-10-30,Лекция
VIS_03131,EV_0102,INST_007,2026-10-30,Лекция
VIS_04237,EV_0102,INST_007,2026-10-30,Лекция
VIS_03252,EV_0102,INST_007,2026-10-30,Лекция
VIS_04718,EV_0102,INST_007,2026-10-30,Лекция
VIS_01549,EV_0102,INST_007,2026-10-30,Лекция
VIS_01568,EV_0102,INST_007,2026-10-30,Лекция
VIS_03577,EV_0102,INST_007,2026-10-30,Лекция
VIS_02797,EV_0102,INST_007,2026-10-30,Лекция
VIS_02683,EV_0102,INST_007,2026-10-30,Лекция
VIS_03316,EV_0102,INST_007,2026-10-30,Лекция
VIS_00005,EV_0102,INST_007,2026-10-30,Лекция
VIS_00300,EV_0102,INST_007,2026-10-30,Лекция
VIS_03649,EV_0102,INST_007,2026-10-30,Лекция
VIS_04861,EV_0102,INST_007,2026-10-30,Лекция
VIS_01426,EV_0102,INST_007,2026-10-30,Лекция
VIS_03638,EV_0102,INST_007,2026-10-30,Лекция
VIS_01882,EV_0102,INST_007,2026-10-30,Лекция
VIS_03710,EV_0102,INST_007,2026-10-30,Лекция
VIS_02629,EV_0102,INST_007,2026-10-30,Лекция
VIS_03641,EV_0102,INST_007,2026-10-30,Лекция
VIS_03926,EV_0102,INST_007,2026-10-30,Лекция
VIS_03142,EV_0102,INST_007,2026-10-30,Лекция
VIS_03818,EV_0102,INST_007,2026-10-30,Лекция
VIS_04298,EV_0102,INST_007,2026-10-30,Лекция
VIS_02215,EV_0102,INST_007,2026-10-30,Лекция
VIS_00445,EV_0102,INST_007,2026-10-30,Лекция
VIS_00989,EV_0102,INST_007,2026-10-30,Лекция
VIS_00192,EV_0102,INST_007,2026-10-30,Лекция
VIS_01239,EV_0102,INST_007,2026-10-30,Лекция
VIS_03527,EV_0102,INST_007,2026-10-30,Лекция
VIS_03184,EV_0102,INST_007,2026-10-30,Лекция
VIS_04356,EV_0102,INST_007,2026-10-30,Лекция
VIS_04034,EV_0102,INST_007,2026-10-30,Лекция
VIS_04291,EV_0102,INST_007,2026-10-30,Лекция
VIS_01648,EV_0102,INST_007,2026-10-30,Лекция
VIS_01721,EV_0102,INST_007,2026-10-30,Лекция
VIS_00278,EV_0102,INST_007,2026-10-30,Лекция
VIS_01074,EV_0102,INST_007,2026-10-30,Лекция
VIS_04067,EV_0102,INST_007,2026-10-30,Лекция
VIS_04907,EV_0102,INST_007,2026-10-30,Лекция
VIS_01134,EV_0102,INST_007,2026-10-30,Лекция
VIS_03330,EV_0102,INST_007,2026-10-30,Лекция
VIS_00500,EV_0102,INST_007,2026-10-30,Лекция
VIS_03758,EV_0102,INST_007,2026-10-30,Лекция
VIS_03730,EV_0102,INST_007,2026-10-30,Лекция
VIS_04996,EV_0102,INST_007,2026-10-30,Лекция
VIS_02107,EV_0102,INST_007,2026-10-30,Лекция
VIS_00312,EV_0102,INST_007,2026-10-30,Лекция
VIS_02233,EV_0102,INST_007,2026-10-30,Лекция
VIS_03750,EV_0102,INST_007,2026-10-30,Лекция
VIS_03041,EV_0102,INST_007,2026-10-30,Лекция
VIS_01573,EV_0102,INST_007,2026-10-30,Лекция
VIS_03114,EV_0102,INST_007,2026-10-30,Лекция
VIS_02830,EV_0102,INST_007,2026-10-30,Лекция
VIS_04016,EV_0102,INST_007,2026-10-30,Лекция
VIS_04069,EV_0102,INST_007,2026-10-30,Лекция
VIS_00941,EV_0102,INST_007,2026-10-30,Лекция
VIS_03789,EV_0102,INST_007,2026-10-30,Лекция
VIS_03442,EV_0102,INST_007,2026-10-30,Лекция
VIS_01902,EV_0102,INST_007,2026-10-30,Лекция
VIS_02955,EV_0102,INST_007,2026-10-30,Лекция
VIS_03635,EV_0102,INST_007,2026-10-30,Лекция
VIS_01556,EV_0102,INST_007,2026-10-30,Лекция
VIS_01267,EV_0102,INST_007,2026-10-30,Лекция
VIS_04476,EV_0102,INST_007,2026-10-30,Лекция
VIS_00510,EV_0102,INST_007,2026-10-30,Лекция
VIS_00683,EV_0102,INST_007,2026-10-30,Лекция
VIS_02442,EV_0102,INST_007,2026-10-30,Лекция
VIS_03253,EV_0102,INST_007,2026-10-30,Лекция
VIS_02495,EV_0102,INST_007,2026-10-30,Лекция
VIS_02183,EV_0102,INST_007,2026-10-30,Лекция
VIS_04153,EV_0102,INST_007,2026-10-30,Лекция
VIS_01816,EV_0102,INST_007,2026-10-30,Лекция
VIS_00277,EV_0102,INST_007,2026-10-30,Лекция
VIS_03474,EV_0102,INST_007,2026-10-30,Лекция
VIS_04048,EV_0102,INST_007,2026-10-30,Лекция
VIS_04569,EV_0102,INST_007,2026-10-30,Лекция
VIS_00967,EV_0102,INST_007,2026-10-30,Лекция
VIS_03522,EV_0102,INST_007,2026-10-30,Лекция
VIS_04305,EV_0102,INST_007,2026-10-30,Лекция
VIS_04059,EV_0102,INST_007,2026-10-30,Лекция
VIS_03201,EV_0102,INST_007,2026-10-30,Лекция
VIS_03301,EV_0210,INST_017,2026-10-30,Мастер-класс
VIS_04815,EV_0210,INST_017,2026-10-30,Мастер-класс
VIS_03353,EV_0210,INST_017,2026-10-30,Мастер-класс
VIS_01078,EV_0210,INST_017,2026-10-30,Мастер-класс
VIS_00213,EV_0210,INST_017,2026-10-30,Мастер-класс
VIS_01480,EV_0210,INST_017,2026-10-30,Мастер-класс
VIS_02953,EV_0210,INST_017,2026-10-30,Мастер-класс
VIS_04990,EV_0210,INST_017,2026-10-30,Мастер-класс
VIS_04606,EV_0210,INST_017,2026-10-30,Мастер-класс
VIS_03304,EV_0210,INST_017,2026-10-30,Мастер-класс
VIS_00149,EV_0210,INST_017,2026-10-30,Мастер-класс
VIS_00222,EV_0210,INST_017,2026-10-30,Мастер-класс
VIS_00150,EV_0210,INST_017,2026-10-30,Мастер-класс
VIS_00912,EV_0210,INST_017,2026-10-30,Мастер-класс
VIS_03808,EV_0210,INST_017,2026-10-30,Мастер-класс
VIS_01541,EV_0210,INST_017,2026-10-30,Мастер-класс
VIS_01651,EV_0210,INST_017,2026-10-30,Мастер-класс
VIS_01531,EV_0210,INST_017,2026-10-30,Мастер-класс
VIS_04151,EV_0210,INST_017,2026-10-30,Мастер-класс
VIS_02532,EV_0210,INST_017,2026-10-30,Мастер-класс
VIS_00432,EV_0210,INST_017,2026-10-30,Мастер-класс
VIS_02775,EV_0210,INST_017,2026-10-30,Мастер-класс
VIS_04951,EV_0210,INST_017,2026-10-30,Мастер-класс
VIS_03450,EV_0210,INST_017,2026-10-30,Мастер-класс
VIS_03658,EV_0210,INST_017,2026-10-30,Мастер-класс
VIS_02081,EV_0210,INST_017,2026-10-30,Мастер-класс
VIS_02212,EV_0210,INST_017,2026-10-30,Мастер-класс
VIS_00371,EV_0210,INST_017,2026-10-30,Мастер-класс
VIS_00626,EV_0210,INST_017,2026-10-30,Мастер-класс
VIS_02499,EV_0210,INST_017,2026-10-30,Мастер-класс
VIS_00474,EV_0210,INST_017,2026-10-30,Мастер-класс
VIS_04371,EV_0210,INST_017,2026-10-30,Мастер-класс
VIS_01759,EV_0210,INST_017,2026-10-30,Мастер-класс
VIS_03541,EV_0210,INST_017,2026-10-30,Мастер-класс
VIS_01982,EV_0210,INST_017,2026-10-30,Мастер-класс
VIS_00249,EV_0210,INST_017,2026-10-30,Мастер-класс
VIS_03324,EV_0210,INST_017,2026-10-30,Мастер-класс
VIS_04465,EV_0210,INST_017,2026-10-30,Мастер-класс
VIS_03900,EV_0210,INST_017,2026-10-30,Мастер-класс
VIS_00124,EV_0210,INST_017,2026-10-30,Мастер-класс
VIS_00244,EV_0210,INST_017,2026-10-30,Мастер-класс
VIS_03936,EV_0210,INST_017,2026-10-30,Мастер-класс
VIS_04350,EV_0210,INST_017,2026-10-30,Мастер-класс
VIS_04830,EV_0075,INST_006,2026-11-03,Мастер-класс
VIS_03185,EV_0075,INST_006,2026-11-03,Мастер-класс
VIS_02948,EV_0075,INST_006,2026-11-03,Мастер-класс
VIS_02367,EV_0075,INST_006,2026-11-03,Мастер-класс
VIS_03913,EV_0075,INST_006,2026-11-03,Мастер-класс
VIS_01333,EV_0075,INST_006,2026-11-03,Мастер-класс
VIS_01391,EV_0075,INST_006,2026-11-03,Мастер-класс
VIS_00022,EV_0075,INST_006,2026-11-03,Мастер-класс
VIS_03795,EV_0075,INST_006,2026-11-03,Мастер-класс
VIS_01475,EV_0075,INST_006,2026-11-03,Мастер-класс
VIS_04416,EV_0075,INST_006,2026-11-03,Мастер-класс
VIS_01250,EV_0075,INST_006,2026-11-03,Мастер-класс
VIS_02628,EV_0075,INST_006,2026-11-03,Мастер-класс
VIS_00496,EV_0075,INST_006,2026-11-03,Мастер-класс
VIS_03153,EV_0075,INST_006,2026-11-03,Мастер-класс
VIS_01599,EV_0075,INST_006,2026-11-03,Мастер-класс
VIS_00902,EV_0075,INST_006,2026-11-03,Мастер-класс
VIS_00905,EV_0075,INST_006,2026-11-03,Мастер-класс
VIS_03248,EV_0075,INST_006,2026-11-03,Мастер-класс
VIS_01627,EV_0075,INST_006,2026-11-03,Мастер-класс
VIS_04787,EV_0075,INST_006,2026-11-03,Мастер-класс
VIS_02899,EV_0075,INST_006,2026-11-03,Мастер-класс
VIS_04832,EV_0075,INST_006,2026-11-03,Мастер-класс
VIS_02766,EV_0075,INST_006,2026-11-03,Мастер-класс
VIS_03242,EV_0075,INST_006,2026-11-03,Мастер-класс
VIS_04634,EV_0075,INST_006,2026-11-03,Мастер-класс
VIS_00200,EV_0075,INST_006,2026-11-03,Мастер-класс
VIS_00558,EV_0075,INST_006,2026-11-03,Мастер-класс
VIS_00851,EV_0075,INST_006,2026-11-03,Мастер-класс
VIS_03942,EV_0075,INST_006,2026-11-03,Мастер-класс
VIS_00532,EV_0075,INST_006,2026-11-03,Мастер-класс
VIS_01829,EV_0075,INST_006,2026-11-03,Мастер-класс
VIS_01598,EV_0075,INST_006,2026-11-03,Мастер-класс
VIS_00585,EV_0075,INST_006,2026-11-03,Мастер-класс
VIS_03300,EV_0075,INST_006,2026-11-03,Мастер-класс
VIS_00060,EV_0075,INST_006,2026-11-03,Мастер-класс
VIS_04464,EV_0075,INST_006,2026-11-03,Мастер-класс
VIS_00024,EV_0075,INST_006,2026-11-03,Мастер-класс
VIS_00997,EV_0075,INST_006,2026-11-03,Мастер-класс
VIS_02075,EV_0075,INST_006,2026-11-03,Мастер-класс
VIS_01705,EV_0075,INST_006,2026-11-03,Мастер-класс
VIS_04378,EV_0075,INST_006,2026-11-03,Мастер-класс
VIS_02260,EV_0075,INST_006,2026-11-03,Мастер-класс
VIS_01796,EV_0075,INST_006,2026-11-03,Мастер-класс
VIS_01814,EV_0075,INST_006,2026-11-03,Мастер-класс
VIS_00945,EV_0075,INST_006,2026-11-03,Мастер-класс
VIS_03022,EV_0075,INST_006,2026-11-03,Мастер-класс
VIS_04314,EV_0075,INST_006,2026-11-03,Мастер-класс
VIS_00152,EV_0075,INST_006,2026-11-03,Мастер-класс
VIS_00146,EV_0075,INST_006,2026-11-03,Мастер-класс
VIS_02341,EV_0075,INST_006,2026-11-03,Мастер-класс
VIS_03448,EV_0075,INST_006,2026-11-03,Мастер-класс
VIS_04756,EV_0075,INST_006,2026-11-03,Мастер-класс
VIS_04561,EV_0075,INST_006,2026-11-03,Мастер-класс
VIS_03648,EV_0075,INST_006,2026-11-03,Мастер-класс
VIS_00762,EV_0075,INST_006,2026-11-03,Мастер-класс
VIS_04992,EV_0075,INST_006,2026-11-03,Мастер-класс
VIS_02564,EV_0075,INST_006,2026-11-03,Мастер-класс
VIS_00567,EV_0075,INST_006,2026-11-03,Мастер-класс
VIS_04903,EV_0075,INST_006,2026-11-03,Мастер-класс
VIS_02515,EV_0177,INST_014,2026-11-04,Выставка
VIS_00533,EV_0177,INST_014,2026-11-04,Выставка
VIS_04564,EV_0177,INST_014,2026-11-04,Выставка
VIS_01019,EV_0177,INST_014,2026-11-04,Выставка
VIS_02143,EV_0177,INST_014,2026-11-04,Выставка
VIS_00979,EV_0177,INST_014,2026-11-04,Выставка
VIS_02535,EV_0177,INST_014,2026-11-04,Выставка
VIS_00704,EV_0177,INST_014,2026-11-04,Выставка
VIS_01843,EV_0177,INST_014,2026-11-04,Выставка
VIS_01258,EV_0177,INST_014,2026-11-04,Выставка
VIS_00825,EV_0177,INST_014,2026-11-04,Выставка
VIS_00909,EV_0177,INST_014,2026-11-04,Выставка
VIS_03681,EV_0177,INST_014,2026-11-04,Выставка
VIS_02337,EV_0177,INST_014,2026-11-04,Выставка
VIS_04288,EV_0177,INST_014,2026-11-04,Выставка
VIS_00415,EV_0177,INST_014,2026-11-04,Выставка
VIS_04919,EV_0177,INST_014,2026-11-04,Выставка
VIS_03609,EV_0177,INST_014,2026-11-04,Выставка
VIS_03248,EV_0177,INST_014,2026-11-04,Выставка
VIS_00818,EV_0177,INST_014,2026-11-04,Выставка
VIS_00062,EV_0177,INST_014,2026-11-04,Выставка
VIS_04658,EV_0177,INST_014,2026-11-04,Выставка
VIS_03420,EV_0177,INST_014,2026-11-04,Выставка
VIS_04793,EV_0177,INST_014,2026-11-04,Выставка
VIS_00117,EV_0177,INST_014,2026-11-04,Выставка
VIS_00379,EV_0177,INST_014,2026-11-04,Выставка
VIS_04341,EV_0177,INST_014,2026-11-04,Выставка
VIS_00461,EV_0177,INST_014,2026-11-04,Выставка
VIS_02981,EV_0177,INST_014,2026-11-04,Выставка
VIS_01462,EV_0177,INST_014,2026-11-04,Выставка
VIS_04617,EV_0177,INST_014,2026-11-04,Выставка
VIS_03575,EV_0177,INST_014,2026-11-04,Выставка
VIS_02649,EV_0177,INST_014,2026-11-04,Выставка
VIS_03373,EV_0177,INST_014,2026-11-04,Выставка
VIS_03613,EV_0177,INST_014,2026-11-04,Выставка
VIS_03970,EV_0177,INST_014,2026-11-04,Выставка
VIS_04228,EV_0177,INST_014,2026-11-04,Выставка
VIS_00808,EV_0177,INST_014,2026-11-04,Выставка
VIS_04578,EV_0177,INST_014,2026-11-04,Выставка
VIS_01136,EV_0177,INST_014,2026-11-04,Выставка
VIS_04421,EV_0177,INST_014,2026-11-04,Выставка
VIS_02012,EV_0177,INST_014,2026-11-04,Выставка
VIS_02138,EV_0177,INST_014,2026-11-04,Выставка
VIS_03136,EV_0177,INST_014,2026-11-04,Выставка
VIS_00814,EV_0177,INST_014,2026-11-04,Выставка
VIS_02239,EV_0177,INST_014,2026-11-04,Выставка
VIS_01003,EV_0177,INST_014,2026-11-04,Выставка
VIS_02355,EV_0177,INST_014,2026-11-04,Выставка
VIS_00668,EV_0177,INST_014,2026-11-04,Выставка
VIS_04218,EV_0021,INST_001,2026-11-05,Выставка
VIS_03735,EV_0021,INST_001,2026-11-05,Выставка
VIS_00836,EV_0021,INST_001,2026-11-05,Выставка
VIS_00286,EV_0021,INST_001,2026-11-05,Выставка
VIS_03195,EV_0021,INST_001,2026-11-05,Выставка
VIS_00569,EV_0021,INST_001,2026-11-05,Выставка
VIS_03476,EV_0021,INST_001,2026-11-05,Выставка
VIS_02805,EV_0021,INST_001,2026-11-05,Выставка
VIS_03776,EV_0021,INST_001,2026-11-05,Выставка
VIS_01594,EV_0021,INST_001,2026-11-05,Выставка
VIS_00326,EV_0021,INST_001,2026-11-05,Выставка
VIS_04891,EV_0021,INST_001,2026-11-05,Выставка
VIS_04469,EV_0021,INST_001,2026-11-05,Выставка
VIS_01198,EV_0021,INST_001,2026-11-05,Выставка
VIS_03311,EV_0021,INST_001,2026-11-05,Выставка
VIS_04969,EV_0021,INST_001,2026-11-05,Выставка
VIS_04423,EV_0021,INST_001,2026-11-05,Выставка
VIS_02344,EV_0021,INST_001,2026-11-05,Выставка
VIS_01801,EV_0021,INST_001,2026-11-05,Выставка
VIS_02820,EV_0021,INST_001,2026-11-05,Выставка
VIS_04201,EV_0021,INST_001,2026-11-05,Выставка
VIS_02611,EV_0021,INST_001,2026-11-05,Выставка
VIS_04550,EV_0021,INST_001,2026-11-05,Выставка
VIS_04710,EV_0021,INST_001,2026-11-05,Выставка
VIS_02067,EV_0021,INST_001,2026-11-05,Выставка
VIS_01320,EV_0021,INST_001,2026-11-05,Выставка
VIS_03786,EV_0021,INST_001,2026-11-05,Выставка
VIS_02283,EV_0021,INST_001,2026-11-05,Выставка
VIS_01067,EV_0021,INST_001,2026-11-05,Выставка
VIS_04210,EV_0021,INST_001,2026-11-05,Выставка
VIS_04317,EV_0021,INST_001,2026-11-05,Выставка
VIS_03019,EV_0021,INST_001,2026-11-05,Выставка
VIS_00223,EV_0021,INST_001,2026-11-05,Выставка
VIS_00048,EV_0021,INST_001,2026-11-05,Выставка
VIS_02256,EV_0021,INST_001,2026-11-05,Выставка
VIS_01611,EV_0021,INST_001,2026-11-05,Выставка
VIS_03272,EV_0021,INST_001,2026-11-05,Выставка
VIS_01168,EV_0021,INST_001,2026-11-05,Выставка
VIS_01888,EV_0021,INST_001,2026-11-05,Выставка
VIS_03345,EV_0021,INST_001,2026-11-05,Выставка
VIS_04453,EV_0021,INST_001,2026-11-05,Выставка
VIS_04417,EV_0021,INST_001,2026-11-05,Выставка
VIS_01317,EV_0021,INST_001,2026-11-05,Выставка
VIS_01593,EV_0021,INST_001,2026-11-05,Выставка
VIS_01966,EV_0021,INST_001,2026-11-05,Выставка
VIS_00466,EV_0021,INST_001,2026-11-05,Выставка
VIS_04850,EV_0021,INST_001,2026-11-05,Выставка
VIS_02891,EV_0021,INST_001,2026-11-05,Выставка
VIS_04523,EV_0222,INST_018,2026-11-07,Мастер-класс
VIS_04601,EV_0222,INST_018,2026-11-07,Мастер-класс
VIS_04924,EV_0222,INST_018,2026-11-07,Мастер-класс
VIS_03497,EV_0222,INST_018,2026-11-07,Мастер-класс
VIS_01300,EV_0222,INST_018,2026-11-07,Мастер-класс
VIS_02306,EV_0222,INST_018,2026-11-07,Мастер-класс
VIS_04100,EV_0222,INST_018,2026-11-07,Мастер-класс
VIS_01220,EV_0222,INST_018,2026-11-07,Мастер-класс
VIS_01157,EV_0222,INST_018,2026-11-07,Мастер-класс
VIS_04199,EV_0222,INST_018,2026-11-07,Мастер-класс
VIS_01503,EV_0222,INST_018,2026-11-07,Мастер-класс
VIS_02158,EV_0222,INST_018,2026-11-07,Мастер-класс
VIS_03418,EV_0222,INST_018,2026-11-07,Мастер-класс
VIS_04521,EV_0222,INST_018,2026-11-07,Мастер-класс
VIS_01132,EV_0222,INST_018,2026-11-07,Мастер-класс
VIS_02251,EV_0222,INST_018,2026-11-07,Мастер-класс
VIS_01050,EV_0222,INST_018,2026-11-07,Мастер-класс
VIS_04505,EV_0222,INST_018,2026-11-07,Мастер-класс
VIS_03619,EV_0222,INST_018,2026-11-07,Мастер-класс
VIS_04144,EV_0222,INST_018,2026-11-07,Мастер-класс
VIS_02038,EV_0222,INST_018,2026-11-07,Мастер-класс
VIS_02308,EV_0222,INST_018,2026-11-07,Мастер-класс
VIS_03121,EV_0222,INST_018,2026-11-07,Мастер-класс
VIS_02561,EV_0222,INST_018,2026-11-07,Мастер-класс
VIS_02688,EV_0222,INST_018,2026-11-07,Мастер-класс
VIS_01619,EV_0222,INST_018,2026-11-07,Мастер-класс
VIS_00933,EV_0222,INST_018,2026-11-07,Мастер-класс
VIS_04007,EV_0222,INST_018,2026-11-07,Мастер-класс
VIS_03346,EV_0222,INST_018,2026-11-07,Мастер-класс
VIS_02612,EV_0222,INST_018,2026-11-07,Мастер-класс
VIS_01483,EV_0222,INST_018,2026-11-07,Мастер-класс
VIS_02550,EV_0222,INST_018,2026-11-07,Мастер-класс
VIS_00325,EV_0222,INST_018,2026-11-07,Мастер-класс
VIS_01470,EV_0222,INST_018,2026-11-07,Мастер-класс
VIS_03001,EV_0222,INST_018,2026-11-07,Мастер-класс
VIS_03241,EV_0222,INST_018,2026-11-07,Мастер-класс
VIS_01219,EV_0222,INST_018,2026-11-07,Мастер-класс
VIS_02410,EV_0222,INST_018,2026-11-07,Мастер-класс
VIS_04844,EV_0222,INST_018,2026-11-07,Мастер-класс
VIS_03156,EV_0222,INST_018,2026-11-07,Мастер-класс
VIS_01693,EV_0222,INST_018,2026-11-07,Мастер-класс
VIS_02082,EV_0222,INST_018,2026-11-07,Мастер-класс
VIS_00613,EV_0222,INST_018,2026-11-07,Мастер-класс
VIS_02374,EV_0222,INST_018,2026-11-07,Мастер-класс
VIS_04625,EV_0222,INST_018,2026-11-07,Мастер-класс
VIS_03752,EV_0222,INST_018,2026-11-07,Мастер-класс
VIS_00131,EV_0222,INST_018,2026-11-07,Мастер-класс
VIS_01404,EV_0222,INST_018,2026-11-07,Мастер-класс
VIS_00531,EV_0222,INST_018,2026-11-07,Мастер-класс
VIS_03006,EV_0103,INST_007,2026-11-11,Творческая встреча
VIS_00879,EV_0103,INST_007,2026-11-11,Творческая встреча
VIS_04783,EV_0103,INST_007,2026-11-11,Творческая встреча
VIS_04255,EV_0103,INST_007,2026-11-11,Творческая встреча
VIS_04909,EV_0103,INST_007,2026-11-11,Творческая встреча
VIS_02695,EV_0103,INST_007,2026-11-11,Творческая встреча
VIS_02183,EV_0103,INST_007,2026-11-11,Творческая встреча
VIS_04518,EV_0103,INST_007,2026-11-11,Творческая встреча
VIS_01111,EV_0103,INST_007,2026-11-11,Творческая встреча
VIS_02863,EV_0103,INST_007,2026-11-11,Творческая встреча
VIS_04431,EV_0103,INST_007,2026-11-11,Творческая встреча
VIS_00967,EV_0103,INST_007,2026-11-11,Творческая встреча
VIS_02574,EV_0103,INST_007,2026-11-11,Творческая встреча
VIS_01906,EV_0103,INST_007,2026-11-11,Творческая встреча
VIS_03325,EV_0103,INST_007,2026-11-11,Творческая встреча
VIS_00630,EV_0103,INST_007,2026-11-11,Творческая встреча
VIS_03831,EV_0103,INST_007,2026-11-11,Творческая встреча
VIS_04359,EV_0103,INST_007,2026-11-11,Творческая встреча
VIS_00767,EV_0103,INST_007,2026-11-11,Творческая встреча
VIS_00578,EV_0103,INST_007,2026-11-11,Творческая встреча
VIS_03402,EV_0103,INST_007,2026-11-11,Творческая встреча
VIS_03059,EV_0103,INST_007,2026-11-11,Творческая встреча
VIS_04515,EV_0103,INST_007,2026-11-11,Творческая встреча
VIS_00977,EV_0103,INST_007,2026-11-11,Творческая встреча
VIS_00072,EV_0103,INST_007,2026-11-11,Творческая встреча
VIS_02747,EV_0103,INST_007,2026-11-11,Творческая встреча
VIS_01303,EV_0103,INST_007,2026-11-11,Творческая встреча
VIS_04261,EV_0103,INST_007,2026-11-11,Творческая встреча
VIS_01034,EV_0103,INST_007,2026-11-11,Творческая встреча
VIS_02498,EV_0103,INST_007,2026-11-11,Творческая встреча
VIS_03337,EV_0103,INST_007,2026-11-11,Творческая встреча
VIS_01870,EV_0103,INST_007,2026-11-11,Творческая встреча
VIS_01302,EV_0103,INST_007,2026-11-11,Творческая встреча
VIS_00531,EV_0103,INST_007,2026-11-11,Творческая встреча
VIS_01237,EV_0103,INST_007,2026-11-11,Творческая встреча
VIS_01462,EV_0103,INST_007,2026-11-11,Творческая встреча
VIS_03720,EV_0103,INST_007,2026-11-11,Творческая встреча
VIS_01894,EV_0103,INST_007,2026-11-11,Творческая встреча
VIS_03089,EV_0103,INST_007,2026-11-11,Творческая встреча
VIS_02191,EV_0103,INST_007,2026-11-11,Творческая встреча
VIS_02725,EV_0103,INST_007,2026-11-11,Творческая встреча
VIS_02444,EV_0103,INST_007,2026-11-11,Творческая встреча
VIS_02425,EV_0103,INST_007,2026-11-11,Творческая встреча
VIS_01224,EV_0103,INST_007,2026-11-11,Творческая встреча
VIS_01423,EV_0103,INST_007,2026-11-11,Творческая встреча
VIS_01927,EV_0103,INST_007,2026-11-11,Творческая встреча
VIS_01522,EV_0103,INST_007,2026-11-11,Творческая встреча
VIS_04541,EV_0103,INST_007,2026-11-11,Творческая встреча
VIS_02670,EV_0103,INST_007,2026-11-11,Творческая встреча
VIS_03591,EV_0103,INST_007,2026-11-11,Творческая встреча
VIS_04511,EV_0103,INST_007,2026-11-11,Творческая встреча
VIS_03184,EV_0103,INST_007,2026-11-11,Творческая встреча
VIS_03957,EV_0103,INST_007,2026-11-11,Творческая встреча
VIS_03173,EV_0103,INST_007,2026-11-11,Творческая встреча
VIS_03323,EV_0103,INST_007,2026-11-11,Творческая встреча
VIS_02061,EV_0103,INST_007,2026-11-11,Творческая встреча
VIS_03833,EV_0103,INST_007,2026-11-11,Творческая встреча
VIS_00681,EV_0103,INST_007,2026-11-11,Творческая встреча
VIS_03596,EV_0103,INST_007,2026-11-11,Творческая встреча
VIS_04125,EV_0103,INST_007,2026-11-11,Творческая встреча
VIS_01969,EV_0103,INST_007,2026-11-11,Творческая встреча
VIS_01574,EV_0103,INST_007,2026-11-11,Творческая встреча
VIS_04408,EV_0103,INST_007,2026-11-11,Творческая встреча
VIS_04859,EV_0103,INST_007,2026-11-11,Творческая встреча
VIS_01838,EV_0103,INST_007,2026-11-11,Творческая встреча
VIS_03835,EV_0103,INST_007,2026-11-11,Творческая встреча
VIS_04019,EV_0103,INST_007,2026-11-11,Творческая встреча
VIS_04556,EV_0103,INST_007,2026-11-11,Творческая встреча
VIS_04205,EV_0103,INST_007,2026-11-11,Творческая встреча
VIS_02709,EV_0103,INST_007,2026-11-11,Творческая встреча
VIS_01063,EV_0103,INST_007,2026-11-11,Творческая встреча
VIS_02643,EV_0103,INST_007,2026-11-11,Творческая встреча
VIS_04802,EV_0103,INST_007,2026-11-11,Творческая встреча
VIS_01013,EV_0103,INST_007,2026-11-11,Творческая встреча
VIS_04023,EV_0103,INST_007,2026-11-11,Творческая встреча
VIS_02225,EV_0103,INST_007,2026-11-11,Творческая встреча
VIS_04126,EV_0103,INST_007,2026-11-11,Творческая встреча
VIS_04151,EV_0103,INST_007,2026-11-11,Творческая встреча
VIS_03903,EV_0103,INST_007,2026-11-11,Творческая встреча
VIS_04572,EV_0103,INST_007,2026-11-11,Творческая встреча
VIS_00497,EV_0103,INST_007,2026-11-11,Творческая встреча
VIS_01743,EV_0103,INST_007,2026-11-11,Творческая встреча
VIS_04833,EV_0103,INST_007,2026-11-11,Творческая встреча
VIS_01663,EV_0103,INST_007,2026-11-11,Творческая встреча
VIS_04247,EV_0103,INST_007,2026-11-11,Творческая встреча
VIS_01883,EV_0103,INST_007,2026-11-11,Творческая встреча
VIS_02406,EV_0103,INST_007,2026-11-11,Творческая встреча
VIS_00643,EV_0103,INST_007,2026-11-11,Творческая встреча
VIS_00478,EV_0103,INST_007,2026-11-11,Творческая встреча
VIS_03311,EV_0103,INST_007,2026-11-11,Творческая встреча
VIS_03332,EV_0103,INST_007,2026-11-11,Творческая встреча
VIS_03791,EV_0103,INST_007,2026-11-11,Творческая встреча
VIS_01950,EV_0103,INST_007,2026-11-11,Творческая встреча
VIS_02411,EV_0103,INST_007,2026-11-11,Творческая встреча
VIS_03733,EV_0103,INST_007,2026-11-11,Творческая встреча
VIS_00969,EV_0103,INST_007,2026-11-11,Творческая встреча
VIS_00231,EV_0103,INST_007,2026-11-11,Творческая встреча
VIS_03239,EV_0103,INST_007,2026-11-11,Творческая встреча
VIS_02798,EV_0103,INST_007,2026-11-11,Творческая встреча
VIS_01052,EV_0103,INST_007,2026-11-11,Творческая встреча
VIS_04374,EV_0103,INST_007,2026-11-11,Творческая встреча
VIS_01375,EV_0103,INST_007,2026-11-11,Творческая встреча
VIS_04666,EV_0103,INST_007,2026-11-11,Творческая встреча
VIS_04228,EV_0103,INST_007,2026-11-11,Творческая встреча
VIS_00202,EV_0103,INST_007,2026-11-11,Творческая встреча
VIS_01092,EV_0103,INST_007,2026-11-11,Творческая встреча
VIS_03859,EV_0103,INST_007,2026-11-11,Творческая встреча
VIS_01531,EV_0103,INST_007,2026-11-11,Творческая встреча
VIS_00788,EV_0103,INST_007,2026-11-11,Творческая встреча
VIS_03776,EV_0103,INST_007,2026-11-11,Творческая встреча
VIS_02170,EV_0103,INST_007,2026-11-11,Творческая встреча
VIS_03262,EV_0103,INST_007,2026-11-11,Творческая встреча
VIS_02566,EV_0103,INST_007,2026-11-11,Творческая встреча
VIS_03844,EV_0103,INST_007,2026-11-11,Творческая встреча
VIS_02716,EV_0103,INST_007,2026-11-11,Творческая встреча
VIS_02784,EV_0103,INST_007,2026-11-11,Творческая встреча
VIS_01512,EV_0103,INST_007,2026-11-11,Творческая встреча
VIS_03087,EV_0103,INST_007,2026-11-11,Творческая встреча
VIS_01234,EV_0103,INST_007,2026-11-11,Творческая встреча
VIS_03779,EV_0103,INST_007,2026-11-11,Творческая встреча
VIS_00823,EV_0116,INST_009,2026-11-11,Творческая встреча
VIS_02073,EV_0116,INST_009,2026-11-11,Творческая встреча
VIS_01487,EV_0116,INST_009,2026-11-11,Творческая встреча
VIS_00976,EV_0116,INST_009,2026-11-11,Творческая встреча
VIS_02377,EV_0116,INST_009,2026-11-11,Творческая встреча
VIS_00014,EV_0116,INST_009,2026-11-11,Творческая встреча
VIS_03578,EV_0116,INST_009,2026-11-11,Творческая встреча
VIS_04270,EV_0116,INST_009,2026-11-11,Творческая встреча
VIS_02965,EV_0116,INST_009,2026-11-11,Творческая встреча
VIS_04188,EV_0116,INST_009,2026-11-11,Творческая встреча
VIS_04827,EV_0116,INST_009,2026-11-11,Творческая встреча
VIS_04943,EV_0116,INST_009,2026-11-11,Творческая встреча
VIS_03184,EV_0116,INST_009,2026-11-11,Творческая встреча
VIS_04659,EV_0116,INST_009,2026-11-11,Творческая встреча
VIS_04174,EV_0116,INST_009,2026-11-11,Творческая встреча
VIS_01000,EV_0116,INST_009,2026-11-11,Творческая встреча
VIS_04594,EV_0116,INST_009,2026-11-11,Творческая встреча
VIS_00840,EV_0116,INST_009,2026-11-11,Творческая встреча
VIS_00161,EV_0116,INST_009,2026-11-11,Творческая встреча
VIS_01787,EV_0116,INST_009,2026-11-11,Творческая встреча
VIS_01790,EV_0116,INST_009,2026-11-11,Творческая встреча
VIS_00538,EV_0116,INST_009,2026-11-11,Творческая встреча
VIS_04975,EV_0116,INST_009,2026-11-11,Творческая встреча
VIS_00557,EV_0116,INST_009,2026-11-11,Творческая встреча
VIS_04742,EV_0116,INST_009,2026-11-11,Творческая встреча
VIS_04780,EV_0116,INST_009,2026-11-11,Творческая встреча
VIS_03671,EV_0116,INST_009,2026-11-11,Творческая встреча
VIS_01743,EV_0116,INST_009,2026-11-11,Творческая встреча
VIS_04096,EV_0116,INST_009,2026-11-11,Творческая встреча
VIS_02653,EV_0116,INST_009,2026-11-11,Творческая встреча
VIS_01980,EV_0116,INST_009,2026-11-11,Творческая встреча
VIS_01296,EV_0116,INST_009,2026-11-11,Творческая встреча
VIS_01878,EV_0116,INST_009,2026-11-11,Творческая встреча
VIS_01882,EV_0116,INST_009,2026-11-11,Творческая встреча
VIS_03213,EV_0116,INST_009,2026-11-11,Творческая встреча
VIS_03631,EV_0116,INST_009,2026-11-11,Творческая встреча
VIS_02340,EV_0116,INST_009,2026-11-11,Творческая встреча
VIS_04019,EV_0116,INST_009,2026-11-11,Творческая встреча
VIS_03635,EV_0116,INST_009,2026-11-11,Творческая встреча
VIS_04256,EV_0116,INST_009,2026-11-11,Творческая встреча
VIS_03148,EV_0116,INST_009,2026-11-11,Творческая встреча
VIS_02318,EV_0116,INST_009,2026-11-11,Творческая встреча
VIS_04431,EV_0116,INST_009,2026-11-11,Творческая встреча
VIS_00208,EV_0116,INST_009,2026-11-11,Творческая встреча
VIS_00420,EV_0116,INST_009,2026-11-11,Творческая встреча
VIS_01729,EV_0116,INST_009,2026-11-11,Творческая встреча
VIS_02300,EV_0116,INST_009,2026-11-11,Творческая встреча
VIS_00385,EV_0116,INST_009,2026-11-11,Творческая встреча
VIS_00954,EV_0116,INST_009,2026-11-11,Творческая встреча
VIS_03066,EV_0116,INST_009,2026-11-11,Творческая встреча
VIS_02055,EV_0116,INST_009,2026-11-11,Творческая встреча
VIS_00717,EV_0116,INST_009,2026-11-11,Творческая встреча
VIS_00737,EV_0116,INST_009,2026-11-11,Творческая встреча
VIS_02769,EV_0116,INST_009,2026-11-11,Творческая встреча
VIS_00184,EV_0116,INST_009,2026-11-11,Творческая встреча
VIS_00726,EV_0116,INST_009,2026-11-11,Творческая встреча
VIS_03212,EV_0116,INST_009,2026-11-11,Творческая встреча
VIS_01150,EV_0116,INST_009,2026-11-11,Творческая встреча
VIS_00077,EV_0116,INST_009,2026-11-11,Творческая встреча
VIS_02071,EV_0116,INST_009,2026-11-11,Творческая встреча
VIS_04952,EV_0116,INST_009,2026-11-11,Творческая встреча
VIS_02372,EV_0116,INST_009,2026-11-11,Творческая встреча
VIS_00517,EV_0211,INST_017,2026-11-11,Концерт
VIS_03319,EV_0211,INST_017,2026-11-11,Концерт
VIS_02358,EV_0211,INST_017,2026-11-11,Концерт
VIS_02692,EV_0211,INST_017,2026-11-11,Концерт
VIS_00077,EV_0211,INST_017,2026-11-11,Концерт
VIS_03541,EV_0211,INST_017,2026-11-11,Концерт
VIS_04900,EV_0211,INST_017,2026-11-11,Концерт
VIS_03409,EV_0211,INST_017,2026-11-11,Концерт
VIS_01771,EV_0211,INST_017,2026-11-11,Концерт
VIS_00925,EV_0211,INST_017,2026-11-11,Концерт
VIS_04173,EV_0211,INST_017,2026-11-11,Концерт
VIS_03877,EV_0211,INST_017,2026-11-11,Концерт
VIS_02787,EV_0211,INST_017,2026-11-11,Концерт
VIS_00630,EV_0211,INST_017,2026-11-11,Концерт
VIS_00377,EV_0211,INST_017,2026-11-11,Концерт
VIS_04525,EV_0211,INST_017,2026-11-11,Концерт
VIS_01194,EV_0211,INST_017,2026-11-11,Концерт
VIS_04846,EV_0211,INST_017,2026-11-11,Концерт
VIS_03990,EV_0211,INST_017,2026-11-11,Концерт
VIS_02803,EV_0211,INST_017,2026-11-11,Концерт
VIS_00003,EV_0211,INST_017,2026-11-11,Концерт
VIS_03728,EV_0211,INST_017,2026-11-11,Концерт
VIS_01416,EV_0211,INST_017,2026-11-11,Концерт
VIS_00463,EV_0211,INST_017,2026-11-11,Концерт
VIS_02297,EV_0211,INST_017,2026-11-11,Концерт
VIS_02523,EV_0211,INST_017,2026-11-11,Концерт
VIS_02989,EV_0211,INST_017,2026-11-11,Концерт
VIS_03785,EV_0211,INST_017,2026-11-11,Концерт
VIS_00552,EV_0211,INST_017,2026-11-11,Концерт
VIS_00534,EV_0211,INST_017,2026-11-11,Концерт
VIS_01821,EV_0211,INST_017,2026-11-11,Концерт
VIS_01308,EV_0211,INST_017,2026-11-11,Концерт
VIS_01039,EV_0211,INST_017,2026-11-11,Концерт
VIS_03205,EV_0211,INST_017,2026-11-11,Концерт
VIS_03862,EV_0211,INST_017,2026-11-11,Концерт
VIS_02465,EV_0211,INST_017,2026-11-11,Концерт
VIS_01038,EV_0211,INST_017,2026-11-11,Концерт
VIS_00474,EV_0211,INST_017,2026-11-11,Концерт
VIS_00852,EV_0211,INST_017,2026-11-11,Концерт
VIS_04877,EV_0211,INST_017,2026-11-11,Концерт
VIS_00076,EV_0211,INST_017,2026-11-11,Концерт
VIS_04540,EV_0211,INST_017,2026-11-11,Концерт
VIS_04465,EV_0211,INST_017,2026-11-11,Концерт
VIS_03556,EV_0211,INST_017,2026-11-11,Концерт
VIS_02871,EV_0211,INST_017,2026-11-11,Концерт
VIS_04898,EV_0211,INST_017,2026-11-11,Концерт
VIS_00533,EV_0211,INST_017,2026-11-11,Концерт
VIS_01114,EV_0211,INST_017,2026-11-11,Концерт
VIS_00155,EV_0211,INST_017,2026-11-11,Концерт
VIS_01594,EV_0211,INST_017,2026-11-11,Концерт
VIS_00638,EV_0211,INST_017,2026-11-11,Концерт
VIS_04685,EV_0211,INST_017,2026-11-11,Концерт
VIS_01749,EV_0211,INST_017,2026-11-11,Концерт
VIS_02796,EV_0211,INST_017,2026-11-11,Концерт
VIS_01675,EV_0211,INST_017,2026-11-11,Концерт
VIS_04377,EV_0211,INST_017,2026-11-11,Концерт
VIS_02953,EV_0211,INST_017,2026-11-11,Концерт
VIS_02308,EV_0211,INST_017,2026-11-11,Концерт
VIS_01831,EV_0211,INST_017,2026-11-11,Концерт
VIS_04988,EV_0211,INST_017,2026-11-11,Концерт
VIS_00626,EV_0211,INST_017,2026-11-11,Концерт
VIS_00975,EV_0211,INST_017,2026-11-11,Концерт
VIS_02349,EV_0211,INST_017,2026-11-11,Концерт
VIS_01012,EV_0211,INST_017,2026-11-11,Концерт
VIS_00418,EV_0211,INST_017,2026-11-11,Концерт
VIS_01321,EV_0211,INST_017,2026-11-11,Концерт
VIS_03501,EV_0211,INST_017,2026-11-11,Концерт
VIS_02046,EV_0211,INST_017,2026-11-11,Концерт
VIS_04202,EV_0211,INST_017,2026-11-11,Концерт
VIS_03301,EV_0211,INST_017,2026-11-11,Концерт
VIS_03566,EV_0211,INST_017,2026-11-11,Концерт
VIS_00279,EV_0211,INST_017,2026-11-11,Концерт
VIS_04538,EV_0211,INST_017,2026-11-11,Концерт
VIS_00285,EV_0211,INST_017,2026-11-11,Концерт
VIS_03616,EV_0211,INST_017,2026-11-11,Концерт
VIS_00816,EV_0211,INST_017,2026-11-11,Концерт
VIS_01874,EV_0211,INST_017,2026-11-11,Концерт
VIS_00270,EV_0211,INST_017,2026-11-11,Концерт
VIS_00844,EV_0211,INST_017,2026-11-11,Концерт
VIS_00662,EV_0211,INST_017,2026-11-11,Концерт
VIS_01483,EV_0211,INST_017,2026-11-11,Концерт
VIS_03771,EV_0211,INST_017,2026-11-11,Концерт
VIS_03359,EV_0211,INST_017,2026-11-11,Концерт
VIS_02579,EV_0211,INST_017,2026-11-11,Концерт
VIS_00083,EV_0211,INST_017,2026-11-11,Концерт
VIS_00371,EV_0211,INST_017,2026-11-11,Концерт
VIS_01118,EV_0211,INST_017,2026-11-11,Концерт
VIS_02891,EV_0211,INST_017,2026-11-11,Концерт
VIS_00013,EV_0211,INST_017,2026-11-11,Концерт
VIS_04088,EV_0211,INST_017,2026-11-11,Концерт
VIS_03126,EV_0211,INST_017,2026-11-11,Концерт
VIS_00147,EV_0211,INST_017,2026-11-11,Концерт
VIS_02323,EV_0211,INST_017,2026-11-11,Концерт
VIS_01766,EV_0211,INST_017,2026-11-11,Концерт
VIS_02212,EV_0211,INST_017,2026-11-11,Концерт
VIS_01290,EV_0211,INST_017,2026-11-11,Концерт
VIS_01605,EV_0211,INST_017,2026-11-11,Концерт
VIS_04537,EV_0211,INST_017,2026-11-11,Концерт
VIS_02544,EV_0211,INST_017,2026-11-11,Концерт
VIS_00291,EV_0211,INST_017,2026-11-11,Концерт
VIS_02410,EV_0211,INST_017,2026-11-11,Концерт
VIS_03293,EV_0211,INST_017,2026-11-11,Концерт
VIS_01777,EV_0211,INST_017,2026-11-11,Концерт
VIS_01236,EV_0211,INST_017,2026-11-11,Концерт
VIS_04641,EV_0211,INST_017,2026-11-11,Концерт
VIS_00639,EV_0211,INST_017,2026-11-11,Концерт
VIS_04995,EV_0211,INST_017,2026-11-11,Концерт
VIS_03807,EV_0211,INST_017,2026-11-11,Концерт
VIS_03285,EV_0211,INST_017,2026-11-11,Концерт
VIS_03764,EV_0211,INST_017,2026-11-11,Концерт
VIS_00059,EV_0211,INST_017,2026-11-11,Концерт
VIS_01065,EV_0211,INST_017,2026-11-11,Концерт
VIS_01843,EV_0211,INST_017,2026-11-11,Концерт
VIS_04189,EV_0211,INST_017,2026-11-11,Концерт
VIS_01080,EV_0211,INST_017,2026-11-11,Концерт
VIS_01567,EV_0211,INST_017,2026-11-11,Концерт
VIS_02261,EV_0211,INST_017,2026-11-11,Концерт
VIS_03520,EV_0211,INST_017,2026-11-11,Концерт
VIS_04800,EV_0211,INST_017,2026-11-11,Концерт
VIS_02950,EV_0211,INST_017,2026-11-11,Концерт
VIS_04907,EV_0211,INST_017,2026-11-11,Концерт
VIS_04707,EV_0211,INST_017,2026-11-11,Концерт
VIS_01228,EV_0211,INST_017,2026-11-11,Концерт
VIS_02991,EV_0211,INST_017,2026-11-11,Концерт
VIS_00833,EV_0211,INST_017,2026-11-11,Концерт
VIS_03188,EV_0211,INST_017,2026-11-11,Концерт
VIS_03273,EV_0211,INST_017,2026-11-11,Концерт
VIS_02208,EV_0211,INST_017,2026-11-11,Концерт
VIS_01453,EV_0211,INST_017,2026-11-11,Концерт
VIS_00828,EV_0211,INST_017,2026-11-11,Концерт
VIS_04996,EV_0211,INST_017,2026-11-11,Концерт
VIS_01611,EV_0211,INST_017,2026-11-11,Концерт
VIS_01064,EV_0211,INST_017,2026-11-11,Концерт
VIS_03458,EV_0211,INST_017,2026-11-11,Концерт
VIS_00794,EV_0211,INST_017,2026-11-11,Концерт
VIS_03900,EV_0211,INST_017,2026-11-11,Концерт
VIS_00545,EV_0211,INST_017,2026-11-11,Концерт
VIS_01728,EV_0211,INST_017,2026-11-11,Концерт
VIS_03332,EV_0211,INST_017,2026-11-11,Концерт
VIS_00357,EV_0211,INST_017,2026-11-11,Концерт
VIS_03328,EV_0211,INST_017,2026-11-11,Концерт
VIS_04048,EV_0211,INST_017,2026-11-11,Концерт
VIS_04935,EV_0211,INST_017,2026-11-11,Концерт
VIS_03028,EV_0211,INST_017,2026-11-11,Концерт
VIS_03353,EV_0211,INST_017,2026-11-11,Концерт
VIS_03262,EV_0211,INST_017,2026-11-11,Концерт
VIS_04946,EV_0211,INST_017,2026-11-11,Концерт
VIS_00753,EV_0211,INST_017,2026-11-11,Концерт
VIS_00734,EV_0211,INST_017,2026-11-11,Концерт
VIS_04651,EV_0211,INST_017,2026-11-11,Концерт
VIS_01820,EV_0211,INST_017,2026-11-11,Концерт
VIS_00645,EV_0211,INST_017,2026-11-11,Концерт
VIS_04729,EV_0211,INST_017,2026-11-11,Концерт
VIS_04067,EV_0211,INST_017,2026-11-11,Концерт
VIS_02339,EV_0211,INST_017,2026-11-11,Концерт
VIS_00843,EV_0211,INST_017,2026-11-11,Концерт
VIS_04591,EV_0211,INST_017,2026-11-11,Концерт
VIS_04678,EV_0211,INST_017,2026-11-11,Концерт
VIS_03590,EV_0211,INST_017,2026-11-11,Концерт
VIS_02457,EV_0211,INST_017,2026-11-11,Концерт
VIS_03128,EV_0211,INST_017,2026-11-11,Концерт
VIS_01514,EV_0211,INST_017,2026-11-11,Концерт
VIS_02815,EV_0211,INST_017,2026-11-11,Концерт
VIS_01906,EV_0211,INST_017,2026-11-11,Концерт
VIS_01787,EV_0211,INST_017,2026-11-11,Концерт
VIS_02151,EV_0211,INST_017,2026-11-11,Концерт
VIS_01868,EV_0211,INST_017,2026-11-11,Концерт
VIS_02931,EV_0211,INST_017,2026-11-11,Концерт
VIS_04523,EV_0211,INST_017,2026-11-11,Концерт
VIS_04349,EV_0211,INST_017,2026-11-11,Концерт
VIS_04380,EV_0211,INST_017,2026-11-11,Концерт
VIS_02940,EV_0211,INST_017,2026-11-11,Концерт
VIS_02072,EV_0211,INST_017,2026-11-11,Концерт
VIS_00606,EV_0211,INST_017,2026-11-11,Концерт
VIS_03944,EV_0211,INST_017,2026-11-11,Концерт
VIS_00622,EV_0211,INST_017,2026-11-11,Концерт
VIS_03233,EV_0211,INST_017,2026-11-11,Концерт
VIS_00362,EV_0211,INST_017,2026-11-11,Концерт
VIS_01221,EV_0211,INST_017,2026-11-11,Концерт
VIS_04805,EV_0211,INST_017,2026-11-11,Концерт
VIS_00584,EV_0211,INST_017,2026-11-11,Концерт
VIS_01697,EV_0211,INST_017,2026-11-11,Концерт
VIS_03779,EV_0211,INST_017,2026-11-11,Концерт
VIS_00870,EV_0211,INST_017,2026-11-11,Концерт
VIS_03064,EV_0211,INST_017,2026-11-11,Концерт
VIS_01347,EV_0211,INST_017,2026-11-11,Концерт
VIS_04632,EV_0211,INST_017,2026-11-11,Концерт
VIS_00854,EV_0211,INST_017,2026-11-11,Концерт
VIS_03946,EV_0211,INST_017,2026-11-11,Концерт
VIS_03910,EV_0211,INST_017,2026-11-11,Концерт
VIS_00405,EV_0211,INST_017,2026-11-11,Концерт
VIS_00486,EV_0211,INST_017,2026-11-11,Концерт
VIS_04180,EV_0211,INST_017,2026-11-11,Концерт
VIS_00748,EV_0211,INST_017,2026-11-11,Концерт
VIS_04429,EV_0211,INST_017,2026-11-11,Концерт
VIS_01619,EV_0211,INST_017,2026-11-11,Концерт
VIS_04382,EV_0211,INST_017,2026-11-11,Концерт
VIS_01518,EV_0211,INST_017,2026-11-11,Концерт
VIS_02132,EV_0211,INST_017,2026-11-11,Концерт
VIS_03421,EV_0211,INST_017,2026-11-11,Концерт
VIS_04121,EV_0211,INST_017,2026-11-11,Концерт
VIS_00980,EV_0211,INST_017,2026-11-11,Концерт
VIS_03032,EV_0211,INST_017,2026-11-11,Концерт
VIS_04639,EV_0211,INST_017,2026-11-11,Концерт
VIS_01198,EV_0211,INST_017,2026-11-11,Концерт
VIS_04816,EV_0211,INST_017,2026-11-11,Концерт
VIS_02263,EV_0211,INST_017,2026-11-11,Концерт
VIS_04413,EV_0211,INST_017,2026-11-11,Концерт
VIS_03167,EV_0211,INST_017,2026-11-11,Концерт
VIS_00695,EV_0211,INST_017,2026-11-11,Концерт
VIS_04794,EV_0211,INST_017,2026-11-11,Концерт
VIS_04293,EV_0034,INST_002,2026-11-15,Лекция
VIS_00677,EV_0034,INST_002,2026-11-15,Лекция
VIS_01407,EV_0034,INST_002,2026-11-15,Лекция
VIS_02031,EV_0034,INST_002,2026-11-15,Лекция
VIS_04469,EV_0034,INST_002,2026-11-15,Лекция
VIS_03450,EV_0034,INST_002,2026-11-15,Лекция
VIS_01772,EV_0034,INST_002,2026-11-15,Лекция
VIS_02310,EV_0034,INST_002,2026-11-15,Лекция
VIS_04300,EV_0034,INST_002,2026-11-15,Лекция
VIS_01200,EV_0034,INST_002,2026-11-15,Лекция
VIS_02960,EV_0034,INST_002,2026-11-15,Лекция
VIS_00538,EV_0034,INST_002,2026-11-15,Лекция
VIS_00111,EV_0034,INST_002,2026-11-15,Лекция
VIS_00334,EV_0034,INST_002,2026-11-15,Лекция
VIS_04834,EV_0034,INST_002,2026-11-15,Лекция
VIS_02070,EV_0034,INST_002,2026-11-15,Лекция
VIS_02027,EV_0034,INST_002,2026-11-15,Лекция
VIS_04370,EV_0034,INST_002,2026-11-15,Лекция
VIS_01971,EV_0034,INST_002,2026-11-15,Лекция
VIS_03748,EV_0034,INST_002,2026-11-15,Лекция
VIS_00653,EV_0034,INST_002,2026-11-15,Лекция
VIS_03710,EV_0034,INST_002,2026-11-15,Лекция
VIS_04626,EV_0034,INST_002,2026-11-15,Лекция
VIS_02520,EV_0034,INST_002,2026-11-15,Лекция
VIS_01183,EV_0034,INST_002,2026-11-15,Лекция
VIS_00507,EV_0034,INST_002,2026-11-15,Лекция
VIS_02426,EV_0034,INST_002,2026-11-15,Лекция
VIS_04332,EV_0034,INST_002,2026-11-15,Лекция
VIS_00034,EV_0034,INST_002,2026-11-15,Лекция
VIS_03285,EV_0034,INST_002,2026-11-15,Лекция
VIS_00210,EV_0034,INST_002,2026-11-15,Лекция
VIS_00671,EV_0034,INST_002,2026-11-15,Лекция
VIS_01296,EV_0034,INST_002,2026-11-15,Лекция
VIS_04798,EV_0034,INST_002,2026-11-15,Лекция
VIS_01696,EV_0034,INST_002,2026-11-15,Лекция
VIS_00963,EV_0034,INST_002,2026-11-15,Лекция
VIS_02493,EV_0034,INST_002,2026-11-15,Лекция
VIS_02642,EV_0034,INST_002,2026-11-15,Лекция
VIS_01107,EV_0034,INST_002,2026-11-15,Лекция
VIS_01282,EV_0034,INST_002,2026-11-15,Лекция
VIS_04303,EV_0034,INST_002,2026-11-15,Лекция
VIS_03949,EV_0034,INST_002,2026-11-15,Лекция
VIS_00861,EV_0034,INST_002,2026-11-15,Лекция
VIS_00530,EV_0034,INST_002,2026-11-15,Лекция
VIS_00071,EV_0034,INST_002,2026-11-15,Лекция
VIS_04037,EV_0034,INST_002,2026-11-15,Лекция
VIS_01506,EV_0034,INST_002,2026-11-15,Лекция
VIS_04107,EV_0034,INST_002,2026-11-15,Лекция
VIS_02529,EV_0034,INST_002,2026-11-15,Лекция
VIS_02397,EV_0178,INST_014,2026-11-15,Мастер-класс
VIS_01009,EV_0178,INST_014,2026-11-15,Мастер-класс
VIS_00414,EV_0178,INST_014,2026-11-15,Мастер-класс
VIS_04572,EV_0178,INST_014,2026-11-15,Мастер-класс
VIS_02465,EV_0178,INST_014,2026-11-15,Мастер-класс
VIS_04906,EV_0178,INST_014,2026-11-15,Мастер-класс
VIS_00533,EV_0178,INST_014,2026-11-15,Мастер-класс
VIS_00092,EV_0178,INST_014,2026-11-15,Мастер-класс
VIS_00868,EV_0178,INST_014,2026-11-15,Мастер-класс
VIS_03135,EV_0178,INST_014,2026-11-15,Мастер-класс
VIS_03094,EV_0178,INST_014,2026-11-15,Мастер-класс
VIS_00700,EV_0178,INST_014,2026-11-15,Мастер-класс
VIS_03251,EV_0178,INST_014,2026-11-15,Мастер-класс
VIS_02995,EV_0178,INST_014,2026-11-15,Мастер-класс
VIS_02116,EV_0178,INST_014,2026-11-15,Мастер-класс
VIS_01053,EV_0178,INST_014,2026-11-15,Мастер-класс
VIS_00343,EV_0178,INST_014,2026-11-15,Мастер-класс
VIS_03598,EV_0178,INST_014,2026-11-15,Мастер-класс
VIS_02756,EV_0178,INST_014,2026-11-15,Мастер-класс
VIS_00132,EV_0178,INST_014,2026-11-15,Мастер-класс
VIS_02395,EV_0178,INST_014,2026-11-15,Мастер-класс
VIS_01666,EV_0178,INST_014,2026-11-15,Мастер-класс
VIS_03773,EV_0178,INST_014,2026-11-15,Мастер-класс
VIS_03696,EV_0178,INST_014,2026-11-15,Мастер-класс
VIS_02023,EV_0178,INST_014,2026-11-15,Мастер-класс
VIS_02747,EV_0178,INST_014,2026-11-15,Мастер-класс
VIS_02602,EV_0178,INST_014,2026-11-15,Мастер-класс
VIS_03947,EV_0178,INST_014,2026-11-15,Мастер-класс
VIS_00196,EV_0178,INST_014,2026-11-15,Мастер-класс
VIS_02284,EV_0178,INST_014,2026-11-15,Мастер-класс
VIS_00387,EV_0178,INST_014,2026-11-15,Мастер-класс
VIS_01250,EV_0076,INST_006,2026-11-18,Мастер-класс
VIS_01029,EV_0076,INST_006,2026-11-18,Мастер-класс
VIS_00572,EV_0076,INST_006,2026-11-18,Мастер-класс
VIS_02672,EV_0076,INST_006,2026-11-18,Мастер-класс
VIS_04476,EV_0076,INST_006,2026-11-18,Мастер-класс
VIS_03302,EV_0076,INST_006,2026-11-18,Мастер-класс
VIS_04412,EV_0076,INST_006,2026-11-18,Мастер-класс
VIS_02504,EV_0076,INST_006,2026-11-18,Мастер-класс
VIS_02748,EV_0076,INST_006,2026-11-18,Мастер-класс
VIS_02824,EV_0076,INST_006,2026-11-18,Мастер-класс
VIS_03906,EV_0076,INST_006,2026-11-18,Мастер-класс
VIS_00406,EV_0076,INST_006,2026-11-18,Мастер-класс
VIS_00108,EV_0076,INST_006,2026-11-18,Мастер-класс
VIS_00465,EV_0076,INST_006,2026-11-18,Мастер-класс
VIS_00528,EV_0076,INST_006,2026-11-18,Мастер-класс
VIS_04387,EV_0076,INST_006,2026-11-18,Мастер-класс
VIS_00684,EV_0076,INST_006,2026-11-18,Мастер-класс
VIS_03258,EV_0076,INST_006,2026-11-18,Мастер-класс
VIS_01445,EV_0076,INST_006,2026-11-18,Мастер-класс
VIS_04955,EV_0076,INST_006,2026-11-18,Мастер-класс
VIS_01263,EV_0076,INST_006,2026-11-18,Мастер-класс
VIS_01422,EV_0076,INST_006,2026-11-18,Мастер-класс
VIS_01252,EV_0076,INST_006,2026-11-18,Мастер-класс
VIS_01486,EV_0076,INST_006,2026-11-18,Мастер-класс
VIS_00137,EV_0076,INST_006,2026-11-18,Мастер-класс
VIS_03248,EV_0076,INST_006,2026-11-18,Мастер-класс
VIS_02899,EV_0076,INST_006,2026-11-18,Мастер-класс
VIS_03933,EV_0076,INST_006,2026-11-18,Мастер-класс
VIS_03846,EV_0076,INST_006,2026-11-18,Мастер-класс
VIS_00450,EV_0076,INST_006,2026-11-18,Мастер-класс
VIS_03392,EV_0076,INST_006,2026-11-18,Мастер-класс
VIS_01344,EV_0076,INST_006,2026-11-18,Мастер-класс
VIS_04773,EV_0076,INST_006,2026-11-18,Мастер-класс
VIS_02975,EV_0076,INST_006,2026-11-18,Мастер-класс
VIS_00705,EV_0076,INST_006,2026-11-18,Мастер-класс
VIS_04672,EV_0076,INST_006,2026-11-18,Мастер-класс
VIS_04421,EV_0076,INST_006,2026-11-18,Мастер-класс
VIS_01769,EV_0076,INST_006,2026-11-18,Мастер-класс
VIS_01882,EV_0076,INST_006,2026-11-18,Мастер-класс
VIS_03664,EV_0076,INST_006,2026-11-18,Мастер-класс
VIS_01938,EV_0076,INST_006,2026-11-18,Мастер-класс
VIS_01211,EV_0076,INST_006,2026-11-18,Мастер-класс
VIS_04394,EV_0076,INST_006,2026-11-18,Мастер-класс
VIS_01795,EV_0076,INST_006,2026-11-18,Мастер-класс
VIS_04559,EV_0076,INST_006,2026-11-18,Мастер-класс
VIS_03761,EV_0076,INST_006,2026-11-18,Мастер-класс
VIS_00773,EV_0076,INST_006,2026-11-18,Мастер-класс
VIS_04608,EV_0076,INST_006,2026-11-18,Мастер-класс
VIS_04704,EV_0076,INST_006,2026-11-18,Мастер-класс
VIS_03899,EV_0076,INST_006,2026-11-18,Мастер-класс
VIS_03464,EV_0076,INST_006,2026-11-18,Мастер-класс
VIS_02181,EV_0076,INST_006,2026-11-18,Мастер-класс
VIS_02486,EV_0076,INST_006,2026-11-18,Мастер-класс
VIS_04641,EV_0076,INST_006,2026-11-18,Мастер-класс
VIS_01094,EV_0076,INST_006,2026-11-18,Мастер-класс
VIS_02782,EV_0076,INST_006,2026-11-18,Мастер-класс
VIS_00331,EV_0076,INST_006,2026-11-18,Мастер-класс
VIS_01896,EV_0076,INST_006,2026-11-18,Мастер-класс
VIS_03810,EV_0076,INST_006,2026-11-18,Мастер-класс
VIS_00040,EV_0076,INST_006,2026-11-18,Мастер-класс
VIS_03226,EV_0148,INST_012,2026-11-18,Творческая встреча
VIS_04005,EV_0148,INST_012,2026-11-18,Творческая встреча
VIS_02961,EV_0148,INST_012,2026-11-18,Творческая встреча
VIS_02229,EV_0148,INST_012,2026-11-18,Творческая встреча
VIS_02002,EV_0148,INST_012,2026-11-18,Творческая встреча
VIS_02007,EV_0148,INST_012,2026-11-18,Творческая встреча
VIS_02005,EV_0148,INST_012,2026-11-18,Творческая встреча
VIS_02815,EV_0148,INST_012,2026-11-18,Творческая встреча
VIS_01555,EV_0148,INST_012,2026-11-18,Творческая встреча
VIS_02671,EV_0148,INST_012,2026-11-18,Творческая встреча
VIS_00843,EV_0148,INST_012,2026-11-18,Творческая встреча
VIS_03828,EV_0148,INST_012,2026-11-18,Творческая встреча
VIS_00022,EV_0148,INST_012,2026-11-18,Творческая встреча
VIS_03044,EV_0148,INST_012,2026-11-18,Творческая встреча
VIS_00841,EV_0148,INST_012,2026-11-18,Творческая встреча
VIS_00452,EV_0148,INST_012,2026-11-18,Творческая встреча
VIS_03108,EV_0148,INST_012,2026-11-18,Творческая встреча
VIS_02750,EV_0148,INST_012,2026-11-18,Творческая встреча
VIS_04858,EV_0148,INST_012,2026-11-18,Творческая встреча
VIS_03763,EV_0148,INST_012,2026-11-18,Творческая встреча
VIS_00202,EV_0148,INST_012,2026-11-18,Творческая встреча
VIS_03472,EV_0148,INST_012,2026-11-18,Творческая встреча
VIS_00150,EV_0148,INST_012,2026-11-18,Творческая встреча
VIS_03748,EV_0148,INST_012,2026-11-18,Творческая встреча
VIS_02420,EV_0148,INST_012,2026-11-18,Творческая встреча
VIS_04791,EV_0148,INST_012,2026-11-18,Творческая встреча
VIS_04096,EV_0148,INST_012,2026-11-18,Творческая встреча
VIS_01485,EV_0148,INST_012,2026-11-18,Творческая встреча
VIS_03616,EV_0148,INST_012,2026-11-18,Творческая встреча
VIS_04212,EV_0148,INST_012,2026-11-18,Творческая встреча
VIS_03163,EV_0148,INST_012,2026-11-18,Творческая встреча
VIS_00103,EV_0148,INST_012,2026-11-18,Творческая встреча
VIS_02434,EV_0148,INST_012,2026-11-18,Творческая встреча
VIS_04061,EV_0148,INST_012,2026-11-18,Творческая встреча
VIS_01735,EV_0148,INST_012,2026-11-18,Творческая встреча
VIS_04974,EV_0148,INST_012,2026-11-18,Творческая встреча
VIS_01316,EV_0148,INST_012,2026-11-18,Творческая встреча
VIS_04357,EV_0148,INST_012,2026-11-18,Творческая встреча
VIS_00211,EV_0148,INST_012,2026-11-18,Творческая встреча
VIS_00044,EV_0148,INST_012,2026-11-18,Творческая встреча
VIS_00669,EV_0148,INST_012,2026-11-18,Творческая встреча
VIS_01590,EV_0148,INST_012,2026-11-18,Творческая встреча
VIS_03375,EV_0148,INST_012,2026-11-18,Творческая встреча
VIS_01856,EV_0148,INST_012,2026-11-18,Творческая встреча
VIS_04242,EV_0148,INST_012,2026-11-18,Творческая встреча
VIS_02754,EV_0148,INST_012,2026-11-18,Творческая встреча
VIS_00473,EV_0148,INST_012,2026-11-18,Творческая встреча
VIS_03930,EV_0148,INST_012,2026-11-18,Творческая встреча
VIS_04920,EV_0148,INST_012,2026-11-18,Творческая встреча
VIS_02850,EV_0148,INST_012,2026-11-18,Творческая встреча
VIS_03934,EV_0148,INST_012,2026-11-18,Творческая встреча
VIS_01890,EV_0148,INST_012,2026-11-18,Творческая встреча
VIS_00165,EV_0148,INST_012,2026-11-18,Творческая встреча
VIS_01451,EV_0148,INST_012,2026-11-18,Творческая встреча
VIS_01532,EV_0148,INST_012,2026-11-18,Творческая встреча
VIS_03628,EV_0148,INST_012,2026-11-18,Творческая встреча
VIS_01455,EV_0148,INST_012,2026-11-18,Творческая встреча
VIS_03544,EV_0148,INST_012,2026-11-18,Творческая встреча
VIS_04923,EV_0148,INST_012,2026-11-18,Творческая встреча
VIS_04269,EV_0148,INST_012,2026-11-18,Творческая встреча
VIS_01726,EV_0148,INST_012,2026-11-18,Творческая встреча
VIS_04112,EV_0148,INST_012,2026-11-18,Творческая встреча
VIS_00298,EV_0148,INST_012,2026-11-18,Творческая встреча
VIS_00564,EV_0148,INST_012,2026-11-18,Творческая встреча
VIS_01509,EV_0148,INST_012,2026-11-18,Творческая встреча
VIS_02364,EV_0148,INST_012,2026-11-18,Творческая встреча
VIS_02117,EV_0148,INST_012,2026-11-18,Творческая встреча
VIS_03916,EV_0148,INST_012,2026-11-18,Творческая встреча
VIS_04344,EV_0148,INST_012,2026-11-18,Творческая встреча
VIS_04230,EV_0022,INST_001,2026-11-20,Лекция
VIS_02937,EV_0022,INST_001,2026-11-20,Лекция
VIS_00944,EV_0022,INST_001,2026-11-20,Лекция
VIS_01876,EV_0022,INST_001,2026-11-20,Лекция
VIS_00215,EV_0022,INST_001,2026-11-20,Лекция
VIS_00032,EV_0022,INST_001,2026-11-20,Лекция
VIS_03052,EV_0022,INST_001,2026-11-20,Лекция
VIS_00387,EV_0022,INST_001,2026-11-20,Лекция
VIS_00144,EV_0022,INST_001,2026-11-20,Лекция
VIS_02353,EV_0022,INST_001,2026-11-20,Лекция
VIS_04296,EV_0022,INST_001,2026-11-20,Лекция
VIS_02995,EV_0022,INST_001,2026-11-20,Лекция
VIS_02971,EV_0022,INST_001,2026-11-20,Лекция
VIS_04081,EV_0022,INST_001,2026-11-20,Лекция
VIS_03801,EV_0022,INST_001,2026-11-20,Лекция
VIS_01229,EV_0022,INST_001,2026-11-20,Лекция
VIS_00907,EV_0022,INST_001,2026-11-20,Лекция
VIS_01117,EV_0022,INST_001,2026-11-20,Лекция
VIS_00891,EV_0022,INST_001,2026-11-20,Лекция
VIS_04767,EV_0022,INST_001,2026-11-20,Лекция
VIS_03979,EV_0022,INST_001,2026-11-20,Лекция
VIS_00116,EV_0022,INST_001,2026-11-20,Лекция
VIS_03065,EV_0022,INST_001,2026-11-20,Лекция
VIS_04642,EV_0022,INST_001,2026-11-20,Лекция
VIS_02430,EV_0022,INST_001,2026-11-20,Лекция
VIS_00450,EV_0022,INST_001,2026-11-20,Лекция
VIS_02658,EV_0022,INST_001,2026-11-20,Лекция
VIS_01863,EV_0022,INST_001,2026-11-20,Лекция
VIS_04922,EV_0022,INST_001,2026-11-20,Лекция
VIS_01819,EV_0022,INST_001,2026-11-20,Лекция
VIS_02792,EV_0022,INST_001,2026-11-20,Лекция
VIS_00989,EV_0022,INST_001,2026-11-20,Лекция
VIS_00329,EV_0022,INST_001,2026-11-20,Лекция
VIS_02656,EV_0022,INST_001,2026-11-20,Лекция
VIS_01617,EV_0022,INST_001,2026-11-20,Лекция
VIS_03810,EV_0022,INST_001,2026-11-20,Лекция
VIS_00893,EV_0022,INST_001,2026-11-20,Лекция
VIS_01002,EV_0022,INST_001,2026-11-20,Лекция
VIS_03474,EV_0022,INST_001,2026-11-20,Лекция
VIS_04217,EV_0022,INST_001,2026-11-20,Лекция
VIS_01144,EV_0022,INST_001,2026-11-20,Лекция
VIS_00576,EV_0022,INST_001,2026-11-20,Лекция
VIS_00486,EV_0022,INST_001,2026-11-20,Лекция
VIS_04611,EV_0022,INST_001,2026-11-20,Лекция
VIS_00896,EV_0022,INST_001,2026-11-20,Лекция
VIS_01176,EV_0022,INST_001,2026-11-20,Лекция
VIS_03499,EV_0022,INST_001,2026-11-20,Лекция
VIS_03171,EV_0022,INST_001,2026-11-20,Лекция
VIS_01746,EV_0022,INST_001,2026-11-20,Лекция
VIS_04515,EV_0022,INST_001,2026-11-20,Лекция
VIS_02786,EV_0022,INST_001,2026-11-20,Лекция
VIS_00008,EV_0022,INST_001,2026-11-20,Лекция
VIS_04298,EV_0022,INST_001,2026-11-20,Лекция
VIS_02702,EV_0022,INST_001,2026-11-20,Лекция
VIS_04837,EV_0022,INST_001,2026-11-20,Лекция
VIS_00456,EV_0022,INST_001,2026-11-20,Лекция
VIS_03735,EV_0022,INST_001,2026-11-20,Лекция
VIS_04484,EV_0022,INST_001,2026-11-20,Лекция
VIS_00007,EV_0136,INST_011,2026-11-23,Лекция
VIS_02207,EV_0136,INST_011,2026-11-23,Лекция
VIS_02012,EV_0136,INST_011,2026-11-23,Лекция
VIS_02824,EV_0136,INST_011,2026-11-23,Лекция
VIS_00161,EV_0136,INST_011,2026-11-23,Лекция
VIS_04665,EV_0136,INST_011,2026-11-23,Лекция
VIS_01542,EV_0136,INST_011,2026-11-23,Лекция
VIS_03130,EV_0136,INST_011,2026-11-23,Лекция
VIS_01010,EV_0136,INST_011,2026-11-23,Лекция
VIS_02150,EV_0136,INST_011,2026-11-23,Лекция
VIS_00734,EV_0136,INST_011,2026-11-23,Лекция
VIS_01799,EV_0136,INST_011,2026-11-23,Лекция
VIS_01199,EV_0136,INST_011,2026-11-23,Лекция
VIS_03489,EV_0136,INST_011,2026-11-23,Лекция
VIS_04539,EV_0136,INST_011,2026-11-23,Лекция
VIS_04437,EV_0136,INST_011,2026-11-23,Лекция
VIS_04435,EV_0136,INST_011,2026-11-23,Лекция
VIS_03365,EV_0136,INST_011,2026-11-23,Лекция
VIS_03369,EV_0136,INST_011,2026-11-23,Лекция
VIS_04280,EV_0136,INST_011,2026-11-23,Лекция
VIS_03760,EV_0136,INST_011,2026-11-23,Лекция
VIS_01845,EV_0136,INST_011,2026-11-23,Лекция
VIS_00791,EV_0136,INST_011,2026-11-23,Лекция
VIS_03820,EV_0136,INST_011,2026-11-23,Лекция
VIS_04802,EV_0136,INST_011,2026-11-23,Лекция
VIS_03944,EV_0136,INST_011,2026-11-23,Лекция
VIS_01766,EV_0136,INST_011,2026-11-23,Лекция
VIS_00769,EV_0136,INST_011,2026-11-23,Лекция
VIS_01833,EV_0136,INST_011,2026-11-23,Лекция
VIS_03518,EV_0136,INST_011,2026-11-23,Лекция
VIS_00082,EV_0136,INST_011,2026-11-23,Лекция
VIS_03243,EV_0136,INST_011,2026-11-23,Лекция
VIS_03152,EV_0136,INST_011,2026-11-23,Лекция
VIS_00533,EV_0136,INST_011,2026-11-23,Лекция
VIS_04500,EV_0136,INST_011,2026-11-23,Лекция
VIS_01154,EV_0136,INST_011,2026-11-23,Лекция
VIS_02274,EV_0136,INST_011,2026-11-23,Лекция
VIS_01324,EV_0136,INST_011,2026-11-23,Лекция
VIS_01994,EV_0136,INST_011,2026-11-23,Лекция
VIS_00451,EV_0136,INST_011,2026-11-23,Лекция
VIS_03513,EV_0136,INST_011,2026-11-23,Лекция
VIS_03039,EV_0136,INST_011,2026-11-23,Лекция
VIS_00510,EV_0136,INST_011,2026-11-23,Лекция
VIS_00626,EV_0136,INST_011,2026-11-23,Лекция
VIS_02642,EV_0136,INST_011,2026-11-23,Лекция
VIS_04320,EV_0136,INST_011,2026-11-23,Лекция
VIS_02401,EV_0136,INST_011,2026-11-23,Лекция
VIS_04911,EV_0136,INST_011,2026-11-23,Лекция
VIS_02425,EV_0136,INST_011,2026-11-23,Лекция
VIS_04418,EV_0136,INST_011,2026-11-23,Лекция
VIS_01358,EV_0136,INST_011,2026-11-23,Лекция
VIS_03548,EV_0136,INST_011,2026-11-23,Лекция
VIS_02391,EV_0104,INST_007,2026-11-24,Выставка
VIS_04404,EV_0104,INST_007,2026-11-24,Выставка
VIS_03779,EV_0104,INST_007,2026-11-24,Выставка
VIS_03622,EV_0104,INST_007,2026-11-24,Выставка
VIS_04227,EV_0104,INST_007,2026-11-24,Выставка
VIS_03635,EV_0104,INST_007,2026-11-24,Выставка
VIS_02061,EV_0104,INST_007,2026-11-24,Выставка
VIS_03376,EV_0104,INST_007,2026-11-24,Выставка
VIS_04237,EV_0104,INST_007,2026-11-24,Выставка
VIS_03667,EV_0104,INST_007,2026-11-24,Выставка
VIS_01470,EV_0104,INST_007,2026-11-24,Выставка
VIS_01419,EV_0104,INST_007,2026-11-24,Выставка
VIS_02797,EV_0104,INST_007,2026-11-24,Выставка
VIS_04228,EV_0104,INST_007,2026-11-24,Выставка
VIS_04234,EV_0104,INST_007,2026-11-24,Выставка
VIS_04298,EV_0104,INST_007,2026-11-24,Выставка
VIS_01351,EV_0104,INST_007,2026-11-24,Выставка
VIS_03192,EV_0104,INST_007,2026-11-24,Выставка
VIS_00354,EV_0104,INST_007,2026-11-24,Выставка
VIS_00306,EV_0104,INST_007,2026-11-24,Выставка
VIS_01972,EV_0104,INST_007,2026-11-24,Выставка
VIS_04391,EV_0104,INST_007,2026-11-24,Выставка
VIS_01251,EV_0104,INST_007,2026-11-24,Выставка
VIS_04833,EV_0104,INST_007,2026-11-24,Выставка
VIS_04825,EV_0104,INST_007,2026-11-24,Выставка
VIS_01132,EV_0104,INST_007,2026-11-24,Выставка
VIS_00923,EV_0104,INST_007,2026-11-24,Выставка
VIS_03444,EV_0104,INST_007,2026-11-24,Выставка
VIS_04258,EV_0104,INST_007,2026-11-24,Выставка
VIS_03036,EV_0104,INST_007,2026-11-24,Выставка
VIS_03741,EV_0104,INST_007,2026-11-24,Выставка
VIS_01136,EV_0104,INST_007,2026-11-24,Выставка
VIS_01481,EV_0104,INST_007,2026-11-24,Выставка
VIS_02966,EV_0104,INST_007,2026-11-24,Выставка
VIS_02779,EV_0104,INST_007,2026-11-24,Выставка
VIS_02377,EV_0104,INST_007,2026-11-24,Выставка
VIS_01131,EV_0104,INST_007,2026-11-24,Выставка
VIS_02844,EV_0104,INST_007,2026-11-24,Выставка
VIS_01917,EV_0104,INST_007,2026-11-24,Выставка
VIS_02250,EV_0104,INST_007,2026-11-24,Выставка
VIS_03481,EV_0104,INST_007,2026-11-24,Выставка
VIS_03255,EV_0104,INST_007,2026-11-24,Выставка
VIS_03681,EV_0104,INST_007,2026-11-24,Выставка
VIS_01174,EV_0104,INST_007,2026-11-24,Выставка
VIS_00374,EV_0104,INST_007,2026-11-24,Выставка
VIS_04382,EV_0104,INST_007,2026-11-24,Выставка
VIS_01116,EV_0104,INST_007,2026-11-24,Выставка
VIS_02740,EV_0104,INST_007,2026-11-24,Выставка
VIS_03748,EV_0104,INST_007,2026-11-24,Выставка
VIS_04139,EV_0104,INST_007,2026-11-24,Выставка
VIS_04870,EV_0104,INST_007,2026-11-24,Выставка
VIS_02882,EV_0104,INST_007,2026-11-24,Выставка
VIS_03176,EV_0104,INST_007,2026-11-24,Выставка
VIS_00247,EV_0104,INST_007,2026-11-24,Выставка
VIS_04494,EV_0104,INST_007,2026-11-24,Выставка
VIS_00769,EV_0104,INST_007,2026-11-24,Выставка
VIS_00679,EV_0104,INST_007,2026-11-24,Выставка
VIS_03547,EV_0104,INST_007,2026-11-24,Выставка
VIS_00971,EV_0104,INST_007,2026-11-24,Выставка
VIS_04956,EV_0104,INST_007,2026-11-24,Выставка
VIS_02544,EV_0212,INST_017,2026-11-24,Концерт
VIS_01753,EV_0212,INST_017,2026-11-24,Концерт
VIS_03720,EV_0212,INST_017,2026-11-24,Концерт
VIS_00097,EV_0212,INST_017,2026-11-24,Концерт
VIS_03057,EV_0212,INST_017,2026-11-24,Концерт
VIS_04995,EV_0212,INST_017,2026-11-24,Концерт
VIS_01704,EV_0212,INST_017,2026-11-24,Концерт
VIS_01463,EV_0212,INST_017,2026-11-24,Концерт
VIS_00872,EV_0212,INST_017,2026-11-24,Концерт
VIS_01369,EV_0212,INST_017,2026-11-24,Концерт
VIS_00870,EV_0212,INST_017,2026-11-24,Концерт
VIS_04440,EV_0212,INST_017,2026-11-24,Концерт
VIS_00270,EV_0212,INST_017,2026-11-24,Концерт
VIS_04072,EV_0212,INST_017,2026-11-24,Концерт
VIS_04495,EV_0212,INST_017,2026-11-24,Концерт
VIS_02984,EV_0212,INST_017,2026-11-24,Концерт
VIS_00306,EV_0212,INST_017,2026-11-24,Концерт
VIS_00543,EV_0212,INST_017,2026-11-24,Концерт
VIS_04248,EV_0212,INST_017,2026-11-24,Концерт
VIS_03401,EV_0212,INST_017,2026-11-24,Концерт
VIS_03658,EV_0212,INST_017,2026-11-24,Концерт
VIS_04483,EV_0212,INST_017,2026-11-24,Концерт
VIS_03637,EV_0212,INST_017,2026-11-24,Концерт
VIS_02266,EV_0212,INST_017,2026-11-24,Концерт
VIS_00738,EV_0212,INST_017,2026-11-24,Концерт
VIS_03154,EV_0212,INST_017,2026-11-24,Концерт
VIS_01090,EV_0212,INST_017,2026-11-24,Концерт
VIS_03301,EV_0212,INST_017,2026-11-24,Концерт
VIS_01004,EV_0212,INST_017,2026-11-24,Концерт
VIS_03877,EV_0212,INST_017,2026-11-24,Концерт
VIS_02279,EV_0212,INST_017,2026-11-24,Концерт
VIS_04846,EV_0212,INST_017,2026-11-24,Концерт
VIS_01524,EV_0212,INST_017,2026-11-24,Концерт
VIS_00067,EV_0212,INST_017,2026-11-24,Концерт
VIS_02179,EV_0212,INST_017,2026-11-24,Концерт
VIS_00748,EV_0212,INST_017,2026-11-24,Концерт
VIS_03519,EV_0212,INST_017,2026-11-24,Концерт
VIS_02953,EV_0212,INST_017,2026-11-24,Концерт
VIS_02455,EV_0212,INST_017,2026-11-24,Концерт
VIS_04678,EV_0212,INST_017,2026-11-24,Концерт
VIS_02059,EV_0212,INST_017,2026-11-24,Концерт
VIS_00261,EV_0212,INST_017,2026-11-24,Концерт
VIS_03400,EV_0212,INST_017,2026-11-24,Концерт
VIS_00614,EV_0212,INST_017,2026-11-24,Концерт
VIS_00565,EV_0212,INST_017,2026-11-24,Концерт
VIS_03251,EV_0212,INST_017,2026-11-24,Концерт
VIS_03525,EV_0212,INST_017,2026-11-24,Концерт
VIS_01457,EV_0212,INST_017,2026-11-24,Концерт
VIS_00303,EV_0212,INST_017,2026-11-24,Концерт
VIS_01068,EV_0212,INST_017,2026-11-24,Концерт
VIS_01734,EV_0212,INST_017,2026-11-24,Концерт
VIS_02433,EV_0212,INST_017,2026-11-24,Концерт
VIS_03772,EV_0212,INST_017,2026-11-24,Концерт
VIS_01810,EV_0212,INST_017,2026-11-24,Концерт
VIS_01961,EV_0212,INST_017,2026-11-24,Концерт
VIS_02349,EV_0212,INST_017,2026-11-24,Концерт
VIS_04470,EV_0212,INST_017,2026-11-24,Концерт
VIS_00854,EV_0212,INST_017,2026-11-24,Концерт
VIS_02012,EV_0212,INST_017,2026-11-24,Концерт
VIS_03124,EV_0212,INST_017,2026-11-24,Концерт
VIS_00379,EV_0212,INST_017,2026-11-24,Концерт
VIS_04067,EV_0212,INST_017,2026-11-24,Концерт
VIS_03952,EV_0212,INST_017,2026-11-24,Концерт
VIS_03409,EV_0212,INST_017,2026-11-24,Концерт
VIS_01877,EV_0212,INST_017,2026-11-24,Концерт
VIS_04249,EV_0212,INST_017,2026-11-24,Концерт
VIS_03736,EV_0212,INST_017,2026-11-24,Концерт
VIS_02233,EV_0212,INST_017,2026-11-24,Концерт
VIS_04726,EV_0212,INST_017,2026-11-24,Концерт
VIS_00752,EV_0212,INST_017,2026-11-24,Концерт
VIS_00215,EV_0212,INST_017,2026-11-24,Концерт
VIS_02564,EV_0212,INST_017,2026-11-24,Концерт
VIS_00127,EV_0212,INST_017,2026-11-24,Концерт
VIS_02296,EV_0212,INST_017,2026-11-24,Концерт
VIS_01034,EV_0212,INST_017,2026-11-24,Концерт
VIS_01770,EV_0212,INST_017,2026-11-24,Концерт
VIS_03414,EV_0212,INST_017,2026-11-24,Концерт
VIS_01683,EV_0212,INST_017,2026-11-24,Концерт
VIS_01118,EV_0212,INST_017,2026-11-24,Концерт
VIS_02826,EV_0212,INST_017,2026-11-24,Концерт
VIS_04590,EV_0212,INST_017,2026-11-24,Концерт
VIS_01603,EV_0212,INST_017,2026-11-24,Концерт
VIS_02603,EV_0212,INST_017,2026-11-24,Концерт
VIS_01449,EV_0212,INST_017,2026-11-24,Концерт
VIS_03779,EV_0212,INST_017,2026-11-24,Концерт
VIS_04949,EV_0212,INST_017,2026-11-24,Концерт
VIS_04194,EV_0212,INST_017,2026-11-24,Концерт
VIS_01160,EV_0212,INST_017,2026-11-24,Концерт
VIS_02340,EV_0212,INST_017,2026-11-24,Концерт
VIS_03808,EV_0212,INST_017,2026-11-24,Концерт
VIS_01280,EV_0212,INST_017,2026-11-24,Концерт
VIS_01022,EV_0212,INST_017,2026-11-24,Концерт
VIS_02080,EV_0212,INST_017,2026-11-24,Концерт
VIS_00282,EV_0212,INST_017,2026-11-24,Концерт
VIS_04282,EV_0212,INST_017,2026-11-24,Концерт
VIS_01261,EV_0212,INST_017,2026-11-24,Концерт
VIS_01746,EV_0212,INST_017,2026-11-24,Концерт
VIS_00666,EV_0212,INST_017,2026-11-24,Концерт
VIS_04671,EV_0212,INST_017,2026-11-24,Концерт
VIS_01347,EV_0212,INST_017,2026-11-24,Концерт
VIS_01051,EV_0212,INST_017,2026-11-24,Концерт
VIS_00778,EV_0212,INST_017,2026-11-24,Концерт
VIS_04664,EV_0212,INST_017,2026-11-24,Концерт
VIS_02588,EV_0212,INST_017,2026-11-24,Концерт
VIS_04376,EV_0212,INST_017,2026-11-24,Концерт
VIS_04306,EV_0212,INST_017,2026-11-24,Концерт
VIS_04842,EV_0212,INST_017,2026-11-24,Концерт
VIS_00233,EV_0212,INST_017,2026-11-24,Концерт
VIS_01269,EV_0212,INST_017,2026-11-24,Концерт
VIS_01075,EV_0212,INST_017,2026-11-24,Концерт
VIS_02986,EV_0212,INST_017,2026-11-24,Концерт
VIS_01292,EV_0212,INST_017,2026-11-24,Концерт
VIS_01386,EV_0212,INST_017,2026-11-24,Концерт
VIS_00291,EV_0212,INST_017,2026-11-24,Концерт
VIS_03261,EV_0212,INST_017,2026-11-24,Концерт
VIS_00767,EV_0212,INST_017,2026-11-24,Концерт
VIS_03311,EV_0212,INST_017,2026-11-24,Концерт
VIS_00203,EV_0212,INST_017,2026-11-24,Концерт
VIS_01309,EV_0212,INST_017,2026-11-24,Концерт
VIS_04687,EV_0212,INST_017,2026-11-24,Концерт
VIS_00655,EV_0212,INST_017,2026-11-24,Концерт
VIS_02996,EV_0212,INST_017,2026-11-24,Концерт
VIS_04875,EV_0212,INST_017,2026-11-24,Концерт
VIS_04304,EV_0212,INST_017,2026-11-24,Концерт
VIS_02202,EV_0212,INST_017,2026-11-24,Концерт
VIS_01080,EV_0212,INST_017,2026-11-24,Концерт
VIS_02283,EV_0212,INST_017,2026-11-24,Концерт
VIS_01307,EV_0212,INST_017,2026-11-24,Концерт
VIS_00532,EV_0212,INST_017,2026-11-24,Концерт
VIS_03990,EV_0212,INST_017,2026-11-24,Концерт
VIS_03135,EV_0212,INST_017,2026-11-24,Концерт
VIS_02180,EV_0212,INST_017,2026-11-24,Концерт
VIS_03183,EV_0212,INST_017,2026-11-24,Концерт
VIS_02891,EV_0212,INST_017,2026-11-24,Концерт
VIS_04632,EV_0212,INST_017,2026-11-24,Концерт
VIS_02411,EV_0212,INST_017,2026-11-24,Концерт
VIS_02615,EV_0212,INST_017,2026-11-24,Концерт
VIS_03018,EV_0212,INST_017,2026-11-24,Концерт
VIS_00975,EV_0212,INST_017,2026-11-24,Концерт
VIS_00556,EV_0212,INST_017,2026-11-24,Концерт
VIS_04553,EV_0212,INST_017,2026-11-24,Концерт
VIS_01131,EV_0212,INST_017,2026-11-24,Концерт
VIS_02844,EV_0212,INST_017,2026-11-24,Концерт
VIS_02722,EV_0212,INST_017,2026-11-24,Концерт
VIS_02866,EV_0212,INST_017,2026-11-24,Концерт
VIS_03839,EV_0212,INST_017,2026-11-24,Концерт
VIS_03213,EV_0212,INST_017,2026-11-24,Концерт
VIS_02809,EV_0212,INST_017,2026-11-24,Концерт
VIS_04129,EV_0212,INST_017,2026-11-24,Концерт
VIS_04404,EV_0212,INST_017,2026-11-24,Концерт
VIS_00650,EV_0212,INST_017,2026-11-24,Концерт
VIS_02781,EV_0212,INST_017,2026-11-24,Концерт
VIS_02960,EV_0212,INST_017,2026-11-24,Концерт
VIS_02691,EV_0212,INST_017,2026-11-24,Концерт
VIS_01232,EV_0212,INST_017,2026-11-24,Концерт
VIS_00094,EV_0212,INST_017,2026-11-24,Концерт
VIS_02144,EV_0212,INST_017,2026-11-24,Концерт
VIS_01429,EV_0212,INST_017,2026-11-24,Концерт
VIS_04301,EV_0212,INST_017,2026-11-24,Концерт
VIS_00380,EV_0212,INST_017,2026-11-24,Концерт
VIS_01357,EV_0212,INST_017,2026-11-24,Концерт
VIS_04932,EV_0212,INST_017,2026-11-24,Концерт
VIS_03654,EV_0212,INST_017,2026-11-24,Концерт
VIS_00863,EV_0212,INST_017,2026-11-24,Концерт
VIS_03714,EV_0212,INST_017,2026-11-24,Концерт
VIS_00992,EV_0212,INST_017,2026-11-24,Концерт
VIS_00385,EV_0212,INST_017,2026-11-24,Концерт
VIS_01268,EV_0212,INST_017,2026-11-24,Концерт
VIS_03384,EV_0212,INST_017,2026-11-24,Концерт
VIS_00337,EV_0212,INST_017,2026-11-24,Концерт
VIS_04592,EV_0212,INST_017,2026-11-24,Концерт
VIS_03716,EV_0212,INST_017,2026-11-24,Концерт
VIS_01558,EV_0212,INST_017,2026-11-24,Концерт
VIS_01574,EV_0212,INST_017,2026-11-24,Концерт
VIS_01297,EV_0212,INST_017,2026-11-24,Концерт
VIS_04113,EV_0212,INST_017,2026-11-24,Концерт
VIS_04736,EV_0212,INST_017,2026-11-24,Концерт
VIS_02837,EV_0212,INST_017,2026-11-24,Концерт
VIS_04462,EV_0212,INST_017,2026-11-24,Концерт
VIS_04465,EV_0212,INST_017,2026-11-24,Концерт
VIS_02260,EV_0212,INST_017,2026-11-24,Концерт
VIS_04189,EV_0212,INST_017,2026-11-24,Концерт
VIS_00390,EV_0212,INST_017,2026-11-24,Концерт
VIS_01687,EV_0212,INST_017,2026-11-24,Концерт
VIS_00027,EV_0212,INST_017,2026-11-24,Концерт
VIS_02756,EV_0212,INST_017,2026-11-24,Концерт
VIS_04274,EV_0212,INST_017,2026-11-24,Концерт
VIS_04530,EV_0212,INST_017,2026-11-24,Концерт
VIS_00443,EV_0212,INST_017,2026-11-24,Концерт
VIS_00900,EV_0212,INST_017,2026-11-24,Концерт
VIS_03442,EV_0212,INST_017,2026-11-24,Концерт
VIS_01388,EV_0212,INST_017,2026-11-24,Концерт
VIS_03070,EV_0212,INST_017,2026-11-24,Концерт
VIS_03915,EV_0212,INST_017,2026-11-24,Концерт
VIS_04188,EV_0212,INST_017,2026-11-24,Концерт
VIS_01915,EV_0212,INST_017,2026-11-24,Концерт
VIS_03362,EV_0212,INST_017,2026-11-24,Концерт
VIS_03169,EV_0212,INST_017,2026-11-24,Концерт
VIS_02635,EV_0212,INST_017,2026-11-24,Концерт
VIS_04472,EV_0212,INST_017,2026-11-24,Концерт
VIS_04812,EV_0212,INST_017,2026-11-24,Концерт
VIS_01530,EV_0212,INST_017,2026-11-24,Концерт
VIS_04452,EV_0179,INST_014,2026-11-27,Лекция
VIS_02727,EV_0179,INST_014,2026-11-27,Лекция
VIS_00676,EV_0179,INST_014,2026-11-27,Лекция
VIS_02765,EV_0179,INST_014,2026-11-27,Лекция
VIS_02458,EV_0179,INST_014,2026-11-27,Лекция
VIS_00450,EV_0179,INST_014,2026-11-27,Лекция
VIS_02394,EV_0179,INST_014,2026-11-27,Лекция
VIS_04793,EV_0179,INST_014,2026-11-27,Лекция
VIS_04611,EV_0179,INST_014,2026-11-27,Лекция
VIS_01861,EV_0179,INST_014,2026-11-27,Лекция
VIS_00064,EV_0179,INST_014,2026-11-27,Лекция
VIS_04787,EV_0179,INST_014,2026-11-27,Лекция
VIS_00850,EV_0179,INST_014,2026-11-27,Лекция
VIS_04904,EV_0179,INST_014,2026-11-27,Лекция
VIS_03604,EV_0179,INST_014,2026-11-27,Лекция
VIS_04930,EV_0179,INST_014,2026-11-27,Лекция
VIS_01552,EV_0179,INST_014,2026-11-27,Лекция
VIS_02358,EV_0179,INST_014,2026-11-27,Лекция
VIS_00501,EV_0179,INST_014,2026-11-27,Лекция
VIS_02570,EV_0179,INST_014,2026-11-27,Лекция
VIS_03185,EV_0179,INST_014,2026-11-27,Лекция
VIS_03428,EV_0179,INST_014,2026-11-27,Лекция
VIS_04535,EV_0179,INST_014,2026-11-27,Лекция
VIS_00038,EV_0179,INST_014,2026-11-27,Лекция
VIS_03153,EV_0179,INST_014,2026-11-27,Лекция
VIS_04257,EV_0179,INST_014,2026-11-27,Лекция
VIS_02531,EV_0179,INST_014,2026-11-27,Лекция
VIS_03845,EV_0179,INST_014,2026-11-27,Лекция
VIS_04786,EV_0179,INST_014,2026-11-27,Лекция
VIS_01829,EV_0179,INST_014,2026-11-27,Лекция
VIS_04719,EV_0179,INST_014,2026-11-27,Лекция
VIS_00941,EV_0179,INST_014,2026-11-27,Лекция
VIS_02264,EV_0179,INST_014,2026-11-27,Лекция
VIS_01909,EV_0179,INST_014,2026-11-27,Лекция
VIS_04776,EV_0179,INST_014,2026-11-27,Лекция
VIS_03063,EV_0179,INST_014,2026-11-27,Лекция
VIS_00658,EV_0179,INST_014,2026-11-27,Лекция
VIS_00680,EV_0179,INST_014,2026-11-27,Лекция
VIS_02301,EV_0179,INST_014,2026-11-27,Лекция
VIS_01785,EV_0179,INST_014,2026-11-27,Лекция
VIS_04660,EV_0179,INST_014,2026-11-27,Лекция
VIS_01738,EV_0179,INST_014,2026-11-27,Лекция
VIS_02137,EV_0179,INST_014,2026-11-27,Лекция
VIS_03420,EV_0179,INST_014,2026-11-27,Лекция
VIS_02483,EV_0179,INST_014,2026-11-27,Лекция
VIS_02132,EV_0179,INST_014,2026-11-27,Лекция
VIS_01643,EV_0179,INST_014,2026-11-27,Лекция
VIS_01888,EV_0179,INST_014,2026-11-27,Лекция
VIS_03965,EV_0179,INST_014,2026-11-27,Лекция
VIS_01952,EV_0179,INST_014,2026-11-27,Лекция
VIS_04879,EV_0179,INST_014,2026-11-27,Лекция
VIS_04001,EV_0179,INST_014,2026-11-27,Лекция
VIS_02988,EV_0179,INST_014,2026-11-27,Лекция
VIS_02718,EV_0179,INST_014,2026-11-27,Лекция
VIS_00635,EV_0179,INST_014,2026-11-27,Лекция
VIS_00206,EV_0179,INST_014,2026-11-27,Лекция
VIS_02947,EV_0179,INST_014,2026-11-27,Лекция
VIS_02547,EV_0179,INST_014,2026-11-27,Лекция
VIS_02504,EV_0179,INST_014,2026-11-27,Лекция
VIS_00389,EV_0179,INST_014,2026-11-27,Лекция
VIS_03163,EV_0179,INST_014,2026-11-27,Лекция
VIS_01958,EV_0179,INST_014,2026-11-27,Лекция
VIS_00634,EV_0179,INST_014,2026-11-27,Лекция
VIS_01756,EV_0179,INST_014,2026-11-27,Лекция
VIS_03600,EV_0179,INST_014,2026-11-27,Лекция
VIS_00275,EV_0179,INST_014,2026-11-27,Лекция
VIS_00031,EV_0179,INST_014,2026-11-27,Лекция
VIS_04348,EV_0179,INST_014,2026-11-27,Лекция
VIS_02891,EV_0179,INST_014,2026-11-27,Лекция
VIS_00620,EV_0179,INST_014,2026-11-27,Лекция
VIS_01354,EV_0179,INST_014,2026-11-27,Лекция
VIS_00779,EV_0179,INST_014,2026-11-27,Лекция
VIS_01976,EV_0179,INST_014,2026-11-27,Лекция
VIS_04813,EV_0179,INST_014,2026-11-27,Лекция
VIS_04174,EV_0179,INST_014,2026-11-27,Лекция
VIS_00346,EV_0179,INST_014,2026-11-27,Лекция
VIS_03204,EV_0179,INST_014,2026-11-27,Лекция
VIS_00470,EV_0179,INST_014,2026-11-27,Лекция
VIS_02021,EV_0179,INST_014,2026-11-27,Лекция
VIS_03744,EV_0179,INST_014,2026-11-27,Лекция
VIS_01660,EV_0179,INST_014,2026-11-27,Лекция
VIS_04583,EV_0179,INST_014,2026-11-27,Лекция
VIS_00705,EV_0179,INST_014,2026-11-27,Лекция
VIS_03935,EV_0179,INST_014,2026-11-27,Лекция
VIS_03409,EV_0077,INST_006,2026-12-04,Творческая встреча
VIS_04596,EV_0077,INST_006,2026-12-04,Творческая встреча
VIS_03549,EV_0077,INST_006,2026-12-04,Творческая встреча
VIS_04903,EV_0077,INST_006,2026-12-04,Творческая встреча
VIS_03315,EV_0077,INST_006,2026-12-04,Творческая встреча
VIS_01899,EV_0077,INST_006,2026-12-04,Творческая встреча
VIS_03909,EV_0077,INST_006,2026-12-04,Творческая встреча
VIS_02566,EV_0077,INST_006,2026-12-04,Творческая встреча
VIS_02015,EV_0077,INST_006,2026-12-04,Творческая встреча
VIS_00126,EV_0077,INST_006,2026-12-04,Творческая встреча
VIS_02181,EV_0077,INST_006,2026-12-04,Творческая встреча
VIS_01627,EV_0077,INST_006,2026-12-04,Творческая встреча
VIS_03701,EV_0077,INST_006,2026-12-04,Творческая встреча
VIS_03655,EV_0077,INST_006,2026-12-04,Творческая встреча
VIS_00421,EV_0077,INST_006,2026-12-04,Творческая встреча
VIS_03113,EV_0077,INST_006,2026-12-04,Творческая встреча
VIS_01661,EV_0077,INST_006,2026-12-04,Творческая встреча
VIS_01975,EV_0077,INST_006,2026-12-04,Творческая встреча
VIS_04378,EV_0077,INST_006,2026-12-04,Творческая встреча
VIS_00174,EV_0077,INST_006,2026-12-04,Творческая встреча
VIS_01871,EV_0077,INST_006,2026-12-04,Творческая встреча
VIS_03059,EV_0077,INST_006,2026-12-04,Творческая встреча
VIS_00113,EV_0077,INST_006,2026-12-04,Творческая встреча
VIS_01377,EV_0077,INST_006,2026-12-04,Творческая встреча
VIS_02713,EV_0077,INST_006,2026-12-04,Творческая встреча
VIS_03452,EV_0077,INST_006,2026-12-04,Творческая встреча
VIS_04920,EV_0077,INST_006,2026-12-04,Творческая встреча
VIS_03836,EV_0077,INST_006,2026-12-04,Творческая встреча
VIS_02275,EV_0077,INST_006,2026-12-04,Творческая встреча
VIS_04814,EV_0077,INST_006,2026-12-04,Творческая встреча
VIS_04093,EV_0077,INST_006,2026-12-04,Творческая встреча
VIS_04135,EV_0077,INST_006,2026-12-04,Творческая встреча
VIS_02016,EV_0077,INST_006,2026-12-04,Творческая встреча
VIS_02420,EV_0077,INST_006,2026-12-04,Творческая встреча
VIS_01696,EV_0077,INST_006,2026-12-04,Творческая встреча
VIS_03733,EV_0077,INST_006,2026-12-04,Творческая встреча
VIS_04659,EV_0077,INST_006,2026-12-04,Творческая встреча
VIS_03158,EV_0077,INST_006,2026-12-04,Творческая встреча
VIS_03217,EV_0077,INST_006,2026-12-04,Творческая встреча
VIS_00891,EV_0077,INST_006,2026-12-04,Творческая встреча
VIS_04560,EV_0077,INST_006,2026-12-04,Творческая встреча
VIS_01723,EV_0077,INST_006,2026-12-04,Творческая встреча
VIS_00212,EV_0023,INST_001,2026-12-05,Лекция
VIS_01600,EV_0023,INST_001,2026-12-05,Лекция
VIS_03499,EV_0023,INST_001,2026-12-05,Лекция
VIS_01863,EV_0023,INST_001,2026-12-05,Лекция
VIS_02404,EV_0023,INST_001,2026-12-05,Лекция
VIS_00179,EV_0023,INST_001,2026-12-05,Лекция
VIS_04201,EV_0023,INST_001,2026-12-05,Лекция
VIS_03858,EV_0023,INST_001,2026-12-05,Лекция
VIS_01042,EV_0023,INST_001,2026-12-05,Лекция
VIS_04839,EV_0023,INST_001,2026-12-05,Лекция
VIS_04551,EV_0023,INST_001,2026-12-05,Лекция
VIS_00326,EV_0023,INST_001,2026-12-05,Лекция
VIS_03276,EV_0023,INST_001,2026-12-05,Лекция
VIS_00836,EV_0023,INST_001,2026-12-05,Лекция
VIS_03133,EV_0023,INST_001,2026-12-05,Лекция
VIS_03302,EV_0023,INST_001,2026-12-05,Лекция
VIS_01075,EV_0023,INST_001,2026-12-05,Лекция
VIS_00993,EV_0023,INST_001,2026-12-05,Лекция
VIS_01335,EV_0023,INST_001,2026-12-05,Лекция
VIS_03169,EV_0023,INST_001,2026-12-05,Лекция
VIS_01685,EV_0023,INST_001,2026-12-05,Лекция
VIS_03811,EV_0023,INST_001,2026-12-05,Лекция
VIS_04626,EV_0023,INST_001,2026-12-05,Лекция
VIS_04275,EV_0023,INST_001,2026-12-05,Лекция
VIS_04983,EV_0023,INST_001,2026-12-05,Лекция
VIS_01760,EV_0023,INST_001,2026-12-05,Лекция
VIS_02212,EV_0023,INST_001,2026-12-05,Лекция
VIS_02545,EV_0023,INST_001,2026-12-05,Лекция
VIS_00871,EV_0023,INST_001,2026-12-05,Лекция
VIS_01545,EV_0023,INST_001,2026-12-05,Лекция
VIS_04951,EV_0023,INST_001,2026-12-05,Лекция
VIS_04078,EV_0023,INST_001,2026-12-05,Лекция
VIS_00125,EV_0023,INST_001,2026-12-05,Лекция
VIS_04094,EV_0023,INST_001,2026-12-05,Лекция
VIS_00911,EV_0023,INST_001,2026-12-05,Лекция
VIS_02836,EV_0023,INST_001,2026-12-05,Лекция
VIS_02791,EV_0023,INST_001,2026-12-05,Лекция
VIS_00787,EV_0023,INST_001,2026-12-05,Лекция
VIS_01178,EV_0023,INST_001,2026-12-05,Лекция
VIS_04442,EV_0023,INST_001,2026-12-05,Лекция
VIS_04197,EV_0023,INST_001,2026-12-05,Лекция
VIS_01770,EV_0023,INST_001,2026-12-05,Лекция
VIS_03202,EV_0023,INST_001,2026-12-05,Лекция
VIS_02911,EV_0023,INST_001,2026-12-05,Лекция
VIS_00708,EV_0023,INST_001,2026-12-05,Лекция
VIS_00142,EV_0023,INST_001,2026-12-05,Лекция
VIS_00847,EV_0023,INST_001,2026-12-05,Лекция
VIS_00596,EV_0023,INST_001,2026-12-05,Лекция
VIS_02057,EV_0023,INST_001,2026-12-05,Лекция
VIS_00471,EV_0023,INST_001,2026-12-05,Лекция
VIS_04854,EV_0023,INST_001,2026-12-05,Лекция
VIS_03961,EV_0023,INST_001,2026-12-05,Лекция
VIS_00264,EV_0023,INST_001,2026-12-05,Лекция
VIS_02744,EV_0023,INST_001,2026-12-05,Лекция
VIS_04907,EV_0023,INST_001,2026-12-05,Лекция
VIS_01951,EV_0023,INST_001,2026-12-05,Лекция
VIS_01034,EV_0023,INST_001,2026-12-05,Лекция
VIS_02099,EV_0023,INST_001,2026-12-05,Лекция
VIS_04240,EV_0023,INST_001,2026-12-05,Лекция
VIS_00616,EV_0023,INST_001,2026-12-05,Лекция
VIS_01154,EV_0023,INST_001,2026-12-05,Лекция
VIS_02653,EV_0023,INST_001,2026-12-05,Лекция
VIS_01269,EV_0023,INST_001,2026-12-05,Лекция
VIS_00687,EV_0023,INST_001,2026-12-05,Лекция
VIS_03987,EV_0023,INST_001,2026-12-05,Лекция
VIS_03419,EV_0023,INST_001,2026-12-05,Лекция
VIS_04432,EV_0023,INST_001,2026-12-05,Лекция
VIS_04831,EV_0023,INST_001,2026-12-05,Лекция
VIS_00513,EV_0023,INST_001,2026-12-05,Лекция
VIS_04645,EV_0023,INST_001,2026-12-05,Лекция
VIS_02586,EV_0023,INST_001,2026-12-05,Лекция
VIS_03390,EV_0023,INST_001,2026-12-05,Лекция
VIS_02843,EV_0023,INST_001,2026-12-05,Лекция
VIS_02363,EV_0023,INST_001,2026-12-05,Лекция
VIS_04020,EV_0023,INST_001,2026-12-05,Лекция
VIS_00020,EV_0105,INST_007,2026-12-07,Выставка
VIS_02139,EV_0105,INST_007,2026-12-07,Выставка
VIS_02395,EV_0105,INST_007,2026-12-07,Выставка
VIS_02232,EV_0105,INST_007,2026-12-07,Выставка
VIS_01342,EV_0105,INST_007,2026-12-07,Выставка
VIS_03201,EV_0105,INST_007,2026-12-07,Выставка
VIS_00232,EV_0105,INST_007,2026-12-07,Выставка
VIS_01833,EV_0105,INST_007,2026-12-07,Выставка
VIS_04258,EV_0105,INST_007,2026-12-07,Выставка
VIS_00661,EV_0105,INST_007,2026-12-07,Выставка
VIS_02215,EV_0105,INST_007,2026-12-07,Выставка
VIS_01225,EV_0105,INST_007,2026-12-07,Выставка
VIS_02125,EV_0105,INST_007,2026-12-07,Выставка
VIS_00923,EV_0105,INST_007,2026-12-07,Выставка
VIS_03561,EV_0105,INST_007,2026-12-07,Выставка
VIS_03635,EV_0105,INST_007,2026-12-07,Выставка
VIS_01906,EV_0105,INST_007,2026-12-07,Выставка
VIS_01211,EV_0105,INST_007,2026-12-07,Выставка
VIS_03818,EV_0105,INST_007,2026-12-07,Выставка
VIS_04556,EV_0105,INST_007,2026-12-07,Выставка
VIS_00337,EV_0105,INST_007,2026-12-07,Выставка
VIS_00518,EV_0105,INST_007,2026-12-07,Выставка
VIS_03019,EV_0105,INST_007,2026-12-07,Выставка
VIS_04377,EV_0105,INST_007,2026-12-07,Выставка
VIS_04511,EV_0105,INST_007,2026-12-07,Выставка
VIS_01195,EV_0105,INST_007,2026-12-07,Выставка
VIS_02110,EV_0105,INST_007,2026-12-07,Выставка
VIS_01778,EV_0105,INST_007,2026-12-07,Выставка
VIS_01829,EV_0105,INST_007,2026-12-07,Выставка
VIS_04468,EV_0105,INST_007,2026-12-07,Выставка
VIS_03690,EV_0105,INST_007,2026-12-07,Выставка
VIS_03877,EV_0105,INST_007,2026-12-07,Выставка
VIS_01219,EV_0105,INST_007,2026-12-07,Выставка
VIS_04068,EV_0105,INST_007,2026-12-07,Выставка
VIS_03083,EV_0105,INST_007,2026-12-07,Выставка
VIS_03048,EV_0105,INST_007,2026-12-07,Выставка
VIS_03108,EV_0105,INST_007,2026-12-07,Выставка
VIS_04845,EV_0105,INST_007,2026-12-07,Выставка
VIS_00864,EV_0105,INST_007,2026-12-07,Выставка
VIS_04531,EV_0105,INST_007,2026-12-07,Выставка
VIS_00850,EV_0105,INST_007,2026-12-07,Выставка
VIS_00280,EV_0105,INST_007,2026-12-07,Выставка
VIS_00687,EV_0105,INST_007,2026-12-07,Выставка
VIS_00313,EV_0105,INST_007,2026-12-07,Выставка
VIS_02928,EV_0105,INST_007,2026-12-07,Выставка
VIS_04728,EV_0105,INST_007,2026-12-07,Выставка
VIS_02156,EV_0105,INST_007,2026-12-07,Выставка
VIS_00154,EV_0105,INST_007,2026-12-07,Выставка
VIS_03559,EV_0105,INST_007,2026-12-07,Выставка
VIS_04489,EV_0105,INST_007,2026-12-07,Выставка
VIS_02504,EV_0105,INST_007,2026-12-07,Выставка
VIS_00896,EV_0105,INST_007,2026-12-07,Выставка
VIS_02654,EV_0105,INST_007,2026-12-07,Выставка
VIS_04524,EV_0105,INST_007,2026-12-07,Выставка
VIS_04764,EV_0105,INST_007,2026-12-07,Выставка
VIS_03251,EV_0213,INST_017,2026-12-07,Лекция
VIS_00665,EV_0213,INST_017,2026-12-07,Лекция
VIS_00971,EV_0213,INST_017,2026-12-07,Лекция
VIS_00001,EV_0213,INST_017,2026-12-07,Лекция
VIS_01099,EV_0213,INST_017,2026-12-07,Лекция
VIS_01917,EV_0213,INST_017,2026-12-07,Лекция
VIS_00097,EV_0213,INST_017,2026-12-07,Лекция
VIS_04156,EV_0213,INST_017,2026-12-07,Лекция
VIS_01810,EV_0213,INST_017,2026-12-07,Лекция
VIS_00903,EV_0213,INST_017,2026-12-07,Лекция
VIS_01523,EV_0213,INST_017,2026-12-07,Лекция
VIS_04328,EV_0213,INST_017,2026-12-07,Лекция
VIS_02456,EV_0213,INST_017,2026-12-07,Лекция
VIS_04264,EV_0213,INST_017,2026-12-07,Лекция
VIS_02050,EV_0213,INST_017,2026-12-07,Лекция
VIS_03930,EV_0213,INST_017,2026-12-07,Лекция
VIS_01291,EV_0213,INST_017,2026-12-07,Лекция
VIS_00629,EV_0213,INST_017,2026-12-07,Лекция
VIS_00379,EV_0213,INST_017,2026-12-07,Лекция
VIS_03900,EV_0213,INST_017,2026-12-07,Лекция
VIS_03525,EV_0213,INST_017,2026-12-07,Лекция
VIS_00061,EV_0213,INST_017,2026-12-07,Лекция
VIS_03668,EV_0213,INST_017,2026-12-07,Лекция
VIS_04361,EV_0213,INST_017,2026-12-07,Лекция
VIS_02279,EV_0213,INST_017,2026-12-07,Лекция
VIS_04424,EV_0213,INST_017,2026-12-07,Лекция
VIS_01828,EV_0213,INST_017,2026-12-07,Лекция
VIS_00268,EV_0213,INST_017,2026-12-07,Лекция
VIS_03594,EV_0213,INST_017,2026-12-07,Лекция
VIS_03974,EV_0213,INST_017,2026-12-07,Лекция
VIS_02962,EV_0213,INST_017,2026-12-07,Лекция
VIS_02799,EV_0213,INST_017,2026-12-07,Лекция
VIS_00754,EV_0213,INST_017,2026-12-07,Лекция
VIS_00196,EV_0213,INST_017,2026-12-07,Лекция
VIS_04835,EV_0213,INST_017,2026-12-07,Лекция
VIS_03096,EV_0213,INST_017,2026-12-07,Лекция
VIS_04792,EV_0213,INST_017,2026-12-07,Лекция
VIS_03464,EV_0213,INST_017,2026-12-07,Лекция
VIS_01400,EV_0213,INST_017,2026-12-07,Лекция
VIS_01730,EV_0213,INST_017,2026-12-07,Лекция
VIS_00697,EV_0213,INST_017,2026-12-07,Лекция
VIS_04209,EV_0213,INST_017,2026-12-07,Лекция
VIS_02494,EV_0213,INST_017,2026-12-07,Лекция
VIS_01283,EV_0213,INST_017,2026-12-07,Лекция
VIS_00595,EV_0213,INST_017,2026-12-07,Лекция
VIS_00420,EV_0213,INST_017,2026-12-07,Лекция
VIS_02699,EV_0213,INST_017,2026-12-07,Лекция
VIS_04932,EV_0213,INST_017,2026-12-07,Лекция
VIS_00116,EV_0213,INST_017,2026-12-07,Лекция
VIS_02773,EV_0213,INST_017,2026-12-07,Лекция
VIS_01587,EV_0213,INST_017,2026-12-07,Лекция
VIS_02698,EV_0213,INST_017,2026-12-07,Лекция
VIS_01253,EV_0213,INST_017,2026-12-07,Лекция
VIS_02899,EV_0213,INST_017,2026-12-07,Лекция
VIS_01233,EV_0213,INST_017,2026-12-07,Лекция
VIS_00080,EV_0213,INST_017,2026-12-07,Лекция
VIS_00384,EV_0213,INST_017,2026-12-07,Лекция
VIS_03363,EV_0213,INST_017,2026-12-07,Лекция
VIS_04936,EV_0213,INST_017,2026-12-07,Лекция
VIS_04781,EV_0180,INST_014,2026-12-08,Выставка
VIS_01547,EV_0180,INST_014,2026-12-08,Выставка
VIS_03728,EV_0180,INST_014,2026-12-08,Выставка
VIS_04394,EV_0180,INST_014,2026-12-08,Выставка
VIS_01642,EV_0180,INST_014,2026-12-08,Выставка
VIS_01952,EV_0180,INST_014,2026-12-08,Выставка
VIS_01489,EV_0180,INST_014,2026-12-08,Выставка
VIS_01892,EV_0180,INST_014,2026-12-08,Выставка
VIS_02203,EV_0180,INST_014,2026-12-08,Выставка
VIS_04383,EV_0180,INST_014,2026-12-08,Выставка
VIS_00225,EV_0180,INST_014,2026-12-08,Выставка
VIS_00757,EV_0180,INST_014,2026-12-08,Выставка
VIS_03368,EV_0180,INST_014,2026-12-08,Выставка
VIS_02981,EV_0180,INST_014,2026-12-08,Выставка
VIS_04325,EV_0180,INST_014,2026-12-08,Выставка
VIS_02465,EV_0180,INST_014,2026-12-08,Выставка
VIS_00376,EV_0180,INST_014,2026-12-08,Выставка
VIS_02314,EV_0180,INST_014,2026-12-08,Выставка
VIS_04488,EV_0180,INST_014,2026-12-08,Выставка
VIS_04348,EV_0180,INST_014,2026-12-08,Выставка
VIS_00040,EV_0180,INST_014,2026-12-08,Выставка
VIS_03592,EV_0180,INST_014,2026-12-08,Выставка
VIS_00556,EV_0180,INST_014,2026-12-08,Выставка
VIS_04902,EV_0180,INST_014,2026-12-08,Выставка
VIS_00904,EV_0180,INST_014,2026-12-08,Выставка
VIS_01504,EV_0180,INST_014,2026-12-08,Выставка
VIS_03734,EV_0180,INST_014,2026-12-08,Выставка
VIS_04915,EV_0180,INST_014,2026-12-08,Выставка
VIS_03380,EV_0180,INST_014,2026-12-08,Выставка
VIS_04771,EV_0180,INST_014,2026-12-08,Выставка
VIS_03811,EV_0180,INST_014,2026-12-08,Выставка
VIS_04933,EV_0180,INST_014,2026-12-08,Выставка
VIS_00242,EV_0180,INST_014,2026-12-08,Выставка
VIS_02265,EV_0180,INST_014,2026-12-08,Выставка
VIS_02683,EV_0180,INST_014,2026-12-08,Выставка
VIS_04214,EV_0180,INST_014,2026-12-08,Выставка
VIS_04172,EV_0180,INST_014,2026-12-08,Выставка
VIS_00949,EV_0180,INST_014,2026-12-08,Выставка
VIS_00381,EV_0180,INST_014,2026-12-08,Выставка
VIS_02686,EV_0180,INST_014,2026-12-08,Выставка
VIS_04951,EV_0180,INST_014,2026-12-08,Выставка
VIS_02110,EV_0180,INST_014,2026-12-08,Выставка
VIS_04501,EV_0180,INST_014,2026-12-08,Выставка
VIS_01327,EV_0180,INST_014,2026-12-08,Выставка
VIS_03820,EV_0024,INST_001,2026-12-20,Творческая встреча
VIS_03600,EV_0024,INST_001,2026-12-20,Творческая встреча
VIS_02611,EV_0024,INST_001,2026-12-20,Творческая встреча
VIS_03499,EV_0024,INST_001,2026-12-20,Творческая встреча
VIS_04626,EV_0024,INST_001,2026-12-20,Творческая встреча
VIS_02656,EV_0024,INST_001,2026-12-20,Творческая встреча
VIS_04104,EV_0024,INST_001,2026-12-20,Творческая встреча
VIS_04561,EV_0024,INST_001,2026-12-20,Творческая встреча
VIS_04832,EV_0024,INST_001,2026-12-20,Творческая встреча
VIS_00445,EV_0024,INST_001,2026-12-20,Творческая встреча
VIS_02850,EV_0024,INST_001,2026-12-20,Творческая встреча
VIS_00529,EV_0024,INST_001,2026-12-20,Творческая встреча
VIS_01256,EV_0024,INST_001,2026-12-20,Творческая встреча
VIS_02507,EV_0024,INST_001,2026-12-20,Творческая встреча
VIS_04189,EV_0024,INST_001,2026-12-20,Творческая встреча
VIS_03206,EV_0024,INST_001,2026-12-20,Творческая встреча
VIS_04862,EV_0024,INST_001,2026-12-20,Творческая встреча
VIS_04910,EV_0024,INST_001,2026-12-20,Творческая встреча
VIS_02816,EV_0024,INST_001,2026-12-20,Творческая встреча
VIS_02435,EV_0024,INST_001,2026-12-20,Творческая встреча
VIS_02606,EV_0024,INST_001,2026-12-20,Творческая встреча
VIS_04710,EV_0024,INST_001,2026-12-20,Творческая встреча
VIS_01081,EV_0024,INST_001,2026-12-20,Творческая встреча
VIS_01268,EV_0024,INST_001,2026-12-20,Творческая встреча
VIS_04553,EV_0024,INST_001,2026-12-20,Творческая встреча
VIS_01996,EV_0024,INST_001,2026-12-20,Творческая встреча
VIS_04232,EV_0024,INST_001,2026-12-20,Творческая встреча
VIS_02545,EV_0024,INST_001,2026-12-20,Творческая встреча
VIS_00191,EV_0024,INST_001,2026-12-20,Творческая встреча
VIS_04296,EV_0024,INST_001,2026-12-20,Творческая встреча
VIS_03391,EV_0024,INST_001,2026-12-20,Творческая встреча
VIS_03093,EV_0024,INST_001,2026-12-20,Творческая встреча
VIS_04712,EV_0024,INST_001,2026-12-20,Творческая встреча
VIS_02374,EV_0024,INST_001,2026-12-20,Творческая встреча
VIS_03973,EV_0024,INST_001,2026-12-20,Творческая встреча
VIS_02103,EV_0024,INST_001,2026-12-20,Творческая встреча
VIS_03038,EV_0024,INST_001,2026-12-20,Творческая встреча
VIS_01376,EV_0024,INST_001,2026-12-20,Творческая встреча
VIS_02013,EV_0024,INST_001,2026-12-20,Творческая встреча
VIS_01013,EV_0024,INST_001,2026-12-20,Творческая встреча
VIS_00724,EV_0024,INST_001,2026-12-20,Творческая встреча
VIS_03626,EV_0024,INST_001,2026-12-20,Творческая встреча
VIS_01891,EV_0024,INST_001,2026-12-20,Творческая встреча
VIS_02068,EV_0024,INST_001,2026-12-20,Творческая встреча
VIS_02518,EV_0024,INST_001,2026-12-20,Творческая встреча
VIS_03396,EV_0024,INST_001,2026-12-20,Творческая встреча
VIS_03428,EV_0024,INST_001,2026-12-20,Творческая встреча
VIS_04683,EV_0024,INST_001,2026-12-20,Творческая встреча
VIS_01744,EV_0024,INST_001,2026-12-20,Творческая встреча
VIS_02635,EV_0024,INST_001,2026-12-20,Творческая встреча
VIS_00060,EV_0024,INST_001,2026-12-20,Творческая встреча
VIS_04501,EV_0024,INST_001,2026-12-20,Творческая встреча
VIS_04487,EV_0024,INST_001,2026-12-20,Творческая встреча
VIS_00625,EV_0024,INST_001,2026-12-20,Творческая встреча
VIS_04056,EV_0024,INST_001,2026-12-20,Творческая встреча
VIS_00630,EV_0024,INST_001,2026-12-20,Творческая встреча
VIS_00463,EV_0024,INST_001,2026-12-20,Творческая встреча
VIS_03321,EV_0024,INST_001,2026-12-20,Творческая встреча
VIS_01803,EV_0024,INST_001,2026-12-20,Творческая встреча
VIS_00028,EV_0024,INST_001,2026-12-20,Творческая встреча
VIS_03439,EV_0024,INST_001,2026-12-20,Творческая встреча
VIS_02331,EV_0024,INST_001,2026-12-20,Творческая встреча
VIS_01027,EV_0024,INST_001,2026-12-20,Творческая встреча
VIS_04851,EV_0024,INST_001,2026-12-20,Творческая встреча
VIS_01986,EV_0024,INST_001,2026-12-20,Творческая встреча
VIS_01125,EV_0024,INST_001,2026-12-20,Творческая встреча
VIS_01047,EV_0024,INST_001,2026-12-20,Творческая встреча
VIS_02525,EV_0024,INST_001,2026-12-20,Творческая встреча
VIS_03270,EV_0024,INST_001,2026-12-20,Творческая встреча
VIS_04636,EV_0024,INST_001,2026-12-20,Творческая встреча
VIS_04925,EV_0024,INST_001,2026-12-20,Творческая встреча
VIS_03260,EV_0024,INST_001,2026-12-20,Творческая встреча
VIS_00260,EV_0024,INST_001,2026-12-20,Творческая встреча
VIS_03787,EV_0024,INST_001,2026-12-20,Творческая встреча
VIS_02747,EV_0024,INST_001,2026-12-20,Творческая встреча
VIS_04239,EV_0024,INST_001,2026-12-20,Творческая встреча
VIS_00738,EV_0024,INST_001,2026-12-20,Творческая встреча
VIS_01608,EV_0024,INST_001,2026-12-20,Творческая встреча
VIS_02782,EV_0024,INST_001,2026-12-20,Творческая встреча
VIS_03107,EV_0024,INST_001,2026-12-20,Творческая встреча
VIS_02520,EV_0035,INST_002,2026-12-20,Лекция
VIS_02879,EV_0035,INST_002,2026-12-20,Лекция
VIS_02917,EV_0035,INST_002,2026-12-20,Лекция
VIS_04713,EV_0035,INST_002,2026-12-20,Лекция
VIS_02877,EV_0035,INST_002,2026-12-20,Лекция
VIS_04480,EV_0035,INST_002,2026-12-20,Лекция
VIS_01359,EV_0035,INST_002,2026-12-20,Лекция
VIS_04646,EV_0035,INST_002,2026-12-20,Лекция
VIS_00665,EV_0035,INST_002,2026-12-20,Лекция
VIS_00414,EV_0035,INST_002,2026-12-20,Лекция
VIS_01710,EV_0035,INST_002,2026-12-20,Лекция
VIS_01738,EV_0035,INST_002,2026-12-20,Лекция
VIS_02820,EV_0035,INST_002,2026-12-20,Лекция
VIS_00466,EV_0035,INST_002,2026-12-20,Лекция
VIS_03446,EV_0035,INST_002,2026-12-20,Лекция
VIS_02640,EV_0035,INST_002,2026-12-20,Лекция
VIS_04539,EV_0035,INST_002,2026-12-20,Лекция
VIS_00546,EV_0035,INST_002,2026-12-20,Лекция
VIS_01506,EV_0035,INST_002,2026-12-20,Лекция
VIS_03071,EV_0035,INST_002,2026-12-20,Лекция
VIS_02452,EV_0035,INST_002,2026-12-20,Лекция
VIS_00654,EV_0035,INST_002,2026-12-20,Лекция
VIS_02268,EV_0035,INST_002,2026-12-20,Лекция
VIS_01267,EV_0035,INST_002,2026-12-20,Лекция
VIS_04971,EV_0035,INST_002,2026-12-20,Лекция
VIS_03949,EV_0035,INST_002,2026-12-20,Лекция
VIS_04491,EV_0035,INST_002,2026-12-20,Лекция
VIS_00474,EV_0035,INST_002,2026-12-20,Лекция
VIS_01223,EV_0035,INST_002,2026-12-20,Лекция
VIS_01864,EV_0035,INST_002,2026-12-20,Лекция
VIS_01190,EV_0035,INST_002,2026-12-20,Лекция
VIS_04293,EV_0035,INST_002,2026-12-20,Лекция
VIS_04975,EV_0035,INST_002,2026-12-20,Лекция
VIS_02894,EV_0035,INST_002,2026-12-20,Лекция
VIS_00982,EV_0035,INST_002,2026-12-20,Лекция
VIS_03662,EV_0035,INST_002,2026-12-20,Лекция
VIS_03220,EV_0035,INST_002,2026-12-20,Лекция
VIS_04899,EV_0035,INST_002,2026-12-20,Лекция
VIS_03240,EV_0035,INST_002,2026-12-20,Лекция
VIS_02030,EV_0035,INST_002,2026-12-20,Лекция
VIS_00767,EV_0035,INST_002,2026-12-20,Лекция
VIS_04114,EV_0035,INST_002,2026-12-20,Лекция
VIS_04693,EV_0035,INST_002,2026-12-20,Лекция
VIS_03689,EV_0035,INST_002,2026-12-20,Лекция
VIS_00936,EV_0035,INST_002,2026-12-20,Лекция
VIS_02720,EV_0035,INST_002,2026-12-20,Лекция
VIS_03331,EV_0035,INST_002,2026-12-20,Лекция
VIS_03485,EV_0035,INST_002,2026-12-20,Лекция
VIS_03684,EV_0035,INST_002,2026-12-20,Лекция
VIS_04792,EV_0035,INST_002,2026-12-20,Лекция
VIS_00452,EV_0035,INST_002,2026-12-20,Лекция
VIS_03572,EV_0035,INST_002,2026-12-20,Лекция
VIS_03846,EV_0035,INST_002,2026-12-20,Лекция
VIS_04997,EV_0035,INST_002,2026-12-20,Лекция
VIS_01331,EV_0035,INST_002,2026-12-20,Лекция
VIS_03193,EV_0035,INST_002,2026-12-20,Лекция
VIS_02440,EV_0035,INST_002,2026-12-20,Лекция
VIS_00479,EV_0035,INST_002,2026-12-20,Лекция
VIS_04767,EV_0035,INST_002,2026-12-20,Лекция
VIS_02420,EV_0035,INST_002,2026-12-20,Лекция
VIS_04074,EV_0035,INST_002,2026-12-20,Лекция
VIS_03652,EV_0035,INST_002,2026-12-20,Лекция
VIS_01243,EV_0041,INST_003,2026-12-20,Выставка
VIS_02007,EV_0041,INST_003,2026-12-20,Выставка
VIS_04352,EV_0041,INST_003,2026-12-20,Выставка
VIS_02267,EV_0041,INST_003,2026-12-20,Выставка
VIS_03300,EV_0041,INST_003,2026-12-20,Выставка
VIS_01184,EV_0041,INST_003,2026-12-20,Выставка
VIS_03249,EV_0041,INST_003,2026-12-20,Выставка
VIS_01680,EV_0041,INST_003,2026-12-20,Выставка
VIS_00687,EV_0041,INST_003,2026-12-20,Выставка
VIS_02726,EV_0041,INST_003,2026-12-20,Выставка
VIS_04001,EV_0041,INST_003,2026-12-20,Выставка
VIS_00495,EV_0041,INST_003,2026-12-20,Выставка
VIS_03352,EV_0041,INST_003,2026-12-20,Выставка
VIS_02626,EV_0041,INST_003,2026-12-20,Выставка
VIS_01409,EV_0041,INST_003,2026-12-20,Выставка
VIS_01250,EV_0041,INST_003,2026-12-20,Выставка
VIS_04682,EV_0041,INST_003,2026-12-20,Выставка
VIS_01532,EV_0041,INST_003,2026-12-20,Выставка
VIS_00889,EV_0041,INST_003,2026-12-20,Выставка
VIS_00961,EV_0041,INST_003,2026-12-20,Выставка
VIS_00997,EV_0041,INST_003,2026-12-20,Выставка
VIS_02879,EV_0041,INST_003,2026-12-20,Выставка
VIS_02284,EV_0041,INST_003,2026-12-20,Выставка
VIS_01919,EV_0041,INST_003,2026-12-20,Выставка
VIS_01638,EV_0041,INST_003,2026-12-20,Выставка
VIS_04205,EV_0041,INST_003,2026-12-20,Выставка
VIS_02891,EV_0041,INST_003,2026-12-20,Выставка
VIS_04997,EV_0041,INST_003,2026-12-20,Выставка
VIS_00820,EV_0041,INST_003,2026-12-20,Выставка
VIS_01255,EV_0041,INST_003,2026-12-20,Выставка
VIS_01526,EV_0041,INST_003,2026-12-20,Выставка
VIS_02043,EV_0041,INST_003,2026-12-20,Выставка
VIS_01975,EV_0041,INST_003,2026-12-20,Выставка
VIS_04119,EV_0041,INST_003,2026-12-20,Выставка
VIS_01925,EV_0041,INST_003,2026-12-20,Выставка
VIS_00094,EV_0041,INST_003,2026-12-20,Выставка
VIS_01171,EV_0041,INST_003,2026-12-20,Выставка
VIS_02937,EV_0048,INST_004,2026-12-20,Творческая встреча
VIS_01099,EV_0048,INST_004,2026-12-20,Творческая встреча
VIS_04149,EV_0048,INST_004,2026-12-20,Творческая встреча
VIS_02381,EV_0048,INST_004,2026-12-20,Творческая встреча
VIS_00171,EV_0048,INST_004,2026-12-20,Творческая встреча
VIS_03464,EV_0048,INST_004,2026-12-20,Творческая встреча
VIS_00187,EV_0048,INST_004,2026-12-20,Творческая встреча
VIS_02801,EV_0048,INST_004,2026-12-20,Творческая встреча
VIS_01809,EV_0048,INST_004,2026-12-20,Творческая встреча
VIS_01255,EV_0048,INST_004,2026-12-20,Творческая встреча
VIS_01641,EV_0048,INST_004,2026-12-20,Творческая встреча
VIS_03682,EV_0048,INST_004,2026-12-20,Творческая встреча
VIS_01849,EV_0048,INST_004,2026-12-20,Творческая встреча
VIS_04180,EV_0048,INST_004,2026-12-20,Творческая встреча
VIS_04592,EV_0048,INST_004,2026-12-20,Творческая встреча
VIS_03463,EV_0048,INST_004,2026-12-20,Творческая встреча
VIS_04505,EV_0048,INST_004,2026-12-20,Творческая встреча
VIS_00043,EV_0048,INST_004,2026-12-20,Творческая встреча
VIS_01596,EV_0048,INST_004,2026-12-20,Творческая встреча
VIS_00114,EV_0048,INST_004,2026-12-20,Творческая встреча
VIS_03424,EV_0048,INST_004,2026-12-20,Творческая встреча
VIS_04254,EV_0048,INST_004,2026-12-20,Творческая встреча
VIS_01931,EV_0048,INST_004,2026-12-20,Творческая встреча
VIS_01466,EV_0048,INST_004,2026-12-20,Творческая встреча
VIS_03268,EV_0048,INST_004,2026-12-20,Творческая встреча
VIS_01780,EV_0048,INST_004,2026-12-20,Творческая встреча
VIS_02587,EV_0048,INST_004,2026-12-20,Творческая встреча
VIS_04448,EV_0048,INST_004,2026-12-20,Творческая встреча
VIS_02720,EV_0048,INST_004,2026-12-20,Творческая встреча
VIS_04783,EV_0048,INST_004,2026-12-20,Творческая встреча
VIS_03145,EV_0048,INST_004,2026-12-20,Творческая встреча
VIS_02233,EV_0048,INST_004,2026-12-20,Творческая встреча
VIS_01308,EV_0048,INST_004,2026-12-20,Творческая встреча
VIS_01814,EV_0048,INST_004,2026-12-20,Творческая встреча
VIS_01672,EV_0048,INST_004,2026-12-20,Творческая встреча
VIS_03382,EV_0048,INST_004,2026-12-20,Творческая встреча
VIS_00231,EV_0048,INST_004,2026-12-20,Творческая встреча
VIS_01246,EV_0048,INST_004,2026-12-20,Творческая встреча
VIS_01073,EV_0048,INST_004,2026-12-20,Творческая встреча
VIS_04189,EV_0048,INST_004,2026-12-20,Творческая встреча
VIS_01735,EV_0048,INST_004,2026-12-20,Творческая встреча
VIS_00253,EV_0048,INST_004,2026-12-20,Творческая встреча
VIS_04420,EV_0048,INST_004,2026-12-20,Творческая встреча
VIS_00616,EV_0048,INST_004,2026-12-20,Творческая встреча
VIS_04240,EV_0048,INST_004,2026-12-20,Творческая встреча
VIS_03238,EV_0048,INST_004,2026-12-20,Творческая встреча
VIS_03803,EV_0048,INST_004,2026-12-20,Творческая встреча
VIS_04585,EV_0048,INST_004,2026-12-20,Творческая встреча
VIS_03973,EV_0048,INST_004,2026-12-20,Творческая встреча
VIS_00545,EV_0048,INST_004,2026-12-20,Творческая встреча
VIS_02180,EV_0048,INST_004,2026-12-20,Творческая встреча
VIS_02496,EV_0048,INST_004,2026-12-20,Творческая встреча
VIS_04022,EV_0048,INST_004,2026-12-20,Творческая встреча
VIS_02504,EV_0048,INST_004,2026-12-20,Творческая встреча
VIS_02933,EV_0048,INST_004,2026-12-20,Творческая встреча
VIS_03853,EV_0048,INST_004,2026-12-20,Творческая встреча
VIS_01964,EV_0048,INST_004,2026-12-20,Творческая встреча
VIS_02790,EV_0048,INST_004,2026-12-20,Творческая встреча
VIS_01437,EV_0048,INST_004,2026-12-20,Творческая встреча
VIS_04895,EV_0048,INST_004,2026-12-20,Творческая встреча
VIS_00121,EV_0048,INST_004,2026-12-20,Творческая встреча
VIS_02664,EV_0048,INST_004,2026-12-20,Творческая встреча
VIS_04327,EV_0048,INST_004,2026-12-20,Творческая встреча
VIS_01463,EV_0048,INST_004,2026-12-20,Творческая встреча
VIS_02980,EV_0048,INST_004,2026-12-20,Творческая встреча
VIS_00703,EV_0048,INST_004,2026-12-20,Творческая встреча
VIS_04731,EV_0048,INST_004,2026-12-20,Творческая встреча
VIS_04531,EV_0048,INST_004,2026-12-20,Творческая встреча
VIS_04552,EV_0048,INST_004,2026-12-20,Творческая встреча
VIS_01761,EV_0048,INST_004,2026-12-20,Творческая встреча
VIS_04264,EV_0048,INST_004,2026-12-20,Творческая встреча
VIS_00271,EV_0048,INST_004,2026-12-20,Творческая встреча
VIS_01626,EV_0048,INST_004,2026-12-20,Творческая встреча
VIS_03547,EV_0048,INST_004,2026-12-20,Творческая встреча
VIS_01934,EV_0048,INST_004,2026-12-20,Творческая встреча
VIS_04119,EV_0048,INST_004,2026-12-20,Творческая встреча
VIS_00238,EV_0048,INST_004,2026-12-20,Творческая встреча
VIS_03387,EV_0048,INST_004,2026-12-20,Творческая встреча
VIS_04810,EV_0048,INST_004,2026-12-20,Творческая встреча
VIS_00655,EV_0048,INST_004,2026-12-20,Творческая встреча
VIS_00638,EV_0048,INST_004,2026-12-20,Творческая встреча
VIS_01991,EV_0048,INST_004,2026-12-20,Творческая встреча
VIS_00020,EV_0048,INST_004,2026-12-20,Творческая встреча
VIS_00857,EV_0048,INST_004,2026-12-20,Творческая встреча
VIS_03184,EV_0048,INST_004,2026-12-20,Творческая встреча
VIS_00835,EV_0048,INST_004,2026-12-20,Творческая встреча
VIS_00552,EV_0055,INST_005,2026-12-20,Лекция
VIS_03084,EV_0055,INST_005,2026-12-20,Лекция
VIS_01838,EV_0055,INST_005,2026-12-20,Лекция
VIS_04926,EV_0055,INST_005,2026-12-20,Лекция
VIS_01959,EV_0055,INST_005,2026-12-20,Лекция
VIS_03230,EV_0055,INST_005,2026-12-20,Лекция
VIS_00085,EV_0055,INST_005,2026-12-20,Лекция
VIS_04180,EV_0055,INST_005,2026-12-20,Лекция
VIS_00394,EV_0055,INST_005,2026-12-20,Лекция
VIS_02499,EV_0055,INST_005,2026-12-20,Лекция
VIS_01135,EV_0055,INST_005,2026-12-20,Лекция
VIS_04531,EV_0055,INST_005,2026-12-20,Лекция
VIS_04222,EV_0055,INST_005,2026-12-20,Лекция
VIS_03653,EV_0055,INST_005,2026-12-20,Лекция
VIS_02308,EV_0055,INST_005,2026-12-20,Лекция
VIS_00067,EV_0055,INST_005,2026-12-20,Лекция
VIS_02558,EV_0055,INST_005,2026-12-20,Лекция
VIS_02775,EV_0055,INST_005,2026-12-20,Лекция
VIS_01308,EV_0055,INST_005,2026-12-20,Лекция
VIS_02193,EV_0055,INST_005,2026-12-20,Лекция
VIS_04599,EV_0055,INST_005,2026-12-20,Лекция
VIS_04012,EV_0055,INST_005,2026-12-20,Лекция
VIS_01576,EV_0055,INST_005,2026-12-20,Лекция
VIS_00048,EV_0055,INST_005,2026-12-20,Лекция
VIS_01530,EV_0055,INST_005,2026-12-20,Лекция
VIS_03840,EV_0055,INST_005,2026-12-20,Лекция
VIS_00188,EV_0055,INST_005,2026-12-20,Лекция
VIS_01287,EV_0055,INST_005,2026-12-20,Лекция
VIS_03681,EV_0055,INST_005,2026-12-20,Лекция
VIS_03838,EV_0055,INST_005,2026-12-20,Лекция
VIS_01328,EV_0055,INST_005,2026-12-20,Лекция
VIS_00500,EV_0055,INST_005,2026-12-20,Лекция
VIS_01267,EV_0055,INST_005,2026-12-20,Лекция
VIS_01324,EV_0055,INST_005,2026-12-20,Лекция
VIS_03771,EV_0055,INST_005,2026-12-20,Лекция
VIS_04391,EV_0055,INST_005,2026-12-20,Лекция
VIS_04044,EV_0055,INST_005,2026-12-20,Лекция
VIS_02085,EV_0055,INST_005,2026-12-20,Лекция
VIS_04958,EV_0055,INST_005,2026-12-20,Лекция
VIS_02186,EV_0055,INST_005,2026-12-20,Лекция
VIS_01614,EV_0055,INST_005,2026-12-20,Лекция
VIS_00677,EV_0055,INST_005,2026-12-20,Лекция
VIS_02835,EV_0055,INST_005,2026-12-20,Лекция
VIS_01706,EV_0055,INST_005,2026-12-20,Лекция
VIS_00360,EV_0055,INST_005,2026-12-20,Лекция
VIS_03307,EV_0055,INST_005,2026-12-20,Лекция
VIS_02464,EV_0055,INST_005,2026-12-20,Лекция
VIS_04816,EV_0055,INST_005,2026-12-20,Лекция
VIS_04034,EV_0055,INST_005,2026-12-20,Лекция
VIS_00241,EV_0055,INST_005,2026-12-20,Лекция
VIS_01535,EV_0055,INST_005,2026-12-20,Лекция
VIS_04446,EV_0055,INST_005,2026-12-20,Лекция
VIS_02364,EV_0055,INST_005,2026-12-20,Лекция
VIS_01589,EV_0055,INST_005,2026-12-20,Лекция
VIS_00012,EV_0055,INST_005,2026-12-20,Лекция
VIS_03851,EV_0055,INST_005,2026-12-20,Лекция
VIS_04330,EV_0055,INST_005,2026-12-20,Лекция
VIS_00168,EV_0055,INST_005,2026-12-20,Лекция
VIS_01786,EV_0055,INST_005,2026-12-20,Лекция
VIS_04014,EV_0055,INST_005,2026-12-20,Лекция
VIS_01904,EV_0055,INST_005,2026-12-20,Лекция
VIS_01740,EV_0055,INST_005,2026-12-20,Лекция
VIS_02566,EV_0055,INST_005,2026-12-20,Лекция
VIS_00749,EV_0055,INST_005,2026-12-20,Лекция
VIS_02429,EV_0055,INST_005,2026-12-20,Лекция
VIS_00333,EV_0055,INST_005,2026-12-20,Лекция
VIS_03049,EV_0055,INST_005,2026-12-20,Лекция
VIS_03855,EV_0055,INST_005,2026-12-20,Лекция
VIS_04964,EV_0055,INST_005,2026-12-20,Лекция
VIS_04545,EV_0055,INST_005,2026-12-20,Лекция
VIS_00813,EV_0055,INST_005,2026-12-20,Лекция
VIS_01115,EV_0055,INST_005,2026-12-20,Лекция
VIS_03914,EV_0055,INST_005,2026-12-20,Лекция
VIS_03781,EV_0055,INST_005,2026-12-20,Лекция
VIS_00792,EV_0055,INST_005,2026-12-20,Лекция
VIS_00549,EV_0055,INST_005,2026-12-20,Лекция
VIS_02850,EV_0055,INST_005,2026-12-20,Лекция
VIS_04611,EV_0055,INST_005,2026-12-20,Лекция
VIS_00577,EV_0055,INST_005,2026-12-20,Лекция
VIS_02661,EV_0055,INST_005,2026-12-20,Лекция
VIS_02108,EV_0055,INST_005,2026-12-20,Лекция
VIS_02593,EV_0055,INST_005,2026-12-20,Лекция
VIS_04638,EV_0055,INST_005,2026-12-20,Лекция
VIS_03403,EV_0055,INST_005,2026-12-20,Лекция
VIS_00348,EV_0055,INST_005,2026-12-20,Лекция
VIS_02470,EV_0055,INST_005,2026-12-20,Лекция
VIS_00533,EV_0055,INST_005,2026-12-20,Лекция
VIS_01790,EV_0055,INST_005,2026-12-20,Лекция
VIS_02053,EV_0055,INST_005,2026-12-20,Лекция
VIS_00598,EV_0055,INST_005,2026-12-20,Лекция
VIS_01108,EV_0055,INST_005,2026-12-20,Лекция
VIS_01073,EV_0055,INST_005,2026-12-20,Лекция
VIS_04824,EV_0055,INST_005,2026-12-20,Лекция
VIS_02370,EV_0055,INST_005,2026-12-20,Лекция
VIS_03880,EV_0055,INST_005,2026-12-20,Лекция
VIS_02101,EV_0055,INST_005,2026-12-20,Лекция
VIS_04151,EV_0055,INST_005,2026-12-20,Лекция
VIS_03134,EV_0055,INST_005,2026-12-20,Лекция
VIS_01442,EV_0055,INST_005,2026-12-20,Лекция
VIS_02886,EV_0055,INST_005,2026-12-20,Лекция
VIS_00351,EV_0055,INST_005,2026-12-20,Лекция
VIS_02735,EV_0055,INST_005,2026-12-20,Лекция
VIS_02453,EV_0055,INST_005,2026-12-20,Лекция
VIS_01143,EV_0055,INST_005,2026-12-20,Лекция
VIS_00778,EV_0055,INST_005,2026-12-20,Лекция
VIS_04064,EV_0055,INST_005,2026-12-20,Лекция
VIS_03625,EV_0055,INST_005,2026-12-20,Лекция
VIS_00572,EV_0078,INST_006,2026-12-20,Лекция
VIS_00081,EV_0078,INST_006,2026-12-20,Лекция
VIS_01480,EV_0078,INST_006,2026-12-20,Лекция
VIS_00422,EV_0078,INST_006,2026-12-20,Лекция
VIS_02373,EV_0078,INST_006,2026-12-20,Лекция
VIS_01894,EV_0078,INST_006,2026-12-20,Лекция
VIS_03939,EV_0078,INST_006,2026-12-20,Лекция
VIS_04077,EV_0078,INST_006,2026-12-20,Лекция
VIS_03947,EV_0078,INST_006,2026-12-20,Лекция
VIS_01347,EV_0078,INST_006,2026-12-20,Лекция
VIS_01159,EV_0078,INST_006,2026-12-20,Лекция
VIS_01975,EV_0078,INST_006,2026-12-20,Лекция
VIS_00957,EV_0078,INST_006,2026-12-20,Лекция
VIS_02192,EV_0078,INST_006,2026-12-20,Лекция
VIS_04679,EV_0078,INST_006,2026-12-20,Лекция
VIS_00879,EV_0078,INST_006,2026-12-20,Лекция
VIS_04664,EV_0078,INST_006,2026-12-20,Лекция
VIS_04227,EV_0078,INST_006,2026-12-20,Лекция
VIS_01970,EV_0078,INST_006,2026-12-20,Лекция
VIS_03256,EV_0078,INST_006,2026-12-20,Лекция
VIS_03800,EV_0078,INST_006,2026-12-20,Лекция
VIS_03761,EV_0078,INST_006,2026-12-20,Лекция
VIS_02564,EV_0078,INST_006,2026-12-20,Лекция
VIS_03913,EV_0078,INST_006,2026-12-20,Лекция
VIS_00137,EV_0078,INST_006,2026-12-20,Лекция
VIS_04916,EV_0078,INST_006,2026-12-20,Лекция
VIS_03770,EV_0078,INST_006,2026-12-20,Лекция
VIS_01235,EV_0078,INST_006,2026-12-20,Лекция
VIS_01091,EV_0078,INST_006,2026-12-20,Лекция
VIS_03518,EV_0078,INST_006,2026-12-20,Лекция
VIS_04559,EV_0078,INST_006,2026-12-20,Лекция
VIS_03415,EV_0078,INST_006,2026-12-20,Лекция
VIS_04659,EV_0078,INST_006,2026-12-20,Лекция
VIS_00364,EV_0078,INST_006,2026-12-20,Лекция
VIS_01278,EV_0078,INST_006,2026-12-20,Лекция
VIS_02762,EV_0078,INST_006,2026-12-20,Лекция
VIS_01698,EV_0078,INST_006,2026-12-20,Лекция
VIS_01319,EV_0078,INST_006,2026-12-20,Лекция
VIS_03899,EV_0078,INST_006,2026-12-20,Лекция
VIS_01896,EV_0078,INST_006,2026-12-20,Лекция
VIS_00367,EV_0078,INST_006,2026-12-20,Лекция
VIS_01034,EV_0078,INST_006,2026-12-20,Лекция
VIS_02135,EV_0078,INST_006,2026-12-20,Лекция
VIS_01044,EV_0078,INST_006,2026-12-20,Лекция
VIS_03842,EV_0078,INST_006,2026-12-20,Лекция
VIS_04232,EV_0078,INST_006,2026-12-20,Лекция
VIS_01029,EV_0078,INST_006,2026-12-20,Лекция
VIS_01470,EV_0078,INST_006,2026-12-20,Лекция
VIS_01978,EV_0078,INST_006,2026-12-20,Лекция
VIS_02544,EV_0078,INST_006,2026-12-20,Лекция
VIS_00439,EV_0078,INST_006,2026-12-20,Лекция
VIS_02541,EV_0078,INST_006,2026-12-20,Лекция
VIS_03524,EV_0078,INST_006,2026-12-20,Лекция
VIS_04572,EV_0078,INST_006,2026-12-20,Лекция
VIS_04805,EV_0078,INST_006,2026-12-20,Лекция
VIS_03878,EV_0078,INST_006,2026-12-20,Лекция
VIS_00476,EV_0078,INST_006,2026-12-20,Лекция
VIS_01907,EV_0078,INST_006,2026-12-20,Лекция
VIS_04554,EV_0078,INST_006,2026-12-20,Лекция
VIS_02950,EV_0078,INST_006,2026-12-20,Лекция
VIS_01869,EV_0078,INST_006,2026-12-20,Лекция
VIS_00629,EV_0078,INST_006,2026-12-20,Лекция
VIS_00729,EV_0078,INST_006,2026-12-20,Лекция
VIS_03570,EV_0078,INST_006,2026-12-20,Лекция
VIS_04257,EV_0078,INST_006,2026-12-20,Лекция
VIS_02842,EV_0078,INST_006,2026-12-20,Лекция
VIS_03232,EV_0078,INST_006,2026-12-20,Лекция
VIS_04240,EV_0078,INST_006,2026-12-20,Лекция
VIS_02205,EV_0078,INST_006,2026-12-20,Лекция
VIS_01660,EV_0078,INST_006,2026-12-20,Лекция
VIS_04263,EV_0078,INST_006,2026-12-20,Лекция
VIS_02073,EV_0078,INST_006,2026-12-20,Лекция
VIS_03485,EV_0078,INST_006,2026-12-20,Лекция
VIS_02150,EV_0078,INST_006,2026-12-20,Лекция
VIS_04947,EV_0078,INST_006,2026-12-20,Лекция
VIS_02109,EV_0078,INST_006,2026-12-20,Лекция
VIS_03190,EV_0078,INST_006,2026-12-20,Лекция
VIS_03058,EV_0078,INST_006,2026-12-20,Лекция
VIS_00460,EV_0078,INST_006,2026-12-20,Лекция
VIS_03680,EV_0078,INST_006,2026-12-20,Лекция
VIS_01617,EV_0078,INST_006,2026-12-20,Лекция
VIS_02210,EV_0078,INST_006,2026-12-20,Лекция
VIS_03653,EV_0078,INST_006,2026-12-20,Лекция
VIS_04208,EV_0078,INST_006,2026-12-20,Лекция
VIS_00839,EV_0078,INST_006,2026-12-20,Лекция
VIS_04945,EV_0078,INST_006,2026-12-20,Лекция
VIS_04552,EV_0078,INST_006,2026-12-20,Лекция
VIS_00337,EV_0078,INST_006,2026-12-20,Лекция
VIS_01623,EV_0078,INST_006,2026-12-20,Лекция
VIS_03713,EV_0078,INST_006,2026-12-20,Лекция
VIS_01548,EV_0078,INST_006,2026-12-20,Лекция
VIS_04779,EV_0078,INST_006,2026-12-20,Лекция
VIS_04178,EV_0078,INST_006,2026-12-20,Лекция
VIS_03704,EV_0078,INST_006,2026-12-20,Лекция
VIS_00611,EV_0078,INST_006,2026-12-20,Лекция
VIS_00851,EV_0078,INST_006,2026-12-20,Лекция
VIS_00415,EV_0078,INST_006,2026-12-20,Лекция
VIS_02472,EV_0078,INST_006,2026-12-20,Лекция
VIS_04500,EV_0078,INST_006,2026-12-20,Лекция
VIS_02336,EV_0078,INST_006,2026-12-20,Лекция
VIS_00116,EV_0078,INST_006,2026-12-20,Лекция
VIS_00490,EV_0078,INST_006,2026-12-20,Лекция
VIS_01307,EV_0078,INST_006,2026-12-20,Лекция
VIS_03158,EV_0078,INST_006,2026-12-20,Лекция
VIS_04738,EV_0078,INST_006,2026-12-20,Лекция
VIS_00496,EV_0106,INST_007,2026-12-20,Выставка
VIS_04927,EV_0106,INST_007,2026-12-20,Выставка
VIS_03811,EV_0106,INST_007,2026-12-20,Выставка
VIS_02270,EV_0106,INST_007,2026-12-20,Выставка
VIS_01470,EV_0106,INST_007,2026-12-20,Выставка
VIS_02041,EV_0106,INST_007,2026-12-20,Выставка
VIS_01838,EV_0106,INST_007,2026-12-20,Выставка
VIS_01436,EV_0106,INST_007,2026-12-20,Выставка
VIS_01528,EV_0106,INST_007,2026-12-20,Выставка
VIS_03831,EV_0106,INST_007,2026-12-20,Выставка
VIS_00367,EV_0106,INST_007,2026-12-20,Выставка
VIS_03662,EV_0106,INST_007,2026-12-20,Выставка
VIS_01981,EV_0106,INST_007,2026-12-20,Выставка
VIS_03672,EV_0106,INST_007,2026-12-20,Выставка
VIS_00574,EV_0106,INST_007,2026-12-20,Выставка
VIS_01269,EV_0106,INST_007,2026-12-20,Выставка
VIS_02681,EV_0106,INST_007,2026-12-20,Выставка
VIS_00989,EV_0106,INST_007,2026-12-20,Выставка
VIS_02404,EV_0106,INST_007,2026-12-20,Выставка
VIS_04326,EV_0106,INST_007,2026-12-20,Выставка
VIS_03368,EV_0106,INST_007,2026-12-20,Выставка
VIS_03473,EV_0106,INST_007,2026-12-20,Выставка
VIS_03709,EV_0106,INST_007,2026-12-20,Выставка
VIS_00848,EV_0106,INST_007,2026-12-20,Выставка
VIS_01087,EV_0106,INST_007,2026-12-20,Выставка
VIS_03099,EV_0106,INST_007,2026-12-20,Выставка
VIS_00572,EV_0106,INST_007,2026-12-20,Выставка
VIS_04974,EV_0106,INST_007,2026-12-20,Выставка
VIS_01237,EV_0106,INST_007,2026-12-20,Выставка
VIS_02841,EV_0106,INST_007,2026-12-20,Выставка
VIS_00789,EV_0106,INST_007,2026-12-20,Выставка
VIS_01128,EV_0106,INST_007,2026-12-20,Выставка
VIS_01131,EV_0106,INST_007,2026-12-20,Выставка
VIS_04187,EV_0106,INST_007,2026-12-20,Выставка
VIS_02025,EV_0106,INST_007,2026-12-20,Выставка
VIS_01764,EV_0106,INST_007,2026-12-20,Выставка
VIS_03606,EV_0106,INST_007,2026-12-20,Выставка
VIS_03600,EV_0106,INST_007,2026-12-20,Выставка
VIS_04749,EV_0106,INST_007,2026-12-20,Выставка
VIS_02601,EV_0106,INST_007,2026-12-20,Выставка
VIS_00615,EV_0106,INST_007,2026-12-20,Выставка
VIS_04516,EV_0106,INST_007,2026-12-20,Выставка
VIS_01343,EV_0106,INST_007,2026-12-20,Выставка
VIS_03134,EV_0106,INST_007,2026-12-20,Выставка
VIS_01850,EV_0106,INST_007,2026-12-20,Выставка
VIS_01968,EV_0106,INST_007,2026-12-20,Выставка
VIS_03200,EV_0106,INST_007,2026-12-20,Выставка
VIS_00442,EV_0106,INST_007,2026-12-20,Выставка
VIS_04654,EV_0106,INST_007,2026-12-20,Выставка
VIS_03395,EV_0106,INST_007,2026-12-20,Выставка
VIS_01400,EV_0106,INST_007,2026-12-20,Выставка
VIS_01720,EV_0106,INST_007,2026-12-20,Выставка
VIS_01663,EV_0106,INST_007,2026-12-20,Выставка
VIS_04321,EV_0106,INST_007,2026-12-20,Выставка
VIS_04281,EV_0106,INST_007,2026-12-20,Выставка
VIS_03250,EV_0106,INST_007,2026-12-20,Выставка
VIS_04146,EV_0106,INST_007,2026-12-20,Выставка
VIS_03685,EV_0106,INST_007,2026-12-20,Выставка
VIS_02090,EV_0106,INST_007,2026-12-20,Выставка
VIS_02737,EV_0106,INST_007,2026-12-20,Выставка
VIS_04181,EV_0117,INST_009,2026-12-20,Мастер-класс
VIS_03367,EV_0117,INST_009,2026-12-20,Мастер-класс
VIS_03893,EV_0117,INST_009,2026-12-20,Мастер-класс
VIS_02721,EV_0117,INST_009,2026-12-20,Мастер-класс
VIS_03812,EV_0117,INST_009,2026-12-20,Мастер-класс
VIS_02981,EV_0117,INST_009,2026-12-20,Мастер-класс
VIS_01137,EV_0117,INST_009,2026-12-20,Мастер-класс
VIS_03072,EV_0117,INST_009,2026-12-20,Мастер-класс
VIS_01880,EV_0117,INST_009,2026-12-20,Мастер-класс
VIS_03069,EV_0117,INST_009,2026-12-20,Мастер-класс
VIS_00402,EV_0117,INST_009,2026-12-20,Мастер-класс
VIS_03098,EV_0117,INST_009,2026-12-20,Мастер-класс
VIS_02360,EV_0117,INST_009,2026-12-20,Мастер-класс
VIS_03661,EV_0117,INST_009,2026-12-20,Мастер-класс
VIS_02810,EV_0117,INST_009,2026-12-20,Мастер-класс
VIS_01475,EV_0117,INST_009,2026-12-20,Мастер-класс
VIS_04742,EV_0117,INST_009,2026-12-20,Мастер-класс
VIS_00737,EV_0117,INST_009,2026-12-20,Мастер-класс
VIS_02653,EV_0117,INST_009,2026-12-20,Мастер-класс
VIS_01223,EV_0117,INST_009,2026-12-20,Мастер-класс
VIS_00014,EV_0117,INST_009,2026-12-20,Мастер-класс
VIS_00538,EV_0117,INST_009,2026-12-20,Мастер-класс
VIS_02885,EV_0117,INST_009,2026-12-20,Мастер-класс
VIS_04166,EV_0117,INST_009,2026-12-20,Мастер-класс
VIS_00488,EV_0117,INST_009,2026-12-20,Мастер-класс
VIS_04381,EV_0117,INST_009,2026-12-20,Мастер-класс
VIS_01127,EV_0117,INST_009,2026-12-20,Мастер-класс
VIS_03766,EV_0117,INST_009,2026-12-20,Мастер-класс
VIS_04612,EV_0117,INST_009,2026-12-20,Мастер-класс
VIS_03764,EV_0117,INST_009,2026-12-20,Мастер-класс
VIS_00521,EV_0117,INST_009,2026-12-20,Мастер-класс
VIS_02039,EV_0117,INST_009,2026-12-20,Мастер-класс
VIS_04261,EV_0117,INST_009,2026-12-20,Мастер-класс
VIS_04993,EV_0117,INST_009,2026-12-20,Мастер-класс
VIS_02764,EV_0117,INST_009,2026-12-20,Мастер-класс
VIS_02035,EV_0117,INST_009,2026-12-20,Мастер-класс
VIS_02138,EV_0117,INST_009,2026-12-20,Мастер-класс
VIS_00378,EV_0117,INST_009,2026-12-20,Мастер-класс
VIS_04632,EV_0117,INST_009,2026-12-20,Мастер-класс
VIS_00266,EV_0117,INST_009,2026-12-20,Мастер-класс
VIS_00926,EV_0117,INST_009,2026-12-20,Мастер-класс
VIS_02488,EV_0117,INST_009,2026-12-20,Мастер-класс
VIS_01225,EV_0117,INST_009,2026-12-20,Мастер-класс
VIS_01658,EV_0117,INST_009,2026-12-20,Мастер-класс
VIS_02367,EV_0117,INST_009,2026-12-20,Мастер-класс
VIS_03783,EV_0117,INST_009,2026-12-20,Мастер-класс
VIS_03019,EV_0117,INST_009,2026-12-20,Мастер-класс
VIS_02482,EV_0117,INST_009,2026-12-20,Мастер-класс
VIS_03880,EV_0117,INST_009,2026-12-20,Мастер-класс
VIS_03717,EV_0117,INST_009,2026-12-20,Мастер-класс
VIS_02354,EV_0117,INST_009,2026-12-20,Мастер-класс
VIS_02548,EV_0117,INST_009,2026-12-20,Мастер-класс
VIS_00835,EV_0117,INST_009,2026-12-20,Мастер-класс
VIS_04853,EV_0123,INST_010,2026-12-20,Лекция
VIS_01546,EV_0123,INST_010,2026-12-20,Лекция
VIS_01389,EV_0123,INST_010,2026-12-20,Лекция
VIS_03850,EV_0123,INST_010,2026-12-20,Лекция
VIS_01033,EV_0123,INST_010,2026-12-20,Лекция
VIS_01780,EV_0123,INST_010,2026-12-20,Лекция
VIS_00279,EV_0123,INST_010,2026-12-20,Лекция
VIS_04987,EV_0123,INST_010,2026-12-20,Лекция
VIS_04851,EV_0123,INST_010,2026-12-20,Лекция
VIS_02254,EV_0123,INST_010,2026-12-20,Лекция
VIS_00529,EV_0123,INST_010,2026-12-20,Лекция
VIS_02848,EV_0123,INST_010,2026-12-20,Лекция
VIS_03377,EV_0123,INST_010,2026-12-20,Лекция
VIS_03137,EV_0123,INST_010,2026-12-20,Лекция
VIS_03339,EV_0123,INST_010,2026-12-20,Лекция
VIS_01060,EV_0123,INST_010,2026-12-20,Лекция
VIS_01129,EV_0123,INST_010,2026-12-20,Лекция
VIS_04613,EV_0123,INST_010,2026-12-20,Лекция
VIS_05000,EV_0123,INST_010,2026-12-20,Лекция
VIS_01988,EV_0123,INST_010,2026-12-20,Лекция
VIS_00816,EV_0123,INST_010,2026-12-20,Лекция
VIS_04259,EV_0123,INST_010,2026-12-20,Лекция
VIS_00665,EV_0123,INST_010,2026-12-20,Лекция
VIS_00165,EV_0123,INST_010,2026-12-20,Лекция
VIS_03371,EV_0123,INST_010,2026-12-20,Лекция
VIS_01485,EV_0123,INST_010,2026-12-20,Лекция
VIS_02876,EV_0123,INST_010,2026-12-20,Лекция
VIS_03882,EV_0123,INST_010,2026-12-20,Лекция
VIS_02428,EV_0123,INST_010,2026-12-20,Лекция
VIS_00839,EV_0123,INST_010,2026-12-20,Лекция
VIS_03563,EV_0123,INST_010,2026-12-20,Лекция
VIS_01138,EV_0123,INST_010,2026-12-20,Лекция
VIS_00990,EV_0123,INST_010,2026-12-20,Лекция
VIS_00296,EV_0123,INST_010,2026-12-20,Лекция
VIS_02495,EV_0123,INST_010,2026-12-20,Лекция
VIS_01993,EV_0123,INST_010,2026-12-20,Лекция
VIS_04283,EV_0123,INST_010,2026-12-20,Лекция
VIS_02083,EV_0123,INST_010,2026-12-20,Лекция
VIS_03134,EV_0123,INST_010,2026-12-20,Лекция
VIS_04446,EV_0123,INST_010,2026-12-20,Лекция
VIS_01742,EV_0123,INST_010,2026-12-20,Лекция
VIS_00262,EV_0123,INST_010,2026-12-20,Лекция
VIS_04679,EV_0123,INST_010,2026-12-20,Лекция
VIS_00016,EV_0123,INST_010,2026-12-20,Лекция
VIS_02989,EV_0123,INST_010,2026-12-20,Лекция
VIS_00027,EV_0123,INST_010,2026-12-20,Лекция
VIS_01043,EV_0123,INST_010,2026-12-20,Лекция
VIS_01815,EV_0123,INST_010,2026-12-20,Лекция
VIS_01111,EV_0123,INST_010,2026-12-20,Лекция
VIS_01280,EV_0123,INST_010,2026-12-20,Лекция
VIS_03015,EV_0123,INST_010,2026-12-20,Лекция
VIS_03446,EV_0123,INST_010,2026-12-20,Лекция
VIS_01127,EV_0123,INST_010,2026-12-20,Лекция
VIS_02075,EV_0123,INST_010,2026-12-20,Лекция
VIS_01985,EV_0123,INST_010,2026-12-20,Лекция
VIS_01899,EV_0123,INST_010,2026-12-20,Лекция
VIS_02822,EV_0123,INST_010,2026-12-20,Лекция
VIS_00644,EV_0123,INST_010,2026-12-20,Лекция
VIS_03495,EV_0123,INST_010,2026-12-20,Лекция
VIS_03404,EV_0123,INST_010,2026-12-20,Лекция
VIS_02887,EV_0123,INST_010,2026-12-20,Лекция
VIS_04148,EV_0123,INST_010,2026-12-20,Лекция
VIS_03469,EV_0123,INST_010,2026-12-20,Лекция
VIS_03602,EV_0123,INST_010,2026-12-20,Лекция
VIS_00209,EV_0123,INST_010,2026-12-20,Лекция
VIS_01609,EV_0123,INST_010,2026-12-20,Лекция
VIS_04815,EV_0123,INST_010,2026-12-20,Лекция
VIS_02377,EV_0123,INST_010,2026-12-20,Лекция
VIS_02335,EV_0123,INST_010,2026-12-20,Лекция
VIS_04164,EV_0123,INST_010,2026-12-20,Лекция
VIS_03612,EV_0123,INST_010,2026-12-20,Лекция
VIS_00092,EV_0123,INST_010,2026-12-20,Лекция
VIS_02566,EV_0123,INST_010,2026-12-20,Лекция
VIS_02218,EV_0123,INST_010,2026-12-20,Лекция
VIS_00440,EV_0123,INST_010,2026-12-20,Лекция
VIS_02697,EV_0123,INST_010,2026-12-20,Лекция
VIS_04567,EV_0123,INST_010,2026-12-20,Лекция
VIS_02939,EV_0137,INST_011,2026-12-20,Мастер-класс
VIS_04280,EV_0137,INST_011,2026-12-20,Мастер-класс
VIS_03076,EV_0137,INST_011,2026-12-20,Мастер-класс
VIS_03763,EV_0137,INST_011,2026-12-20,Мастер-класс
VIS_04056,EV_0137,INST_011,2026-12-20,Мастер-класс
VIS_04017,EV_0137,INST_011,2026-12-20,Мастер-класс
VIS_00700,EV_0137,INST_011,2026-12-20,Мастер-класс
VIS_02718,EV_0137,INST_011,2026-12-20,Мастер-класс
VIS_00399,EV_0137,INST_011,2026-12-20,Мастер-класс
VIS_00798,EV_0137,INST_011,2026-12-20,Мастер-класс
VIS_02425,EV_0137,INST_011,2026-12-20,Мастер-класс
VIS_00204,EV_0137,INST_011,2026-12-20,Мастер-класс
VIS_00773,EV_0137,INST_011,2026-12-20,Мастер-класс
VIS_02016,EV_0137,INST_011,2026-12-20,Мастер-класс
VIS_04479,EV_0137,INST_011,2026-12-20,Мастер-класс
VIS_00734,EV_0137,INST_011,2026-12-20,Мастер-класс
VIS_03604,EV_0137,INST_011,2026-12-20,Мастер-класс
VIS_02699,EV_0137,INST_011,2026-12-20,Мастер-класс
VIS_02816,EV_0137,INST_011,2026-12-20,Мастер-класс
VIS_04603,EV_0137,INST_011,2026-12-20,Мастер-класс
VIS_04292,EV_0137,INST_011,2026-12-20,Мастер-класс
VIS_00974,EV_0137,INST_011,2026-12-20,Мастер-класс
VIS_01656,EV_0137,INST_011,2026-12-20,Мастер-класс
VIS_00907,EV_0137,INST_011,2026-12-20,Мастер-класс
VIS_00791,EV_0137,INST_011,2026-12-20,Мастер-класс
VIS_04792,EV_0137,INST_011,2026-12-20,Мастер-класс
VIS_03999,EV_0137,INST_011,2026-12-20,Мастер-класс
VIS_03828,EV_0137,INST_011,2026-12-20,Мастер-класс
VIS_02887,EV_0137,INST_011,2026-12-20,Мастер-класс
VIS_03644,EV_0137,INST_011,2026-12-20,Мастер-класс
VIS_01939,EV_0137,INST_011,2026-12-20,Мастер-класс
VIS_03912,EV_0137,INST_011,2026-12-20,Мастер-класс
VIS_01167,EV_0137,INST_011,2026-12-20,Мастер-класс
VIS_01952,EV_0137,INST_011,2026-12-20,Мастер-класс
VIS_02336,EV_0137,INST_011,2026-12-20,Мастер-класс
VIS_04952,EV_0137,INST_011,2026-12-20,Мастер-класс
VIS_04525,EV_0137,INST_011,2026-12-20,Мастер-класс
VIS_01572,EV_0137,INST_011,2026-12-20,Мастер-класс
VIS_04160,EV_0137,INST_011,2026-12-20,Мастер-класс
VIS_01991,EV_0137,INST_011,2026-12-20,Мастер-класс
VIS_02348,EV_0137,INST_011,2026-12-20,Мастер-класс
VIS_03488,EV_0137,INST_011,2026-12-20,Мастер-класс
VIS_00772,EV_0137,INST_011,2026-12-20,Мастер-класс
VIS_00888,EV_0137,INST_011,2026-12-20,Мастер-класс
VIS_03317,EV_0137,INST_011,2026-12-20,Мастер-класс
VIS_00503,EV_0137,INST_011,2026-12-20,Мастер-класс
VIS_01344,EV_0137,INST_011,2026-12-20,Мастер-класс
VIS_02494,EV_0137,INST_011,2026-12-20,Мастер-класс
VIS_00361,EV_0137,INST_011,2026-12-20,Мастер-класс
VIS_03033,EV_0137,INST_011,2026-12-20,Мастер-класс
VIS_02769,EV_0137,INST_011,2026-12-20,Мастер-класс
VIS_00501,EV_0137,INST_011,2026-12-20,Мастер-класс
VIS_01783,EV_0137,INST_011,2026-12-20,Мастер-класс
VIS_01367,EV_0137,INST_011,2026-12-20,Мастер-класс
VIS_03026,EV_0137,INST_011,2026-12-20,Мастер-класс
VIS_00429,EV_0137,INST_011,2026-12-20,Мастер-класс
VIS_02537,EV_0137,INST_011,2026-12-20,Мастер-класс
VIS_03825,EV_0137,INST_011,2026-12-20,Мастер-класс
VIS_00719,EV_0149,INST_012,2026-12-20,Мастер-класс
VIS_01231,EV_0149,INST_012,2026-12-20,Мастер-класс
VIS_04269,EV_0149,INST_012,2026-12-20,Мастер-класс
VIS_00866,EV_0149,INST_012,2026-12-20,Мастер-класс
VIS_01076,EV_0149,INST_012,2026-12-20,Мастер-класс
VIS_04853,EV_0149,INST_012,2026-12-20,Мастер-класс
VIS_00467,EV_0149,INST_012,2026-12-20,Мастер-класс
VIS_01197,EV_0149,INST_012,2026-12-20,Мастер-класс
VIS_02368,EV_0149,INST_012,2026-12-20,Мастер-класс
VIS_04752,EV_0149,INST_012,2026-12-20,Мастер-класс
VIS_00180,EV_0149,INST_012,2026-12-20,Мастер-класс
VIS_01813,EV_0149,INST_012,2026-12-20,Мастер-класс
VIS_03570,EV_0149,INST_012,2026-12-20,Мастер-класс
VIS_04212,EV_0149,INST_012,2026-12-20,Мастер-класс
VIS_01455,EV_0149,INST_012,2026-12-20,Мастер-класс
VIS_01610,EV_0149,INST_012,2026-12-20,Мастер-класс
VIS_04123,EV_0149,INST_012,2026-12-20,Мастер-класс
VIS_03930,EV_0149,INST_012,2026-12-20,Мастер-класс
VIS_00165,EV_0149,INST_012,2026-12-20,Мастер-класс
VIS_00771,EV_0149,INST_012,2026-12-20,Мастер-класс
VIS_04273,EV_0149,INST_012,2026-12-20,Мастер-класс
VIS_03226,EV_0149,INST_012,2026-12-20,Мастер-класс
VIS_02210,EV_0149,INST_012,2026-12-20,Мастер-класс
VIS_04942,EV_0149,INST_012,2026-12-20,Мастер-класс
VIS_04584,EV_0149,INST_012,2026-12-20,Мастер-класс
VIS_00696,EV_0149,INST_012,2026-12-20,Мастер-класс
VIS_00247,EV_0149,INST_012,2026-12-20,Мастер-класс
VIS_04185,EV_0149,INST_012,2026-12-20,Мастер-класс
VIS_00758,EV_0149,INST_012,2026-12-20,Мастер-класс
VIS_02315,EV_0149,INST_012,2026-12-20,Мастер-класс
VIS_03828,EV_0149,INST_012,2026-12-20,Мастер-класс
VIS_00078,EV_0149,INST_012,2026-12-20,Мастер-класс
VIS_03328,EV_0149,INST_012,2026-12-20,Мастер-класс
VIS_02072,EV_0149,INST_012,2026-12-20,Мастер-класс
VIS_04560,EV_0149,INST_012,2026-12-20,Мастер-класс
VIS_01508,EV_0149,INST_012,2026-12-20,Мастер-класс
VIS_04396,EV_0149,INST_012,2026-12-20,Мастер-класс
VIS_04890,EV_0149,INST_012,2026-12-20,Мастер-класс
VIS_04840,EV_0149,INST_012,2026-12-20,Мастер-класс
VIS_04048,EV_0149,INST_012,2026-12-20,Мастер-класс
VIS_01112,EV_0149,INST_012,2026-12-20,Мастер-класс
VIS_03367,EV_0149,INST_012,2026-12-20,Мастер-класс
VIS_02172,EV_0149,INST_012,2026-12-20,Мастер-класс
VIS_01110,EV_0149,INST_012,2026-12-20,Мастер-класс
VIS_04395,EV_0149,INST_012,2026-12-20,Мастер-класс
VIS_04810,EV_0149,INST_012,2026-12-20,Мастер-класс
VIS_00169,EV_0149,INST_012,2026-12-20,Мастер-класс
VIS_04761,EV_0149,INST_012,2026-12-20,Мастер-класс
VIS_01371,EV_0149,INST_012,2026-12-20,Мастер-класс
VIS_00744,EV_0149,INST_012,2026-12-20,Мастер-класс
VIS_03076,EV_0149,INST_012,2026-12-20,Мастер-класс
VIS_02221,EV_0149,INST_012,2026-12-20,Мастер-класс
VIS_01248,EV_0149,INST_012,2026-12-20,Мастер-класс
VIS_03216,EV_0181,INST_014,2026-12-20,Выставка
VIS_02956,EV_0181,INST_014,2026-12-20,Выставка
VIS_03864,EV_0181,INST_014,2026-12-20,Выставка
VIS_00650,EV_0181,INST_014,2026-12-20,Выставка
VIS_03833,EV_0181,INST_014,2026-12-20,Выставка
VIS_03694,EV_0181,INST_014,2026-12-20,Выставка
VIS_00062,EV_0181,INST_014,2026-12-20,Выставка
VIS_01877,EV_0181,INST_014,2026-12-20,Выставка
VIS_04444,EV_0181,INST_014,2026-12-20,Выставка
VIS_00433,EV_0181,INST_014,2026-12-20,Выставка
VIS_04492,EV_0181,INST_014,2026-12-20,Выставка
VIS_04325,EV_0181,INST_014,2026-12-20,Выставка
VIS_02773,EV_0181,INST_014,2026-12-20,Выставка
VIS_02893,EV_0181,INST_014,2026-12-20,Выставка
VIS_03409,EV_0181,INST_014,2026-12-20,Выставка
VIS_00588,EV_0181,INST_014,2026-12-20,Выставка
VIS_03731,EV_0181,INST_014,2026-12-20,Выставка
VIS_00036,EV_0181,INST_014,2026-12-20,Выставка
VIS_00851,EV_0181,INST_014,2026-12-20,Выставка
VIS_03681,EV_0181,INST_014,2026-12-20,Выставка
VIS_01216,EV_0181,INST_014,2026-12-20,Выставка
VIS_02798,EV_0181,INST_014,2026-12-20,Выставка
VIS_00686,EV_0181,INST_014,2026-12-20,Выставка
VIS_02256,EV_0181,INST_014,2026-12-20,Выставка
VIS_04461,EV_0181,INST_014,2026-12-20,Выставка
VIS_01574,EV_0181,INST_014,2026-12-20,Выставка
VIS_04006,EV_0181,INST_014,2026-12-20,Выставка
VIS_02878,EV_0181,INST_014,2026-12-20,Выставка
VIS_03188,EV_0181,INST_014,2026-12-20,Выставка
VIS_04705,EV_0181,INST_014,2026-12-20,Выставка
VIS_03530,EV_0181,INST_014,2026-12-20,Выставка
VIS_02544,EV_0181,INST_014,2026-12-20,Выставка
VIS_03801,EV_0181,INST_014,2026-12-20,Выставка
VIS_00360,EV_0181,INST_014,2026-12-20,Выставка
VIS_02431,EV_0181,INST_014,2026-12-20,Выставка
VIS_03536,EV_0181,INST_014,2026-12-20,Выставка
VIS_01406,EV_0181,INST_014,2026-12-20,Выставка
VIS_00216,EV_0181,INST_014,2026-12-20,Выставка
VIS_02778,EV_0181,INST_014,2026-12-20,Выставка
VIS_00099,EV_0181,INST_014,2026-12-20,Выставка
VIS_03781,EV_0181,INST_014,2026-12-20,Выставка
VIS_03267,EV_0181,INST_014,2026-12-20,Выставка
VIS_02894,EV_0181,INST_014,2026-12-20,Выставка
VIS_02577,EV_0181,INST_014,2026-12-20,Выставка
VIS_04118,EV_0181,INST_014,2026-12-20,Выставка
VIS_02687,EV_0181,INST_014,2026-12-20,Выставка
VIS_00372,EV_0181,INST_014,2026-12-20,Выставка
VIS_03905,EV_0181,INST_014,2026-12-20,Выставка
VIS_01262,EV_0181,INST_014,2026-12-20,Выставка
VIS_00659,EV_0181,INST_014,2026-12-20,Выставка
VIS_01968,EV_0181,INST_014,2026-12-20,Выставка
VIS_03998,EV_0181,INST_014,2026-12-20,Выставка
VIS_02362,EV_0181,INST_014,2026-12-20,Выставка
VIS_02870,EV_0181,INST_014,2026-12-20,Выставка
VIS_04263,EV_0181,INST_014,2026-12-20,Выставка
VIS_00750,EV_0181,INST_014,2026-12-20,Выставка
VIS_03846,EV_0181,INST_014,2026-12-20,Выставка
VIS_00705,EV_0184,INST_015,2026-12-20,Мастер-класс
VIS_02712,EV_0184,INST_015,2026-12-20,Мастер-класс
VIS_04573,EV_0184,INST_015,2026-12-20,Мастер-класс
VIS_03714,EV_0184,INST_015,2026-12-20,Мастер-класс
VIS_01238,EV_0184,INST_015,2026-12-20,Мастер-класс
VIS_03189,EV_0184,INST_015,2026-12-20,Мастер-класс
VIS_00521,EV_0184,INST_015,2026-12-20,Мастер-класс
VIS_04824,EV_0184,INST_015,2026-12-20,Мастер-класс
VIS_02127,EV_0184,INST_015,2026-12-20,Мастер-класс
VIS_04005,EV_0184,INST_015,2026-12-20,Мастер-класс
VIS_00130,EV_0184,INST_015,2026-12-20,Мастер-класс
VIS_01283,EV_0184,INST_015,2026-12-20,Мастер-класс
VIS_02137,EV_0184,INST_015,2026-12-20,Мастер-класс
VIS_02942,EV_0184,INST_015,2026-12-20,Мастер-класс
VIS_03500,EV_0184,INST_015,2026-12-20,Мастер-класс
VIS_04912,EV_0184,INST_015,2026-12-20,Мастер-класс
VIS_03456,EV_0184,INST_015,2026-12-20,Мастер-класс
VIS_01981,EV_0184,INST_015,2026-12-20,Мастер-класс
VIS_00732,EV_0184,INST_015,2026-12-20,Мастер-класс
VIS_01502,EV_0184,INST_015,2026-12-20,Мастер-класс
VIS_02479,EV_0184,INST_015,2026-12-20,Мастер-класс
VIS_01315,EV_0184,INST_015,2026-12-20,Мастер-класс
VIS_03224,EV_0184,INST_015,2026-12-20,Мастер-класс
VIS_04669,EV_0184,INST_015,2026-12-20,Мастер-класс
VIS_01712,EV_0184,INST_015,2026-12-20,Мастер-класс
VIS_01006,EV_0184,INST_015,2026-12-20,Мастер-класс
VIS_00573,EV_0184,INST_015,2026-12-20,Мастер-класс
VIS_03331,EV_0184,INST_015,2026-12-20,Мастер-класс
VIS_04016,EV_0184,INST_015,2026-12-20,Мастер-класс
VIS_00092,EV_0184,INST_015,2026-12-20,Мастер-класс
VIS_01795,EV_0184,INST_015,2026-12-20,Мастер-класс
VIS_03526,EV_0184,INST_015,2026-12-20,Мастер-класс
VIS_01961,EV_0184,INST_015,2026-12-20,Мастер-класс
VIS_01700,EV_0184,INST_015,2026-12-20,Мастер-класс
VIS_02948,EV_0184,INST_015,2026-12-20,Мастер-класс
VIS_00679,EV_0184,INST_015,2026-12-20,Мастер-класс
VIS_00690,EV_0184,INST_015,2026-12-20,Мастер-класс
VIS_00540,EV_0184,INST_015,2026-12-20,Мастер-класс
VIS_00952,EV_0184,INST_015,2026-12-20,Мастер-класс
VIS_01542,EV_0184,INST_015,2026-12-20,Мастер-класс
VIS_01929,EV_0184,INST_015,2026-12-20,Мастер-класс
VIS_04287,EV_0184,INST_015,2026-12-20,Мастер-класс
VIS_04781,EV_0184,INST_015,2026-12-20,Мастер-класс
VIS_00357,EV_0184,INST_015,2026-12-20,Мастер-класс
VIS_04757,EV_0184,INST_015,2026-12-20,Мастер-класс
VIS_04516,EV_0184,INST_015,2026-12-20,Мастер-класс
VIS_02079,EV_0184,INST_015,2026-12-20,Мастер-класс
VIS_02937,EV_0184,INST_015,2026-12-20,Мастер-класс
VIS_01415,EV_0184,INST_015,2026-12-20,Мастер-класс
VIS_03159,EV_0184,INST_015,2026-12-20,Мастер-класс
VIS_01460,EV_0184,INST_015,2026-12-20,Мастер-класс
VIS_01375,EV_0184,INST_015,2026-12-20,Мастер-класс
VIS_00048,EV_0184,INST_015,2026-12-20,Мастер-класс
VIS_01607,EV_0184,INST_015,2026-12-20,Мастер-класс
VIS_03423,EV_0184,INST_015,2026-12-20,Мастер-класс
VIS_03178,EV_0184,INST_015,2026-12-20,Мастер-класс
VIS_04473,EV_0184,INST_015,2026-12-20,Мастер-класс
VIS_01016,EV_0184,INST_015,2026-12-20,Мастер-класс
VIS_01779,EV_0184,INST_015,2026-12-20,Мастер-класс
VIS_01154,EV_0184,INST_015,2026-12-20,Мастер-класс
VIS_04224,EV_0186,INST_016,2026-12-20,Выставка
VIS_04568,EV_0186,INST_016,2026-12-20,Выставка
VIS_01698,EV_0186,INST_016,2026-12-20,Выставка
VIS_04790,EV_0186,INST_016,2026-12-20,Выставка
VIS_02515,EV_0186,INST_016,2026-12-20,Выставка
VIS_01250,EV_0186,INST_016,2026-12-20,Выставка
VIS_02325,EV_0186,INST_016,2026-12-20,Выставка
VIS_03235,EV_0186,INST_016,2026-12-20,Выставка
VIS_03717,EV_0186,INST_016,2026-12-20,Выставка
VIS_02986,EV_0186,INST_016,2026-12-20,Выставка
VIS_03664,EV_0186,INST_016,2026-12-20,Выставка
VIS_03442,EV_0186,INST_016,2026-12-20,Выставка
VIS_03288,EV_0186,INST_016,2026-12-20,Выставка
VIS_01444,EV_0186,INST_016,2026-12-20,Выставка
VIS_03527,EV_0186,INST_016,2026-12-20,Выставка
VIS_00801,EV_0186,INST_016,2026-12-20,Выставка
VIS_03176,EV_0186,INST_016,2026-12-20,Выставка
VIS_00672,EV_0186,INST_016,2026-12-20,Выставка
VIS_02386,EV_0186,INST_016,2026-12-20,Выставка
VIS_03338,EV_0186,INST_016,2026-12-20,Выставка
VIS_02892,EV_0186,INST_016,2026-12-20,Выставка
VIS_04532,EV_0186,INST_016,2026-12-20,Выставка
VIS_00818,EV_0186,INST_016,2026-12-20,Выставка
VIS_02309,EV_0186,INST_016,2026-12-20,Выставка
VIS_02093,EV_0186,INST_016,2026-12-20,Выставка
VIS_00793,EV_0186,INST_016,2026-12-20,Выставка
VIS_00688,EV_0186,INST_016,2026-12-20,Выставка
VIS_02769,EV_0186,INST_016,2026-12-20,Выставка
VIS_03656,EV_0186,INST_016,2026-12-20,Выставка
VIS_02870,EV_0186,INST_016,2026-12-20,Выставка
VIS_01794,EV_0186,INST_016,2026-12-20,Выставка
VIS_03854,EV_0186,INST_016,2026-12-20,Выставка
VIS_03248,EV_0186,INST_016,2026-12-20,Выставка
VIS_00967,EV_0186,INST_016,2026-12-20,Выставка
VIS_00048,EV_0186,INST_016,2026-12-20,Выставка
VIS_03685,EV_0186,INST_016,2026-12-20,Выставка
VIS_00656,EV_0186,INST_016,2026-12-20,Выставка
VIS_02882,EV_0186,INST_016,2026-12-20,Выставка
VIS_03163,EV_0186,INST_016,2026-12-20,Выставка
VIS_02914,EV_0186,INST_016,2026-12-20,Выставка
VIS_02276,EV_0186,INST_016,2026-12-20,Выставка
VIS_02016,EV_0186,INST_016,2026-12-20,Выставка
VIS_04760,EV_0186,INST_016,2026-12-20,Выставка
VIS_03042,EV_0186,INST_016,2026-12-20,Выставка
VIS_00604,EV_0186,INST_016,2026-12-20,Выставка
VIS_02005,EV_0186,INST_016,2026-12-20,Выставка
VIS_03529,EV_0186,INST_016,2026-12-20,Выставка
VIS_04148,EV_0186,INST_016,2026-12-20,Выставка
VIS_01947,EV_0186,INST_016,2026-12-20,Выставка
VIS_04604,EV_0186,INST_016,2026-12-20,Выставка
VIS_03984,EV_0186,INST_016,2026-12-20,Выставка
VIS_01165,EV_0214,INST_017,2026-12-20,Мастер-класс
VIS_03066,EV_0214,INST_017,2026-12-20,Мастер-класс
VIS_03111,EV_0214,INST_017,2026-12-20,Мастер-класс
VIS_01012,EV_0214,INST_017,2026-12-20,Мастер-класс
VIS_02552,EV_0214,INST_017,2026-12-20,Мастер-класс
VIS_00890,EV_0214,INST_017,2026-12-20,Мастер-класс
VIS_01753,EV_0214,INST_017,2026-12-20,Мастер-класс
VIS_02349,EV_0214,INST_017,2026-12-20,Мастер-класс
VIS_00532,EV_0214,INST_017,2026-12-20,Мастер-класс
VIS_00490,EV_0214,INST_017,2026-12-20,Мастер-класс
VIS_00420,EV_0214,INST_017,2026-12-20,Мастер-класс
VIS_00076,EV_0214,INST_017,2026-12-20,Мастер-класс
VIS_01592,EV_0214,INST_017,2026-12-20,Мастер-класс
VIS_03060,EV_0214,INST_017,2026-12-20,Мастер-класс
VIS_04189,EV_0214,INST_017,2026-12-20,Мастер-класс
VIS_04820,EV_0214,INST_017,2026-12-20,Мастер-класс
VIS_04377,EV_0214,INST_017,2026-12-20,Мастер-класс
VIS_00908,EV_0214,INST_017,2026-12-20,Мастер-класс
VIS_03862,EV_0214,INST_017,2026-12-20,Мастер-класс
VIS_03686,EV_0214,INST_017,2026-12-20,Мастер-класс
VIS_04490,EV_0214,INST_017,2026-12-20,Мастер-класс
VIS_04397,EV_0214,INST_017,2026-12-20,Мастер-класс
VIS_00614,EV_0214,INST_017,2026-12-20,Мастер-класс
VIS_00747,EV_0214,INST_017,2026-12-20,Мастер-класс
VIS_04907,EV_0214,INST_017,2026-12-20,Мастер-класс
VIS_03764,EV_0214,INST_017,2026-12-20,Мастер-класс
VIS_03394,EV_0214,INST_017,2026-12-20,Мастер-класс
VIS_01067,EV_0214,INST_017,2026-12-20,Мастер-класс
VIS_02731,EV_0214,INST_017,2026-12-20,Мастер-класс
VIS_03816,EV_0214,INST_017,2026-12-20,Мастер-класс
VIS_00885,EV_0214,INST_017,2026-12-20,Мастер-класс
VIS_04442,EV_0214,INST_017,2026-12-20,Мастер-класс
VIS_04797,EV_0214,INST_017,2026-12-20,Мастер-класс
VIS_01656,EV_0214,INST_017,2026-12-20,Мастер-класс
VIS_01498,EV_0214,INST_017,2026-12-20,Мастер-класс
VIS_03611,EV_0214,INST_017,2026-12-20,Мастер-класс
VIS_03388,EV_0214,INST_017,2026-12-20,Мастер-класс
VIS_00866,EV_0214,INST_017,2026-12-20,Мастер-класс
VIS_03050,EV_0214,INST_017,2026-12-20,Мастер-класс
VIS_01005,EV_0214,INST_017,2026-12-20,Мастер-класс
VIS_04939,EV_0214,INST_017,2026-12-20,Мастер-класс
VIS_01314,EV_0214,INST_017,2026-12-20,Мастер-класс
VIS_01162,EV_0214,INST_017,2026-12-20,Мастер-класс
VIS_03564,EV_0214,INST_017,2026-12-20,Мастер-класс
VIS_00843,EV_0214,INST_017,2026-12-20,Мастер-класс
VIS_04770,EV_0214,INST_017,2026-12-20,Мастер-класс
VIS_04055,EV_0214,INST_017,2026-12-20,Мастер-класс
VIS_04894,EV_0214,INST_017,2026-12-20,Мастер-класс
VIS_02311,EV_0214,INST_017,2026-12-20,Мастер-класс
VIS_04027,EV_0214,INST_017,2026-12-20,Мастер-класс
VIS_01318,EV_0214,INST_017,2026-12-20,Мастер-класс
VIS_04304,EV_0214,INST_017,2026-12-20,Мастер-класс
VIS_03199,EV_0214,INST_017,2026-12-20,Мастер-класс
VIS_03500,EV_0214,INST_017,2026-12-20,Мастер-класс
VIS_00863,EV_0214,INST_017,2026-12-20,Мастер-класс
VIS_03338,EV_0214,INST_017,2026-12-20,Мастер-класс
VIS_01000,EV_0214,INST_017,2026-12-20,Мастер-класс
VIS_01212,EV_0214,INST_017,2026-12-20,Мастер-класс
VIS_02627,EV_0214,INST_017,2026-12-20,Мастер-класс
VIS_00895,EV_0223,INST_018,2026-12-20,Выставка
VIS_00325,EV_0223,INST_018,2026-12-20,Выставка
VIS_01982,EV_0223,INST_018,2026-12-20,Выставка
VIS_03058,EV_0223,INST_018,2026-12-20,Выставка
VIS_03619,EV_0223,INST_018,2026-12-20,Выставка
VIS_00790,EV_0223,INST_018,2026-12-20,Выставка
VIS_02262,EV_0223,INST_018,2026-12-20,Выставка
VIS_00766,EV_0223,INST_018,2026-12-20,Выставка
VIS_00431,EV_0223,INST_018,2026-12-20,Выставка
VIS_02668,EV_0223,INST_018,2026-12-20,Выставка
VIS_00780,EV_0223,INST_018,2026-12-20,Выставка
VIS_03860,EV_0223,INST_018,2026-12-20,Выставка
VIS_01119,EV_0223,INST_018,2026-12-20,Выставка
VIS_04185,EV_0223,INST_018,2026-12-20,Выставка
VIS_02347,EV_0223,INST_018,2026-12-20,Выставка
VIS_01132,EV_0223,INST_018,2026-12-20,Выставка
VIS_01360,EV_0223,INST_018,2026-12-20,Выставка
VIS_02434,EV_0223,INST_018,2026-12-20,Выставка
VIS_04077,EV_0223,INST_018,2026-12-20,Выставка
VIS_03424,EV_0223,INST_018,2026-12-20,Выставка
VIS_04894,EV_0223,INST_018,2026-12-20,Выставка
VIS_03770,EV_0223,INST_018,2026-12-20,Выставка
VIS_03142,EV_0223,INST_018,2026-12-20,Выставка
VIS_00581,EV_0223,INST_018,2026-12-20,Выставка
VIS_01468,EV_0223,INST_018,2026-12-20,Выставка
VIS_01540,EV_0223,INST_018,2026-12-20,Выставка
VIS_01388,EV_0223,INST_018,2026-12-20,Выставка
VIS_02281,EV_0223,INST_018,2026-12-20,Выставка
VIS_00406,EV_0223,INST_018,2026-12-20,Выставка
VIS_03880,EV_0223,INST_018,2026-12-20,Выставка
VIS_04344,EV_0223,INST_018,2026-12-20,Выставка
VIS_00830,EV_0223,INST_018,2026-12-20,Выставка
VIS_04103,EV_0223,INST_018,2026-12-20,Выставка
VIS_04360,EV_0223,INST_018,2026-12-20,Выставка
VIS_02137,EV_0223,INST_018,2026-12-20,Выставка
VIS_00391,EV_0223,INST_018,2026-12-20,Выставка
VIS_00129,EV_0223,INST_018,2026-12-20,Выставка
VIS_01524,EV_0223,INST_018,2026-12-20,Выставка
VIS_04190,EV_0223,INST_018,2026-12-20,Выставка
VIS_04996,EV_0223,INST_018,2026-12-20,Выставка
VIS_00973,EV_0223,INST_018,2026-12-20,Выставка
VIS_00030,EV_0223,INST_018,2026-12-20,Выставка
VIS_00849,EV_0223,INST_018,2026-12-20,Выставка
VIS_01472,EV_0223,INST_018,2026-12-20,Выставка
VIS_00598,EV_0223,INST_018,2026-12-20,Выставка
VIS_02755,EV_0223,INST_018,2026-12-20,Выставка
VIS_01528,EV_0223,INST_018,2026-12-20,Выставка
VIS_01957,EV_0223,INST_018,2026-12-20,Выставка
VIS_03881,EV_0223,INST_018,2026-12-20,Выставка
VIS_01851,EV_0223,INST_018,2026-12-20,Выставка
VIS_00089,EV_0223,INST_018,2026-12-20,Выставка
VIS_04917,EV_0223,INST_018,2026-12-20,Выставка
VIS_03046,EV_0223,INST_018,2026-12-20,Выставка
VIS_02010,EV_0223,INST_018,2026-12-20,Выставка
VIS_02592,EV_0223,INST_018,2026-12-20,Выставка
VIS_01548,EV_0223,INST_018,2026-12-20,Выставка
VIS_01982,EV_0225,INST_019,2026-12-20,Выставка
VIS_01240,EV_0225,INST_019,2026-12-20,Выставка
VIS_00646,EV_0225,INST_019,2026-12-20,Выставка
VIS_02422,EV_0225,INST_019,2026-12-20,Выставка
VIS_04548,EV_0225,INST_019,2026-12-20,Выставка
VIS_04534,EV_0225,INST_019,2026-12-20,Выставка
VIS_01054,EV_0225,INST_019,2026-12-20,Выставка
VIS_04611,EV_0225,INST_019,2026-12-20,Выставка
VIS_03293,EV_0225,INST_019,2026-12-20,Выставка
VIS_01378,EV_0225,INST_019,2026-12-20,Выставка
VIS_01208,EV_0225,INST_019,2026-12-20,Выставка
VIS_02124,EV_0225,INST_019,2026-12-20,Выставка
VIS_02557,EV_0225,INST_019,2026-12-20,Выставка
VIS_03307,EV_0225,INST_019,2026-12-20,Выставка
VIS_02484,EV_0225,INST_019,2026-12-20,Выставка
VIS_00314,EV_0225,INST_019,2026-12-20,Выставка
VIS_01094,EV_0225,INST_019,2026-12-20,Выставка
VIS_03968,EV_0225,INST_019,2026-12-20,Выставка
VIS_01598,EV_0225,INST_019,2026-12-20,Выставка
VIS_00590,EV_0225,INST_019,2026-12-20,Выставка
VIS_02764,EV_0225,INST_019,2026-12-20,Выставка
VIS_01815,EV_0225,INST_019,2026-12-20,Выставка
VIS_00544,EV_0225,INST_019,2026-12-20,Выставка
VIS_04180,EV_0225,INST_019,2026-12-20,Выставка
VIS_04809,EV_0225,INST_019,2026-12-20,Выставка
VIS_00072,EV_0225,INST_019,2026-12-20,Выставка
VIS_00472,EV_0225,INST_019,2026-12-20,Выставка
VIS_02625,EV_0225,INST_019,2026-12-20,Выставка
VIS_02475,EV_0225,INST_019,2026-12-20,Выставка
VIS_03633,EV_0225,INST_019,2026-12-20,Выставка
VIS_02535,EV_0225,INST_019,2026-12-20,Выставка
VIS_01229,EV_0225,INST_019,2026-12-20,Выставка
VIS_02123,EV_0225,INST_019,2026-12-20,Выставка
VIS_03997,EV_0225,INST_019,2026-12-20,Выставка
VIS_04294,EV_0225,INST_019,2026-12-20,Выставка
VIS_04413,EV_0225,INST_019,2026-12-20,Выставка
VIS_03420,EV_0225,INST_019,2026-12-20,Выставка
VIS_00916,EV_0225,INST_019,2026-12-20,Выставка
VIS_00483,EV_0225,INST_019,2026-12-20,Выставка
VIS_00842,EV_0225,INST_019,2026-12-20,Выставка
